Symbol,Exchange,Name,InstrumentType,IsActive,DateAdded,DateRemoved,RemovalReason,UniqueID
ACCS,AMEX,ACCESS Newswire Inc. Common Stock,Stock,True,2026-05-08,,,5db6121264d7d5a1737b
ACU,AMEX,Acme United Corporation. Common Stock,Stock,True,2026-05-08,,,25b14afa8484e5972739
AEF,AMEX,"abrdn Emerging Markets ex-China Fund, Inc. Common Stock",Stock,True,2026-05-08,,,b1873f5ac343ea9e6c1c
AEON,AMEX,"AEON Biopharma, Inc. Class A Common Stock",Stock,True,2026-05-08,,,59a6af82db3037823d30
AGIG,AMEX,Abundia Global Impact Group Inc. Common stock,Stock,True,2026-05-08,,,bc542edc5a70f1a79e6c
AIB,AMEX,"BlockchAIn Digital Infrastructure, Inc Common Shares",Stock,False,2026-05-08,2026-06-26,Listing metadata changed,99f8030cbd1fec2ae850
AIB,AMEX,AIB Data Centers Inc. Common Stock,Stock,True,2026-06-26,,,bd68dfc6822de3e7375a
AIM,AMEX,AIM ImmunoTech Inc. Common Stock,Stock,True,2026-05-08,,,53ee31882bd6ffe653bd
AIRI,AMEX,Air Industries Group Common Stock,Stock,True,2026-05-08,,,60be9067337b7c02f563
AMBO,AMEX,Ambow Education Holding Ltd. American Depository Shares (each representing twenty (20) Class A Ordinary Shares),Stock,True,2026-05-08,,,3ee594b79cb398ce29fc
AMS,AMEX,American Shared Hospital Services Common Stock,Stock,True,2026-05-08,,,954834ea62291c3960aa
AMZE,AMEX,"Amaze Holdings, Inc. Common Stock",Stock,True,2026-05-08,,,cba5aeed6b3e4fc0c2c4
APT,AMEX,"Alpha Pro Tech, Ltd. Common Stock",Stock,True,2026-05-08,,,37ae130a73a008c9c797
APUS,AMEX,"Apimeds Pharmaceuticals US, Inc. Common Stock",Stock,True,2026-05-08,,,7485f0b3e9113c2ab972
AREN,AMEX,"The Arena Group Holdings, Inc. Common Stock",Stock,True,2026-05-08,,,464a2e39cd09934ef224
ARMP,AMEX,"Armata Pharmaceuticals, Inc. Common Stock",Stock,True,2026-05-08,,,19d2c942c1cb43051877
ASM,AMEX,Avino Silver & Gold Mines Ltd. Common Shares (Canada),Stock,True,2026-05-08,,,2702fb5e4eab019daf78
ATCH,AMEX,"AtlasClear Holdings, Inc. Common Stock",Stock,True,2026-05-08,,,96a8b52ca8fb5ecbbda9
ATEST,AMEX,Tick Pilot Test Control Common Stock,Stock,True,2026-05-08,,,94454ddd5099f8816aa3
ATEST.A,AMEX,Tick Pilot Test Group 1 Common Stock,Stock,True,2026-05-08,,,6abb0f72cd7f4516a123
ATEST.B,AMEX,Tick pilot Test 2 Common Stock,Stock,True,2026-05-08,,,d2c8e631a2bbef7984aa
ATEST.C,AMEX,Tick Pilot Test 3 Common Stock,Stock,True,2026-05-08,,,7344311104ee8d0085ec
ATNM,AMEX,"Actinium Pharmaceuticals, Inc. (Delaware) Common Stock",Stock,True,2026-05-08,,,df9438870b47977e7ce5
AUST,AMEX,Austin Gold Corp. Common Shares,Stock,True,2026-05-08,,,1acf1d47738b8a22c0b2
AWX,AMEX,Avalon Holdings Corporation Common Stock,Stock,True,2026-05-08,,,f97f70406201cd949bf5
AXIL,AMEX,"AXIL Brands, Inc. Common Stock",Stock,True,2026-05-08,,,64a7dd8f0c054cd363e9
AZTR,AMEX,Azitra Inc Common Stock,Stock,True,2026-05-08,,,4f973285efdd9749130f
AZUL,AMEX,"Azul S.A. American Depositary Shares, each representing two (2) Common Shares",Stock,False,2026-06-01,2026-07-09,Missing from current AMEX source snapshot; reason unavailable,2f1b9ac58d6c0af22396
BATL,AMEX,Battalion Oil Corporation Common Stock,Stock,True,2026-05-08,,,5c69af94aee5b60df9ba
BCHT,AMEX,Birchtech Corp. Common Stock,Stock,True,2026-05-08,,,de4c5b009f31defcdb8f
BCV,AMEX,"Bancroft Fund, Ltd.",Stock,True,2026-05-08,,,21ae716a1650bee1ba77
BCV$A,AMEX,Bancroft Fund Limited 5.375% Series A Cumulative Preferred Shares,Stock,True,2026-05-08,,,644956ce6a03d2bd2271
BDL,AMEX,"Flanigan's Enterprises, Inc. Common Stock",Stock,True,2026-05-08,,,3009ba767af59f301c21
BESS,AMEX,Bimergen Energy Corporation Common Stock,Stock,True,2026-05-08,,,743e1f2ebf18dc0c9a7e
BESS.W,AMEX,"Bimergen Energy Corporation Warrants, each share exercisable to purchase one share of Common Stock",Stock,True,2026-05-08,,,341fc92da684b00cbaa8
BGI,AMEX,Birks Group Inc. Common Stock,Stock,True,2026-05-08,,,91aa350efb228b90b693
BHB,AMEX,"Bar Harbor Bankshares, Inc. Common Stock",Stock,True,2026-05-08,,,418650c8b413eb1ec129
BHM,AMEX,"Bluerock Homes Trust, Inc. Class A Common Stock",Stock,True,2026-05-08,,,d9788ddf22c38d52634c
BKTI,AMEX,BK Technologies Corporation Common Stock,Stock,True,2026-05-08,,,eaebf917e96aefeb38e4
BQ,AMEX,Boqii Holding Limited Class A Ordinary Shares,Stock,True,2026-05-08,,,0a3b4bcdc928cd702618
BRBS,AMEX,"Blue Ridge Bankshares, Inc. Common Stock",Stock,True,2026-05-08,,,d0704ab674a64c70d757
BRIA,AMEX,BrilliA Inc Class A Ordinary Shares,Stock,True,2026-05-08,,,d39425823aa884ee71a8
BRN,AMEX,"Barnwell Industries, Inc. Common Stock",Stock,True,2026-05-08,,,71ead40507c227b4ae7b
BTG,AMEX,B2Gold Corp Common shares (Canada),Stock,True,2026-05-08,,,35719ae6f090576b6181
BUDA,AMEX,"Buda Juice, Inc. Common Stock",Stock,True,2026-05-08,,,dd0e8395088696113861
BURU,AMEX,"Nuburu, Inc. Common Stock",Stock,False,2026-05-08,2026-07-20,Missing from current AMEX source snapshot; reason unavailable,f112e2e567cae8e817a9
CANF,AMEX,"Can-Fite Biopharma Ltd American Depositary Shares, each representing two (2) Ordinary Shares",Stock,True,2026-05-08,,,41dec4de64ef55650bd0
CATX,AMEX,"Perspective Therapeutics, Inc. Common Stock",Stock,True,2026-05-08,,,7aa0c87c3ccd59772c24
CCEL,AMEX,"Cryo-Cell International, Inc. Common Stock",Stock,True,2026-05-08,,,8633846bdf9828d2bdb7
CET,AMEX,Central Securities Corporation Common Stock,Stock,True,2026-05-08,,,1af93b6525857e9798db
CEV,AMEX,Eaton Vance California Municipal Income Trust Shares of Beneficial Interest,Stock,True,2026-05-08,,,8e952bf7715e04a9fbc3
CHOW,AMEX,ChowChow Cloud International Holdings Limited Ordinary Shares,Stock,True,2026-05-08,,,7ac98eeea502fb62bce0
CIK,AMEX,"Credit Suisse Asset Management Income Fund, Inc. Common Stock",Stock,True,2026-05-08,,,2ad4f01e6f1919a7f579
CITR,AMEX,CitroTech Inc. Common Stock,Stock,True,2026-05-08,,,d9bb63b3d05f5edeeecb
CIX,AMEX,CompX International Inc. Common Stock,Stock,True,2026-05-08,,,8fbc840e81db2a45fe86
CKX,AMEX,"CKX Lands, Inc. Common Stock",Stock,True,2026-05-08,,,43ea91916b02cb28634c
CLDI,AMEX,"Calidi Biotherapeutics, Inc. Common Stock",Stock,True,2026-05-08,,,4dadacdd15a81ae107d6
CLM,AMEX,"Cornerstone Strategic Investment Fund, Inc. Common Shares",Stock,True,2026-05-08,,,d5d131764df595e692c3
CMCL,AMEX,Caledonia Mining Corporation Plc Common Shares,Stock,True,2026-05-08,,,2574930b9c85d430e865
CMT,AMEX,Core Molding Technologies Inc Common Stock,Stock,True,2026-05-08,,,f3b220383040756d55f1
CNL,AMEX,Collective Mining Ltd. Common Shares,Stock,True,2026-05-08,,,67b420956106b871d7ba
COE,AMEX,"51Talk Online Education Group American depositary shares, each representing 60 Class A ordinary shares",Stock,True,2026-05-08,,,d51c5f51353a4d1ade73
COHN,AMEX,Cohen & Company Inc.,Stock,True,2026-05-08,,,799bd2fdf56f907708d3
COPR,AMEX,Idaho Copper Corporation Common Stock,Stock,True,2026-07-02,,,044e099b01d890ccc137
COPR.W,AMEX,Idaho Copper Corporation Common Stock Purchase Warrant,Stock,True,2026-07-02,,,d02f789ed85ca2c0024f
CPHI,AMEX,"China Pharma Holdings, Inc. Common Stock",Stock,True,2026-05-08,,,a714cc25a01d8ad44728
CRF,AMEX,"Cornerstone Total Return Fund, Inc. (The) Common Stock",Stock,True,2026-05-08,,,07b801a3ee9dad99fd95
CTEST,AMEX,NYSE Test One Common Stock,Stock,True,2026-05-08,,,6ef66b62255319df4226
CTGO,AMEX,Contango Silver & Gold Inc. Common Stock,Stock,True,2026-05-08,,,d3d7aef29cb3cf345388
CTM,AMEX,"Castellum, Inc. Common Stock",Stock,True,2026-05-08,,,bcf11aa808340bba425d
CVM,AMEX,Cel-Sci Corporation Common Stock,Stock,True,2026-05-08,,,d020c3fb34616f422f03
CVR,AMEX,Chicago Rivet & Machine Co. Common Stock,Stock,True,2026-05-08,,,b943df1b94346b6c47a5
CVU,AMEX,"CPI Aerostructures, Inc. Common Stock",Stock,True,2026-05-08,,,d60e03887c9ff1260537
DC,AMEX,Dakota Gold Corp. Common Stock,Stock,True,2026-05-08,,,5d55e65e6e710676a515
DDC,AMEX,DDC Enterprise Limited Class A Ordinary Shares,Stock,True,2026-05-08,,,f89533cef933201b6199
DHY,AMEX,Credit Suisse High Yield Credit Fund Common Stock,Stock,True,2026-05-08,,,128ec2e521ff3478c1af
DHY.R,AMEX,"Credit Suisse High Yield Credit Fund Rights (expiring May 14, 2026) Rights",Stock,False,2026-05-08,2026-05-14,Missing from current AMEX source snapshot; reason unavailable,903715b92bb68d25cbf4
DIT,AMEX,AMCON Distributing Company Common Stock,Stock,True,2026-05-08,,,91be50e1995314b2185b
DNN,AMEX,Denison Mines Corp Ordinary Shares (Canada),Stock,True,2026-05-08,,,622464a10c558b7ffc47
DSS,AMEX,"DSS, Inc. Common Stock",Stock,True,2026-05-08,,,95ca46634e646f304edb
DXF,AMEX,"Eason Technology Limited American Depositary Shares (each representing sixty-thousand (60,000) Ordinary Shares)",Stock,True,2026-05-08,,,22e60e29fc0af60db563
EAD,AMEX,Allspring Income Opportunities Fund Common Shares,Stock,True,2026-05-08,,,886be944d1a21f166126
ECF,AMEX,Ellsworth Growth and Income Fund Ltd.,Stock,True,2026-05-08,,,f87399882cdb47ee5a1a
ECF$A,AMEX,Ellsworth Growth and Income Fund Ltd. 5.25% Series A Cumulative Preferred Shares (Liquidation Preference $25.00 per share),Stock,True,2026-05-08,,,fb6e9a422add4f162864
EGG,AMEX,Enigmatig Limited Class A Ordinary Shares,Stock,True,2026-05-08,,,469a7d37eddbad10cd80
EIM,AMEX,"Eaton Vance Municipal Bond Fund Common Shares of Beneficial Interest, $.01 par value",Stock,True,2026-05-08,,,10442c3c3bdddb467995
ELA,AMEX,Envela Corporation Common Stock,Stock,True,2026-05-08,,,dfcf4180b14932819c1c
ELLO,AMEX,Ellomay Capital Ltd Ordinary Shares (Israel),Stock,True,2026-05-08,,,aad07199b253073b5267
ELMD,AMEX,"Electromed, Inc. Common Stock",Stock,True,2026-05-08,,,4f040e09673c3df68858
EONR,AMEX,EON Resources Inc. Class A Common Stock,Stock,True,2026-05-08,,,9514a9f9b4596c91427c
EONR.W,AMEX,"EON Resources Inc. Warrants, each whole warrant exercisable for three quarters of one share of Class A Common Stock at an exercise price of $11.50 per whole share",Stock,True,2026-05-08,,,56ba4536d285d67844d4
EP,AMEX,Empire Petroleum Corporation Common Stock,Stock,True,2026-05-08,,,c5eb77a776423f761398
EPM,AMEX,"Evolution Petroleum Corporation, Inc. Common Stock",Stock,True,2026-05-08,,,5826196c8bcfe301deca
EQX,AMEX,Equinox Gold Corp. Common Shares,Stock,True,2026-05-08,,,77dbbdc0562886273639
ERC,AMEX,Allspring Multi-Sector Income Fund Common Stock,Stock,True,2026-05-08,,,9bf8279473621b4afd62
ERH,AMEX,Allspring Utilities and High Income Fund Common Shares,Stock,True,2026-05-08,,,7478ce062a475c99093c
ESP,AMEX,Espey Mfg. & Electronics Corp. Common Stock,Stock,True,2026-05-08,,,f9ee18e0228813e0e19b
EVI,AMEX,"EVI Industries, Inc. Common Stock",Stock,True,2026-05-08,,,e9d700e5821ca1ce298a
EVV,AMEX,Eaton Vance Limited Duration Income Fund Common Shares of Beneficial Interest,Stock,True,2026-05-08,,,6a866bb50b9de37144b0
EXOD,AMEX,"Exodus Movement, Inc. Class A Common Stock",Stock,True,2026-05-08,,,cc2b86ba138bb942288b
FAX,AMEX,"abrdn Asia-Pacific Income Fund, Inc. Common Stock",Stock,True,2026-05-08,,,8e3f7d1ce75c617552be
FCO,AMEX,"abrdn Global Income Fund, Inc. Common Stock",Stock,False,2026-05-08,2026-05-18,Missing from current AMEX source snapshot; reason unavailable,9bd13de74abae0030aa3
FJET,AMEX,"Starfighters Space, Inc. Common Stock",Stock,True,2026-05-08,,,296fb12dfcf36f5d6737
FLYX,AMEX,"flyExclusive, Inc. Class A Common Stock",Stock,True,2026-05-08,,,f0d946d233767197c262
FLYX.W,AMEX,"flyExclusive, Inc. Redeemable warrants, each whole warrant exercisable for one Class A common stock at an exercise price of $11.50 per share",Stock,True,2026-05-08,,,e9fc9306063350f53203
FSI,AMEX,Flexible Solutions International Inc. Common Stock (CDA),Stock,True,2026-05-08,,,e4ee57337042098e7210
FSP,AMEX,Franklin Street Properties Corp. Common Stock,Stock,True,2026-05-08,,,67d6e1e566484fa5760f
FTF,AMEX,Franklin Limited Duration Income Trust Common Shares of Beneficial Interest,Stock,True,2026-05-08,,,8a4844d02fa24870aaa7
FURY,AMEX,Fury Gold Mines Limited Common Shares,Stock,True,2026-05-08,,,6ccceb6aee3a58ce87d8
GAU,AMEX,Galiano Gold Inc.,Stock,True,2026-05-08,,,90e4e802858ff1d79773
GBR,AMEX,"New Concept Energy, Inc Common Stock",Stock,True,2026-05-08,,,92b2c27d513ca723145c
GCDT,AMEX,Green Circle Decarbonize Technology Limited Ordinary Shares,Stock,True,2026-05-08,,,4895c91c8d655b0756a6
GENC,AMEX,"Gencor Industries, Inc. Common Stock",Stock,True,2026-05-08,,,b16b4166345623547840
GGN,AMEX,"GAMCO Global Gold, Natural Resources & Income Trust",Stock,True,2026-05-08,,,30842f2ebcb8672ca526
GGN$B,AMEX,"GAMCO Global Gold, Natural Reources & Income Trust 5.00% Series B Cumulative 25.00 Liquidation Preference",Stock,True,2026-05-08,,,a36c1ff9e9578d44df04
GLDG,AMEX,GoldMining Inc. Common Shares,Stock,True,2026-05-08,,,829c0e8d52040c5101ed
GLO,AMEX,Clough Global Opportunities Fund Common Stock,Stock,True,2026-05-08,,,2db3762b1305a630d89c
GLQ,AMEX,Clough Global Equity Fund Clough Global Equity Fund Common Shares of Beneficial Interest,Stock,True,2026-05-08,,,dac474b1ecf3a9c28afc
GLU,AMEX,Gabelli Global Utility Common Shares of Beneficial Ownership,Stock,True,2026-05-08,,,cb7b670573fe4f03c43b
GLU$A,AMEX,The Gabelli Global Utility and Income Trust Series A Cumulative Puttable and Callable Preferred Shares,Stock,True,2026-05-08,,,f0ebe44150e463bd932d
GLU$B,AMEX,The Gabelli Global Utility and Income Trust Series B Cumulative Puttable and Callable Preferred Shares,Stock,True,2026-05-08,,,11769cc5382b91c8ccd1
GLV,AMEX,Clough Global Dividend and Income Fund Common Shares of beneficial interest,Stock,True,2026-05-08,,,e3e23a856c6e375d112b
GMTL,AMEX,Guardian Metal Resources PLC ADS,Stock,True,2026-05-08,,,8b2295121224dc456890
GNS,AMEX,Genius Group Limited Ordinary Shares,Stock,True,2026-05-08,,,13c6a8897b6863e4e5f0
GORO,AMEX,Gold Resource Corporation Common Stock,Stock,False,2026-05-08,2026-07-20,Listing metadata changed,db529be4a621cbd76ff7
GORO,AMEX,Goldgroup Mining Inc. Common Shares,Stock,True,2026-07-20,,,b029e9baadbd22e5272f
GPUS,AMEX,"Hyperscale Data, Inc. Common Stock",Stock,True,2026-05-08,,,ada3c5c8492c50af7ba4
GPUS$D,AMEX,"Hyperscale Data, Inc. 13.00% Series D Cumulative Redeemable Perpetual Preferred Stock",Stock,True,2026-05-08,,,7c8892ace3905bbd29d4
GRAF,AMEX,Graf Global Corp. Class A ordinary shares,Stock,True,2026-05-08,,,e3d9ba8ae54875d77e09
GRAF.U,AMEX,"Graf Global Corp. Units, each consisting of one Class A ordinary share and one-half of one redeemable warrant",Stock,True,2026-05-08,,,4c5af5bcdb97865f175f
GRAF.W,AMEX,"Graf Global Corp. Warrants, each whole warrant exercisable for one Class A ordinary share at an exercise price of $11.50 per share",Stock,True,2026-05-08,,,0f61e3f906ee4da35c63
GRF,AMEX,"Eagle Capital Growth Fund, Inc. Common Stock",Stock,True,2026-05-08,,,96c79650f3f1b752c9b1
GRO,AMEX,Brazil Potash Corp. Common Shares,Stock,True,2026-05-08,,,e44f23b2c2c6f6ab86a3
GROY,AMEX,Gold Royalty Corp. Common Shares,Stock,True,2026-05-08,,,9cec16762960a8793e0e
GROY.W,AMEX,Gold Royalty Corp. Warrants,Stock,True,2026-05-08,,,030aeb460e5f1794da19
GTE,AMEX,Gran Tierra Energy Inc. Common Stock,Stock,True,2026-05-08,,,6d40dd45a72a6ab73d13
HCWC,AMEX,Healthy Choice Wellness Corp. Class A Common Stock,Stock,True,2026-05-08,,,a00ba59682f763d7e230
HSLV,AMEX,Highlander Silver Corp. Common Shares,Stock,True,2026-05-08,,,cfc888952decdbc41d1a
HYLN,AMEX,Hyliion Holdings Corp. Class A Common Stock,Stock,True,2026-05-08,,,c8d1ea920ef8da52386a
IAF,AMEX,"abrdn Australia Equity Fund, Inc. Common Stock",Stock,True,2026-05-08,,,73fd4da40716a50fd34b
IAUX,AMEX,i-80 Gold Corp. Common Shares,Stock,True,2026-05-08,,,ed544231deacbcf7bae6
IAUX.W,AMEX,"i-80 Gold Corp. Warrants, each warrant exercisable for one Common Share at an exercise price of $0.70",Stock,True,2026-05-08,,,b568b4cdb8dd7b93692f
IBO,AMEX,"Impact BioMedical, Inc. Common Stock",Stock,True,2026-05-08,,,dfd524fd1636dea38c80
IDR,AMEX,"Idaho Strategic Resources, Inc. Common Stock",Stock,True,2026-05-08,,,05b1b816a24e6ebddbdc
IE,AMEX,Ivanhoe Electric Inc. Common Stock,Stock,True,2026-05-08,,,928ec2df41bb9e6133ed
IGC,AMEX,"IGC Pharma, Inc. Common Stock",Stock,True,2026-05-08,,,9e987cc295c3c8937ec8
IHT,AMEX,InnSuites Hospitality Trust Shares of Beneficial Interest,Stock,True,2026-05-08,,,a74adf15bcf060c830ad
IMO,AMEX,Imperial Oil Limited Common Stock,Stock,True,2026-05-08,,,e010f4cf3767d4eca32c
INDO,AMEX,Indonesia Energy Corporation Limited Ordinary Shares,Stock,True,2026-05-08,,,ac1fd17e4df1103eb713
INFU,AMEX,"InfuSystems Holdings, Inc. Common Stock",Stock,True,2026-05-08,,,609490b59018b8cb3283
INLX,AMEX,"Intellinetics, Inc. Common Stock",Stock,True,2026-05-08,,,419271fa92bdc8aa6938
INTT,AMEX,inTest Corporation Common Stock,Stock,True,2026-05-08,,,3dada86f252688511eb9
INUV,AMEX,"Inuvo, Inc.",Stock,True,2026-05-08,,,7b5abadaf8a58e443f0f
IOR,AMEX,"Income Opportunity Realty Investors, Inc. Common Stock",Stock,True,2026-05-08,,,eb6099654f5017bba1fd
ISOU,AMEX,IsoEnergy Ltd. Common Shares,Stock,True,2026-05-08,,,a5921e62e31f8a6396db
ITP,AMEX,"IT Tech Packaging, Inc. Common Stock",Stock,True,2026-05-08,,,efcd53c2a02d8a65bd66
ITRG,AMEX,Integra Resources Corp. Common Shares,Stock,True,2026-05-08,,,3b2e0918e878c62a4afe
JAGU,AMEX,Jaguar Uranium Corp. Class A Common Shares,Stock,True,2026-05-08,,,7cd72b48dc44af25622f
JMG,AMEX,JM Group Limited Ordinary Shares,Stock,False,2026-05-08,2026-06-15,Missing from current AMEX source snapshot; reason unavailable,56860278e8d956d26e86
JOB,AMEX,GEE Group Inc. Common Stock,Stock,True,2026-05-08,,,030d6173b69c9e418aca
KAPA,AMEX,"Kairos Pharma, Ltd. Common Stock",Stock,True,2026-05-08,,,26fe3b913c8d8ddf693a
KNRX,AMEX,KNOREX LTD. Class A Ordinary Shares,Stock,True,2026-05-08,,,10a6ea588c9f33c5aa05
KULR,AMEX,"KULR Technology Group, Inc. Common Stock",Stock,True,2026-05-08,,,df7db05b2b5034d299cc
LCTX,AMEX,"Lineage Cell Therapeutics, Inc. Common Stock",Stock,True,2026-05-08,,,19dfc268508f7054a479
LEGO,AMEX,Legato Merger Corp. IV Ordinary Shares,Stock,True,2026-05-08,,,e2b7d867cb088d58fae4
LEGO.U,AMEX,"Legato Merger Corp. IV Units, each consisting of one ordinary share and one-third of one redeemable warrant",Stock,True,2026-05-08,,,284fa333a833a9db71df
LEGO.W,AMEX,"Legato Merger Corp. IV Redeemable Warrants, each whole warrant exercisable to purchase one ordinary share at an exercise price of $11.50 per share",Stock,True,2026-05-08,,,93d209e50c2597baee4c
LEGT,AMEX,Legato Merger Corp. III Ordinary Shares,Stock,False,2026-05-08,2026-06-10,Missing from current AMEX source snapshot; reason unavailable,3ad113675bcdafedcdb9
LEGT.U,AMEX,"Legato Merger Corp. III Units, each consisting of one Ordinary Share and one-half of one warrant",Stock,False,2026-05-08,2026-06-10,Missing from current AMEX source snapshot; reason unavailable,04f08c63b03e20e9a240
LEGT.W,AMEX,"Legato Merger Corp. III Redeemable Warrants, each whole warrant exercisable for one ordinary share at an exercise price of $11.50 per share",Stock,False,2026-05-08,2026-06-10,Missing from current AMEX source snapshot; reason unavailable,2e60072df9f1cd08476a
LGCY,AMEX,Legacy Education Inc. Common Stock,Stock,True,2026-05-08,,,ee60c19e93b854d4ac15
LGL,AMEX,"LGL Group, Inc. (The) Common Stock",Stock,True,2026-05-08,,,dd6ba3588c3d01e7f3b0
LGL.R,AMEX,"LGL Group, Inc. (The) Rights (expiring June 23, 2026) Rights",Stock,False,2026-06-08,2026-06-29,Missing from current AMEX source snapshot; reason unavailable,c09916adf31cb61a766c
LGL.V,AMEX,"LGL Group, Inc. (The) Rights (expiring June 23, 2026) Rights when issued",Stock,False,2026-06-03,2026-06-08,Missing from current AMEX source snapshot; reason unavailable,7188be84ea449883eecb
LGPS,AMEX,LogProstyle Inc. Common Shares,Stock,True,2026-05-08,,,baaab61933d04a9fe298
LODE,AMEX,Comstock Inc. Common Stock,Stock,True,2026-05-08,,,d7e02745e129a354a751
LPA,AMEX,Logistic Properties of the Americas Ordinary Shares,Stock,True,2026-05-08,,,8f71ff71a35f23edfdd2
LSF,AMEX,"Laird Superfood, Inc. Common Stock",Stock,True,2026-05-08,,,b662c716aad1f12519d0
LUD,AMEX,Luda Technology Group Limited Ordinary Shares,Stock,True,2026-05-08,,,3c55050bbe527f2480b1
MAIA,AMEX,"MAIA Biotechnology, Inc. Common Stock",Stock,True,2026-05-08,,,ea3a646850036917f955
MCRP,AMEX,Micropolis AI Robotics Ordinary Shares,Stock,True,2026-05-08,,,603b20b891944ce649db
MGLD,AMEX,"The Marygold Companies, Inc. Common Stock",Stock,True,2026-05-08,,,06ef7069716e7ebd6b29
MHH,AMEX,"Mastech Digital, Inc Common Stock",Stock,True,2026-05-08,,,ad91b0cc28045252edab
MI,AMEX,NFT Limited Class A Ordinary Share,Stock,True,2026-05-08,,,73f693ce5abfc3ea3240
MINE,AMEX,Mayfair Gold Corp. Common Shares,Stock,True,2026-05-08,,,bd5c7ed38a9c45feb8ab
MITQ,AMEX,"Moving iMage Technologies, Inc. Common Stock",Stock,True,2026-05-08,,,5196d4ebf596722e5e31
MLSS,AMEX,"Milestone Scientific, Inc. Common Stock",Stock,True,2026-05-08,,,c674b8893438dad23995
MMA,AMEX,Mixed Martial Arts Group Limited Ordinary Shares,Stock,True,2026-05-08,,,c5033387294cef88fdfb
MPTI,AMEX,"M-tron Industries, Inc. Common Stock",Stock,True,2026-05-08,,,8aa3a4b945f64e557e41
MPU,AMEX,Mega Matrix Inc. Class A Ordinary Shares,Stock,True,2026-05-08,,,b48299b78d25da2f7bc0
MRT,AMEX,"Marti Technologies, Inc. Class A Ordinary Shares",Stock,True,2026-05-08,,,8dd7ff4eb99cb4e95917
MSN,AMEX,Emerson Radio Corporation Common Stock,Stock,True,2026-05-08,,,9fb893213be74d186907
MTA,AMEX,Metalla Royalty & Streaming Ltd. Common Shares,Stock,True,2026-05-08,,,36c6723d8f5467e00a2d
MTNB,AMEX,"Matinas Biopharma Holdings, Inc. Common Stock",Stock,True,2026-05-08,,,9e79f590f2aebfaf6b82
MWG,AMEX,Multi Ways Holdings Limited Class A Ordinary Shares,Stock,True,2026-05-08,,,25f8116fb0d3808255cd
MXC,AMEX,Mexco Energy Corporation Common Stock,Stock,True,2026-05-08,,,9be4de6233d775126850
MYND,AMEX,"Mynd.ai, Inc. American Depositary Shares",Stock,True,2026-05-08,,,11bc9892ec6c496a02ed
MYO,AMEX,Myomo Inc. Common Stock,Stock,True,2026-05-08,,,e904c26275a1665ef9b8
NAK,AMEX,"Northern Dynasty Minerals, Ltd. Common Stock",Stock,True,2026-05-08,,,eee24b8f82f650f5f0f1
NBH,AMEX,Neuberger Municipal Fund Inc. Common Stock,Stock,True,2026-05-08,,,72a4e63d69d287e3126f
NCL,AMEX,Northann Corp. Common Stock,Stock,True,2026-05-08,,,a93555540d2746a30012
NEN,AMEX,New England Realty Associates Limited Partnership Class A Depositary Receipts Evidencing Units of Limited Partnership,Stock,True,2026-05-08,,,756627d452cb1bbe7fa0
NEWP,AMEX,New Pacific Metals Corp. Common Shares,Stock,True,2026-05-08,,,b6d3cdc04d03aedffb47
NFGC,AMEX,New Found Gold Corp Common Shares,Stock,True,2026-05-08,,,bd495d31eaf7fe41ebe8
NG,AMEX,Novagold Resources Inc.,Stock,True,2026-05-08,,,61ce165f43ec9376cdbf
NHC,AMEX,National HealthCare Corporation Common Stock,Stock,True,2026-05-08,,,2ed002192c0f2a116840
NHS,AMEX,Neuberger High Yield Strategies Fund Inc. Common Stock,Stock,True,2026-05-08,,,ddac575e063b12768b5b
NINE,AMEX,"Nine Energy Service, Inc. Common Stock",Stock,True,2026-05-08,,,f0c7ff0590d4bf5a6212
NML,AMEX,Neuberger Energy Infrastructure and Income Fund Inc. Common Stock,Stock,True,2026-05-08,,,9e1b5b02b619c1c0bb5d
NNVC,AMEX,"NanoViricides, Inc. Common Stock",Stock,True,2026-05-08,,,af1d5d365559511b4f61
NRO,AMEX,Neuberger Real Estate Securities Income Fund Inc. Common Stock,Stock,True,2026-05-08,,,770cb0598ac80f6644f6
NRXS,AMEX,"Neuraxis, Inc. Common Stock",Stock,True,2026-05-08,,,ebe0ef0b11e9ace04e27
NSRX,AMEX,Nasus Pharma Ltd. Ordinary Shares,Stock,True,2026-05-08,,,9b17cc939e413fcb9dbc
NTIP,AMEX,"Network-1 Technologies, Inc. Common Stock",Stock,True,2026-05-08,,,49596a6b82a129e6fc3d
NVA,AMEX,Nova Minerals Corp Common Stock,Stock,True,2026-06-17,,,f3e0bd1f18851a9d2ad0
NVA.W,AMEX,Nova Minerals Corp Warrants to Purchase Common Stock,Stock,True,2026-06-17,,,ecaed44d990f56323ad1
NXB,AMEX,NextBoat Inc. Common Stcok,Stock,True,2026-05-29,,,e7290b115728db5fcb14
OBE,AMEX,Obsidian Energy Ltd. Common Shares,Stock,True,2026-05-08,,,6c7e148a121c82bdc715
OGEN,AMEX,Oragenics Inc. Common Stock,Stock,True,2026-05-08,,,8d765d4b5a921e0323e6
OPHC,AMEX,"OptimumBank Holdings, Inc. Common Stock",Stock,True,2026-05-08,,,e77eacd296304ec2fbb9
OPP$C,AMEX,"RiverNorth/DoubleLine Strategic Opportunity Fund, Inc. 6.00% Series C Term Preferred Stock (Liquidation Preference $10.00 per share)",Stock,True,2026-05-08,,,0b5f5cedde7e4d535fd2
OPTT,AMEX,"Ocean Power Technologies, Inc. Common Stock",Stock,True,2026-05-08,,,4c7e89bd8797bb993bb1
ORLA,AMEX,Orla Mining Ltd. Common Shares,Stock,True,2026-05-08,,,e4038748b94877ac035e
OSTX,AMEX,OS Therapies Incorporated Common Stock,Stock,True,2026-05-08,,,5774c1e8220489b76371
OTH,AMEX,Off The Hook YS Inc. Common Stock,Stock,False,2026-05-08,2026-05-29,Missing from current AMEX source snapshot; reason unavailable,926ec586a930536cdb9a
OZ,AMEX,"Belpointe PREP, LLC Class A Units",Stock,True,2026-05-08,,,8ff952f8b3ed73974e3d
PAPL,AMEX,Pineapple Financial Inc. Common Stock,Stock,True,2026-05-08,,,3d83523849da06d27d63
PCG$A,AMEX,Pacific Gas & Electric Co. 6% Preferred Stock,Stock,True,2026-05-08,,,c6aef121cf7bacda67f0
PCG$B,AMEX,Pacific Gas & Electric Co. 5 1/2% Preferred Stock,Stock,True,2026-05-08,,,b8962f2217aea44ab88d
PCG$C,AMEX,Pacific Gas & Electric Co. 5% 1st Preferred Stock,Stock,True,2026-05-08,,,3f92d92868a79d68e12d
PCG$D,AMEX,Pacific Gas & Electric Co. 5% 1st Red. Preferred Stock,Stock,True,2026-05-08,,,19dd6e2127d96565f446
PCG$E,AMEX,Pacific Gas & Electric Co. 5% 1st A Preferred Stock,Stock,True,2026-05-08,,,ccd4d45f16e09c6ba846
PCG$G,AMEX,Pacific Gas & Electric Co. 4.80% 1st Preferred Stock,Stock,True,2026-05-08,,,d08dfb9bbe15712dab27
PCG$H,AMEX,Pacific Gas & Electric Co. 4.50% 1st Preferred Stock,Stock,True,2026-05-08,,,7db11feeb09787e95687
PCG$I,AMEX,Pacific Gas & Electric Co. 4.36% 1st Preferred Stock,Stock,True,2026-05-08,,,231ea417057e20a9a121
PED,AMEX,Pedevco Corp. Common Stock,Stock,True,2026-05-08,,,a162f20de33b70aca017
PHGE,AMEX,BiomX Inc. COmmon Stock,Stock,True,2026-05-08,,,71fd7b776e04c7268e42
PHXE$,AMEX,"Phoenix Energy One, LLC Series A Cumulative Redeemable Preferred Shares",Stock,True,2026-05-08,,,4bf4918fdcdac78d2bd8
PLAG,AMEX,Planet Green Holdings Corp. Common Stock,Stock,True,2026-05-08,,,f8a30382706fd86991ec
PLG,AMEX,Platinum Group Metals Ltd. Ordinary Shares (Canada),Stock,True,2026-05-08,,,a3fda65f8ad91bb138d4
PLX,AMEX,"Protalix BioTherapeutics, Inc. (DE) Common Stock",Stock,True,2026-05-08,,,c1a71a38e11f16281fdd
PMI,AMEX,"Picard Medical, Inc. Common Stock",Stock,True,2026-05-08,,,bc89174e43807bdd5138
PMNT,AMEX,Perfect Moment Ltd. Common Stock,Stock,False,2026-05-08,2026-06-18,Missing from current AMEX source snapshot; reason unavailable,0a1fc7d23676cf9a4cd3
POAS,AMEX,Phaos Technology Holdings (Cayman) Limited Class A Ordinary Shares,Stock,True,2026-05-08,,,ce59d71a7b9be5f9f08c
PRK,AMEX,Park National Corporation Common Stock,Stock,True,2026-05-08,,,bbca60b912463e24038b
PTHS,AMEX,Pelthos Therapeutics Inc. Common Stock,Stock,True,2026-05-08,,,b722b6d7d70a713f14a9
PTN,AMEX,"Palatin Technologies, Inc. Common Stock",Stock,False,2026-05-08,2026-05-29,Missing from current AMEX source snapshot; reason unavailable,14cbdc1a9e65dcb3f542
PW,AMEX,Power REIT (MD) Common Stock,Stock,True,2026-05-08,,,48e7d358cccb973b84a3
PW$A,AMEX,Power REIT 7.75% Series A Cumulative Perpetual Preferred Stock,Stock,True,2026-05-08,,,c9cd10d3825d7f7aa7b0
PZG,AMEX,Paramount Gold Nevada Corp. Common Stock,Stock,True,2026-05-08,,,ac41203abcd690b3dd02
QNC,AMEX,Quantum eMotion Corp. Common Shares,Stock,True,2026-05-08,,,8f220506c1a46306af13
RCG,AMEX,"RENN Fund, Inc Common Stock",Stock,True,2026-05-08,,,52341df78beffbce02b0
REA,AMEX,"Rare Earths Americas, Inc. Common Stock",Stock,True,2026-05-08,,,91c0bdc94ca366798308
REED,AMEX,"Reed's, Inc. Common Stock",Stock,True,2026-05-08,,,3f8c5faaea6c7e20f8bd
REI,AMEX,"Ring Energy, Inc. Common Stock",Stock,True,2026-05-08,,,af354a5f7824adc7879c
REPX,AMEX,"Riley Exploration Permian, Inc. Common Stock",Stock,True,2026-05-08,,,af2e1f4ed6dd6fef2f26
RGNT,AMEX,Regentis Biomaterials Ltd. Ordinary Shares,Stock,True,2026-05-08,,,238cebeba33a0ea71cda
RLGT,AMEX,"Radiant Logistics, Inc. Common Stock",Stock,True,2026-05-08,,,ea51394a8261aa71c143
ROLR,AMEX,"High Roller Technologies, Inc. Common Stock",Stock,True,2026-05-08,,,fc2520f010acc2438956
RVP,AMEX,"Retractable Technologies, Inc. Common Stock",Stock,True,2026-05-08,,,239c134b260096acb779
RYDE,AMEX,Ryde Group Ltd. Class A Ordinary Shares,Stock,True,2026-05-08,,,4c3c9d67f32edf8bedfb
SACH,AMEX,Sachem Capital Corp. Common Shares,Stock,True,2026-05-08,,,843e5c4fc73aa04cfac5
SACH$A,AMEX,Sachem Capital Corp. 7.75% Series A Cumulative Redeemable Preferred Stock,Stock,True,2026-05-08,,,ba778109457eb6959b7e
SBEV,AMEX,"Splash Beverage Group, Inc. (NV) Common Stock",Stock,True,2026-05-08,,,10140922a724e0b93062
SBMT,AMEX,Silver Bow Mining Corp. Common Shares,Stock,True,2026-05-08,,,030da3114c6dbda22347
SCCD,AMEX,Sachem Capital Corp. 6.00% Notes due 2026,Stock,True,2026-05-08,,,a6b6553b6ec26787c2cd
SCCE,AMEX,Sachem Capital Corp. 6.00% Notes due 2027,Stock,True,2026-05-08,,,483a809e27382019914b
SCCF,AMEX,Sachem Capital Corp. 7.125% Notes due 2027,Stock,True,2026-05-08,,,ebe7aefd96505ee2d027
SCCG,AMEX,Sachem Capital Corp. 8.00% Notes due 2027,Stock,True,2026-05-08,,,adf80ddb64323a15df43
SDEV,AMEX,Stablecoin Development Corporation Common Stock,Stock,True,2026-05-08,,,d8f1b3c47244d93fe9fb
SEB,AMEX,Seaboard Corporation Common Stock,Stock,True,2026-05-08,,,fc6b64301e58a7e0ae3c
SER,AMEX,"Serina Therapeutics, Inc. Common Stock",Stock,True,2026-05-08,,,613c490b9becfdbb2d5d
SIF,AMEX,"SIFCO Industries, Inc. Common Stock",Stock,True,2026-05-08,,,70469cc0b5b982525855
SIM,AMEX,"Grupo Simec, S.A.B. de C.V. American Depositary Shares",Stock,True,2026-05-08,,,9dbc71f3ba0bfd60b16d
SLI,AMEX,Standard Lithium Ltd. Common Shares,Stock,True,2026-05-08,,,ca8422c1a355965628ea
SLND,AMEX,"Southland Holdings, Inc. Common Stock",Stock,True,2026-05-08,,,70add7d7eff895f6b9f2
SLND.W,AMEX,"Southland Holdings, Inc. Warrants",Stock,True,2026-05-08,,,8e3d399e1d955a163914
SLSR,AMEX,Solaris Resources Inc. Common Shares,Stock,True,2026-05-08,,,bffe8e83ad5a8ebce334
SMJF,AMEX,SMJ International Holdings Inc. Class A Ordinary Shares,Stock,True,2026-05-08,,,433cb35e27e3f8604ecd
SOAR,AMEX,"Volato Group, Inc. Class A Common Stock",Stock,True,2026-05-08,,,95bba1602dc77e156914
SRXH,AMEX,"SRX Health Solutions, Inc. Common Stock",Stock,False,2026-05-08,2026-06-29,Listing metadata changed,40d0e565a81f453bcfe7
SRXH,AMEX,SRX Global Inc. Common Stock,Stock,True,2026-06-29,,,0a69ab7cb4c053e8028e
STRW,AMEX,"Strawberry Fields REIT, Inc. Common Stock",Stock,True,2026-05-08,,,85af20f9a5dd88f1f61e
STXS,AMEX,"Stereotaxis, Inc. Common Stock",Stock,True,2026-05-08,,,1f1a0ed7163885017666
SVM,AMEX,Silvercorp Metals Inc. Common Shares,Stock,True,2026-05-08,,,568a41911103718d904a
SYNX,AMEX,Silynxcom Ltd. Ordinary Shares,Stock,True,2026-05-08,,,4b1214d7c7f38fe7091f
TCGL,AMEX,TechCreate Group Ltd. Class A Ordinary Shares,Stock,False,2026-05-08,2026-06-15,Missing from current AMEX source snapshot; reason unavailable,4dcb6a2a90c2f6a32a2b
TGB,AMEX,"Taseko Mines, Ltd. Common Stock",Stock,False,2026-05-08,2026-06-29,Listing metadata changed,50e60bebb68449abef17
TGB,AMEX,Trekor Metals Limited Common Shares,Stock,True,2026-06-29,,,798b9e63a9c34f2d1ac7
TGE.W,AMEX,"The Generation Essentials Group Warrants, each whole warrant exercisable for one Class A Ordinary Share",Stock,True,2026-05-08,,,2fcf863f8c99f249d853
TGEN,AMEX,Tecogen Inc. Common Stock,Stock,True,2026-05-08,,,43910b9f9270efc93cbb
THM,AMEX,"International Tower Hill Mines, Ltd. Ordinary Shares (Canada)",Stock,True,2026-05-08,,,b153e9f61ea5a64618b2
TII,AMEX,Titan Mining Corporation Common Shares,Stock,True,2026-05-08,,,3cf62852e14b47d45169
TMDE,AMEX,TMD Energy Limited Ordinary Shares,Stock,True,2026-05-08,,,2d739460372e29de8eb4
TMP,AMEX,Tompkins Financial Corporation Common Stock,Stock,True,2026-05-08,,,f931e005f8fbe27c9074
TMQ,AMEX,Trilogy Metals Inc. Common Stock,Stock,True,2026-05-08,,,d01f4bb0f3f89ca7d49b
TOON,AMEX,"Kartoon Studios, Inc. Common Stock",Stock,True,2026-05-08,,,c658ca2fc1806614bc6e
TOPP,AMEX,Toppoint Holdings Inc. Common Stock,Stock,True,2026-05-08,,,8e12931c06bb4d9390a4
TOPS,AMEX,"TOP Ships, Inc. Common Stock",Stock,True,2026-05-08,,,9d8b0583b154ebc61f4b
TOVX,AMEX,"Theriva Biologics, Inc. Common Stock",Stock,True,2026-05-08,,,97c4fa5b8c6d7c87ed70
TPET,AMEX,Trio Petroleum Corp. Common Stock,Stock,True,2026-05-08,,,4bb3bf8053bdf3dc2f71
TRT,AMEX,Trio-Tech International Common Stock,Stock,True,2026-05-08,,,a2502c2d0b0e5da4540a
TRX,AMEX,TRX Gold Corporation Common Stock,Stock,True,2026-05-08,,,f8d884da0f7f7722b3c7
UAC,AMEX,United Acquisition Corp. I Class A Ordinary Shares,Stock,True,2026-05-08,,,ba2f029cc4bd60b2e953
UAC.U,AMEX,"United Acquisition Corp. I Units, each consisting of one Class A ordinary share and one-quarter of one redeemable warrant",Stock,True,2026-05-08,,,bc4b45fe8aa7fe85d190
UAC.W,AMEX,"United Acquisition Corp. I Warrants, each whole warrant exercisable for one Class A ordinary share at an exercise price of $11.50",Stock,True,2026-05-08,,,f1638183a91ffd7407b0
UAVS,AMEX,"AgEagle Aerial Systems, Inc. Common Stock",Stock,True,2026-05-08,,,53773cb16cd055c03fa1
UEC,AMEX,Uranium Energy Corp. Common Stock,Stock,True,2026-05-08,,,aa9d042b0b22aeed87d6
UMAC,AMEX,"Unusual Machines, Inc. Common Stock",Stock,True,2026-05-08,,,550b6525dc82415e2a40
URG,AMEX,Ur Energy Inc Common Shares (Canada),Stock,True,2026-05-08,,,e1492a476ef301e4b90e
USAS,AMEX,"Americas Gold and Silver Corporation Common Shares, no par value",Stock,True,2026-05-08,,,928e70824d4dd481bfe6
USBC,AMEX,"USBC, Inc. Common Stock",Stock,True,2026-05-08,,,4b90669e12aa708ce235
UTG,AMEX,Reaves Utility Income Fund Common Shares of Beneficial Interest,Stock,True,2026-05-08,,,8ebd8a7d3837d03861f3
UUU,AMEX,"Universal Safety Products, Inc. Common Stock",Stock,True,2026-05-08,,,cecb6e6b76705be9cbc6
UUUU,AMEX,Energy Fuels Inc Ordinary Shares (Canada),Stock,True,2026-05-08,,,fd6e7163617d07f6e84c
VENU,AMEX,Venu Holding Corporation Common Stock,Stock,True,2026-05-08,,,740bbe05e1f87666c878
VFL,AMEX,abrdn National Municipal Income Fund Common Stock,Stock,False,2026-05-08,2026-07-13,Missing from current AMEX source snapshot; reason unavailable,584e498360364cf72002
VGZ,AMEX,Vista Gold Corp Common Stock,Stock,True,2026-05-08,,,c0b191741cad8ef4b637
VIDA,AMEX,VIDA Global Inc. Class A Common Stock,Stock,False,2026-05-12,2026-05-14,Missing from current AMEX source snapshot; reason unavailable,066d7c83eac75c71abcf
VIDA,AMEX,VIDA Global Inc. Class A Common Stock,Stock,True,2026-05-15,,,066d7c83eac75c71abcf
VKI,AMEX,Invesco Advantage Municipal Income Trust II Common Shares of Beneficial Interest (DE),Stock,True,2026-05-08,,,98cd6551e950bda66ba3
VNRX,AMEX,VolitionRX Limited Common Stock,Stock,True,2026-05-08,,,baceea05bc60fe1a56d8
VNTG,AMEX,Vantage Corp Class A Ordinary Shares,Stock,True,2026-05-08,,,e0148e6d8093be8c04de
VTAK,AMEX,"Catheter Precision, Inc. Common Stock",Stock,True,2026-05-08,,,54553c4b069f80437fa3
VZLA,AMEX,Vizsla Silver Corp. Common Shares,Stock,True,2026-05-08,,,01da2524c229d954e1fb
WRN,AMEX,Western Copper and Gold Corporation Common Stock,Stock,True,2026-05-08,,,3c4ced41a4f005db4fd1
WWR,AMEX,"Westwater Resources, Inc. Common Stock",Stock,True,2026-05-08,,,112b846b2d0a4f0a74b0
WYY,AMEX,WidePoint Corporation Common Stock,Stock,True,2026-05-08,,,c34d0d33e4ac640edb41
XPL,AMEX,Solitario Resources Corp. Common Stock,Stock,True,2026-05-08,,,f3e6b3630ec05df7cb93
XTNT,AMEX,"Xtant Medical Holdings, Inc. Common Stock",Stock,True,2026-05-08,,,17d75ea52873550c5369
YCBD,AMEX,"cbdMD, Inc. Common Stock",Stock,True,2026-05-08,,,ac934c116bd54e0ec5cc
ZDGE,AMEX,"Zedge, Inc. Class B Common Stock",Stock,True,2026-05-08,,,d789297abeeaa7753ded
ZONE,AMEX,CleanCore Solutions Inc. Class B Common Stock,Stock,True,2026-05-08,,,2de3829970426de5636e
AAAP,NASDAQ,Pacer Barings CLO Market Flex ETF,ETF,True,2026-06-23,,,5976f4ffc2d2099aaced
AACB,NASDAQ,Artius II Acquisition Inc. - Class A Ordinary Shares,Stock,True,2026-05-08,,,224a766a4bb75d0dae7a
AACBR,NASDAQ,Artius II Acquisition Inc. - Rights,Stock,True,2026-05-08,,,711d39cf25af2d68d8c4
AACBU,NASDAQ,Artius II Acquisition Inc. - Units,Stock,True,2026-05-08,,,48e505de1bc02d40b5d7
AACG,NASDAQ,"ATA Creativity Global - American Depositary Shares, each representing two common shares",Stock,True,2026-05-08,,,6feee72b70d7b93b40df
AACI,NASDAQ,Armada Acquisition Corp. III - Class A Ordinary Share,Stock,True,2026-05-08,,,3c79c714fca82f453314
AACIU,NASDAQ,Armada Acquisition Corp. III - Units,Stock,True,2026-05-08,,,d5add9d7509f852df516
AACIW,NASDAQ,Armada Acquisition Corp. III - Warrant,Stock,True,2026-05-08,,,b8386293f0d2658f22cb
AACO,NASDAQ,Abony Acquisition Corp. I - Class A Ordinary Share,Stock,True,2026-05-08,,,3301443501e47e9932ab
AACOU,NASDAQ,Abony Acquisition Corp. I - Units,Stock,True,2026-05-08,,,a81469779ce27faad54c
AACOW,NASDAQ,Abony Acquisition Corp. I - Warrants,Stock,True,2026-05-08,,,6948c3f3c3abd8fd521d
AACP,NASDAQ,Apogee Acquisition Corp - Class A Ordinary Shares,Stock,True,2026-05-28,,,e78e2f37927b953e8ae9
AACPR,NASDAQ,Apogee Acquisition Corp - Rights,Stock,True,2026-05-28,,,bfca83d7c7d9ecee443a
AACPU,NASDAQ,Apogee Acquisition Corp - Units,Stock,True,2026-05-08,,,0c37741f6b137cea5950
AACPW,NASDAQ,Apogee Acquisition Corp - Warrant,Stock,True,2026-05-28,,,9868432a7cd1eff2fdc0
AADR,NASDAQ,AdvisorShares Dorsey Wright ADR ETF,ETF,True,2026-05-08,,,8bdf3d065c9a3cf51014
AAEQ,NASDAQ,Alpha Architect US Equity 2 ETF,ETF,True,2026-05-08,,,997c14ba976ba5272b22
AAL,NASDAQ,"American Airlines Group, Inc. - Common Stock",Stock,True,2026-05-08,,,b96bf933cddd2a112c41
AALG,NASDAQ,Leverage Shares 2X Long AAL Daily ETF,ETF,True,2026-05-08,,,7a9d35bb07252ae1e7a5
AAME,NASDAQ,Atlantic American Corporation - Common Stock,Stock,True,2026-05-08,,,df0873d0fa6895236a60
AAOI,NASDAQ,"Applied Optoelectronics, Inc. - Common Stock",Stock,True,2026-05-08,,,91b3362baf788b62d7a6
AAON,NASDAQ,"AAON, Inc. - Common Stock",Stock,True,2026-05-08,,,ac15e70544dd070a1e81
AAPB,NASDAQ,GraniteShares 2x Long AAPL Daily ETF,ETF,True,2026-05-08,,,9ff598c31426ba681ffb
AAPD,NASDAQ,Direxion Daily AAPL Bear 1X ETF,ETF,True,2026-05-08,,,e8c7150622159e327c19
AAPG,NASDAQ,Ascentage Pharma Group International - American Depository Shares,Stock,True,2026-05-08,,,358d5adf84533e5e2f26
AAPL,NASDAQ,Apple Inc. - Common Stock,Stock,True,2026-05-08,,,5338b02fcc928f71f4c6
AAPU,NASDAQ,Direxion Daily AAPL Bull 2X ETF,ETF,True,2026-05-08,,,f1ec66672457171b8df2
AARD,NASDAQ,"Aardvark Therapeutics, Inc. - Common Stock",Stock,True,2026-05-08,,,302320df0f1d9b8fc286
AAUB,NASDAQ,Alpha Architect US Equity 4 ETF,ETF,True,2026-07-23,,,904ff29c7533c5e8f67a
AAUS,NASDAQ,Alpha Architect US Equity ETF,ETF,True,2026-05-08,,,9cd1028f02cb5c81ee38
AAVM,NASDAQ,Alpha Architect Global Factor Equity ETF,ETF,True,2026-05-08,,,7ef440f10b86a47204f6
AAXJ,NASDAQ,iShares MSCI All Country Asia ex Japan ETF,ETF,True,2026-05-08,,,b611e0f3741ea50af3ff
ABAT,NASDAQ,American Battery Technology Company - Common Stock,Stock,True,2026-05-08,,,791e5dc09b7edbf4c146
ABCL,NASDAQ,AbCellera Biologics Inc. - Common Shares,Stock,True,2026-05-08,,,8c67ad26d25121eabf0c
ABCS,NASDAQ,Alpha Blue Capital US Small-Mid Cap Dynamic ETF,ETF,True,2026-05-08,,,04c5a5eb7126647c6e70
ABEO,NASDAQ,Abeona Therapeutics Inc. - Common Stock,Stock,True,2026-05-08,,,9913ea7aa7da1a95a29f
ABI,NASDAQ,VictoryShares Pioneer Asset-Based Income ETF,ETF,True,2026-05-08,,,1675a3529e2df143bebb
ABIG,NASDAQ,Argent Large Cap ETF,ETF,True,2026-05-08,,,6832387cf706073ae153
ABLV,NASDAQ,Able View Global Inc. - Class B Ordinary Shares,Stock,True,2026-05-08,,,8d19817630428cdad7c8
ABLVW,NASDAQ,Able View Global Inc. - Warrant,Stock,True,2026-05-08,,,bc478225d35f6101dd22
ABNB,NASDAQ,"Airbnb, Inc. - Class A Common Stock",Stock,True,2026-05-08,,,59ff7da1bdec251677d3
ABNG,NASDAQ,Leverage Shares 2x Long ABNB Daily ETF,ETF,True,2026-05-08,,,0c3d322857029ce506fd
ABOS,NASDAQ,"Acumen Pharmaceuticals, Inc. - Common Stock",Stock,True,2026-05-08,,,0db0fc7ee3d500509739
ABSI,NASDAQ,Absci Corporation - Common Stock,Stock,True,2026-05-08,,,08d5d20eec40a64cf66e
ABTC,NASDAQ,American Bitcoin Corp. - Class A Common Stock,Stock,True,2026-05-08,,,1f63001135d6d3782acc
ABTS,NASDAQ,Abits Group Inc - Ordinary Shares,Stock,True,2026-05-08,,,ab224de0a131c59acb87
ABUS,NASDAQ,Arbutus Biopharma Corporation - Common Stock,Stock,True,2026-05-08,,,220561bd827bae1f3c94
ABVC,NASDAQ,"ABVC BioPharma, Inc. - Common Stock",Stock,True,2026-05-08,,,2f7e2a7d3afefcbd8b64
ABVE,NASDAQ,Above Food Ingredients Inc. - Common Stock,Stock,False,2026-05-08,2026-06-02,Missing from current NASDAQ source snapshot; reason unavailable,291204f164a791192bc6
ABVEW,NASDAQ,Above Food Ingredients Inc. - Warrant,Stock,False,2026-05-08,2026-06-02,Missing from current NASDAQ source snapshot; reason unavailable,6f47974d2c2f47f9de26
ABVX,NASDAQ,Abivax SA - American Depositary Shares,Stock,True,2026-05-08,,,d9c9b39297d8469563f6
ACAA,NASDAQ,Averin Capital Acquisition Corp. - Class A Ordinary Shares,Stock,True,2026-05-08,,,f60c2e661d34b6f3d62a
ACAAU,NASDAQ,Averin Capital Acquisition Corp. - Units,Stock,True,2026-05-08,,,911b88d6cce13899f0d2
ACAAW,NASDAQ,Averin Capital Acquisition Corp. - Warrants,Stock,True,2026-05-08,,,87dd2cf1e30dbe541a16
ACAD,NASDAQ,ACADIA Pharmaceuticals Inc. - Common Stock,Stock,True,2026-05-08,,,ea6232d3a49931b67e9a
ACB,NASDAQ,Aurora Cannabis Inc. - Common Shares,Stock,True,2026-05-08,,,e7ae3db15a23674c3d03
ACCL,NASDAQ,Acco Group Holdings Limited - Class A Ordinary Shares,Stock,True,2026-05-08,,,2962a45312549832e3d6
ACDC,NASDAQ,ProFrac Holding Corp. - Class A Common Stock,Stock,True,2026-05-08,,,e80dad631b6d9d37074e
ACEP,NASDAQ,ARS Core Equity Portfolio ETF,ETF,True,2026-05-08,,,231bd8c716f89f7ddaeb
ACET,NASDAQ,"Adicet Bio, Inc. - Common Stock",Stock,True,2026-05-08,,,83055d7ba32d1236ffa2
ACFN,NASDAQ,"Acorn Energy, Inc. - Common Stock",Stock,True,2026-05-08,,,daaaae92785f3bd522cc
ACGC,NASDAQ,ACP Holdings Acquisition Corp. - Class A Ordinary Shares,Stock,True,2026-05-28,,,27f1a3c1738c295d3733
ACGCU,NASDAQ,ACP Holdings Acquisition Corp. - Units,Stock,True,2026-05-08,,,3ae5ca546589a893deef
ACGCW,NASDAQ,ACP Holdings Acquisition Corp. - Warrants,Stock,True,2026-05-28,,,002b0022f49dd9fbd2f9
ACGL,NASDAQ,Arch Capital Group Ltd. - Common Stock,Stock,True,2026-05-08,,,98181b6140dbd807655c
ACGLN,NASDAQ,"Arch Capital Group Ltd. - Depositary Shares, each Representing a 1/1,000th Interest in a 4.550% Non-Cumulative Preferred Share, Series G",Stock,True,2026-05-08,,,9b3eb075dc9a7dbe7946
ACGLO,NASDAQ,"Arch Capital Group Ltd. - Depositary Shares Each Representing 1/1,000th Interest in a Share of5.45% Non-Cumulative Preferred Shares, Series F",Stock,True,2026-05-08,,,b8f747bbde7a62907060
ACHC,NASDAQ,"Acadia Healthcare Company, Inc. - Common Stock",Stock,True,2026-05-08,,,f53119da36599023a05e
ACHV,NASDAQ,"Achieve Life Sciences, Inc. - Common Shares",Stock,True,2026-05-08,,,8e97528f43489b8aa748
ACIC,NASDAQ,American Coastal Insurance Corporation - Common Stock,Stock,True,2026-05-08,,,cdf00893d1bac7e1c8d6
ACIU,NASDAQ,AC Immune SA - Common Stock,Stock,True,2026-05-08,,,33a798c4e648721b0998
ACIW,NASDAQ,"ACI Worldwide, Inc. - Common Stock",Stock,True,2026-05-08,,,1be831615c02b4aff8a5
ACLS,NASDAQ,"Axcelis Technologies, Inc. - Common Stock",Stock,True,2026-05-08,,,f418ff9959c9cf274900
ACMR,NASDAQ,"ACM Research, Inc. - Class A Common Stock",Stock,True,2026-05-08,,,4140415897bd21328ee8
ACNB,NASDAQ,ACNB Corporation - Common Stock,Stock,True,2026-05-08,,,7a464be9ba3965668b2e
ACNT,NASDAQ,Ascent Industries Co. - Common Stock,Stock,True,2026-05-08,,,02f291000b32ad2c0edb
ACOG,NASDAQ,Alpha Cognition Inc. - Common Stock,Stock,True,2026-05-08,,,5532dabcbd8e414921b0
ACON,NASDAQ,"Aclarion, Inc. - Common Stock",Stock,True,2026-05-08,,,46d10b1cae5da2d9b560
ACONW,NASDAQ,"Aclarion, Inc. - Warrant",Stock,True,2026-05-08,,,4f9f4204e907bc286a09
ACRS,NASDAQ,"Aclaris Therapeutics, Inc. - Common Stock",Stock,True,2026-05-08,,,d8e52ce7de1f11c91a7e
ACRV,NASDAQ,"Acrivon Therapeutics, Inc. - Common Stock",Stock,True,2026-05-08,,,3420d5d63eba98fdb4d5
ACT,NASDAQ,"Enact Holdings, Inc. - Common Stock",Stock,True,2026-05-08,,,eb6c2d9d7f7ba032233f
ACTG,NASDAQ,Acacia Research Corporation - Common Stock,Stock,True,2026-05-08,,,ebe4f221b8650f49998a
ACTU,NASDAQ,"Actuate Therapeutics, Inc. - Common stock",Stock,True,2026-05-08,,,8deca80412276b57f42b
ACWI,NASDAQ,iShares MSCI ACWI ETF,ETF,True,2026-05-08,,,f704af94a4af2f8fcf49
ACWX,NASDAQ,iShares MSCI ACWI ex U.S. ETF,ETF,True,2026-05-08,,,8f517ac43f036bafe9b7
ACXP,NASDAQ,"Acurx Pharmaceuticals, Inc. - Common Stock",Stock,True,2026-05-08,,,4811c4df8f0129d413b5
ADAC,NASDAQ,American Drive Acquisition Company - Class A Ordinary Shares,Stock,True,2026-05-08,,,f9f30114ede29c89bb97
ADACU,NASDAQ,American Drive Acquisition Company - Units,Stock,True,2026-05-08,,,de94a654f32e3eff2695
ADACW,NASDAQ,American Drive Acquisition Company - Warrant,Stock,True,2026-05-08,,,63a8f03db81b9f19e424
ADAG,NASDAQ,"Adagene Inc. - ADS, each representing 1.25 ordinary shares",Stock,True,2026-05-08,,,d907919dc2e5ad93f2b8
ADAM,NASDAQ,"Adamas Trust, Inc. - Common Stock",Stock,True,2026-05-08,,,62545dd6d0e9bc7d6f5a
ADAMG,NASDAQ,"Adamas Trust, Inc. - 9.125% Senior Notes Due 2030",Stock,True,2026-05-08,,,2fdfab6b7841b165b8fa
ADAMH,NASDAQ,"Adamas Trust, Inc. - 9.875% Senior Notes Due 2030",Stock,True,2026-05-08,,,006e1d179273f2177799
ADAMI,NASDAQ,"Adamas Trust, Inc. - 9.125% Senior Notes Due 2029",Stock,True,2026-05-08,,,2f1ce8693613c748e8b0
ADAML,NASDAQ,"Adamas Trust, Inc. - 6.875% Series F Fixed-to-Floating Rate Cumulative Redeemable Preferred Stock, $0.01 par value per share",Stock,True,2026-05-08,,,5cd94105e8fcb08bd001
ADAMM,NASDAQ,"Adamas Trust, Inc. - 7.875% Series E Fixed-to-Floating Rate Cumulative Redeemable Preferred Stock",Stock,True,2026-05-08,,,b5e520a3fb0e5d45acb4
ADAMN,NASDAQ,"Adamas Trust, Inc. - 8.00% Series D Fixed-to-Floating Rate Cumulative Redeemable Preferred Stock",Stock,True,2026-05-08,,,6d9cde11a16064a508ac
ADAMO,NASDAQ,"Adamas Trust, Inc. - 9.250% Senior Notes Due 2031",Stock,True,2026-05-08,,,49bb55036d9598e78ce3
ADAMZ,NASDAQ,"Adamas Trust, Inc. - 7.000% Series G Cumulative Redeemable Preferred Stock, $0.01 par value per share",Stock,True,2026-05-08,,,7e2223842d0fe553920c
ADBE,NASDAQ,Adobe Inc. - Common Stock,Stock,True,2026-05-08,,,15aaf1a5e2956b887299
ADBG,NASDAQ,Leverage Shares 2X Long ADBE Daily ETF,ETF,True,2026-05-08,,,37b95323ae1b86c66ab6
ADEA,NASDAQ,Adeia Inc. - Common Stock,Stock,True,2026-05-08,,,6c95447815d3dfe75ba5
ADGM,NASDAQ,"Adagio Medical Holdings, Inc - Common Stock",Stock,True,2026-05-08,,,52e6c8412b449ebf47cb
ADI,NASDAQ,"Analog Devices, Inc. - Common Stock",Stock,True,2026-05-08,,,01a3cc8db5a1507f2bdb
ADIL,NASDAQ,"Adial Pharmaceuticals, Inc - Common Stock",Stock,True,2026-05-08,,,55a98285de3d782f90bb
ADMA,NASDAQ,ADMA Biologics Inc - Common Stock,Stock,True,2026-05-08,,,348f6713dae45f40ed90
ADP,NASDAQ,"Automatic Data Processing, Inc. - Common Stock",Stock,True,2026-05-08,,,aece0254f0e97e429266
ADPT,NASDAQ,Adaptive Biotechnologies Corporation - Common Stock,Stock,True,2026-05-08,,,98dfb6bc4be92646e4c3
ADSE,NASDAQ,ADS-TEC ENERGY PLC - Ordinary Shares,Stock,True,2026-05-08,,,bf12b518485a6f51d8c3
ADSEW,NASDAQ,ADS-TEC ENERGY PLC - Warrant,Stock,True,2026-05-08,,,f85bf43d79d304aeead3
ADSK,NASDAQ,"Autodesk, Inc. - Common Stock",Stock,True,2026-05-08,,,7cdda6505a0cc32b53f2
ADTN,NASDAQ,"ADTRAN Holdings, Inc. - Common Stock",Stock,True,2026-05-08,,,2373aa38a083b64e284f
ADTX,NASDAQ,"Aditxt, Inc. - Common Stock",Stock,False,2026-05-08,2026-06-25,Missing from current NASDAQ source snapshot; reason unavailable,7e61f95d6c3e7c84b033
ADUR,NASDAQ,Aduro Clean Technologies Inc. - Common Stock,Stock,True,2026-05-08,,,4fa312ee86ea7c7eeb89
ADUS,NASDAQ,Addus HomeCare Corporation - Common Stock,Stock,True,2026-05-08,,,5e50d86f693fdb647f4b
ADV,NASDAQ,Advantage Solutions Inc. - Class A Common Stock,Stock,True,2026-05-08,,,d8a4675e1647a31c49d2
ADVB,NASDAQ,Advanced Biomed Inc. - Common Stock,Stock,True,2026-05-08,,,ee1774a73bd8caad7a17
ADXN,NASDAQ,Addex Therapeutics Ltd - American Depositary Shares,Stock,True,2026-05-08,,,844e14bf4427d724ee5c
AEAQ,NASDAQ,Activate Energy Acquisition Corp. - Class A Ordinary Share,Stock,True,2026-05-08,,,12bdeec6f967b25e4c7c
AEAQU,NASDAQ,Activate Energy Acquisition Corp. - Unit,Stock,True,2026-05-08,,,3b157001e6ea228d2e52
AEAQW,NASDAQ,Activate Energy Acquisition Corp. - Warrant,Stock,True,2026-05-08,,,a0e795b96da2a777c080
AEBI,NASDAQ,Aebi Schmidt Holding AG - Common Stock,Stock,True,2026-05-08,,,70f71bbc9640630fd33c
AEC,NASDAQ,Anfield Energy Inc. - Common Shares,Stock,True,2026-05-08,,,a64ce65ccb865a1b1344
AEHL,NASDAQ,Antelope Enterprise Holdings Limited - Class A Ordinary Shares,Stock,True,2026-05-08,,,5e8fbefd001fe699a7e2
AEHR,NASDAQ,Aehr Test Systems - Common Stock,Stock,True,2026-05-08,,,d073270f1baf15025aa1
AEI,NASDAQ,Alset Inc. - Common Stock,Stock,True,2026-05-08,,,a47508a4439e48a78f30
AEIS,NASDAQ,"Advanced Energy Industries, Inc. - Common Stock",Stock,True,2026-05-08,,,dee884474f842b89a3d5
AEMD,NASDAQ,"Aethlon Medical, Inc. - Common Stock",Stock,True,2026-05-08,,,9601c6d503f0ef8d43cd
AENT,NASDAQ,Alliance Entertainment Holding Corporation - common stock,Stock,True,2026-05-08,,,855d09c82ddf41fe1932
AENTW,NASDAQ,Alliance Entertainment Holding Corporation - Warrants,Stock,True,2026-05-08,,,34bb34102182a238b2c2
AEP,NASDAQ,"American Electric Power Company, Inc. - Common Stock",Stock,True,2026-05-08,,,10226d98c96f7b2eda17
AERT,NASDAQ,"Aeries Technology, Inc. - Class A Ordinary Share",Stock,True,2026-05-08,,,fefa236e3ac36e621399
AERTW,NASDAQ,"Aeries Technology, Inc. - Warrant",Stock,True,2026-05-08,,,f4df86c036bb879649fe
AESP,NASDAQ,Aeon Acquisition I Corp. - Class A Ordinary Shares,Stock,True,2026-07-01,,,e77cd498bcda48322f50
AESPR,NASDAQ,Aeon Acquisition I Corp. - Rights,Stock,True,2026-07-01,,,4b5646c02cc33633cf44
AESPU,NASDAQ,Aeon Acquisition I Corp. - Units,Stock,True,2026-06-03,,,ddf1dd6c68c03f22463b
AESPW,NASDAQ,Aeon Acquisition I Corp. - Warrants,Stock,True,2026-07-01,,,10ababafb24f82f5cd96
AEVA,NASDAQ,"Aeva Technologies, Inc. - Common Stock",Stock,True,2026-05-08,,,0f2f504cb14bb2969169
AEYE,NASDAQ,"AudioEye, Inc. - Common Stock",Stock,True,2026-05-08,,,619b7872bfc83aeb53f9
AFBI,NASDAQ,"Affinity Bancshares, Inc. - Common Stock",Stock,True,2026-05-08,,,e39cceb99cecd19aedfc
AFCG,NASDAQ,Advanced Flower Capital Inc. - Common Stock,Stock,True,2026-05-08,,,cd0a3b5aa03c1d3482cd
AFJK,NASDAQ,"Aimei Health Technology Co., Ltd - Ordinary Share",Stock,True,2026-05-08,,,16dedcbf165486de09cc
AFJKR,NASDAQ,"Aimei Health Technology Co., Ltd - Right",Stock,True,2026-05-08,,,5ad9cd12a5b4ef196d4e
AFJKU,NASDAQ,"Aimei Health Technology Co., Ltd - Unit",Stock,True,2026-05-08,,,59afb1ab4bc480d10e65
AFOS,NASDAQ,ARS Focused Opportunity Strategy ETF,ETF,True,2026-05-08,,,3bc4951abf610e6a32b0
AFRI,NASDAQ,Forafric Global PLC - Ordinary Shares,Stock,True,2026-05-08,,,ae24addc59efcc3a54fc
AFRIW,NASDAQ,Forafric Global PLC - Warrants,Stock,True,2026-05-08,,,4bf00dc41370f318b5ab
AFRM,NASDAQ,"Affirm Holdings, Inc. - Class A Common Stock",Stock,True,2026-05-08,,,ad421e53b0290d6109fc
AFSC,NASDAQ,abrdn Focused U.S. Small Cap Active ETF,ETF,True,2026-05-08,,,8d3896e7abaae58bacf4
AFYA,NASDAQ,Afya Limited - Class A Common Shares,Stock,True,2026-05-08,,,6f1a0810b385ca364579
AGAE,NASDAQ,Allied Gaming & Entertainment Inc. - Common Stock,Stock,False,2026-05-08,2026-05-27,Missing from current NASDAQ source snapshot; reason unavailable,a10491ded58cfa0ec233
AGCC,NASDAQ,Agencia Comercial Spirits Ltd - Class A Ordinary Share,Stock,True,2026-05-08,,,f98f77ec9b9f38ebc96b
AGEM,NASDAQ,abrdn Emerging Markets Dividend Active ETF,ETF,True,2026-05-08,,,931e73c409b40aefdafb
AGEN,NASDAQ,Agenus Inc. - Common Stock,Stock,True,2026-05-08,,,3bb30b4e6113d345285a
AGGA,NASDAQ,EA Astoria Dynamic Core US Fixed Income ETF,ETF,False,2026-05-08,2026-07-08,Listing metadata changed,eb32d51b332e9d4715bc
AGGA,NASDAQ,EA Astoria Beacon Dynamic Core US Fixed Income ETF,ETF,True,2026-07-08,,,056ff4be31075fea1f22
AGH,NASDAQ,Aureus Greenway Holdings Inc. - Common Stock,Stock,False,2026-05-08,2026-05-18,Missing from current NASDAQ source snapshot; reason unavailable,52e1a9b10577e7785adc
AGIO,NASDAQ,"Agios Pharmaceuticals, Inc. - Common Stock",Stock,True,2026-05-08,,,f468688b82b18a44fc7f
AGIX,NASDAQ,KraneShares Artificial Intelligence & Technology ETF,ETF,False,2026-05-08,2026-06-01,Listing metadata changed,570a2cf0af32548c107b
AGIX,NASDAQ,KraneShares Public-Private AI & Technology ETF,ETF,True,2026-06-01,,,3ae4ac8b5c1851f0d3b8
AGMB,NASDAQ,AgomAb Therapeutics NV - ADRs representing one common share.,Stock,True,2026-05-08,,,2082afe4ef7adc179953
AGMH,NASDAQ,AGM Group Holdings Inc. - Class A Ordinary Shares,Stock,True,2026-05-08,,,19bbef247393d287977c
AGMI,NASDAQ,Themes Silver Miners ETF,ETF,True,2026-05-08,,,dc1132506cc929480a10
AGNC,NASDAQ,AGNC Investment Corp. - Common Stock,Stock,True,2026-05-08,,,822020f844592806f20b
AGNCL,NASDAQ,"AGNC Investment Corp. - Depositary Shares Each Representing a 1/1,000th Interest in a Share of 7.75% Series G Fixed-Rate Reset Cumulative Redeemable Preferred Stock",Stock,True,2026-05-08,,,0e87952280626857f29f
AGNCM,NASDAQ,AGNC Investment Corp. - Depositary Shares rep 6.875% Series D Fixed-to-Floating Cumulative Redeemable Preferred Stock,Stock,True,2026-05-08,,,134f33898fc4cd713158
AGNCN,NASDAQ,"AGNC Investment Corp. - Depositary Shares Each Representing a 1/1,000th Interest in a Share of 7.00% Series C Fixed-To-Floating Rate Cumulative Redeemable Preferred Stock",Stock,True,2026-05-08,,,2415d60dca902b6287e9
AGNCO,NASDAQ,"AGNC Investment Corp. - Depositary Shares, each representing a 1/1,000th interest in a share of Series E Fixed-to-Floating Cumulative Redeemable Preferred Stock",Stock,True,2026-05-08,,,af443e533adfe29b17c7
AGNCP,NASDAQ,"AGNC Investment Corp. - Depositary Shares Each Representing a 1/1,000th Interest in a Share of 6.125% Series F Fixed-to-Floating Rate Cumulative Redeemable Preferred Stock",Stock,True,2026-05-08,,,a7d6f4702d5802cb2533
AGNCZ,NASDAQ,"AGNC Investment Corp. - Depositary Shares Each Representing a 1/1,000th Interest in a Share of 8.75% Series H Fixed-Rate Cumulative Redeemable Preferred Stock",Stock,True,2026-05-08,,,87d273480404197d7f10
AGNG,NASDAQ,Global X Aging Population ETF,ETF,True,2026-05-08,,,22a7c5d36a3633167732
AGNT,NASDAQ,"eXp World Holdings, Inc. - Common Stock",Stock,False,2026-05-08,2026-06-12,Listing metadata changed,a3b1adb9ec605d224232
AGNT,NASDAQ,"AGNT, Inc. - Common Stock",Stock,True,2026-06-12,,,7380caf2a0b33315c2e7
AGPU,NASDAQ,Axe Compute Inc. - Common Stock,Stock,True,2026-05-08,,,6693947a00db02ec49a3
AGRZ,NASDAQ,Agroz Inc. - Ordinary Shares,Stock,False,2026-05-08,2026-07-21,Listing metadata changed,ba23069f1561558ea337
AGRZ,NASDAQ,Agroz Inc. - Class A Ordinary Shares,Stock,True,2026-07-21,,,0c0df3d93c801aac3430
AGYS,NASDAQ,"Agilysys, Inc. - Common Stock",Stock,True,2026-05-08,,,6e0e562a028c17bbca16
AGZD,NASDAQ,WisdomTree Interest Rate Hedged U.S. Aggregate Bond Fund,ETF,True,2026-05-08,,,1b369b64ae82ae704b72
AHCO,NASDAQ,AdaptHealth Corp. - Common Stock,Stock,True,2026-05-08,,,9ba601d42b137f27c154
AHD,NASDAQ,GraniteShares Autocallable HOOD ETF,ETF,True,2026-05-19,,,be44c2a3887c869c12be
AHG,NASDAQ,Akso Health Group - American Depositary Shares,Stock,True,2026-05-08,,,28940b9e91e36f6cf169
AHMA,NASDAQ,Ambitions Enterprise Management Co. L.L.C - Class A Ordinary Shares,Stock,True,2026-05-08,,,7148680003d7049ed1f5
AIA,NASDAQ,iShares Asia 50 ETF,ETF,True,2026-05-08,,,56950b70451097607f26
AIAI,NASDAQ,AIAI Holdings Corporation - Class A common stock,Stock,True,2026-05-14,,,8f1bac2325eb03d31d9c
AIBZ,NASDAQ,Bitzero Holdings Inc. - Common Shares,Stock,True,2026-06-09,,,2c32d272c695375827cf
AIDX,NASDAQ,"20/20 Biolabs, Inc. - Common Stock",Stock,True,2026-05-08,,,9491a96d323fb1612e9f
AIFA,NASDAQ,"All In FutureTech Alliance, Inc. - Common Stock",Stock,True,2026-05-27,,,cf089b2a41ee4787dcc6
AIFC,NASDAQ,AI Financial Corporation - Common Stock,Stock,True,2026-05-08,,,d814890cabc376e8f386
AIFD,NASDAQ,TCW Artificial Intelligence ETF,ETF,True,2026-05-08,,,f665226938380dcab43f
AIFF,NASDAQ,"Firefly Neuroscience, Inc. - Common Stock",Stock,True,2026-05-08,,,95a0ee0cf52f7917a50a
AIFU,NASDAQ,AIFU Inc. - Class A Ordinary Share,Stock,True,2026-05-08,,,8c60cbd93dd4647c98be
AIHS,NASDAQ,Senmiao Technology Limited - Common Stock,Stock,True,2026-05-08,,,f6abdfd859aa7d567116
AIIO,NASDAQ,Robo.ai Inc. - Class B Ordinary Shares,Stock,True,2026-05-08,,,b9ab1740a3683c3a0f6c
AIIOW,NASDAQ,Robo.ai Inc. - Warrant,Stock,True,2026-05-08,,,d731c57c60cc864c4f0c
AIIR,NASDAQ,Air Global PLC - Ordinary shares,Stock,True,2026-05-18,,,6fddf7eea04ab5aac0cb
AIMD,NASDAQ,"Ainos, Inc. - Common Stock",Stock,True,2026-05-08,,,4d3c6a5ec5e60eea924c
AIMDW,NASDAQ,"Ainos, Inc. - warrants",Stock,True,2026-05-08,,,21d1cf22d6693a65dd37
AIMS,NASDAQ,Acuitas Small Cap Active ETF,ETF,True,2026-05-08,,,399ff65618bab8e09b20
AIOS,NASDAQ,AIOS Tech Inc. - Class A Common Shares,Stock,True,2026-05-08,,,995450d6d44c6a32e92b
AIOT,NASDAQ,"PowerFleet, Inc. - Common Stock",Stock,True,2026-05-08,,,e41c1c01ece0241532a7
AIP,NASDAQ,"Arteris, Inc. - Common Stock",Stock,True,2026-05-08,,,b96d313357211d6920a0
AIPI,NASDAQ,REX AI Equity Premium Income ETF,ETF,True,2026-05-08,,,5f375b56a974ab4d17e4
AIPO,NASDAQ,Defiance AI & Power Infrastructure ETF,ETF,True,2026-05-08,,,1ffc984618067ee938ea
AIQ,NASDAQ,Global X Artificial Intelligence & Technology ETF,ETF,True,2026-05-08,,,d5c5af8eedc260211db6
AIRE,NASDAQ,reAlpha Tech Corp. - Common Stock,Stock,True,2026-05-08,,,d633f375313b1e077566
AIRG,NASDAQ,"Airgain, Inc. - Common Stock",Stock,True,2026-05-08,,,d0733e3492bff3e07b82
AIRJ,NASDAQ,AirJoule Technologies Corporation - Class A Common Stock,Stock,True,2026-05-08,,,64b247c9c31edc3da7e3
AIRJW,NASDAQ,AirJoule Technologies Corporation - Warrant,Stock,True,2026-05-08,,,9eeecdc315b46da2db09
AIRO,NASDAQ,"AIRO Group Holdings, Inc. - Common Stock",Stock,True,2026-05-08,,,8d5d1c9fb5b867873de7
AIRR,NASDAQ,First Trust RBA American Industrial Renaissance ETF,ETF,True,2026-05-08,,,d3b3abd703923074b706
AIRS,NASDAQ,"AirSculpt Technologies, Inc. - Common Stock",Stock,True,2026-05-08,,,f3822420ca51576d10f7
AIRT,NASDAQ,"Air T, Inc. - Common Stock",Stock,True,2026-05-08,,,6fb7636e292a2f92c9b0
AIRTP,NASDAQ,"Air T, Inc. - Trust Preferred Securities",Stock,True,2026-05-08,,,b2729569cd71035963be
AISP,NASDAQ,"Airship AI Holdings, Inc - Class A Common Stock",Stock,True,2026-05-08,,,15ec9b683af4e74553c4
AISPW,NASDAQ,"Airship AI Holdings, Inc - Warrants",Stock,True,2026-05-08,,,cfc43913d1ba75e120ec
AIX,NASDAQ,Defiance US 100 Tech AI Moat ETF,ETF,True,2026-06-25,,,748d8dfdfe526b2de1c7
AIXC,NASDAQ,"AIxCrypto Holdings, Inc. - Common Stock",Stock,True,2026-05-08,,,3d63778098feb54de505
AIXI,NASDAQ,XIAO-I Corporation - American Depositary Shares,Stock,True,2026-05-08,,,ec71461b964049cf8616
AKAM,NASDAQ,"Akamai Technologies, Inc. - Common Stock",Stock,True,2026-05-08,,,f51ce6efc1fc28e6581e
AKAN,NASDAQ,Akanda Corp. - Common Shares,Stock,True,2026-05-08,,,7e430d138e4acf04ea3b
AKBA,NASDAQ,"Akebia Therapeutics, Inc. - Common Stock",Stock,True,2026-05-08,,,0fdd31896e4089c31f9f
AKTS,NASDAQ,"Aktis Oncology, Inc. - Common stock",Stock,True,2026-05-08,,,9994d1817cc50b5872ca
AKTX,NASDAQ,Akari Therapeutics Plc - American Depositary Shares,Stock,True,2026-05-08,,,a16099df0e299f834c15
ALAB,NASDAQ,"Astera Labs, Inc. - Common Stock",Stock,True,2026-05-08,,,ec6e11284d0a8b4d62cb
ALAR,NASDAQ,Alarum Technologies Ltd. - American Depositary Shares,Stock,True,2026-05-08,,,1487cf02cf29186272cb
ALBG,NASDAQ,Leverage Shares 2X Long ALB Daily ETF,ETF,True,2026-05-08,,,3d65b80e383531d675dc
ALBT,NASDAQ,Avalon GloboCare Corp. - Common Stock,Stock,False,2026-05-08,2026-07-22,Missing from current NASDAQ source snapshot; reason unavailable,a6ec15b1da487734b079
ALCO,NASDAQ,"Alico, Inc. - Common Stock",Stock,True,2026-05-08,,,50f4d9c7e450c7d987ec
ALCY,NASDAQ,Alchemy Investments Acquisition Corp 1 - Class A Ordinary Shares,Stock,False,2026-05-08,2026-05-14,Missing from current NASDAQ source snapshot; reason unavailable,2ca7350d66cf2cdeba20
ALCYU,NASDAQ,Alchemy Investments Acquisition Corp 1 - Units,Stock,False,2026-05-08,2026-05-14,Missing from current NASDAQ source snapshot; reason unavailable,539c647bdd65e110b5b6
ALCYW,NASDAQ,Alchemy Investments Acquisition Corp 1 - Warrants,Stock,False,2026-05-08,2026-05-14,Missing from current NASDAQ source snapshot; reason unavailable,1f863a8d8e96075d79d6
ALDF,NASDAQ,Aldel Financial II Inc. - Class A Ordinary Shares,Stock,True,2026-05-08,,,fd161354d5ab9ef10872
ALDFU,NASDAQ,Aldel Financial II Inc. - Units,Stock,True,2026-05-08,,,3b00bc2616e427249d9a
ALDFW,NASDAQ,Aldel Financial II Inc. - Warrants,Stock,True,2026-05-08,,,19be4b29f7a1c164ce61
ALDX,NASDAQ,"Aldeyra Therapeutics, Inc. - Common Stock",Stock,True,2026-05-08,,,57604d8efd6bd7e9f4cf
ALEC,NASDAQ,"Alector, Inc. - Common Stock",Stock,True,2026-05-08,,,5861929c250a23d3ec09
ALF,NASDAQ,Centurion Acquisition Corp. - Class A Ordinary Shares,Stock,True,2026-05-08,,,cc705754b1e8feb828fe
ALFUU,NASDAQ,Centurion Acquisition Corp. - Unit,Stock,True,2026-05-08,,,3c7d2e8c157e28dddeee
ALFUW,NASDAQ,Centurion Acquisition Corp. - Warrant,Stock,True,2026-05-08,,,b06a63ea4aec42976fd3
ALGM,NASDAQ,"Allegro MicroSystems, Inc. - Common Stock",Stock,True,2026-05-08,,,f21593698ba9231f53ee
ALGN,NASDAQ,"Align Technology, Inc. - Common Stock",Stock,True,2026-05-08,,,ae91836684452feeb819
ALGS,NASDAQ,"Aligos Therapeutics, Inc. - Common stock",Stock,True,2026-05-08,,,509c894a1b22992fe558
ALGT,NASDAQ,Allegiant Travel Company - Common Stock,Stock,True,2026-05-08,,,dbaa8ca9271441f8b5bb
ALHC,NASDAQ,"Alignment Healthcare, Inc. - Common Stock",Stock,True,2026-05-08,,,cc0813ad74b033f194ec
ALIL,NASDAQ,Argent Focused Small Cap ETF,ETF,True,2026-05-08,,,ac12f4ec94214a056af4
ALIS,NASDAQ,Calisa Acquisition Corp - Ordinary shares,Stock,True,2026-05-08,,,dec52921cfbc0cbd6af8
ALISR,NASDAQ,Calisa Acquisition Corp - Right,Stock,True,2026-05-08,,,b78f810bb7e94a0b069d
ALISU,NASDAQ,Calisa Acquisition Corp - Units,Stock,True,2026-05-08,,,4b8754e1620886a0e336
ALKS,NASDAQ,Alkermes plc - Ordinary Shares,Stock,True,2026-05-08,,,def1ac12033f2fc276c0
ALKT,NASDAQ,"Alkami Technology, Inc. - Common Stock",Stock,True,2026-05-08,,,3836e728a6a848176083
ALLO,NASDAQ,"Allogene Therapeutics, Inc. - Common Stock",Stock,True,2026-05-08,,,7d0deb0ed5d53582ba66
ALLR,NASDAQ,"Allarity Therapeutics, Inc. - Common stock",Stock,True,2026-05-08,,,12c598e8a3feaf881a7e
ALLT,NASDAQ,Allot Ltd. - Ordinary Shares,Stock,True,2026-05-08,,,13277a4e3e27b504a703
ALLW,NASDAQ,State Street Bridgewater All Weather ETF,ETF,True,2026-05-08,,,bad7507e8facfd7c4a17
ALM,NASDAQ,Almonty Industries Inc. - Common Shares,Stock,True,2026-05-08,,,025e6f71c75000349dc5
ALMR,NASDAQ,"Alamar Biosciences, Inc. - Class A common stock",Stock,True,2026-05-08,,,edbebfbd85ccb83db302
ALMS,NASDAQ,Alumis Inc. - Common Stock,Stock,True,2026-05-08,,,720f4b054a1e0f2ced90
ALMU,NASDAQ,"Aeluma, Inc. - Common Stock",Stock,True,2026-05-08,,,e056fc53781335d6808d
ALNT,NASDAQ,Allient Inc. - Common Stock,Stock,True,2026-05-08,,,0f2d5769d609683afff9
ALNY,NASDAQ,"Alnylam Pharmaceuticals, Inc. - Common Stock",Stock,True,2026-05-08,,,d76b58ed2a3565778332
ALOT,NASDAQ,"AstroNova, Inc. - Common Stock",Stock,True,2026-05-08,,,dfa9fd2e9bea6caabb24
ALOV,NASDAQ,"Aldabra 4 Liquidity Opportunity Vehicle, Inc. - Class A Ordinary Shares",Stock,True,2026-05-08,,,0cb11f0d938a25b12c0b
ALOVU,NASDAQ,"Aldabra 4 Liquidity Opportunity Vehicle, Inc. - Units",Stock,True,2026-05-08,,,3bc050c85409c720bab0
ALOVW,NASDAQ,"Aldabra 4 Liquidity Opportunity Vehicle, Inc. - Warrants",Stock,True,2026-05-08,,,338f0dc1562c5cdf16fd
ALOY,NASDAQ,REalloys Inc. - Common Stock,Stock,True,2026-05-08,,,46dc81e3e175c097fd79
ALP,NASDAQ,Alpha Compute Corp - Common Stock,Stock,True,2026-05-08,,,f1e96b24986a92a11c81
ALPS,NASDAQ,ALPS Group Inc - Ordinary Share,Stock,True,2026-05-08,,,bc44583b2eb2d2a64ead
ALPX,NASDAQ,Alpex Acquisition Corporation - Class A Ordinary Shares,Stock,True,2026-07-07,,,5624d2d5936774358de9
ALPXR,NASDAQ,Alpex Acquisition Corporation - Rights,Stock,True,2026-07-07,,,8b75a45b0d99cf0581ca
ALPXU,NASDAQ,Alpex Acquisition Corporation - Units,Stock,True,2026-06-25,,,077dff7c7b2b81d4d153
ALPXW,NASDAQ,Alpex Acquisition Corporation - Warrants,Stock,True,2026-07-07,,,32a746c34cd78b8b2cb4
ALRM,NASDAQ,"Alarm.com Holdings, Inc. - Common Stock",Stock,True,2026-05-08,,,2ea6465a5610aa40a157
ALRS,NASDAQ,Alerus Financial Corporation - Common Stock,Stock,True,2026-05-08,,,ceb23e311f0acf2c91cc
ALT,NASDAQ,"Altimmune, Inc. - Common Stock",Stock,True,2026-05-08,,,7c8bbf8ebec9c46e2089
ALTI,NASDAQ,"AlTi Global, Inc. - Class A Common Stock",Stock,True,2026-05-08,,,11c82d5823085fec75ab
ALTO,NASDAQ,"Alto Ingredients, Inc. - Common Stock",Stock,True,2026-05-08,,,515d129c154cc104fa8a
ALTY,NASDAQ,Global X Alternative Income ETF,ETF,True,2026-05-08,,,0929a710bc5c2c5f4b6d
ALVO,NASDAQ,Alvotech - Ordinary Shares,Stock,True,2026-05-08,,,32ffbc0942a0befd6aa9
ALVOW,NASDAQ,Alvotech - Warrant,Stock,True,2026-05-08,,,ec3c1e3b8f4f9b638e26
ALXO,NASDAQ,ALX Oncology Holdings Inc. - Common Stock,Stock,True,2026-05-08,,,c885b0f2abe9b187fff2
ALZN,NASDAQ,"Alzamend Neuro, Inc. - Common Stock",Stock,True,2026-05-08,,,c0ba4c2b822098648944
AMA,NASDAQ,Defiance Daily Target 2X Long AMAT ETF,ETF,True,2026-05-08,,,b997d2630d04a7d2008c
AMACU,NASDAQ,AMR Resources Acquisition Corp - Units,Stock,True,2026-07-17,,,154079b2610446034b12
AMAL,NASDAQ,Amalgamated Financial Corp. - Common Stock,Stock,True,2026-05-08,,,43086b65201235794e3a
AMAN,NASDAQ,Amanat Acquisition Corp - Ordinary Shares,Stock,False,2026-05-19,2026-05-20,Listing metadata changed,64ee2faea4e8709594b6
AMAN,NASDAQ,Amanat Acquisition Corp - Class A Ordinary Shares,Stock,True,2026-05-20,,,04f7a62dac0dfbaba1a6
AMAT,NASDAQ,"Applied Materials, Inc. - Common Stock",Stock,True,2026-05-08,,,0d802fb7a66061bcb77d
AMBA,NASDAQ,"Ambarella, Inc. - Ordinary Shares",Stock,True,2026-05-08,,,f41f9cab3c720157c652
AMBR,NASDAQ,Amber International Holding Limited - American Depositary Shares,Stock,True,2026-05-08,,,c85898d2b4ac67b4ab14
AMCI,NASDAQ,AMC Robotics Corporation - Common Stock,Stock,True,2026-05-08,,,6356c3bf77bb00ae9c48
AMCX,NASDAQ,AMC Global Media Inc. - Class A Common Stock,Stock,True,2026-05-08,,,cd33a440093eb2e0db78
AMD,NASDAQ,"Advanced Micro Devices, Inc. - Common Stock",Stock,True,2026-05-08,,,179872a437544810e5d2
AMDD,NASDAQ,Direxion Daily AMD Bear 1X ETF,ETF,True,2026-05-08,,,fd4827ca38f5088ccb58
AMDG,NASDAQ,Leverage Shares 2X Long AMD Daily ETF,ETF,True,2026-05-08,,,6eae681a153eac9fd4bf
AMDL,NASDAQ,GraniteShares 2x Long AMD Daily ETF,ETF,True,2026-05-08,,,c508cea1213b88311b0c
AMEI,NASDAQ,Amana Equity Income ETF,ETF,True,2026-06-24,,,584ea4054c0104a2acc5
AMEM,NASDAQ,Amana Developing World ETF,ETF,True,2026-06-24,,,c6c4f8a99ea2f7a0a15f
AMGN,NASDAQ,Amgen Inc. - Common Stock,Stock,True,2026-05-08,,,74ce058cc1db058fc96f
AMGR,NASDAQ,Amana Growth ETF,ETF,True,2026-06-24,,,76fa6d45fae5ab101db6
AMID,NASDAQ,Argent Mid Cap ETF,ETF,True,2026-05-08,,,a24694a3585d624c5dc5
AMIX,NASDAQ,"Autonomix Medical, Inc. - Common Stock",Stock,True,2026-05-08,,,d49e5b96f98df1142b9e
AMKR,NASDAQ,"Amkor Technology, Inc. - Common Stock",Stock,True,2026-05-08,,,c01e8a27555258c5c6b4
AMLX,NASDAQ,"Amylyx Pharmaceuticals, Inc. - Common Stock",Stock,True,2026-05-08,,,c41c899bf287cfc4123a
AMOD,NASDAQ,"Alpha Modus Holdings, Inc. - Class A Common Stock",Stock,True,2026-05-08,,,d0b1dc162624b39bb860
AMODW,NASDAQ,"Alpha Modus Holdings, Inc. - Warrant",Stock,True,2026-05-08,,,3c90379749e59e1ec909
AMPG,NASDAQ,"Amplitech Group, Inc. - Common Stock",Stock,True,2026-05-08,,,716acab92c2689e1592b
AMPGR,NASDAQ,"Amplitech Group, Inc. - Series A Right",Stock,False,2026-05-08,2026-07-21,Missing from current NASDAQ source snapshot; reason unavailable,4521a90bad9e0d63cc9b
AMPGZ,NASDAQ,"Amplitech Group, Inc. - Series B Right",Stock,True,2026-05-08,,,2ab9c6a73a8b2ded9096
AMPH,NASDAQ,"Amphastar Pharmaceuticals, Inc. - Common Stock",Stock,True,2026-05-08,,,591d59ec1d1d73dde1af
AMPL,NASDAQ,"Amplitude, Inc. - Class A Common Stock",Stock,True,2026-05-08,,,4deb940a781d86cfb6d7
AMRN,NASDAQ,Amarin Corporation plc - American Depositary Shares,Stock,True,2026-05-08,,,17ba7bb9344ad3787a6f
AMRX,NASDAQ,"Amneal Pharmaceuticals, Inc. - Class A Common Stock",Stock,True,2026-05-08,,,3a234ab0d078e08ec208
AMSC,NASDAQ,American Superconductor Corporation - Common Stock,Stock,True,2026-05-08,,,0795e44571eb29d2ed81
AMSF,NASDAQ,"AMERISAFE, Inc. - Common Stock",Stock,True,2026-05-08,,,d504733bd71c89ebe574
AMSS,NASDAQ,AMASS Brands Inc. - Common Stock,Stock,True,2026-05-20,,,fb18922c6ce9e9041173
AMST,NASDAQ,Amesite Inc. - Common Stock,Stock,True,2026-05-08,,,d3f1ca4cbe6cb123cd60
AMTX,NASDAQ,"Aemetis, Inc - Common Stock",Stock,True,2026-05-08,,,eea3ff7a1934792ab0ed
AMUN,NASDAQ,abrdn Ultra Short Municipal Income Active ETF,ETF,True,2026-05-08,,,d13a4c2a5933db4d4be5
AMUU,NASDAQ,Direxion Daily AMD Bull 2X ETF,ETF,True,2026-05-08,,,7d4b04e30c5ffd1803aa
AMWD,NASDAQ,American Woodmark Corporation - Common Stock,Stock,False,2026-05-08,2026-05-29,Missing from current NASDAQ source snapshot; reason unavailable,45c49d846ea070177aa7
AMYY,NASDAQ,GraniteShares YieldBOOST AMD ETF,ETF,True,2026-05-08,,,5ec8a8368cd51cd398f9
AMZD,NASDAQ,Direxion Daily AMZN Bear 1X ETF,ETF,True,2026-05-08,,,0d10c35fa79c2d732813
AMZN,NASDAQ,"Amazon.com, Inc. - Common Stock",Stock,True,2026-05-08,,,cad1d32fb6ea8cb8125b
AMZU,NASDAQ,Direxion Daily AMZN Bull 2X ETF,ETF,True,2026-05-08,,,25bca0f03196eb8c7b97
AMZZ,NASDAQ,GraniteShares 2x Long AMZN Daily ETF,ETF,True,2026-05-08,,,4e3572392a51593efb76
ANAB,NASDAQ,"AnaptysBio, Inc. - Common Stock",Stock,True,2026-05-08,,,1ce115c24d4e87c1cf59
ANDE,NASDAQ,"The Andersons, Inc. - Common Stock",Stock,True,2026-05-08,,,01a41600b99c801b3420
ANEL,NASDAQ,Defiance Daily Target 2x Long ANET ETF,ETF,True,2026-05-08,,,27b41f9a4a19faaa15c5
ANGH,NASDAQ,Anghami Inc. - Ordinary Shares,Stock,True,2026-05-08,,,dc1901103a84bafcaaad
ANGHW,NASDAQ,Anghami Inc. - Warrants,Stock,True,2026-05-08,,,d4f948db32994f7e75a3
ANGI,NASDAQ,Angi Inc. - Class A Common Stock,Stock,True,2026-05-08,,,516dede9e1171b8cebbf
ANGL,NASDAQ,VanEck Fallen Angel High Yield Bond ETF,ETF,True,2026-05-08,,,28502660ff529265819c
ANGO,NASDAQ,"AngioDynamics, Inc. - Common Stock",Stock,True,2026-05-08,,,02c754327d549551b534
ANIK,NASDAQ,Anika Therapeutics Inc. - Common Stock,Stock,True,2026-05-08,,,8b0d59b647afef5ef03f
ANIP,NASDAQ,"ANI Pharmaceuticals, Inc. - Common Stock",Stock,True,2026-05-08,,,f94cb5f53cdadb10ad6d
ANIX,NASDAQ,"Anixa Biosciences, Inc. - Common Stock",Stock,True,2026-05-08,,,12a16d321d7eba1ea38e
ANL,NASDAQ,Adlai Nortye Ltd. - American Depositary Shares,Stock,True,2026-05-08,,,034845642b153bfa7969
ANNA,NASDAQ,"AleAnna, Inc. - Class A Common Stock",Stock,True,2026-05-08,,,d8d6dbf1c627b861a653
ANNAW,NASDAQ,"AleAnna, Inc. - Warrant",Stock,True,2026-05-08,,,b4167f70c211590598c8
ANNX,NASDAQ,"Annexon, Inc. - common stock",Stock,True,2026-05-08,,,4e8636fccc1b206dacce
ANPA,NASDAQ,Rich Sparkle Holdings Limited - Ordinary Shares,Stock,True,2026-05-08,,,7ffd46ca0ff8e1e5a222
ANSC,NASDAQ,Agriculture & Natural Solutions Acquisition Corporation - Class A Ordinary Shares,Stock,True,2026-05-08,,,a1461160c358eedaad6d
ANSCU,NASDAQ,Agriculture & Natural Solutions Acquisition Corporation - Unit,Stock,True,2026-05-08,,,a425e8c3071fc17acc1d
ANSCW,NASDAQ,Agriculture & Natural Solutions Acquisition Corporation - Warrant,Stock,True,2026-05-08,,,78f6bae9559ff660307f
ANTA,NASDAQ,Antalpha Platform Holding Company - Class A Ordinary Shares,Stock,True,2026-05-08,,,552e2029796e5e7ddb35
ANTX,NASDAQ,"AN2 Therapeutics, Inc. - Common Stock",Stock,True,2026-05-08,,,02eb331e80c987e6729a
ANV,NASDAQ,GraniteShares Autocallable NVDA ETF,ETF,True,2026-05-08,,,20ddb1ed049edda99782
ANY,NASDAQ,Sphere 3D Corp. - Common Shares,Stock,True,2026-05-08,,,e151b6ff01613408654b
AOHY,NASDAQ,Angel Oak High Yield Opportunities ETF,ETF,True,2026-05-08,,,942ee2d7ff9d1395f78a
AOSL,NASDAQ,Alpha and Omega Semiconductor Limited - Common Shares,Stock,True,2026-05-08,,,620112836d2051321308
AOTG,NASDAQ,AOT Growth and Innovation ETF,ETF,True,2026-05-08,,,b443584bae67912b66ff
AOUT,NASDAQ,"American Outdoor Brands, Inc. - Common Stock",Stock,True,2026-05-08,,,467ec99a2c32ce6c5eb1
APA,NASDAQ,APA Corporation - Common Stock,Stock,True,2026-05-08,,,87e554935a86fa064b24
APAC,NASDAQ,StoneBridge Acquisition II Corporation - Class A Ordinary Shares,Stock,True,2026-05-08,,,2ae39541f15ba7f3b90a
APACR,NASDAQ,StoneBridge Acquisition II Corporation - Rights,Stock,True,2026-05-08,,,ad68f12992e41bc407c1
APACU,NASDAQ,StoneBridge Acquisition II Corporation - Units,Stock,True,2026-05-08,,,90361882d384c0aec6c9
APC,NASDAQ,ARKO Petroleum Corp. - Class A Common Stock,Stock,True,2026-05-08,,,2a8d5585b9256acd1f78
APEI,NASDAQ,"American Public Education, Inc. - Common Stock",Stock,True,2026-05-08,,,b677cc01acda90fb9f0e
APGE,NASDAQ,"Apogee Therapeutics, Inc. - Common Stock",Stock,True,2026-05-08,,,454da55cfb1d26dd1934
API,NASDAQ,"Agora, Inc. - ADS",Stock,True,2026-05-08,,,664f9198f1e6323075ab
APLD,NASDAQ,Applied Digital Corporation - Common Stock,Stock,True,2026-05-08,,,bab5e66513f17f17b9c6
APLM,NASDAQ,Apollomics Inc. - Class A Ordinary Shares,Stock,True,2026-05-08,,,b77b9caa8cec14101d19
APLMW,NASDAQ,Apollomics Inc. - Warrant,Stock,True,2026-05-08,,,1f4416d40c9fb30545f5
APLS,NASDAQ,"Apellis Pharmaceuticals, Inc. - Common Stock",Stock,False,2026-05-08,2026-05-15,Missing from current NASDAQ source snapshot; reason unavailable,f4a2c9a60e63d2dba774
APM,NASDAQ,Aptorum Group Limited - Class A Ordinary Shares,Stock,False,2026-05-08,2026-07-17,Listing metadata changed,ae05f45e0b86e546450b
APM,NASDAQ,Aptorum Group Limited - Common Stock,Stock,False,2026-07-17,2026-07-20,Missing from current NASDAQ source snapshot; reason unavailable,a660445d0efbf1ecfc4e
APMC,NASDAQ,AmperCap Acquisition Company - Ordinary Shares,Stock,True,2026-06-29,,,a0e7a820fd67ad86dda8
APMCR,NASDAQ,AmperCap Acquisition Company - Right,Stock,True,2026-06-29,,,df905249ced540549e79
APMCU,NASDAQ,AmperCap Acquisition Company - Unit,Stock,True,2026-06-03,,,f514a79c00f20454251f
APOG,NASDAQ,"Apogee Enterprises, Inc. - Common Stock",Stock,True,2026-05-08,,,fb53576ed337d7abe6c5
APP,NASDAQ,Applovin Corporation - Class A Common Stock,Stock,True,2026-05-08,,,fbdb0e35bffed5c0562f
APPF,NASDAQ,"AppFolio, Inc. - Class A Common Stock",Stock,True,2026-05-08,,,244ebfd50f3ca6aa2e1a
APPN,NASDAQ,Appian Corporation - Class A Common Stock,Stock,True,2026-05-08,,,4482c75b4d48d7d83da1
APPS,NASDAQ,"Digital Turbine, Inc. - Common Stock",Stock,True,2026-05-08,,,14e3d094d33215b2b35c
APPX,NASDAQ,Tradr 2X Long APP Daily ETF,ETF,True,2026-05-08,,,6a2ea73b3847e252d8a6
APRE,NASDAQ,"Aprea Therapeutics, Inc. - Common Stock",Stock,True,2026-05-08,,,eead2589a3f86891c7f0
APUR,NASDAQ,Aperture AC - Class A Ordinary Shares,Stock,True,2026-06-10,,,6dc79b16b947af91a46d
APURR,NASDAQ,Aperture AC - Rights,Stock,True,2026-06-10,,,a13451dc24640b6f5587
APURU,NASDAQ,Aperture AC - Units,Stock,False,2026-05-21,2026-06-10,Missing from current NASDAQ source snapshot; reason unavailable,47d76d2b7d8a395bd32a
APVO,NASDAQ,Aptevo Therapeutics Inc. - Common Stock,Stock,True,2026-05-08,,,48a4b8799da2f9b25daa
APWC,NASDAQ,"Asia Pacific Wire & Cable Corporation Limited - Common shares, Par value .01 per share",Stock,True,2026-05-08,,,8bf253478afaefef6ab9
APXT,NASDAQ,Apex Treasury Corporation - Class A Ordinary Share,Stock,True,2026-05-08,,,7d4e4215349b4176d6ad
APXTU,NASDAQ,Apex Treasury Corporation - Units,Stock,True,2026-05-08,,,31650f5f57932cc789e7
APXTW,NASDAQ,Apex Treasury Corporation - Warrants,Stock,True,2026-05-08,,,abf0642fa79093570206
APYX,NASDAQ,Apyx Medical Corporation - Common Stock,Stock,True,2026-05-08,,,21c27563d39a396323b0
AQB,NASDAQ,"AquaBounty Technologies, Inc. - Common Stock",Stock,True,2026-05-08,,,0ecdf16876cc090a7b95
AQLG,NASDAQ,HCM Large Cap Growth ETF,ETF,True,2026-06-08,,,4443d2ccc5f11d252cc8
AQMS,NASDAQ,"Aqua Metals, Inc. - Common Stock",Stock,True,2026-05-08,,,c8f9d04e733c878130bc
AQST,NASDAQ,"Aquestive Therapeutics, Inc. - Common Stock",Stock,True,2026-05-08,,,4b11f3f2d165577bf16b
AQWA,NASDAQ,Global X Clean Water ETF,ETF,True,2026-05-08,,,de344f11a7627cbf4503
ARAI,NASDAQ,Arrive AI Inc. - Common Stock,Stock,True,2026-05-08,,,0aab3ac0a36f7a39f8a5
ARAY,NASDAQ,Accuray Incorporated - Common Stock,Stock,True,2026-05-08,,,d47c86f9b946edd06be5
ARBB,NASDAQ,ARB IOT Group Limited - Ordinary Shares,Stock,True,2026-05-08,,,80e5f5dc4c4806061fa0
ARBE,NASDAQ,Arbe Robotics Ltd. - Ordinary Shares,Stock,True,2026-05-08,,,3bf59150236dfd03bbdc
ARBEW,NASDAQ,Arbe Robotics Ltd. - Warrant,Stock,True,2026-05-08,,,19242b933deee7974b77
ARBK,NASDAQ,Argo Blockchain plc - American Depositary Shares,Stock,True,2026-05-08,,,1b4d651ee9b9569f8bbf
ARCB,NASDAQ,ArcBest Corporation - Common Stock,Stock,True,2026-05-08,,,e8294959013012cc6115
ARCC,NASDAQ,Ares Capital Corporation - Closed End Fund,Stock,True,2026-05-08,,,7c09e10dcdc2e3b57ded
ARCI,NASDAQ,Archimedes Tech SPAC Partners III Co. - Ordinary Share,Stock,True,2026-05-08,,,c8ddda25285be8c1c0a8
ARCIU,NASDAQ,Archimedes Tech SPAC Partners III Co. - Unit,Stock,True,2026-05-08,,,b7934e88642ed94ec451
ARCIW,NASDAQ,Archimedes Tech SPAC Partners III Co. - Warrant,Stock,True,2026-05-08,,,2089cf1ff194ce76b5f8
ARCL,NASDAQ,ARC Group Acquisition I Corp - Class A Ordinary Shares,Stock,True,2026-05-29,,,7d27f1d9e62a300572ed
ARCLR,NASDAQ,ARC Group Acquisition I Corp - Right,Stock,True,2026-05-29,,,5e81b010dd0ddb3a8071
ARCLU,NASDAQ,ARC Group Acquisition I Corp - Unit,Stock,True,2026-05-08,,,d9fb6c7bf797c51e674f
ARCLW,NASDAQ,ARC Group Acquisition I Corp - Warrants,Stock,True,2026-05-29,,,81733ade83fd48fa0fbc
ARCT,NASDAQ,Arcturus Therapeutics Holdings Inc. - Common Stock,Stock,True,2026-05-08,,,e956a615977718d2549b
ARDX,NASDAQ,"Ardelyx, Inc. - Common Stock",Stock,True,2026-05-08,,,01b0899637beb4c72e33
AREB,NASDAQ,"American Rebel Holdings, Inc. - Common Stock",Stock,False,2026-05-08,2026-05-13,Missing from current NASDAQ source snapshot; reason unavailable,5eeeff399b5916f39d80
AREBW,NASDAQ,"American Rebel Holdings, Inc. - warrants",Stock,False,2026-05-08,2026-05-13,Missing from current NASDAQ source snapshot; reason unavailable,6dd119321cb463b52d01
AREC,NASDAQ,American Resources Corporation - Class A Common Stock,Stock,True,2026-05-08,,,480816528951884d2ccb
ARGX,NASDAQ,argenx SE - American Depositary Shares,Stock,True,2026-05-08,,,ba03f462d7651ace0cd5
ARHS,NASDAQ,"Arhaus, Inc. - Class A Common Stock",Stock,True,2026-05-08,,,4aec3717e6921a580272
ARKO,NASDAQ,ARKO Corp. - Common Stock,Stock,True,2026-05-08,,,79ddae3141332d63a428
ARKR,NASDAQ,Ark Restaurants Corp. - Common Stock,Stock,True,2026-05-08,,,83ca168b35d297fd0da7
ARLP,NASDAQ,"Alliance Resource Partners, L.P. - Common Units Representing Limited Partnership Interests",Stock,True,2026-05-08,,,a919ede7e7f69c22d46b
ARM,NASDAQ,Arm Holdings plc - American Depositary Shares,Stock,True,2026-05-08,,,b911a9f4ff684d145b5f
ARMG,NASDAQ,Leverage Shares 2X Long ARM Daily ETF,ETF,True,2026-05-08,,,f41fdc0049712583eaf3
ARMY,NASDAQ,Tema International Defense ETF,ETF,True,2026-05-08,,,71b76526d25502f400dc
AROW,NASDAQ,Arrow Financial Corporation - Common Stock,Stock,True,2026-05-08,,,84cd33b068f5fc1cca76
ARQ,NASDAQ,"Arq, Inc. - Common Stock",Stock,True,2026-05-08,,,ea478379f09674e5ac46
ARQQ,NASDAQ,Arqit Quantum Inc. - Ordinary Shares,Stock,True,2026-05-08,,,4b7e350e1d9e02dc86fb
ARQQW,NASDAQ,Arqit Quantum Inc. - Warrants,Stock,True,2026-05-08,,,57788f19267a14314dc9
ARQT,NASDAQ,"Arcutis Biotherapeutics, Inc. - Common stock",Stock,True,2026-05-08,,,ff17ec5aeddfe25252d4
ARRY,NASDAQ,"Array Technologies, Inc. - Common Stock",Stock,True,2026-05-08,,,ae96b68f4a1a89d0a3b2
ARTC,NASDAQ,Art Technology Acquisition Corp. - Class A Ordinary Shares,Stock,True,2026-05-08,,,ced7b4c900f0eb73ba00
ARTCU,NASDAQ,Art Technology Acquisition Corp. - Units,Stock,True,2026-05-08,,,5a21c0cff34ed5ab0ccf
ARTCW,NASDAQ,Art Technology Acquisition Corp. - Warrants,Stock,True,2026-05-08,,,fd6677ac0c6fa6cdf604
ARTL,NASDAQ,"Artelo Biosciences, Inc. - Common Stock",Stock,True,2026-05-08,,,5c3b9f4597c9395af6a2
ARTNA,NASDAQ,Artesian Resources Corporation - Class A Non-Voting Common Stock,Stock,True,2026-05-08,,,b4adb11c3349faaae9ee
ARTV,NASDAQ,"Artiva Biotherapeutics, Inc. - Common Stock",Stock,True,2026-05-08,,,5b420e6f33dc70cbd732
ARTW,NASDAQ,"Art's-Way Manufacturing Co., Inc. - Common Stock",Stock,True,2026-05-08,,,e0e1b92edf63cbdd564f
ARVN,NASDAQ,"Arvinas, Inc. - Common Stock",Stock,True,2026-05-08,,,5d959ba5c60ae3031f12
ARVR,NASDAQ,First Trust Indxx Metaverse ETF,ETF,True,2026-05-08,,,d21764bb70e8f4265f60
ARWR,NASDAQ,"Arrowhead Pharmaceuticals, Inc. - Common Stock",Stock,True,2026-05-08,,,29803491125369293170
ARXS,NASDAQ,"Arxis, Inc. - Class A Common Stock",Stock,True,2026-05-08,,,b8ee2037d70fe3a68502
ASBP,NASDAQ,"Aspire Biopharma Holdings, Inc. - Common Stock",Stock,True,2026-05-08,,,8c9f170337ba6c201395
ASBPW,NASDAQ,"Aspire Biopharma Holdings, Inc. - Warrant",Stock,True,2026-05-08,,,009d3f9313541da017f3
ASCI,NASDAQ,abrdn International Small Cap Active ETF,ETF,True,2026-05-08,,,345d8767194a6da2abe2
ASD,NASDAQ,Defiance Autism Impact ETF,ETF,True,2026-06-01,,,0b5132fdbd993514c32e
ASEC,NASDAQ,American Century Securitized Credit ETF,ETF,True,2026-05-28,,,74aeb92089aa0e7be3ed
ASLE,NASDAQ,AerSale Corporation - Common Stock,Stock,True,2026-05-08,,,27bbb764bc8c4d17a643
ASMB,NASDAQ,"Assembly Biosciences, Inc. - Common Stock",Stock,True,2026-05-08,,,fa6b6cadbeaeee3aeb30
ASMG,NASDAQ,Leverage Shares 2X Long ASML Daily ETF,ETF,True,2026-05-08,,,c3bcfe232bfbbe3435b8
ASML,NASDAQ,ASML Holding N.V. - New York Registry Shares,Stock,True,2026-05-08,,,feb8b64d23b51fd02aeb
ASMU,NASDAQ,Direxion Daily ASML Bull 2X ETF,ETF,True,2026-05-08,,,6206e98b056cc9e7d451
ASND,NASDAQ,Ascendis Pharma A/S - Ordinary Share,Stock,True,2026-05-08,,,a3b6dc9c019378b57d2b
ASO,NASDAQ,"Academy Sports and Outdoors, Inc. - Common Stock",Stock,True,2026-05-08,,,f738ddea5df441ffba4c
ASPC,NASDAQ,A SPAC III Acquisition Corp. - Class A Ordinary Shares,Stock,True,2026-05-08,,,3f67803c28883ae250b9
ASPCR,NASDAQ,A SPAC III Acquisition Corp. - Right,Stock,True,2026-05-08,,,f4f62636d2acc66c9421
ASPCU,NASDAQ,A SPAC III Acquisition Corp. - Unit,Stock,True,2026-05-08,,,fe27121dbd2f8234f483
ASPI,NASDAQ,ASP Isotopes Inc. - Common Stock,Stock,True,2026-05-08,,,292523d319cfab6d3b70
ASPS,NASDAQ,Altisource Portfolio Solutions S.A. - Common Stock,Stock,True,2026-05-08,,,863542ade8e43946dcca
ASPSW,NASDAQ,Altisource Portfolio Solutions S.A. - Net Settle Stakeholder Warrants,Stock,True,2026-05-08,,,3c24b02c2649ffcd5262
ASPSZ,NASDAQ,Altisource Portfolio Solutions S.A. - Cash Exercise Stakeholder Warrants,Stock,True,2026-05-08,,,e9c064c178fc35ae396b
ASRT,NASDAQ,"Assertio Holdings, Inc. - Common Stock",Stock,False,2026-05-08,2026-06-17,Missing from current NASDAQ source snapshot; reason unavailable,295020dc5ff8240a1a67
ASRV,NASDAQ,AmeriServ Financial Inc. - Common Stock,Stock,True,2026-05-08,,,13ca55205468135b4e80
ASST,NASDAQ,"Strive, Inc. - Class A Common Stock",Stock,True,2026-05-08,,,2c3fdb56d0847f921a1d
ASTC,NASDAQ,Astrotech Corporation - Common Stock,Stock,True,2026-05-08,,,ce196dfe13c67634cb7d
ASTE,NASDAQ,"Astec Industries, Inc. - Common Stock",Stock,True,2026-05-08,,,817d2cf6d21a23bf225a
ASTH,NASDAQ,Astrana Health Inc. - Common Stock,Stock,True,2026-05-08,,,d6b1effaf77504344f56
ASTI,NASDAQ,"Ascent Solar Technologies, Inc - Common Stock",Stock,True,2026-05-08,,,0367cdc54d69172b6b1f
ASTL,NASDAQ,Algoma Steel Group Inc. - Common Shares,Stock,True,2026-05-08,,,ec920a91de6873c50cf4
ASTLW,NASDAQ,Algoma Steel Group Inc. - Warrant,Stock,True,2026-05-08,,,a34963a66f151cb5ec8d
ASTS,NASDAQ,"AST SpaceMobile, Inc. - Class A Common Stock",Stock,True,2026-05-08,,,dd972b1d2cd4ac78a56b
ASUR,NASDAQ,Asure Software Inc - Common Stock,Stock,True,2026-05-08,,,ba1e7306a7fdfb25eea6
ASYS,NASDAQ,"Amtech Systems, Inc. - Common Stock",Stock,True,2026-05-08,,,8eb45340d485de13cea5
ATAI,NASDAQ,AtaiBeckley Inc. - Common Stock,Stock,True,2026-05-08,,,0b10e52b66a9485d07cc
ATAT,NASDAQ,Atour Lifestyle Holdings Limited - American Depositary Shares,Stock,True,2026-05-08,,,f7a6684d592a34f2ffed
ATC,NASDAQ,GraniteShares Autocallable COIN ETF,ETF,True,2026-05-12,,,817a261fa9826fbb31e8
ATCX,NASDAQ,Atlas Critical Minerals Corporation - Common Stock,Stock,True,2026-05-08,,,86ae7f7e94113c5cdc37
ATEC,NASDAQ,"Alphatec Holdings, Inc. - Common Stock",Stock,True,2026-05-08,,,726f9deda9aa72f32eba
ATER,NASDAQ,"Aterian, Inc. - Common Stock",Stock,True,2026-05-08,,,63cafdeb9ea2be90ce8a
ATEX,NASDAQ,Anterix Inc. - Common Stock,Stock,True,2026-05-08,,,90ccc93af3f98351e38f
ATGL,NASDAQ,Alpha Technology Group Limited - Class A Ordinary Shares,Stock,True,2026-05-08,,,4188affd7ed664e153d3
ATHE,NASDAQ,Alterity Therapeutics Limited - American Depositary Shares,Stock,True,2026-05-08,,,c5eb24eb3b450071fc6f
ATHR,NASDAQ,"Aether Holdings, Inc. - Common Stock",Stock,True,2026-05-08,,,926b1201d6365835a7e2
ATII,NASDAQ,Archimedes Tech SPAC Partners II Co. - Ordinary Shares,Stock,True,2026-05-08,,,3d99da506474b86cfd86
ATIIU,NASDAQ,Archimedes Tech SPAC Partners II Co. - Unit,Stock,True,2026-05-08,,,1e6b4f5ea5324bb7273c
ATIIW,NASDAQ,Archimedes Tech SPAC Partners II Co. - Warrant,Stock,True,2026-05-08,,,3b7a1fbaa4d10474da47
ATLC,NASDAQ,Atlanticus Holdings Corporation - Common Stock,Stock,True,2026-05-08,,,970872e95835a720fb3d
ATLCL,NASDAQ,Atlanticus Holdings Corporation - 6.125% Senior Notes due 2026,Stock,True,2026-05-08,,,8ce3243e68bda484aef6
ATLCP,NASDAQ,"Atlanticus Holdings Corporation - 7.625% Series B Cumulative Perpetual Preferred Stock, no par value per share",Stock,True,2026-05-08,,,ac5ae0e70c39d05d46ec
ATLCZ,NASDAQ,Atlanticus Holdings Corporation - 9.25% Senior Notes due 2029,Stock,True,2026-05-08,,,5c545abaf67a426ea07f
ATLN,NASDAQ,Atlantic International Corp. - Common Stock,Stock,False,2026-05-08,2026-07-02,Missing from current NASDAQ source snapshot; reason unavailable,a7715c1bd21f17881ec2
ATLO,NASDAQ,Ames National Corporation - Common Stock,Stock,True,2026-05-08,,,93dfe70bf4e97bd6f6fa
ATLX,NASDAQ,Atlas Lithium Corporation - Common Stock,Stock,True,2026-05-08,,,859129a57ed3f51611c8
ATNI,NASDAQ,"ATN International, Inc. - Common Stock",Stock,True,2026-05-08,,,d8f2dbb2fdcb5a31989c
ATOM,NASDAQ,Atomera Incorporated - Common Stock,Stock,True,2026-05-08,,,f0c4b9c3bb6eb8eab176
ATOS,NASDAQ,"Atossa Therapeutics, Inc. - Common Stock",Stock,True,2026-05-08,,,f64cb836f4d6b3e77b50
ATPC,NASDAQ,Agape ATP Corporation - Common Stock,Stock,True,2026-05-08,,,5629b9c51fdbc74ef71f
ATRA,NASDAQ,"Atara Biotherapeutics, Inc. - Common Stock",Stock,True,2026-05-08,,,e4030316305438619fde
ATRC,NASDAQ,"AtriCure, Inc. - Common Stock",Stock,True,2026-05-08,,,f5b1018a7567aef12c72
ATRO,NASDAQ,Astronics Corporation - Common Stock,Stock,True,2026-05-08,,,1430136f6c67830e4a0c
ATXG,NASDAQ,Addentax Group Corp. - Common Stock,Stock,True,2026-05-08,,,86fcab616c767285813b
ATYR,NASDAQ,"aTyr Pharma, Inc. - Common Stock",Stock,True,2026-05-08,,,a84802fdcc7a020b180d
AUBN,NASDAQ,"Auburn National Bancorporation, Inc. - Common Stock",Stock,True,2026-05-08,,,156c3e2735c4f5bc7cdf
AUC,NASDAQ,ATIF Holdings Limited - Ordinary Shares,Stock,True,2026-05-18,,,1210de168276fa56ce0e
AUDC,NASDAQ,AudioCodes Ltd. - Ordinary Shares,Stock,True,2026-05-08,,,a479f235c1c3fd1508d4
AUGO,NASDAQ,Aura Minerals Inc. - Common Shares,Stock,True,2026-05-08,,,a2a86875f747e8b7ae41
AUID,NASDAQ,authID Inc. - Common Stock,Stock,True,2026-05-08,,,72d3293eaffcec8cd7f6
AUMI,NASDAQ,Themes Gold Miners ETF,ETF,True,2026-05-08,,,70ba72d3517640e27e36
AUPH,NASDAQ,Aurinia Pharmaceuticals Inc - Common Shares,Stock,True,2026-05-08,,,990d66d02e389402505f
AUR,NASDAQ,"Aurora Innovation, Inc. - Class A Common Stock",Stock,True,2026-05-08,,,9d67ca28d4c7d1a74e2a
AURA,NASDAQ,"Aura Biosciences, Inc. - Common Stock",Stock,True,2026-05-08,,,a0c00ef1739fe8b209a5
AURE,NASDAQ,Aurelion Inc. - Class A Ordinary Shares,Stock,True,2026-05-08,,,afd0a99252c3eeb10d54
AUROW,NASDAQ,"Aurora Innovation, Inc. - Warrant",Stock,True,2026-05-08,,,071765c89efc369fd5d7
AUTL,NASDAQ,Autolus Therapeutics plc - American Depositary Shares,Stock,True,2026-05-08,,,572c857943b2c919566e
AUUD,NASDAQ,Auddia Inc. - Common Stock,Stock,True,2026-05-08,,,92383bcd2c2721c920c7
AVAH,NASDAQ,Aveanna Healthcare Holdings Inc. - Common Stock,Stock,True,2026-05-08,,,520759a57e8550793849
AVAT,NASDAQ,Avalanche Treasury Corporation - Class A Common Stock,Stock,True,2026-06-11,,,3ff6d75ab55f5c1a8d39
AVAV,NASDAQ,"AeroVironment, Inc. - Common Stock",Stock,True,2026-05-08,,,453de7350ce540e770c2
AVBH,NASDAQ,"Avidbank Holdings, Inc. - Common Stock",Stock,True,2026-05-08,,,bb1e1c2104446dc57485
AVBP,NASDAQ,"ArriVent BioPharma, Inc. - Common Stock",Stock,True,2026-05-08,,,2b3aececd89f2cfe2af6
AVGB,NASDAQ,Avantis Credit ETF,ETF,True,2026-05-08,,,ea8b03b5969bc73f6eab
AVGG,NASDAQ,Leverage Shares 2X Long AVGO Daily ETF,ETF,True,2026-05-08,,,84c27a141bfdc7a6419d
AVGO,NASDAQ,Broadcom Inc. - Common Stock,Stock,True,2026-05-08,,,e83614d2e7e5f86e731a
AVGU,NASDAQ,GraniteShares 2x Long AVGO Daily ETF,ETF,True,2026-05-08,,,1a7d2e2801d794d72f94
AVGX,NASDAQ,Defiance Daily Target 2X Long AVGO ETF,ETF,True,2026-05-08,,,1528cb65f41481504f48
AVIR,NASDAQ,"Atea Pharmaceuticals, Inc. - common stock",Stock,True,2026-05-08,,,23adb9acdf341e4f2332
AVL,NASDAQ,Direxion Daily AVGO Bull 2X ETF,ETF,True,2026-05-08,,,b40542ae467d96b4e726
AVLN,NASDAQ,Avalyn Pharma Inc. - common stock,Stock,True,2026-05-08,,,318c897b6d6f101878c0
AVNW,NASDAQ,"Aviat Networks, Inc. - Common Stock",Stock,True,2026-05-08,,,5dc1097b774f4ed4e34a
AVO,NASDAQ,"Mission Produce, Inc. - Common Stock",Stock,True,2026-05-08,,,a654bb18b4c9a83856d0
AVOS,NASDAQ,Avos Global Equities ETF,ETF,True,2026-05-08,,,0722e8b96741e1e8c70a
AVPT,NASDAQ,"AvePoint, Inc. - Class A Common Stock",Stock,True,2026-05-08,,,595ef75e56b47323a1af
AVR,NASDAQ,Anteris Technologies Global Corp. - Common Stock,Stock,True,2026-05-08,,,f71601eb59db7ba80ec8
AVS,NASDAQ,Direxion Daily AVGO Bear 1X ETF,ETF,True,2026-05-08,,,dd4e80afe5f9c4b55866
AVT,NASDAQ,"Avnet, Inc. - Common Stock",Stock,True,2026-05-08,,,86671da33bd90427e270
AVTX,NASDAQ,"Avalo Therapeutics, Inc. - Common Stock",Stock,True,2026-05-08,,,64a24a9f912dad6d967e
AVUQ,NASDAQ,Avantis U.S. Quality ETF,ETF,True,2026-05-08,,,df95a3807f9a8338aa93
AVX,NASDAQ,Avax One Technology Ltd. - Common Shares,Stock,True,2026-05-08,,,62cb9cf5e0db0155f086
AVXC,NASDAQ,Avantis Emerging Markets ex-China Equity ETF,ETF,True,2026-05-08,,,e68399c061fbd838e3c8
AVXL,NASDAQ,Anavex Life Sciences Corp. - Common Stock,Stock,True,2026-05-08,,,125fecaaee6393969461
AVXX,NASDAQ,Defiance Daily Target 2x Long AVAV ETF,ETF,True,2026-05-08,,,a6f99716e1cd38a39b6f
AWRE,NASDAQ,"Aware, Inc. - Common Stock",Stock,True,2026-05-08,,,38e9d56dbede4f32eece
AXG,NASDAQ,Solowin Holdings - Class A Ordinary Share,Stock,True,2026-05-08,,,90ae02a1fdec19b21412
AXGN,NASDAQ,"Axogen, Inc. - Common Stock",Stock,True,2026-05-08,,,ff3fded572f0f1df0ac7
AXIN,NASDAQ,Axiom Intelligence Acquisition Corp 1 - Class A Ordinary Shares,Stock,True,2026-05-08,,,9805bb678cf0d9e3c405
AXINR,NASDAQ,Axiom Intelligence Acquisition Corp 1 - Right,Stock,True,2026-05-08,,,3480758c7468c34a2a61
AXINU,NASDAQ,Axiom Intelligence Acquisition Corp 1 - Units,Stock,True,2026-05-08,,,75802ce0c154a7a1a38c
AXON,NASDAQ,"Axon Enterprise, Inc. - Common Stock",Stock,True,2026-05-08,,,3faf876735d93c79c805
AXPG,NASDAQ,Leverage Shares 2x Long AXP Daily ETF,ETF,True,2026-05-08,,,2476d4494a24eb1481df
AXSM,NASDAQ,"Axsome Therapeutics, Inc. - Common Stock",Stock,True,2026-05-08,,,b490c72815efb36e13bf
AXTI,NASDAQ,AXT Inc - Common Stock,Stock,True,2026-05-08,,,3610b76c5e6d58c687e2
AYA,NASDAQ,Aya Gold & Silver Inc. - Common Shares,Stock,True,2026-05-08,,,f338f80e84ac862414b6
AYTU,NASDAQ,"Aytu BioPharma, Inc. - Common Stock",Stock,True,2026-05-08,,,e25dd2334d793e9d4c7c
AZ,NASDAQ,A2Z Cust2Mate Solutions Corp. - Common Shares,Stock,True,2026-05-08,,,0bde762d31b4b0643aed
AZI,NASDAQ,Autozi Internet Technology (Global) Ltd. - Class A Ordinary Shares,Stock,True,2026-05-08,,,3e0a9f6f11ae599b29e5
AZIO,NASDAQ,"Azio AI Holdings, Inc. - Common stock",Stock,True,2026-07-13,,,644b80e4495d85739ce7
AZTA,NASDAQ,"Azenta, Inc. - Common Stock",Stock,True,2026-05-08,,,82b1509325fd582f694b
AZYY,NASDAQ,GraniteShares YieldBoost AMZN ETF,ETF,True,2026-05-08,,,c3025731c8a221ef0021
BABU,NASDAQ,Direxion Daily BABA Bull 2X ETF,ETF,True,2026-05-08,,,1206747785bb91340bf1
BABX,NASDAQ,GraniteShares 2x Long BABA Daily ETF,ETF,True,2026-05-08,,,bed49c60eb4149783eef
BACC,NASDAQ,Blue Acquisition Corp. - Class A Ordinary Shares,Stock,True,2026-05-08,,,678c4e66cf3fec91346c
BACCR,NASDAQ,Blue Acquisition Corp. - Right,Stock,True,2026-05-08,,,2fbe2ae9a1456883275b
BACCU,NASDAQ,Blue Acquisition Corp. - Unit,Stock,True,2026-05-08,,,136e64e3eb98757dfcec
BAER,NASDAQ,"Bridger Aerospace Group Holdings, Inc. - Common Stock",Stock,True,2026-05-08,,,6d2eff4f75b67548b74e
BAERW,NASDAQ,"Bridger Aerospace Group Holdings, Inc. - Warrant",Stock,True,2026-05-08,,,343a8606fbf691cd55cc
BAFE,NASDAQ,Brown Advisory Flexible Equity ETF,ETF,True,2026-05-08,,,ce2cc9083ba3113898ce
BAFN,NASDAQ,BayFirst Financial Corp. - Common Stock,Stock,True,2026-05-08,,,54d40dfa7c0c432e8e67
BAIG,NASDAQ,Leverage Shares 2X Long BBAI Daily ETF,ETF,True,2026-05-08,,,bb33ce3153e8abb23db1
BAIV,NASDAQ,Brown Advisory International Value Select ETF,ETF,True,2026-05-08,,,be30d3c0cc3f1c21e3fd
BALQ,NASDAQ,iShares Nasdaq Premium Income Active ETF,ETF,True,2026-05-08,,,626ada2196a7a0d053ab
BAND,NASDAQ,Bandwidth Inc. - Class A Common Stock,Stock,True,2026-05-08,,,1d41cb50e6d62d151d64
BANF,NASDAQ,BancFirst Corporation - Common Stock,Stock,True,2026-05-08,,,c488489a674da6ed9032
BANFP,NASDAQ,BancFirst Corporation - 7.2% Cumulative Trust Preferred Securities,Stock,True,2026-05-08,,,9ab2931e0cd86ff523b5
BANL,NASDAQ,CBL International Limited - Class B Ordinary Shares,Stock,True,2026-05-08,,,ffd0f557f42aa81bbed3
BANR,NASDAQ,Banner Corporation - Common Stock,Stock,True,2026-05-08,,,df619a287f8e4bf7c899
BANX,NASDAQ,ArrowMark Financial Corp. - Closed End Fund,Stock,True,2026-05-08,,,6b419fb2146a3615e961
BAOS,NASDAQ,Baosheng Media Group Holdings Limited - Ordinary shares,Stock,True,2026-05-08,,,03d3013d1b8fad47be8d
BASG,NASDAQ,Brown Advisory Sustainable Growth ETF,ETF,True,2026-05-08,,,2d8b4da16363d33d1e00
BASV,NASDAQ,Brown Advisory Sustainable Value ETF,ETF,True,2026-05-08,,,f718b664c683564aa4d1
BATRA,NASDAQ,"Atlanta Braves Holdings, Inc. - Series A Common Stock",Stock,True,2026-05-08,,,a1f34ea5369368e419b5
BATRK,NASDAQ,"Atlanta Braves Holdings, Inc. - Series C Common Stock",Stock,True,2026-05-08,,,18a28161b2980ba1e36c
BAYA,NASDAQ,Bayview Acquisition Corp - Ordinary Share,Stock,False,2026-05-08,2026-07-07,Missing from current NASDAQ source snapshot; reason unavailable,d3db3300273c80f80ab8
BAYAR,NASDAQ,Bayview Acquisition Corp - Right,Stock,False,2026-05-08,2026-07-07,Missing from current NASDAQ source snapshot; reason unavailable,7cc126526fae54cb5b83
BAYAU,NASDAQ,Bayview Acquisition Corp - Unit,Stock,False,2026-05-08,2026-07-07,Missing from current NASDAQ source snapshot; reason unavailable,f9b935ab35e4e3ff1a50
BBB,NASDAQ,CYBER HORNET S&P 500 and Bitcoin 75/25 Strategy ETF,ETF,True,2026-05-08,,,004806d58bc0c5b3ec04
BBCP,NASDAQ,"Concrete Pumping Holdings, Inc. - Common Stock",Stock,True,2026-05-08,,,b7cf4ac725f087f69d91
BBCQ,NASDAQ,Bleichroeder Acquisition Corp. II - Class A Ordinary Shares,Stock,True,2026-05-08,,,26291b9dc8d6b2939b1b
BBCQU,NASDAQ,Bleichroeder Acquisition Corp. II - Units,Stock,True,2026-05-08,,,79c4fb821a540a25b9a4
BBCQW,NASDAQ,Bleichroeder Acquisition Corp. II - Warrants,Stock,True,2026-05-08,,,5710d39b04a4c9c102e0
BBGI,NASDAQ,"Beasley Broadcast Group, Inc. - Class A Common Stock",Stock,True,2026-05-08,,,616008d46b956ff0fe84
BBH,NASDAQ,VanEck Biotech ETF,ETF,True,2026-05-08,,,b140f2ca011414167b4e
BBIO,NASDAQ,"BridgeBio Pharma, Inc. - Common Stock",Stock,True,2026-05-08,,,d4bf7bd6c96a0964788e
BBLG,NASDAQ,Bone Biologics Corp - Common Stock,Stock,True,2026-05-08,,,7b027d38a374c53a630a
BBLGW,NASDAQ,Bone Biologics Corp - warrants,Stock,True,2026-05-08,,,fa1f1061d24b49f92c5a
BBNX,NASDAQ,"Beta Bionics, Inc. - Common Stock",Stock,True,2026-05-08,,,86796c2e5d62fbd98364
BBOT,NASDAQ,"BridgeBio Oncology Therapeutics, Inc. - Common Stock",Stock,True,2026-05-08,,,cc282863699f836b8d5d
BBSI,NASDAQ,"Barrett Business Services, Inc. - Common Stock",Stock,True,2026-05-08,,,474d83bfbbc617ba2f52
BBUL,NASDAQ,GraniteShares 2x Long BB Daily ETF,ETF,True,2026-07-07,,,9ef420d2bb641832379b
BBYY,NASDAQ,GraniteShares YieldBOOST BABA ETF,ETF,True,2026-05-08,,,a02a72a25ca017460e48
BCAB,NASDAQ,"BioAtla, Inc. - Common Stock",Stock,True,2026-05-08,,,5e20421c2ae18571f676
BCAL,NASDAQ,California BanCorp - Common Stock,Stock,True,2026-05-08,,,d365b65cbf98babe978e
BCAR,NASDAQ,D. Boral ARC Acquisition I Corp. - Class A Ordinary Shares,Stock,True,2026-05-08,,,cad131f720ed30ed0a99
BCARU,NASDAQ,D. Boral ARC Acquisition I Corp. - Units,Stock,True,2026-05-08,,,936a916c26f9cb434355
BCARW,NASDAQ,D. Boral ARC Acquisition I Corp. - Warrant,Stock,True,2026-05-08,,,34f216272880d860cb92
BCAX,NASDAQ,Bicara Therapeutics Inc. - Common Stock,Stock,True,2026-05-08,,,7e7ea6cd8200e521619a
BCBP,NASDAQ,"BCB Bancorp, Inc. (NJ) - Common Stock",Stock,True,2026-05-08,,,9b0f9364a1a2cc789609
BCCQU,NASDAQ,Bleichroeder Acquisition Corp. III - Units,Stock,True,2026-07-07,,,ef7b9d55e37ab9da9286
BCDA,NASDAQ,"BioCardia, Inc. - Common Stock",Stock,True,2026-05-08,,,a892c8a8ed7ade6298d2
BCFN,NASDAQ,Baron Financials ETF,ETF,True,2026-05-08,,,80d5c924bcc90fc27505
BCG,NASDAQ,"Binah Capital Group, Inc. - Common Stock",Stock,True,2026-05-08,,,99a1d343b2b6e03f8d3e
BCGWW,NASDAQ,"Binah Capital Group, Inc. - Warrants",Stock,True,2026-05-08,,,5c6808659d86a722e658
BCIC,NASDAQ,BCP Investment Corporation - Closed End Fund,Stock,True,2026-05-08,,,9fd95f2abf6cf36e1e2c
BCLO,NASDAQ,iShares BBB-B CLO Active ETF,ETF,True,2026-05-08,,,cb09a99b87c1803601ce
BCML,NASDAQ,BayCom Corp - Common Stock,Stock,True,2026-05-08,,,becf6721d058635c4caf
BCPC,NASDAQ,Balchem Corporation - Common Stock,Stock,True,2026-05-08,,,0884189a988fcf05f007
BCRX,NASDAQ,"BioCryst Pharmaceuticals, Inc. - Common Stock",Stock,True,2026-05-08,,,d4aa21e620c03dddf6ca
BCTK,NASDAQ,Baron Technology ETF,ETF,True,2026-05-08,,,d4b82242bb1636f29e52
BCTX,NASDAQ,BriaCell Therapeutics Corp. - Common Shares,Stock,True,2026-05-08,,,f934339e83c0c728bafa
BCTXL,NASDAQ,BriaCell Therapeutics Corp. - Warrants,Stock,True,2026-05-08,,,04f6b5bcda514f211dc0
BCTXZ,NASDAQ,BriaCell Therapeutics Corp. - Warrant,Stock,True,2026-05-08,,,cd1ad4027eeda2c5da36
BCYC,NASDAQ,Bicycle Therapeutics plc - American Depositary Shares,Stock,True,2026-05-08,,,cdde91e7c4a640755cb0
BDCI,NASDAQ,BTC Development Corp. - Class A Ordinary Shares,Stock,True,2026-05-08,,,0a2c75f13d34c537f429
BDCIU,NASDAQ,BTC Development Corp. - Unit,Stock,True,2026-05-08,,,cbb157ba42b250832bfe
BDCIW,NASDAQ,BTC Development Corp. - Warrant,Stock,True,2026-05-08,,,de0d29a0405c20810e19
BDGS,NASDAQ,Bridges Capital Tactical ETF,ETF,True,2026-05-08,,,33305935ace31658815d
BDMD,NASDAQ,Baird Medical Investment Holdings Ltd - Ordinary Share,Stock,True,2026-05-08,,,300d7c47ace125aca3bb
BDMDW,NASDAQ,Baird Medical Investment Holdings Ltd - Warrant,Stock,True,2026-05-08,,,539c815d6457b9dee459
BDRX,NASDAQ,Biodexa Pharmaceuticals plc - American Depositary Shares,Stock,True,2026-05-08,,,ddcd0d3c056cff8fab67
BDSX,NASDAQ,"Biodesix, Inc. - Common Stock",Stock,True,2026-05-08,,,8a96057fec374623be95
BDTX,NASDAQ,"Black Diamond Therapeutics, Inc. - Common Stock",Stock,True,2026-05-08,,,e88920afb963d703c187
BDVL,NASDAQ,iShares Disciplined Volatility Equity Active ETF,ETF,True,2026-05-08,,,2801b71abe535ea2ee82
BDYN,NASDAQ,iShares Dynamic Equity Active ETF,ETF,True,2026-05-08,,,b2785dbb6792b45dd6b9
BEAG,NASDAQ,Bold Eagle Acquisition Corp. - Class A Ordinary Shares,Stock,True,2026-05-08,,,88cc407c04dad190beb1
BEAGR,NASDAQ,Bold Eagle Acquisition Corp. - Right,Stock,True,2026-05-08,,,a2c9e0dab60371c544d0
BEAGU,NASDAQ,Bold Eagle Acquisition Corp. - Units,Stock,True,2026-05-08,,,e07eea7601aab48d6311
BEAM,NASDAQ,Beam Therapeutics Inc. - Common Stock,Stock,True,2026-05-08,,,22c7eb90d9b824482e3b
BEAT,NASDAQ,"Heartbeam, Inc. - Common Stock",Stock,True,2026-05-08,,,753f19dda530811f83d8
BEATW,NASDAQ,"Heartbeam, Inc. - Warrant",Stock,True,2026-05-08,,,26b100ed04b9c049e2e3
BEDY,NASDAQ,BNY Mellon Enhanced Dividend and Income ETF,ETF,True,2026-05-08,,,1012b4beade97eb4c3f6
BEEM,NASDAQ,Beam Global - Common Stock,Stock,True,2026-05-08,,,7b2a082cdc0b504c2f43
BEEP,NASDAQ,Mobile Infrastructure Corporation - Common Stock,Stock,True,2026-05-08,,,81bc3431889a97142277
BEEX,NASDAQ,The Beehive ETF,ETF,True,2026-05-08,,,93e5d8f0f7e8efdab5a6
BEEZ,NASDAQ,Honeytree U.S. Equity ETF,ETF,True,2026-05-08,,,a784bc7da5b60f7ad63e
BEG,NASDAQ,Leverage Shares 2x Long BE Daily ETF,ETF,True,2026-05-08,,,d97379ad6f1cd3d284d7
BELFA,NASDAQ,Bel Fuse Inc. - Class A Common Stock,Stock,True,2026-05-08,,,5276bb6c31dd5533af85
BELFB,NASDAQ,Bel Fuse Inc. - Class B Common Stock,Stock,True,2026-05-08,,,7b5434ef49e24d2bfbd4
BELT,NASDAQ,iShares U.S. Select Equity Active ETF,ETF,True,2026-05-08,,,0b8b86b298a95cfdb4f6
BENF,NASDAQ,Beneficient - Class A Common Stock,Stock,True,2026-05-08,,,188bb50a4b5ad64ffa5d
BENFW,NASDAQ,Beneficient - Warrant,Stock,True,2026-05-08,,,d468214cb5e087dd8a40
BESO,NASDAQ,GSR Crypto Core3 ETF,ETF,True,2026-05-08,,,b47f9509daf413e1f047
BETR,NASDAQ,Better Home & Finance Holding Company - Class A Common Stock,Stock,True,2026-05-08,,,3a999829de3211401e15
BETRW,NASDAQ,Better Home & Finance Holding Company - Warrant,Stock,True,2026-05-08,,,dc170739855e4319277e
BFC,NASDAQ,Bank First Corporation - Common Stock,Stock,True,2026-05-08,,,fc7918e47644c573323f
BFLX,NASDAQ,iShares Flexible Equity Active ETF,ETF,True,2026-05-20,,,b21da23974a01c457bf6
BFRG,NASDAQ,"Bullfrog AI Holdings, Inc. - Common Stock",Stock,True,2026-05-08,,,fecd82085d69fae957fb
BFRGW,NASDAQ,"Bullfrog AI Holdings, Inc. - Warrants",Stock,True,2026-05-08,,,e6b95f5332dd53d90bf5
BFRI,NASDAQ,Biofrontera Inc. - Common Stock,Stock,True,2026-05-08,,,9580a8ec413f660111cd
BFRIW,NASDAQ,Biofrontera Inc. - Warrants,Stock,True,2026-05-08,,,9eba86b8f539940a9a28
BFST,NASDAQ,"Business First Bancshares, Inc. - Common Stock",Stock,True,2026-05-08,,,fea38832ae7b4366c68e
BGC,NASDAQ,"BGC Group, Inc. - Class A Common Stock",Stock,True,2026-05-08,,,7b1908a432fc6b9fc5e8
BGCG,NASDAQ,Baillie Gifford International Concentrated Growth ETF,ETF,True,2026-06-01,,,5ac462219dabdf7e1c55
BGDE,NASDAQ,"Big Digital Energy, Inc. - Common Stock",Stock,True,2026-05-08,,,31145be6322e22bde4dc
BGEG,NASDAQ,Baillie Gifford Emerging Markets ETF,ETF,True,2026-06-03,,,43c9eefd833c38d5321f
BGGG,NASDAQ,Baillie Gifford Long Term Global Growth ETF,ETF,True,2026-06-01,,,e99380598ebef4ee6201
BGIA,NASDAQ,Baillie Gifford International Alpha ETF,ETF,True,2026-06-03,,,05897ad783ee361d13f9
BGIN,NASDAQ,Bgin Blockchain Limited - Class A Ordinary Shares,Stock,True,2026-05-08,,,61bd2bb385c39d96ab35
BGL,NASDAQ,Blue Gold Limited - Class A ordinary shares,Stock,True,2026-05-08,,,e703743bf60083bc6a4f
BGLC,NASDAQ,BioNexus Gene Lab Corp - Common stock,Stock,True,2026-05-08,,,c217f91c830792dd4f58
BGLWW,NASDAQ,Blue Gold Limited - Warrant,Stock,True,2026-05-08,,,42abbb4576c9da10c338
BGM,NASDAQ,BGM Group Ltd. - Class A Ordinary Shares,Stock,True,2026-05-08,,,0a3133cf706da6531f77
BGMS,NASDAQ,"Bio Green Med Solution, Inc. - Common Stock",Stock,True,2026-05-08,,,581854403e07ff470e69
BGRN,NASDAQ,iShares USD Green Bond ETF,ETF,True,2026-05-08,,,f4ffd92552fa55af767b
BGRO,NASDAQ,iShares Large Cap Growth Active ETF,ETF,True,2026-05-08,,,a631d3853597337e8b79
BHAV,NASDAQ,BHAV Acquisition Corp - Class A Ordinary Shares,Stock,True,2026-05-08,,,acf6f8ce4bfca7b72610
BHAVR,NASDAQ,BHAV Acquisition Corp - Rights,Stock,True,2026-05-08,,,0c07bd6eeae390645f1f
BHAVU,NASDAQ,BHAV Acquisition Corp - Units,Stock,True,2026-05-08,,,54338f4d615cf4c40320
BHDG,NASDAQ,Nicholas Bitcoin Tail ETF,ETF,True,2026-05-08,,,aed1b6f05db64d8b970c
BHF,NASDAQ,"Brighthouse Financial, Inc. - Common Stock",Stock,True,2026-05-08,,,407cca8f6aac89f058fc
BHFAL,NASDAQ,"Brighthouse Financial, Inc. - Junior Subordinated Debentures due 2058",Stock,True,2026-05-08,,,5e66d97533a24bd60598
BHFAM,NASDAQ,"Brighthouse Financial, Inc. - Depositary shares each representing a 1/1,000th Interest in a Share of 4.625% Non-Cumulative Preferred Stock, Series D",Stock,True,2026-05-08,,,2e8ab0f68dc85e529488
BHFAN,NASDAQ,"Brighthouse Financial, Inc. - depositary shares, each representing a 1/1,000th interest in a share of 5.375% Non-Cumulative Preferred Stock, Series C",Stock,True,2026-05-08,,,4b642c14991995f61928
BHFAO,NASDAQ,"Brighthouse Financial, Inc. - Depositary Shares, each representing a 1/1,000th interest in a share of 6.750% Non-Cumulative Preferred Stock, Series B",Stock,True,2026-05-08,,,3b767254fae1c7d2d1d9
BHFAP,NASDAQ,"Brighthouse Financial, Inc. - Depositary Shares 6.6% Non-Cumulative Preferred Stock, Series A",Stock,True,2026-05-08,,,4d5d280a3896e5fbd701
BHRB,NASDAQ,Burke & Herbert Financial Services Corp. - Common Stock,Stock,True,2026-05-08,,,8d7f32a664b47786d10c
BHST,NASDAQ,BioHarvest Sciences Inc. - Common Stock,Stock,True,2026-05-08,,,d94670e357560f6e2e45
BIAF,NASDAQ,"bioAffinity Technologies, Inc. - Common Stock",Stock,True,2026-05-08,,,1845cb11001cdc598adf
BIAFW,NASDAQ,"bioAffinity Technologies, Inc. - Warrant",Stock,True,2026-05-08,,,c33971728cdc2c94ce8d
BIB,NASDAQ,ProShares Ultra Nasdaq Biotechnology,ETF,True,2026-05-08,,,7ebb207a18fbae96670d
BID,NASDAQ,Tribeca Strategic Acquisition Corp. - Class A Ordinary Shares,Stock,True,2026-07-20,,,cbf963246b308dd35977
BIDG,NASDAQ,Leverage Shares 2X Long BIDU Daily ETF,ETF,True,2026-05-08,,,876a9f88934c6b36093a
BIDU,NASDAQ,"Baidu, Inc. - American Depositary Shares, each representing 8 ordinary share",Stock,True,2026-05-08,,,9962c4a2bdc266157ee8
BIDWR,NASDAQ,Tribeca Strategic Acquisition Corp. - Rights,Stock,True,2026-07-20,,,6176fc658b9d1cc52235
BIDWU,NASDAQ,Tribeca Strategic Acquisition Corp. - Unit,Stock,True,2026-05-29,,,7e8dfa7bb6bd39303031
BIIB,NASDAQ,Biogen Inc. - Common Stock,Stock,True,2026-05-08,,,c6071d2de6dfbb10775e
BILI,NASDAQ,Bilibili Inc. - American Depositary Shares,Stock,True,2026-05-08,,,745e7c786d0c70bb6e1b
BIOA,NASDAQ,"BioAge Labs, Inc. - Common Stock",Stock,True,2026-05-08,,,30cab34ba4ec13377922
BIOX,NASDAQ,Bioceres Crop Solutions Corp. - Ordinary Shares,Stock,True,2026-05-08,,,3bd20aa1df2505f91842
BIOY,NASDAQ,GraniteShares YieldBOOST Biotech ETF,ETF,True,2026-05-08,,,662d5d71d7e456312ec0
BIRD,NASDAQ,"Allbirds, Inc. - Class A Common Stock",Stock,False,2026-05-08,2026-06-22,Listing metadata changed,99a6d4f636c493fd15ba
BIRD,NASDAQ,"Smartbird, Inc. - Class A Common Stock",Stock,True,2026-06-22,,,89837ca68208c77678d5
BIS,NASDAQ,ProShares UltraShort Nasdaq Biotechnology,ETF,True,2026-05-08,,,d16c5056529b6d7250dc
BITA,NASDAQ,iShares Bitcoin Premium Income ETF,ETF,True,2026-06-16,,,788a8929024efe3b5879
BITS,NASDAQ,Global X Blockchain & Bitcoin Strategy ETF,ETF,True,2026-05-08,,,00b92082da114fc2286c
BIVI,NASDAQ,BioVie Inc. - Common stock,Stock,True,2026-05-08,,,c681a34a1dae3b64b5ab
BIVIW,NASDAQ,BioVie Inc. - Warrant,Stock,True,2026-05-08,,,85cc020758e826b2a7ea
BIXI,NASDAQ,Bitcoin Infrastructure Acquisition Corp Ltd. - Class A Ordinary Shares,Stock,True,2026-05-08,,,6934eaa03033246595db
BIXIU,NASDAQ,Bitcoin Infrastructure Acquisition Corp Ltd. - Units,Stock,True,2026-05-08,,,db940db98a740258baaa
BIXIW,NASDAQ,Bitcoin Infrastructure Acquisition Corp Ltd. - Warrants,Stock,True,2026-05-08,,,f3945f70b23bf142b03a
BIYA,NASDAQ,Baiya International Group Inc. - Ordinary Shares,Stock,True,2026-05-08,,,4b1842c97f294fe94cf7
BJDX,NASDAQ,"Bluejay Diagnostics, Inc. - Common Stock",Stock,True,2026-05-08,,,f7d4311c7b5c1f6b270b
BJRI,NASDAQ,"BJ's Restaurants, Inc. - Common Stock",Stock,True,2026-05-08,,,4b022b7a512dd1be7847
BKCH,NASDAQ,Global X Blockchain ETF,ETF,True,2026-05-08,,,bab037288cd3a95e264f
BKHA,NASDAQ,Black Hawk Acquisition Corporation - Class A Ordinary Shares,Stock,True,2026-05-08,,,31f0d1daf160edfe6d7e
BKHAR,NASDAQ,Black Hawk Acquisition Corporation - Rights,Stock,True,2026-05-08,,,012e6b10e0218beb8892
BKHAU,NASDAQ,Black Hawk Acquisition Corporation - Units,Stock,True,2026-05-08,,,7911accf40af6388d7fe
BKMI,NASDAQ,BNY Mellon Municipal Intermediate ETF,ETF,True,2026-05-08,,,f4e000d232c2e621cb6f
BKMS,NASDAQ,BNY Mellon Municipal Short Duration ETF,ETF,True,2026-05-08,,,db42c22fa409d48c36b7
BKNG,NASDAQ,Booking Holdings Inc. - Common Stock,Stock,True,2026-05-08,,,e435559cd47d2178c73b
BKR,NASDAQ,Baker Hughes Company - Common Stock,Stock,True,2026-05-08,,,53f6bd255201d47d2555
BKYI,NASDAQ,"BIO-key International, Inc. - Common Stock",Stock,False,2026-05-08,2026-05-13,Missing from current NASDAQ source snapshot; reason unavailable,00542a237e9ec54f7308
BKYI,NASDAQ,"BIO-key International, Inc. - Common Stock",Stock,True,2026-07-08,,,00542a237e9ec54f7308
BL,NASDAQ,"BlackLine, Inc. - Common Stock",Stock,True,2026-05-08,,,67b2f3e857eeff31814e
BLBD,NASDAQ,Blue Bird Corporation - Common Stock,Stock,True,2026-05-08,,,1846d2311bff9b29b9a9
BLCN,NASDAQ,Siren NexGen Economy ETF,ETF,False,2026-05-08,2026-07-15,Missing from current NASDAQ source snapshot; reason unavailable,d8a7c634ed37affd61ee
BLCR,NASDAQ,iShares Large Cap Core Active ETF,ETF,True,2026-05-08,,,dbfe3b086c27af9f83c5
BLDP,NASDAQ,"Ballard Power Systems, Inc. - Common Shares",Stock,True,2026-05-08,,,ec4a0306d8d705b41e05
BLFS,NASDAQ,"BioLife Solutions, Inc. - Common Stock",Stock,True,2026-05-08,,,c5b9f28085196ff3438f
BLIN,NASDAQ,"Bridgeline Digital, Inc. - Common Stock",Stock,True,2026-05-08,,,71bed37f7c47128d5b36
BLIV,NASDAQ,BeLive Holdings - ordinary shares,Stock,True,2026-05-08,,,50b36478d28a7e1bd13f
BLKB,NASDAQ,"Blackbaud, Inc. - Common Stock",Stock,True,2026-05-08,,,5e940be0aadb40aa0be9
BLLN,NASDAQ,"BillionToOne, Inc. - Class A common stock",Stock,True,2026-05-08,,,e07575e1da498beb6a02
BLMN,NASDAQ,"Bloomin' Brands, Inc. - Common Stock",Stock,True,2026-05-08,,,10687e071698603c42f9
BLNE,NASDAQ,"Beeline Holdings, Inc. - Common Stock",Stock,True,2026-05-08,,,83aa0fa854e0c5a54598
BLNK,NASDAQ,Blink Charging Co. - Common Stock,Stock,True,2026-05-08,,,d5251d9a5e68b36dbff3
BLRK,NASDAQ,Bluerock Acquisition Corp. - Class A Ordinary Shares,Stock,True,2026-05-08,,,7d1fbb88b5a61c08fcc6
BLRKU,NASDAQ,Bluerock Acquisition Corp. - Units,Stock,True,2026-05-08,,,b0adb2431122a91e0e14
BLRKW,NASDAQ,Bluerock Acquisition Corp. - Warrants,Stock,True,2026-05-08,,,4d3e4750b237541283dd
BLRX,NASDAQ,BioLineRx Ltd. - American Depositary Shares,Stock,True,2026-05-08,,,973a4343a8e90ee753db
BLSG,NASDAQ,Leverage Shares 2X Long BLSH Daily ETF,ETF,True,2026-05-08,,,cf4117c82c7ae01ede10
BLTE,NASDAQ,"Belite Bio, Inc - American Depositary Shares",Stock,True,2026-05-08,,,9f3c56c2869a2f0a26b8
BLUW,NASDAQ,Blue Water Acquisition Corp. III - Class A Ordinary Shares,Stock,True,2026-05-08,,,4ece4ffd3c2b8111b0a6
BLUWU,NASDAQ,Blue Water Acquisition Corp. III - Unit.,Stock,True,2026-05-08,,,3d3559b51ad871e532be
BLUWW,NASDAQ,Blue Water Acquisition Corp. III - Warrant.,Stock,True,2026-05-08,,,a0fa71d96b6688eb15d7
BLZE,NASDAQ,"Backblaze, Inc. - Common Stock",Stock,True,2026-05-08,,,9396da29f67cabf06f1f
BLZR,NASDAQ,Trailblazer Acquisition Corp. - Class A Ordinary Shares,Stock,True,2026-05-08,,,f557104a1635f68c701e
BLZRU,NASDAQ,Trailblazer Acquisition Corp. - Unit,Stock,True,2026-05-08,,,45ea512c649ba4edde62
BLZRW,NASDAQ,Trailblazer Acquisition Corp. - Warrant,Stock,True,2026-05-08,,,c4d1eb1d20d86346d9a9
BMBL,NASDAQ,Bumble Inc. - common stock,Stock,True,2026-05-08,,,98ab4868d4509608c4df
BMEA,NASDAQ,"Biomea Fusion, Inc. - Common Stock",Stock,True,2026-05-08,,,b2b22daec8d06fbe5d07
BMGL,NASDAQ,Basel Medical Group Ltd - ordinary shares,Stock,True,2026-05-08,,,59adac13fe4c611326d2
BMHL,NASDAQ,Bluemount Holdings Limited - Class B Ordinary Shares,Stock,True,2026-05-08,,,a64411e02cf1b15ac9e7
BMM,NASDAQ,Blue Moon Metals Inc. - Common Shares,Stock,True,2026-05-08,,,db366ae508c5ff2dbb0b
BMNG,NASDAQ,Leverage Shares 2X Long BMNR Daily ETF,ETF,True,2026-05-08,,,094dca36df55aa4f34d5
BMOP,NASDAQ,BNY Mellon Municipal Opportunities ETF,ETF,True,2026-05-08,,,c09aa33f94e38fb8a9d9
BMR,NASDAQ,Beamr Imaging Ltd. - Ordinary Share,Stock,True,2026-05-08,,,d0af0c22785299cea7cf
BMRA,NASDAQ,"Biomerica, Inc. - Common Stock",Stock,True,2026-05-08,,,2b679d0da0e261ad2351
BMRC,NASDAQ,Bank of Marin Bancorp - Common Stock,Stock,True,2026-05-08,,,f1d2d3ac471633265684
BMRN,NASDAQ,BioMarin Pharmaceutical Inc. - Common Stock,Stock,True,2026-05-08,,,e85875f7165c45b25691
BNAI,NASDAQ,Brand Engagement Network Inc. - Common Stock,Stock,True,2026-05-08,,,d44165c9547bb5d8cefd
BNAIW,NASDAQ,Brand Engagement Network Inc. - Warrant,Stock,True,2026-05-08,,,3a98503a5ef25503c79b
BNBX,NASDAQ,BNB Plus Corp. - Common Stock,Stock,False,2026-05-08,2026-07-14,Missing from current NASDAQ source snapshot; reason unavailable,b941ee3f33c70486bf76
BNC,NASDAQ,CEA Industries Inc. - Common Stock,Stock,True,2026-05-08,,,c0cf9c8367c2b73422aa
BNCWW,NASDAQ,CEA Industries Inc. - Warrant,Stock,True,2026-05-08,,,98b385c1cbab027576cb
BNCWZ,NASDAQ,CEA Industries Inc. - Warrants,Stock,True,2026-05-08,,,74ea1cec4a475b565b00
BND,NASDAQ,Vanguard Total Bond Market ETF,ETF,True,2026-05-08,,,cc2d78702b3e606d90d2
BNDP,NASDAQ,Vanguard Core-Plus Bond Index ETF,ETF,True,2026-05-08,,,f5a09d57d71c621e94ee
BNDW,NASDAQ,Vanguard Total World Bond ETF,ETF,True,2026-05-08,,,8495e26b3bc56a1af102
BNDX,NASDAQ,Vanguard Total International Bond ETF,ETF,True,2026-05-08,,,ce7984e1be522bf59fb3
BNGO,NASDAQ,"Bionano Genomics, Inc. - Common Stock",Stock,True,2026-05-08,,,1fcda8722a61dfb1a77c
BNKK,NASDAQ,"Bonk, Inc. - Common Stock",Stock,True,2026-05-08,,,db1c6421912a890aa90f
BNR,NASDAQ,Burning Rock Biotech Limited - American Depositary Shares,Stock,True,2026-05-08,,,fd89c84e9729eca9a20a
BNRG,NASDAQ,Brenmiller Energy Ltd - Ordinary Shares,Stock,True,2026-05-08,,,dc5e1fa2ec509a01f271
BNTC,NASDAQ,Benitec Biopharma Inc. - Common Stock,Stock,True,2026-05-08,,,d74ec3c33b982fcc34b6
BNTX,NASDAQ,BioNTech SE - American Depositary Shares,Stock,True,2026-05-08,,,63b0539580fb4e52a8c2
BNZI,NASDAQ,"Banzai International, Inc. - Class A Common Stock",Stock,True,2026-05-08,,,4eb1d03db4a525f83a68
BNZIW,NASDAQ,"Banzai International, Inc. - Warrant",Stock,True,2026-05-08,,,87c791a2e54cecf91a5a
BODI,NASDAQ,"The Beachbody Company, Inc. - Class A Common Stock",Stock,True,2026-05-08,,,c8eb04e59882458f22a0
BOEG,NASDAQ,Leverage Shares 2X Long BA Daily ETF,ETF,True,2026-05-08,,,3a68520c7137efdb73e8
BOEU,NASDAQ,Direxion Daily BA Bull 2X ETF,ETF,True,2026-05-08,,,8a091db20f4c9012ef23
BOF,NASDAQ,BranchOut Food Inc. - Common Stock,Stock,True,2026-05-08,,,81084e80c6cc49f6514e
BOKF,NASDAQ,BOK Financial Corporation - Common Stock,Stock,True,2026-05-08,,,1c51cf285c08e652c22c
BOLD,NASDAQ,"Boundless Bio, Inc. - Common Stock",Stock,True,2026-05-08,,,4e012d63677135de8d91
BOLT,NASDAQ,"Bolt Biotherapeutics, Inc. - Common Stock",Stock,True,2026-05-08,,,40500bfc224baf442b7d
BON,NASDAQ,Bon Natural Life Limited - Class A Ordinary Shares,Stock,True,2026-05-08,,,ea77ca67b4fecc76628b
BOOM,NASDAQ,DMC Global Inc. - Common Stock,Stock,True,2026-05-08,,,093c294f645e2c2ab576
BOSC,NASDAQ,B.O.S. Better Online Solutions - Ordinary Shares,Stock,True,2026-05-08,,,c03b56db8a7eefb72461
BOT,NASDAQ,"RoboStrategy, Inc. - Common Stock",Stock,True,2026-05-11,,,1b6fee49eee0487e60d3
BOTJ,NASDAQ,"Bank of the James Financial Group, Inc. - Common Stock",Stock,True,2026-05-08,,,cab913e8f7c37a5eec53
BOTT,NASDAQ,Themes Humanoid Robotics ETF,ETF,True,2026-05-08,,,2453e0a61a0adbfa4183
BOTZ,NASDAQ,Global X Robotics & Artificial Intelligence ETF,ETF,True,2026-05-08,,,befd94380821372c4745
BOXL,NASDAQ,Boxlight Corporation - Class A Common Stock,Stock,True,2026-05-08,,,9877e418d1aec5801802
BPAC,NASDAQ,Blueport Acquisition Ltd - Class A Ordinary Shares,Stock,True,2026-05-08,,,6b0bf2d4752689772295
BPACR,NASDAQ,Blueport Acquisition Ltd - Rights,Stock,True,2026-05-08,,,40b993e27a3036f0b50d
BPACU,NASDAQ,Blueport Acquisition Ltd - Units,Stock,True,2026-05-08,,,f55e0de9b6bb06660434
BPOP,NASDAQ,"Popular, Inc. - Common Stock",Stock,True,2026-05-08,,,c3ec47f5d8c594bddcfb
BPOPM,NASDAQ,"Popular, Inc. - Popular Capital Trust II - 6.125% Cumulative Monthly Income Trust Preferred Securities",Stock,True,2026-05-08,,,9095383f880005c9ce50
BPRN,NASDAQ,"Princeton Bancorp, Inc. - Common Stock",Stock,True,2026-05-08,,,613c72573493ddd9c87d
BPYPM,NASDAQ,"Brookfield Property Partners L.P. - 6.25% Class A Cumulative Redeemable Preferred Units, Series 1",Stock,True,2026-05-08,,,61500f8252265c51b6b2
BPYPN,NASDAQ,"Brookfield Property Partners L.P. - 5.750% Class A Cumulative Redeemable Perpetual Preferred Units, Series 3",Stock,True,2026-05-08,,,f9888975cd001f6edd49
BPYPO,NASDAQ,"Brookfield Property Partners L.P. - 6.375% Class A Cumulative Redeemable Perpetual Preferred Units, Series 2",Stock,True,2026-05-08,,,0c56699526a5724cc461
BPYPP,NASDAQ,Brookfield Property Partners L.P. - 6.50% Class A Cumulative Redeemable Perpetual Preferred Units,Stock,True,2026-05-08,,,9354e6839ccaed1644a6
BRAG,NASDAQ,Bragg Gaming Group Inc. - Common Shares,Stock,True,2026-05-08,,,9b79bf5f496cf45f2d8e
BRAI,NASDAQ,Braiin Limited - Common Stock,Stock,True,2026-05-08,,,cc028933feac7ac917ed
BRBI,NASDAQ,BRBI BR Partners S.A. - ADSs,Stock,True,2026-05-08,,,dcfca92886638f0ed6ba
BRCB,NASDAQ,"Black Rock Coffee Bar, Inc. - Class A Common Stock",Stock,True,2026-05-08,,,e2d42e330319bb3d754f
BREM,NASDAQ,iShares Emerging Markets Bond Active ETF,ETF,True,2026-05-08,,,340d6297076d7f1c9ae4
BRES,NASDAQ,Burney U.S. Equity Select ETF,ETF,True,2026-05-08,,,43e4997780435011583f
BREZ,NASDAQ,Breeze Acquisition Corp. II - Ordinary Shares,Stock,True,2026-06-11,,,6de697efeb0be1ebca0a
BREZR,NASDAQ,Breeze Acquisition Corp. II - Rights,Stock,True,2026-06-11,,,29ba07a8f07866ce6b24
BREZU,NASDAQ,Breeze Acquisition Corp. II - Units,Stock,False,2026-05-13,2026-06-11,Missing from current NASDAQ source snapshot; reason unavailable,9b83aa74025c81bd57be
BRFH,NASDAQ,Barfresh Food Group Inc. - Common Stock,Stock,True,2026-05-08,,,5dcae4590d4352fceaca
BRHY,NASDAQ,iShares High Yield Active ETF,ETF,True,2026-05-08,,,d3a9db4c8cf7bd74c925
BRID,NASDAQ,Bridgford Foods Corporation - Common Stock,Stock,True,2026-05-08,,,164dc1dd2dc28867c726
BRKH,NASDAQ,Burtech Acquisition Corp II - Class A Ordinary Shares,Stock,True,2026-07-14,,,9a4d064200cb79f2a522
BRKHU,NASDAQ,Burtech Acquisition Corp II - Units,Stock,True,2026-05-22,,,3ccfd79f7a76979d0bc7
BRKHW,NASDAQ,Burtech Acquisition Corp II - Warrants,Stock,True,2026-07-14,,,245022d89e75cc8f994b
BRKR,NASDAQ,Bruker Corporation - Common Stock,Stock,True,2026-05-08,,,0ad5f16e654ea90ffa9b
BRKRP,NASDAQ,"Bruker Corporation - 6.375% Mandatory Convertible Preferred Stock, Series A",Stock,True,2026-05-08,,,a1e2d93d126e3f901a33
BRKU,NASDAQ,Direxion Daily BRKB Bull 2X ETF,ETF,True,2026-05-08,,,05b2270ceafcb581f3f2
BRLS,NASDAQ,Borealis Foods Inc. - Class A Common Shares,Stock,True,2026-05-08,,,9ee3e7ef9230dd4a8939
BRLSW,NASDAQ,Borealis Foods Inc. - Warrant,Stock,True,2026-05-08,,,7176a40f5bd8a787f738
BRLT,NASDAQ,"Brilliant Earth Group, Inc. - Class A Common Stock",Stock,True,2026-05-08,,,95e34909304a06773e3c
BRNS,NASDAQ,Barinthus Biotherapeutics plc - American Depositary Shares,Stock,True,2026-05-08,,,8287e236463bd0c8648e
BRNY,NASDAQ,Burney U.S. Factor Rotation ETF,ETF,True,2026-05-08,,,e7d87d4ce5a82a8bb8c9
BRR,NASDAQ,"ProCap Financial, Inc. - Common Stock",Stock,True,2026-05-08,,,8b9e20db60c83130605d
BRRR,NASDAQ,Coinshares Bitcoin ETF,ETF,True,2026-05-08,,,da025216be30b9ae553e
BRRWW,NASDAQ,"ProCap Financial, Inc. - Warrant.",Stock,True,2026-05-08,,,1306a94b792cfdeb1cc2
BRTMU,NASDAQ,B&R Technology Merger Corp. - Units,Stock,True,2026-07-21,,,74aeeb7809cfeefec1e5
BRTR,NASDAQ,iShares Total Return Active ETF,ETF,True,2026-05-08,,,532f55c7d0034a204d70
BRTX,NASDAQ,"BioRestorative Therapies, Inc. - Common Stock",Stock,True,2026-05-08,,,007fc8949872a1220bf7
BRUN,NASDAQ,Boost Run Inc. - Class A Common Stock,Stock,True,2026-05-11,,,b07fee52577aebf844c2
BRUNW,NASDAQ,Boost Run Inc. - Warrant,Stock,True,2026-05-11,,,d0567fc4a44d15677777
BRZE,NASDAQ,"Braze, Inc. - Class A Common Stock",Stock,True,2026-05-08,,,1cb454e31a9adcf2698a
BSAA,NASDAQ,BEST SPAC I Acquisition Corp. - Class A Ordinary Shares,Stock,True,2026-05-08,,,9f5d971dfbc3c23c8b51
BSAAR,NASDAQ,BEST SPAC I Acquisition Corp. - Rights,Stock,True,2026-05-08,,,63f268e99be375022407
BSAAU,NASDAQ,BEST SPAC I Acquisition Corp. - Unit,Stock,True,2026-05-08,,,f4fd652d723ad8da09f7
BSBK,NASDAQ,Bogota Financial Corp. - Common Stock,Stock,True,2026-05-08,,,6493be56cad0956e374d
BSCA,NASDAQ,Invesco BulletShares 2036 Corporate Bond ETF,ETF,True,2026-06-10,,,677529b08c07163b74d6
BSCQ,NASDAQ,Invesco BulletShares 2026 Corporate Bond ETF,ETF,True,2026-05-08,,,5bad46a484e03c3c8bcb
BSCR,NASDAQ,Invesco BulletShares 2027 Corporate Bond ETF,ETF,True,2026-05-08,,,c3984e39e6ee25516159
BSCS,NASDAQ,Invesco BulletShares 2028 Corporate Bond ETF,ETF,True,2026-05-08,,,6f178eaeab2eacd84330
BSCT,NASDAQ,Invesco BulletShares 2029 Corporate Bond ETF,ETF,True,2026-05-08,,,a5d5a4f6699b2fa3fa1e
BSCU,NASDAQ,Invesco BulletShares 2030 Corporate Bond ETF,ETF,True,2026-05-08,,,d396d9a29e7265f2b18d
BSCV,NASDAQ,Invesco BulletShares 2031 Corporate Bond ETF,ETF,True,2026-05-08,,,cfd137807cfdb68f9c64
BSCW,NASDAQ,Invesco BulletShares 2032 Corporate Bond ETF,ETF,True,2026-05-08,,,18e4e84b34db9a6db933
BSCX,NASDAQ,Invesco BulletShares 2033 Corporate Bond ETF,ETF,True,2026-05-08,,,e0a883cbca5f9cd72ca6
BSCY,NASDAQ,Invesco BulletShares 2034 Corporate Bond ETF,ETF,True,2026-05-08,,,22f7da2c2dd36e27af14
BSCZ,NASDAQ,Invesco BulletShares 2035 Corporate Bond ETF,ETF,True,2026-05-08,,,a38fd471365ae5431eab
BSET,NASDAQ,"Bassett Furniture Industries, Incorporated - Common Stock",Stock,True,2026-05-08,,,fba6f6be0f848082da9f
BSGR,NASDAQ,Invesco BulletShares 2027 Treasury Bond ETF,ETF,True,2026-06-10,,,4a6def71c3b0c2e36e5b
BSGT,NASDAQ,Invesco BulletShares 2029 Treasury Bond ETF,ETF,True,2026-06-10,,,a13ad91b8bc034ef0075
BSIN,NASDAQ,Big Sky Industrial Inc. - Common Stock,Stock,True,2026-06-08,,,a08a6b95b1f9a1915f00
BSJQ,NASDAQ,Invesco BulletShares 2026 High Yield Corporate Bond ETF,ETF,True,2026-05-08,,,55490c2908703e0c051d
BSJR,NASDAQ,Invesco BulletShares 2027 High Yield Corporate Bond ETF,ETF,True,2026-05-08,,,a994637f47227ab26a47
BSJS,NASDAQ,Invesco BulletShares 2028 High Yield Corporate Bond ETF,ETF,True,2026-05-08,,,6f39786da69fbd1cb54a
BSJT,NASDAQ,Invesco BulletShares 2029 High Yield Corporate Bond ETF,ETF,True,2026-05-08,,,c9b1ead1f61351cf05e5
BSJU,NASDAQ,Invesco BulletShares 2030 High Yield Corporate Bond ETF,ETF,True,2026-05-08,,,83e2ec9fa1815c7bc670
BSJV,NASDAQ,Invesco BulletShares 2031 High Yield Corporate Bond ETF,ETF,True,2026-05-08,,,b86cf46dff5d0b52c139
BSJW,NASDAQ,Invesco BulletShares 2032 High Yield Corporate Bond ETF,ETF,True,2026-05-08,,,2fad050a5b24aaf0cb0e
BSJX,NASDAQ,Invesco BulletShares 2033 High Yield Corporate Bond ETF,ETF,True,2026-05-08,,,75e3dda47ca6cee085e3
BSJY,NASDAQ,Invesco BulletShares 2034 High Yield Corporate Bond ETF,ETF,True,2026-06-10,,,26f9837f74cd82eaf421
BSMQ,NASDAQ,Invesco BulletShares 2026 Municipal Bond ETF,ETF,True,2026-05-08,,,bb4a9a122c82b21d1220
BSMR,NASDAQ,Invesco BulletShares 2027 Municipal Bond ETF,ETF,True,2026-05-08,,,bd6d1ae45bcacb8579c2
BSMS,NASDAQ,Invesco BulletShares 2028 Municipal Bond ETF,ETF,True,2026-05-08,,,1053a6fa43b6841861ec
BSMT,NASDAQ,Invesco BulletShares 2029 Municipal Bond ETF,ETF,True,2026-05-08,,,0299b0b984d3689973d5
BSMU,NASDAQ,Invesco BulletShares 2030 Municipal Bond ETF,ETF,True,2026-05-08,,,9c764ca756336a28f0ea
BSMV,NASDAQ,Invesco BulletShares 2031 Municipal Bond ETF,ETF,True,2026-05-08,,,4e46ff9daf15479da449
BSMW,NASDAQ,Invesco BulletShares 2032 Municipal Bond ETF,ETF,True,2026-05-08,,,56eb9ae78acaf541d9f3
BSMY,NASDAQ,Invesco BulletShares 2034 Municipal Bond ETF,ETF,True,2026-05-08,,,f48c9ff6882a0d4d15e1
BSMZ,NASDAQ,Invesco BulletShares 2035 Municipal Bond ETF,ETF,True,2026-05-08,,,30a1d6f9c992ee48855a
BSP,NASDAQ,Bending Spoons S.p.A. - Ordinary Shares,Stock,True,2026-07-01,,,fce544324402ba0162b1
BSRR,NASDAQ,Sierra Bancorp - Common Stock,Stock,True,2026-05-08,,,80e35bdae9e4f8247f40
BSSX,NASDAQ,Invesco BulletShares 2033 Municipal Bond ETF,ETF,True,2026-05-08,,,b68ca27c12c4b6fba875
BSTS,NASDAQ,Invesco BulletShares 2028 Treasury Bond ETF,ETF,True,2026-06-10,,,01f5695c71b2cc876650
BSTU,NASDAQ,Invesco BulletShares 2030 Treasury Bond ETF,ETF,True,2026-06-10,,,11116d04b267ad2365d8
BSTV,NASDAQ,Invesco BulletShares 2031 Treasury Bond ETF,ETF,True,2026-06-10,,,c2cc9884068e69bca006
BSVN,NASDAQ,Bank7 Corp. - Common stock,Stock,True,2026-05-08,,,a7cc935e23e9097e0124
BSVO,NASDAQ,EA Bridgeway Omni Small-Cap Value ETF,ETF,True,2026-05-08,,,8c9b4fbbfbf004b62628
BSY,NASDAQ,"Bentley Systems, Incorporated - Class B Common Stock",Stock,True,2026-05-08,,,ddb2b57cc33e7a9f87d9
BTAI,NASDAQ,"BioXcel Therapeutics, Inc. - Common Stock",Stock,True,2026-05-08,,,789ec4e2a2d3f0f1f2ee
BTBD,NASDAQ,"BT Brands, Inc. - Common Stock",Stock,True,2026-05-08,,,bd0c4f2fb9068fdaeeff
BTBDW,NASDAQ,"BT Brands, Inc. - Warrant",Stock,True,2026-05-08,,,9d45dde882d67f565718
BTBT,NASDAQ,"Bit Digital, Inc. - Ordinary Share",Stock,True,2026-05-08,,,bd6fbbb826035453c525
BTCS,NASDAQ,BTCS Inc. - Common Stock,Stock,True,2026-05-08,,,33aa532d76e624a2b445
BTCT,NASDAQ,BTC Digital Ltd. - Ordinary Shares,Stock,True,2026-05-08,,,385f125e4828397821f1
BTDL,NASDAQ,GraniteShares 2x Long BTDR Daily ETF,ETF,True,2026-07-14,,,b34dfbe0b32f1e918423
BTDR,NASDAQ,Bitdeer Technologies Group - Ordinary Shares,Stock,True,2026-05-08,,,6f2e7ae268a47b7a719e
BTF,NASDAQ,CoinShares Bitcoin and Ether ETF,ETF,True,2026-05-08,,,fabbbc8a83a5c56f8414
BTGD,NASDAQ,STKd 100% Bitcoin & 100% Gold ETF,ETF,True,2026-05-08,,,ca427d040bec8b3295d8
BTM,NASDAQ,Bitcoin Depot Inc. - Class A Common Stock,Stock,False,2026-05-08,2026-05-26,Other delisting reason: Details unavailable (source: FMP Delisted API),9aa318784b7c35f877a5
BTMD,NASDAQ,Biote Corp. - Class A common stock,Stock,True,2026-05-08,,,a4a4e2bd1dcac492685b
BTMWW,NASDAQ,Bitcoin Depot Inc. - Warrant,Stock,False,2026-05-08,2026-05-26,Missing from current NASDAQ source snapshot; reason unavailable,251e39ae6c47ea44ade4
BTOC,NASDAQ,Armlogi Holding Corp. - common stock,Stock,True,2026-05-08,,,4fe3892b64589f4de7a6
BTOG,NASDAQ,Bit Origin Limited - Class A Ordinary Shares,Stock,True,2026-05-08,,,085c10e725ad2e50027e
BTQ,NASDAQ,BTQ Technologies Corp. - Common Stock,Stock,True,2026-05-08,,,74a11ebbf3deff8cd118
BTSG,NASDAQ,"BrightSpring Health Services, Inc. - Common Stock",Stock,True,2026-05-08,,,3d509a30e2511e818a56
BTSGU,NASDAQ,"BrightSpring Health Services, Inc. - Tangible Equity Unit",Stock,True,2026-05-08,,,2e953d3e2fed7db79938
BTTC,NASDAQ,Black Titan Corp - Ordinary Shares,Stock,True,2026-05-08,,,d76cac0d17db9b9a632a
BU,NASDAQ,Defiance Daily Target 2X Long BU ETF,ETF,False,2026-05-08,2026-06-09,Missing from current NASDAQ source snapshot; reason unavailable,09ce66dc9ca3fb5df614
BUFC,NASDAQ,AB Conservative Buffer ETF,ETF,True,2026-05-08,,,523f52e4684e55d8b2ba
BUFI,NASDAQ,AB International Buffer ETF,ETF,True,2026-05-08,,,540de0fa8eb36b041bba
BUFM,NASDAQ,AB Moderate Buffer ETF,ETF,True,2026-05-08,,,feb05e5366b19db202d9
BUG,NASDAQ,Global X Cybersecurity ETF,ETF,True,2026-05-08,,,fde4f656ad28a88b6353
BULD,NASDAQ,Pacer BlueStar Engineering the Future ETF,ETF,True,2026-05-08,,,73e1afb88f3d4f970016
BULG,NASDAQ,Leverage Shares 2X Long BULL Daily ETF,ETF,True,2026-05-08,,,6c12c0f316fd7a4657d1
BULL,NASDAQ,Webull Corporation - Class A Ordinary Shares,Stock,True,2026-05-08,,,e9bdcf2eb18d7b61ec82
BULLW,NASDAQ,Webull Corporation - Warrants,Stock,True,2026-05-08,,,bf97b2236d6b3e43d5ca
BULX,NASDAQ,GraniteShares 2x Long BULL Daily ETF,ETF,False,2026-05-08,2026-06-22,Missing from current NASDAQ source snapshot; reason unavailable,79726f732d977cebc6f5
BUSE,NASDAQ,First Busey Corporation - Common Stock,Stock,True,2026-05-08,,,13c573f43b8666b79ac1
BUSEP,NASDAQ,"First Busey Corporation - Depositary Shares, Each Representing a 1/40th Interest in a Share of 8.25% Fixed-Rate Series B Non-Cumulative Perpetual Preferred Stock, $0.001 par value",Stock,True,2026-05-08,,,90c4490422dbe52b2db0
BUUU,NASDAQ,BUUU Group Limited - Class A Ordinary Share,Stock,True,2026-05-08,,,e2eea27875f3193913a5
BVC,NASDAQ,BitVentures Limited - Ordinary Share,Stock,True,2026-05-08,,,dec863570421bb796a54
BVFL,NASDAQ,"BV Financial, Inc. - Common Stock",Stock,True,2026-05-08,,,47dd5a16e276a368c6d9
BVS,NASDAQ,Bioventus Inc. - Class A Common Stock,Stock,True,2026-05-08,,,700e8af8eea788f79f9d
BWAY,NASDAQ,BrainsWay Ltd. - American Depositary Shares,Stock,True,2026-05-08,,,59c0a6014783f910a390
BWB,NASDAQ,"Bridgewater Bancshares, Inc. - Common Stock",Stock,True,2026-05-08,,,abd697bb81b27a31349d
BWBBP,NASDAQ,"Bridgewater Bancshares, Inc. - Depositary Shares, Each Representing a 1/100th Interest in a Share of 5.875% Non-Cumulative Perpetual Preferred Stock, Series A",Stock,True,2026-05-08,,,8730c9fcb144b9ef395a
BWEN,NASDAQ,"Broadwind, Inc. - Common Stock",Stock,True,2026-05-08,,,96bbab563229a196d5f1
BWFG,NASDAQ,"Bankwell Financial Group, Inc. - Common Stock",Stock,True,2026-05-08,,,7b3c8620302d61f1a1dc
BWIN,NASDAQ,"The Baldwin Insurance Group, Inc. - Class A Common Stock",Stock,True,2026-05-08,,,887879d816a90c2e0eef
BWMN,NASDAQ,Bowman Consulting Group Ltd. - Common Stock,Stock,True,2026-05-08,,,3289901c204a3ad1e523
BXBL,NASDAQ,"BOXABL, Inc. - Common stock",Stock,True,2026-07-20,,,00d063197e912ccdc2d9
BYAH,NASDAQ,"Park Ha Biological Technology Co., Ltd. - Class A Ordinary Shares",Stock,True,2026-05-08,,,bfcd0a44e86eab78c56a
BYFC,NASDAQ,Broadway Financial Corporation - Class A Common Stock,Stock,True,2026-05-08,,,254d946f5f120713be23
BYND,NASDAQ,"Beyond Meat, Inc. - Common stock",Stock,True,2026-05-08,,,52062ad40e3dafbf1e46
BYRN,NASDAQ,"Byrna Technologies, Inc. - Common Stock",Stock,True,2026-05-08,,,59a9e553acb55c4e8934
BYSI,NASDAQ,"BeyondSpring, Inc. - Ordinary Shares",Stock,True,2026-05-08,,,f69680ad1385b477e2dc
BZ,NASDAQ,KANZHUN LIMITED - American Depository Shares,Stock,True,2026-05-08,,,d1c8da19163b31c61ed4
BZAI,NASDAQ,"Blaize Holdings, Inc. - Common Stock",Stock,True,2026-05-08,,,bbbd512f4ea085d0528c
BZAIW,NASDAQ,"Blaize Holdings, Inc. - Warrant",Stock,True,2026-05-08,,,f919c78867e92c815df3
BZFD,NASDAQ,"BuzzFeed, Inc. - Class A Common Stock",Stock,True,2026-05-08,,,23909282f7f12214c60a
BZFDW,NASDAQ,"BuzzFeed, Inc. - Warrant",Stock,True,2026-05-08,,,ef30d787ae04319eebd9
BZUN,NASDAQ,Baozun Inc. - American Depositary Shares,Stock,True,2026-05-08,,,2be2836a6e5aa3e5f18d
CAAS,NASDAQ,"China Automotive Systems, Inc. - Ordinary Share",Stock,True,2026-05-08,,,d1c4da829b65cd7ab5ec
CABA,NASDAQ,"Cabaletta Bio, Inc. - Common Stock",Stock,True,2026-05-08,,,770a77f84e650a8ed104
CABR,NASDAQ,"Caring Brands, Inc. - Common Stock",Stock,True,2026-05-08,,,7097d8944f6632d7e66b
CAC,NASDAQ,Camden National Corporation - Common Stock,Stock,True,2026-05-08,,,22c66e9a323b9addbca5
CACC,NASDAQ,Credit Acceptance Corporation - Common Stock,Stock,True,2026-05-08,,,4cf9127ba717b609f032
CADL,NASDAQ,"Candel Therapeutics, Inc. - Common Stock",Stock,True,2026-05-08,,,6c3f116b4d299fe2e5eb
CAE,NASDAQ,CAE Inc - Common Shares,Stock,True,2026-07-23,,,896119da879c4fede07c
CAEP,NASDAQ,"Cantor Equity Partners III, Inc. - Class A Ordinary Shares",Stock,False,2026-05-08,2026-05-18,Missing from current NASDAQ source snapshot; reason unavailable,ef241e502a20aef46b9c
CAES,NASDAQ,"Cantor Equity Partners VII, Inc. - Class A Ordinary Shares",Stock,True,2026-06-17,,,04b4dc7da69f245254b5
CAFG,NASDAQ,Pacer US Small Cap Cash Cows Growth Leaders ETF,ETF,True,2026-05-08,,,e1cdb9db705a6a74f9cc
CAI,NASDAQ,"Caris Life Sciences, Inc. - Common Stock",Stock,True,2026-05-08,,,d9d880a6f21ff442bf0d
CAII,NASDAQ,Collective Acquisition Corp. II - Class A Ordinary Shares,Stock,True,2026-06-22,,,8a1c8c85a5484d48909f
CAIIU,NASDAQ,Collective Acquisition Corp. II - Units,Stock,True,2026-05-08,,,f867cd8947ea82c34f1f
CAIIW,NASDAQ,Collective Acquisition Corp. II - Warrants,Stock,True,2026-06-22,,,046888dacd905a090fde
CAIQ,NASDAQ,Calamos Nasdaq Autocallable Income ETF,ETF,True,2026-05-08,,,88da6bacc679f46c7628
CAKE,NASDAQ,The Cheesecake Factory Incorporated - Common Stock,Stock,True,2026-05-08,,,f06a9ceab95765b85d42
CALC,NASDAQ,"CalciMedica, Inc. - Common Stock",Stock,True,2026-05-08,,,c805bf7b489cf2c4ea4e
CALI,NASDAQ,iShares Short-Term California Muni Active ETF,ETF,True,2026-05-08,,,f8026e0899ab2a5c1d6c
CALM,NASDAQ,"Cal-Maine Foods, Inc. - Common Stock",Stock,True,2026-05-08,,,b15d8d6868e21219da70
CAMP,NASDAQ,CAMP4 Therapeutics Corporation - Common Stock,Stock,True,2026-05-08,,,7dc9d9d717cd4e1f180a
CAMT,NASDAQ,Camtek Ltd. - Ordinary Shares,Stock,True,2026-05-08,,,3e8611beb36adf358a0e
CAN,NASDAQ,Canaan Inc. - American Depositary Shares,Stock,True,2026-05-08,,,bdaafd8b2915f80dd07e
CANC,NASDAQ,Tema Oncology ETF,ETF,True,2026-05-08,,,20be23b613a5a991b13b
CANQ,NASDAQ,Calamos Nasdaq Equity & Income ETF,ETF,True,2026-05-08,,,f7969d5207f79e5d5a1a
CAPN,NASDAQ,Cayson Acquisition Corp - Ordinary Shares,Stock,True,2026-05-08,,,8dda2d1a97b3c8339831
CAPNR,NASDAQ,Cayson Acquisition Corp - Right,Stock,True,2026-05-08,,,2df507e005afb24efc25
CAPNU,NASDAQ,Cayson Acquisition Corp - Units,Stock,True,2026-05-08,,,ae9aac96546fe7a3da17
CAPR,NASDAQ,"Capricor Therapeutics, Inc. - Common Stock",Stock,True,2026-05-08,,,b36ab45207b3b441dad5
CAPS,NASDAQ,Capstone Holding Corp. - Common Stock,Stock,True,2026-05-08,,,e755d1b2d45afab7eed5
CAQ,NASDAQ,Cambridge Acquisition Corp. - Class A Ordinary Shares,Stock,True,2026-05-08,,,535f567c280aaa8c7135
CAQUU,NASDAQ,Cambridge Acquisition Corp. - Unit,Stock,True,2026-05-08,,,80767c8c64ab0c4c1f79
CAQUW,NASDAQ,Cambridge Acquisition Corp. - Warrants,Stock,True,2026-05-08,,,bf2d03adf218986b80b1
CAR,NASDAQ,"Avis Budget Group, Inc. - Common Stock",Stock,True,2026-05-08,,,e9663e35b13e7b3fc792
CARE,NASDAQ,"Carter Bankshares, Inc. - Common Stock",Stock,True,2026-05-08,,,e64d6f832f4262da8fc7
CARG,NASDAQ,"CarGurus, Inc. - Class A Common Stock",Stock,True,2026-05-08,,,653c14c0243032ebe784
CARL,NASDAQ,"Carlsmed, Inc. - Common Stock",Stock,True,2026-05-08,,,f408f8fbbfab0d73b8f4
CART,NASDAQ,Maplebear Inc. - Common Stock,Stock,True,2026-05-08,,,95437e8ae17f6b4fb119
CARY,NASDAQ,Angel Oak Income ETF,ETF,True,2026-05-08,,,39bc8ed053121539caa3
CARZ,NASDAQ,First Trust S-Network Future Vehicles & Technology ETF,ETF,True,2026-05-08,,,2d156f62b6e4fa6dcaf8
CASH,NASDAQ,"Pathward Financial, Inc. - Common Stock",Stock,True,2026-05-08,,,c30bb1811e15fc3f6059
CASS,NASDAQ,"Cass Information Systems, Inc - Common Stock",Stock,True,2026-05-08,,,b9d0274ddd0923e4938f
CAST,NASDAQ,"FreeCast, Inc. - Class A common stock",Stock,True,2026-05-08,,,319fbde7f7119d4bc53f
CASY,NASDAQ,"Caseys General Stores, Inc. - Common Stock",Stock,True,2026-05-08,,,302127c6db83a856e2d5
CATH,NASDAQ,Global X S&P 500 Catholic Values ETF,ETF,True,2026-05-08,,,099d9da39bc8fd9385ad
CATY,NASDAQ,Cathay General Bancorp - Common Stock,Stock,True,2026-05-08,,,1ffa0b970282a8900f9b
CBAT,NASDAQ,"CBAK Energy Technology, Inc. - Common Stock",Stock,False,2026-05-08,2026-06-25,Listing metadata changed,2fc850b4f9e9b5e88d64
CBAT,NASDAQ,CBAK Energy Technology Limited - Ordinary Shares,Stock,True,2026-06-25,,,b18e406274f8473ffe0f
CBC,NASDAQ,"Central Bancompany, Inc. - Class A Common Stock",Stock,True,2026-05-08,,,b0fbf78f1824452cbd4f
CBFV,NASDAQ,"CB Financial Services, Inc. - Common Stock",Stock,True,2026-05-08,,,0bd334070ea22b33affe
CBIO,NASDAQ,"Crescent Biopharma, Inc. - Common Stock",Stock,True,2026-05-08,,,83feacae5ad6d8fc3a36
CBK,NASDAQ,"Commercial Bancgroup, Inc. - Common Stock",Stock,True,2026-05-08,,,6e27bd45a578c589d085
CBLL,NASDAQ,"CeriBell, Inc. - Common Stock",Stock,True,2026-05-08,,,c801c52a8b368b07c603
CBNK,NASDAQ,"Capital Bancorp, Inc. - Common Stock",Stock,True,2026-05-08,,,8f819a7942c30173ffd2
CBRL,NASDAQ,"Cracker Barrel Old Country Store, Inc. - Common Stock",Stock,True,2026-05-08,,,285e99e15c519556da5a
CBRS,NASDAQ,Cerebras Systems Inc. - Class A Common Stock,Stock,True,2026-05-14,,,332fef9d34237d250fd5
CBSH,NASDAQ,"Commerce Bancshares, Inc. - Common Stock",Stock,True,2026-05-08,,,7a009f2ba3802a35bd5c
CBUS,NASDAQ,"Cibus, Inc. - Class A Common Stock",Stock,True,2026-05-08,,,8b78bd868cabeb68bd58
CCAP,NASDAQ,"Crescent Capital BDC, Inc. - Common Stock",Stock,True,2026-05-08,,,bd9e0cea9af517f233a5
CCAQ,NASDAQ,Collective Acquisition Corp. - Class A ordinary shares,Stock,True,2026-05-27,,,bf350091badd57d3827f
CCAQU,NASDAQ,Collective Acquisition Corp. - Units,Stock,True,2026-05-27,,,329d169eee019f6d2102
CCAQW,NASDAQ,Collective Acquisition Corp. - Warrants,Stock,True,2026-05-27,,,ae0960b681faa19310c0
CCB,NASDAQ,Coastal Financial Corporation - Common Stock,Stock,True,2026-05-08,,,157e2de2c5cac8048990
CCBG,NASDAQ,Capital City Bank Group - Common Stock,Stock,True,2026-05-08,,,eb84738d7d5d86e74464
CCC,NASDAQ,CCC Intelligent Solutions Holdings Inc. - Common Stock,Stock,True,2026-05-08,,,b5c49f2d4fd4ddf9a1b3
CCCC,NASDAQ,"C4 Therapeutics, Inc. - Common Stock",Stock,True,2026-05-08,,,7f7b4069a3877b697ca3
CCCTU,NASDAQ,Columbus Circle Capital Corp III - Units,Stock,True,2026-07-09,,,a1c15a2111deb999faaf
CCD,NASDAQ,Calamos Dynamic Convertible & Income Fund - Closed End Fund,Stock,True,2026-05-08,,,e1c280ef53b086954b8e
CCEC,NASDAQ,Capital Clean Energy Carriers Corp. - Common Share,Stock,True,2026-05-08,,,caeb430cc83b01bf7af5
CCEP,NASDAQ,Coca-Cola Europacific Partners plc - Ordinary Shares,Stock,True,2026-05-08,,,cda15c9d30eb9f5720d3
CCFE,NASDAQ,Concourse Capital Focused Equity ETF,ETF,True,2026-05-08,,,5043d61b50fe250764ae
CCG,NASDAQ,Cheche Group Inc. - Class A Ordinary Shares,Stock,True,2026-05-08,,,7bf0eae10233091197d9
CCGWW,NASDAQ,Cheche Group Inc. - Warrant,Stock,True,2026-05-08,,,dfce57813253c3b075c1
CCHH,NASDAQ,CCH Holdings Ltd - Ordinary Shares,Stock,False,2026-05-08,2026-05-11,Listing metadata changed,35f28c7e7751070c2a90
CCHH,NASDAQ,CCH Holdings Ltd - Class A Ordinary Shares,Stock,True,2026-05-11,,,140c73c5e041f45e0df9
CCII,NASDAQ,Cohen Circle Acquisition Corp. II - Class A Ordinary Shares,Stock,True,2026-05-08,,,0e3bd85718b45a3fc4d8
CCIIU,NASDAQ,Cohen Circle Acquisition Corp. II - Unit,Stock,True,2026-05-08,,,027d51b686f6c060e30c
CCIIW,NASDAQ,Cohen Circle Acquisition Corp. II - Warrant,Stock,True,2026-05-08,,,cd624a52256b809598da
CCIX,NASDAQ,Churchill Capital Corp IX - Ordinary Shares,Stock,True,2026-05-08,,,794e2b3c24dac2b6fe5e
CCIXU,NASDAQ,Churchill Capital Corp IX - Unit,Stock,True,2026-05-08,,,2f765aef5e1f547d742a
CCIXW,NASDAQ,Churchill Capital Corp IX - Warrant,Stock,True,2026-05-08,,,1c371950187bd1893170
CCLD,NASDAQ,"CareCloud, Inc. - Common Stock",Stock,True,2026-05-08,,,4fdb20e6389990e0daf6
CCLDO,NASDAQ,"CareCloud, Inc. - 8.75% Series B Cumulative Redeemable Perpetual Preferred Stock",Stock,False,2026-05-08,2026-05-15,Missing from current NASDAQ source snapshot; reason unavailable,1c053812dca8d167ca95
CCNE,NASDAQ,CNB Financial Corporation - Common Stock,Stock,True,2026-05-08,,,bbad6ea1de428086682e
CCNEP,NASDAQ,"CNB Financial Corporation - Depositary shares, each representing a 1/40th ownership interest in a share of 7.125% Series A Fixed- Rate Non-Cumulative Perpetual Preferred Stock",Stock,True,2026-05-08,,,f2cb0e290d5e98b23915
CCNR,NASDAQ,ALPS/CoreCommodity Natural Resources ETF,ETF,True,2026-05-08,,,92f56200243277a160f0
CCOI,NASDAQ,"Cogent Communications Holdings, Inc. - Common Stock",Stock,True,2026-05-08,,,1d59bd62df4979579407
CCRN,NASDAQ,"Cross Country Healthcare, Inc. - Common Stock",Stock,False,2026-05-08,2026-07-22,Missing from current NASDAQ source snapshot; reason unavailable,2e573fe1fc90886ddbac
CCSB,NASDAQ,Carbon Collective Short Duration Green Bond ETF,ETF,True,2026-05-08,,,7e1945f6efc6a72da60f
CCSI,NASDAQ,"Consensus Cloud Solutions, Inc. - Common Stock",Stock,True,2026-05-08,,,900f836867bfff3107f6
CCSO,NASDAQ,Carbon Collective Climate Solutions U.S. Equity ETF,ETF,True,2026-05-08,,,58d1b397886cb1100710
CCTG,NASDAQ,CCSC Technology International Holdings Limited - Class A Ordinary Shares,Stock,True,2026-05-08,,,bdfb5d81401c68c7ccc6
CCXI,NASDAQ,Churchill Capital Corp XI - Class A Ordinary Shares,Stock,True,2026-05-08,,,03367f11958bff5a9163
CCXIU,NASDAQ,Churchill Capital Corp XI - Units,Stock,True,2026-05-08,,,8069658196ee39c7d090
CCXIW,NASDAQ,Churchill Capital Corp XI - Warrants,Stock,True,2026-05-08,,,d24fa3d39a565c259531
CD,NASDAQ,Chaince Digital Holdings Inc. - American Ordinary Shares,Stock,True,2026-05-08,,,8f452f85f33adbee8c1f
CDC,NASDAQ,VictoryShares US EQ Income Enhanced Volatility Wtd ETF,ETF,True,2026-05-08,,,bc20e98cf832e2cb43c6
CDIG,NASDAQ,City Different Investments Global Equity ETF,ETF,True,2026-05-08,,,0f0ec2a09c3ada66a80c
CDIO,NASDAQ,Cardio Diagnostics Holdings Inc. - Common stock,Stock,True,2026-05-08,,,97fca63de3c94f3e1004
CDIOW,NASDAQ,Cardio Diagnostics Holdings Inc. - Warrant,Stock,True,2026-05-08,,,0932edb74ab718b166d5
CDL,NASDAQ,VictoryShares US Large Cap High Div Volatility Wtd ETF,ETF,True,2026-05-08,,,d6f27deeb503f8bd4621
CDLX,NASDAQ,"Cardlytics, Inc. - Common Stock",Stock,True,2026-05-08,,,5442a04e1ca00f34aabe
CDNA,NASDAQ,"CareDx, Inc. - Common Stock",Stock,True,2026-05-08,,,2715e83202e5f5ba2143
CDNL,NASDAQ,Cardinal Infrastructure Group Inc. - Class A Common Stock,Stock,True,2026-05-08,,,cf1735b6c31aadc8f709
CDNS,NASDAQ,"Cadence Design Systems, Inc. - Common Stock",Stock,True,2026-05-08,,,12d86cb47f11acf1e4f3
CDRO,NASDAQ,"Codere Online Luxembourg, S.A. - Ordinary Shares",Stock,True,2026-05-08,,,6c77a8b852e596d9df53
CDROW,NASDAQ,"Codere Online Luxembourg, S.A. - Warrants",Stock,True,2026-05-08,,,b9e7e7277332081f8ca7
CDT,NASDAQ,CDT Equity Inc. - Common Stock,Stock,True,2026-05-08,,,591922ea0f31673c288c
CDTG,NASDAQ,CDT Environmental Technology Investment Holdings Limited - ordinary shares,Stock,True,2026-05-08,,,dd7b58c955a22611584e
CDTTW,NASDAQ,CDT Equity Inc. - Warrant,Stock,True,2026-05-08,,,be3cbeddb6acfbc12b76
CDW,NASDAQ,CDW Corporation - Common Stock,Stock,True,2026-05-08,,,67c7c3480ed9c9af239c
CDXS,NASDAQ,"Codexis, Inc. - Common Stock",Stock,True,2026-05-08,,,7569a515dbaa1db9b753
CDZI,NASDAQ,"Cadiz, Inc. - Common Stock",Stock,True,2026-05-08,,,f8c3b8ea13bc71ec997b
CDZIP,NASDAQ,"Cadiz, Inc. - Depositary Shares",Stock,True,2026-05-08,,,01b01ab5a9d85f117355
CECO,NASDAQ,CECO Environmental Corp. - Common Stock,Stock,True,2026-05-08,,,8b646868b1e49ce6a5ec
CEFA,NASDAQ,Global X S&P Catholic Values Developed ex-U.S. ETF,ETF,True,2026-05-08,,,9513bcd68f46245879f3
CEG,NASDAQ,Constellation Energy Corporation - Common Stock When-Issued,Stock,True,2026-05-08,,,d69732c24aecfa59ea20
CELC,NASDAQ,Celcuity Inc. - Common Stock,Stock,True,2026-05-08,,,dfbf0fbb535741bfda63
CELH,NASDAQ,"Celsius Holdings, Inc. - Common Stock",Stock,True,2026-05-08,,,68504607a81733330f62
CELU,NASDAQ,Celularity Inc. - Class A Common Stock,Stock,True,2026-05-08,,,2658687232350583a9e7
CELUW,NASDAQ,Celularity Inc. - Warrant,Stock,False,2026-05-08,2026-07-23,Missing from current NASDAQ source snapshot; reason unavailable,806da0b53cad5c9ecc66
CELZ,NASDAQ,"Creative Medical Technology Holdings, Inc. - Common Stock",Stock,True,2026-05-08,,,43c98e6aee4ca8f56a6c
CENN,NASDAQ,Cenntro Inc. - Common Stock,Stock,True,2026-05-08,,,0ce97a75f6dee5765d88
CENT,NASDAQ,Central Garden & Pet Company - Common Stock,Stock,True,2026-05-08,,,e3964fc976f1e8703451
CENTA,NASDAQ,Central Garden & Pet Company - Class A Common Stock Nonvoting,Stock,True,2026-05-08,,,0787387968d7a348ff1f
CENX,NASDAQ,Century Aluminum Company - Common Stock,Stock,True,2026-05-08,,,89ed276948fecf340591
CEPF,NASDAQ,"Cantor Equity Partners IV, Inc. - Class A Ordinary Shares",Stock,True,2026-05-08,,,6470b0f2b7f048cf39d2
CEPI,NASDAQ,REX Crypto Equity Premium Income ETF,ETF,True,2026-05-08,,,485baf8cc7daf0d86213
CEPL,NASDAQ,"Capstone Energy Plus, Inc. - Common Stock",Stock,True,2026-07-08,,,5f6826e003831beec7f0
CEPO,NASDAQ,"Cantor Equity Partners I, Inc. - Class A Ordinary Shares",Stock,True,2026-05-08,,,2764b6992693505c7543
CEPS,NASDAQ,"Cantor Equity Partners VI, Inc. - Class A Ordinary Shares",Stock,True,2026-05-08,,,b22017f93ba7698dd71f
CEPT,NASDAQ,"Cantor Equity Partners II, Inc. - Class A ordinary share",Stock,False,2026-05-08,2026-07-02,Missing from current NASDAQ source snapshot; reason unavailable,0be30502b9bf430f4e6d
CEPV,NASDAQ,"Cantor Equity Partners V, Inc. - Class A Ordinary Shares",Stock,True,2026-05-08,,,ad3b5e66fefe82760ba4
CERS,NASDAQ,Cerus Corporation - Common Stock,Stock,True,2026-05-08,,,1bd3f2205a94c2eaded1
CERT,NASDAQ,"Certara, Inc. - Common Stock",Stock,True,2026-05-08,,,e9f892fed0f70c12ee7e
CETX,NASDAQ,Cemtrex Inc. - Common Stock,Stock,True,2026-05-08,,,efa9f92d5d5c46b4eaa1
CETY,NASDAQ,"Clean Energy Technologies, Inc. - Common Stock",Stock,True,2026-05-08,,,314a20abdad70c97137c
CEVA,NASDAQ,"CEVA, Inc. - Common Stock",Stock,True,2026-05-08,,,9164510c06c2b6df6864
CFA,NASDAQ,VictoryShares US 500 Volatility Wtd ETF,ETF,True,2026-05-08,,,5b3d1d0fdd0a65a68977
CFBK,NASDAQ,CF Bankshares Inc. - Common Stock,Stock,True,2026-05-08,,,9213430e5ac173ad5239
CFFI,NASDAQ,C&F Financial Corporation - Common Stock,Stock,True,2026-05-08,,,de9fab6a01cdf85bd278
CFFN,NASDAQ,"Capitol Federal Financial, Inc. - Common Stock",Stock,True,2026-05-08,,,ab3f7ef6af618ab4d8cd
CFO,NASDAQ,VictoryShares US 500 Enhanced Volatility Wtd ETF,ETF,True,2026-05-08,,,8648dc3e899438c34570
CG,NASDAQ,The Carlyle Group Inc. - Common Stock,Stock,True,2026-05-08,,,29432d5da008d1a4fe22
CGABL,NASDAQ,The Carlyle Group Inc. - 4.625% Subordinated Notes due 2061,Stock,True,2026-05-08,,,c0c75e1abb0811aa56a6
CGBD,NASDAQ,"Carlyle Secured Lending, Inc. - Closed End Fund",Stock,True,2026-05-08,,,0f11c03e6f562cfda7c0
CGC,NASDAQ,Canopy Growth Corporation - Common Shares,Stock,True,2026-05-08,,,8553ccf43603012b4c0d
CGCFU,NASDAQ,Cartesian Growth Corporation IV - Units,Stock,True,2026-06-25,,,32005ed67b011c0d387f
CGCT,NASDAQ,Cartesian Growth Corporation III - Class A Ordinary Shares,Stock,False,2026-05-08,2026-06-08,Missing from current NASDAQ source snapshot; reason unavailable,c906533c507809d0bb24
CGCTU,NASDAQ,Cartesian Growth Corporation III - unit,Stock,False,2026-05-08,2026-06-08,Missing from current NASDAQ source snapshot; reason unavailable,52f6bb4a3c936a4bc66d
CGCTW,NASDAQ,Cartesian Growth Corporation III - Warrant,Stock,False,2026-05-08,2026-06-08,Missing from current NASDAQ source snapshot; reason unavailable,2081bdc2df5f56bd7296
CGEM,NASDAQ,"Cullinan Therapeutics, Inc. - Common Stock",Stock,True,2026-05-08,,,b35e5dcd2fb62f11dd93
CGEN,NASDAQ,Compugen Ltd. - Ordinary Shares,Stock,True,2026-05-08,,,892938f2cc2841d808dc
CGNT,NASDAQ,Cognyte Software Ltd. - Ordinary Shares,Stock,True,2026-05-08,,,cd4b702661582a356687
CGNX,NASDAQ,Cognex Corporation - Common Stock,Stock,True,2026-05-08,,,0a0abd1f3312c7a42345
CGO,NASDAQ,Calamos Global Total Return Fund - Closed End Fund,Stock,True,2026-05-08,,,1b8f5ed2a0684837f03f
CGON,NASDAQ,"CG Oncology, Inc. - Common stock",Stock,True,2026-05-08,,,0f9759f6165f5707ab1b
CGTL,NASDAQ,Creative Global Technology Holdings Limited - Class A Ordinary Shares,Stock,True,2026-05-08,,,923e9087607500dcda7f
CGTX,NASDAQ,"Cognition Therapeutics, Inc. - Common Stock",Stock,True,2026-05-08,,,d4e8cd83921859b5aefa
CHA,NASDAQ,"Chagee Holdings Limited - American Depositary Shares, each representing 1 Class A ordinary share",Stock,True,2026-05-08,,,a7672325abb958a8fbad
CHAI,NASDAQ,"Core AI Holdings, Inc. - Common Shares",Stock,True,2026-05-08,,,36637dcbce7a3812a6d9
CHAR,NASDAQ,Charlton Aria Acquisition Corporation - Class A Ordinary Shares,Stock,True,2026-05-08,,,881c15d4d95d5151a003
CHARR,NASDAQ,Charlton Aria Acquisition Corporation - Rights,Stock,True,2026-05-08,,,51caaee958e86622034b
CHARU,NASDAQ,Charlton Aria Acquisition Corporation - Units,Stock,True,2026-05-08,,,3d536b8b3aebad107f42
CHCI,NASDAQ,"Comstock Holding Companies, Inc. - Class A Common Stock",Stock,True,2026-05-08,,,ba7d550cd967f03d61dc
CHCO,NASDAQ,City Holding Company - Common Stock,Stock,True,2026-05-08,,,abf3bc7c0642189dccc2
CHDN,NASDAQ,"Churchill Downs, Incorporated - Common Stock",Stock,True,2026-05-08,,,5af635dba32854f078b2
CHEC,NASDAQ,Chenghe Acquisition III Co. - Class A Ordinary Shares,Stock,True,2026-05-08,,,ebd50148daa688abdf53
CHECU,NASDAQ,Chenghe Acquisition III Co. - Units,Stock,True,2026-05-08,,,2a62a454f6d281c27d84
CHECW,NASDAQ,Chenghe Acquisition III Co. - Warrants,Stock,True,2026-05-08,,,4d1d3edf9267f6995c8e
CHEF,NASDAQ,"The Chefs' Warehouse, Inc. - Common Stock",Stock,True,2026-05-08,,,17cc52b04b85f8a4f325
CHGA,NASDAQ,Change Agents Corporation - Common Stock,Stock,True,2026-07-22,,,44ce28330da4e2ea774e
CHGX,NASDAQ,Stance Sustainable Beta ETF,ETF,True,2026-05-08,,,e96234ea49cbef70b4d7
CHI,NASDAQ,Calamos Convertible Opportunities and Income Fund - Closed End Fund,Stock,True,2026-05-08,,,de7edbe2c009cf27b6fc
CHKP,NASDAQ,Check Point Software Technologies Ltd. - Ordinary Shares,Stock,True,2026-05-08,,,1965d5cfa7211794ace8
CHMG,NASDAQ,Chemung Financial Corp - Common Stock,Stock,True,2026-05-08,,,e2efc7f0cff4e2d51be0
CHNR,NASDAQ,"China Natural Resources, Inc. - Common Shares",Stock,True,2026-05-08,,,3bd50607a5f19465aa84
CHPG,NASDAQ,ChampionsGate Acquisition Corporation - Class A Ordinary Share,Stock,True,2026-05-08,,,031140ad22e503e50d77
CHPGR,NASDAQ,ChampionsGate Acquisition Corporation - Rights,Stock,True,2026-05-08,,,8fe32de3dc8e6fe39829
CHPGU,NASDAQ,ChampionsGate Acquisition Corporation - Unit,Stock,True,2026-05-08,,,46334533a93b199ed266
CHPS,NASDAQ,Xtrackers Semiconductor Select Equity ETF,ETF,True,2026-05-08,,,b7d310d6f88e18247317
CHPX,NASDAQ,Global X AI Semiconductor & Quantum ETF,ETF,True,2026-05-08,,,2cf37e9a85c83bf57d29
CHR,NASDAQ,"Cheer Holding, Inc. - Class A Ordinary Share",Stock,True,2026-05-08,,,0fc195d654facb7258a3
CHRD,NASDAQ,Chord Energy Corporation - Common Stock,Stock,True,2026-05-08,,,ae95003c51a748dbcc2c
CHRI,NASDAQ,Global X S&P 500 Christian Values ETF,ETF,True,2026-05-08,,,6311c0d118b65eae2113
CHRN,NASDAQ,ChronoScale Corporation - Common Stock,Stock,False,2026-05-08,2026-07-02,Listing metadata changed,0c55a318f01bb88d1613
CHRN,NASDAQ,ChronoScale Holdings Corporation - Common Stock,Stock,True,2026-07-02,,,10ef62601b9089da694c
CHRS,NASDAQ,"Coherus Oncology, Inc. - Common Stock",Stock,True,2026-05-08,,,d88c760d73357d4d4548
CHRW,NASDAQ,"C.H. Robinson Worldwide, Inc. - Common Stock",Stock,True,2026-05-08,,,649f8b4bede49fa5ef7d
CHSCL,NASDAQ,"CHS Inc - Class B Cumulative Redeemable Preferred Stock, Series 4",Stock,True,2026-05-08,,,d6e7a5d7573563eb3bb9
CHSCM,NASDAQ,"CHS Inc - Class B Reset Rate Cumulative Redeemable Preferred Stock, Series 3",Stock,True,2026-05-08,,,9686be2e24fa8bda1ea0
CHSCN,NASDAQ,CHS Inc - Preferred Class B Series 2 Reset Rate,Stock,True,2026-05-08,,,88c4cb541f9d12d1b004
CHSCO,NASDAQ,CHS Inc - Class B Cumulative Redeemable Preferred Stock,Stock,True,2026-05-08,,,76b2092b78b9ddb91309
CHSCP,NASDAQ,CHS Inc - 8% Cumulative Redeemable Preferred Stock,Stock,True,2026-05-08,,,142eca7b9306b1c88018
CHSN,NASDAQ,Chanson International Holding - Class A Ordinary Shares,Stock,True,2026-05-08,,,62d65f61d97da1b888c8
CHTR,NASDAQ,"Charter Communications, Inc. - Class A Common Stock",Stock,True,2026-05-08,,,a96dd76ec9bd21891bdd
CHW,NASDAQ,Calamos Global Dynamic Income Fund - Closed End Fund,Stock,True,2026-05-08,,,ec167736ce2a8bd5f6ad
CHY,NASDAQ,Calamos Convertible and High Income Fund - Closed End Fund,Stock,True,2026-05-08,,,5d49e34a60d16408a09d
CHYM,NASDAQ,"Chime Financial, Inc. - Class A Common Stock",Stock,True,2026-05-08,,,dfa8f17910248a9064ba
CIBR,NASDAQ,First Trust NASDAQ Cybersecurity ETF,ETF,True,2026-05-08,,,3da38036dc36aac422a5
CIFG,NASDAQ,Leverage Shares 2X Long CIFR Daily ETF,ETF,True,2026-05-08,,,1db75c8b012bbf5b36f2
CIFR,NASDAQ,Cipher Digital Inc. - Common Stock,Stock,True,2026-05-08,,,6c7f48545b827e10eff1
CIGI,NASDAQ,Colliers International Group Inc. - Subordinate Voting Shares,Stock,True,2026-05-08,,,8088099012243fc98389
CIGL,NASDAQ,Concorde International Group Ltd - Class A Ordinary Shares,Stock,True,2026-07-21,,,0d7f663d210b0ea4c949
CIIT,NASDAQ,"Tianci International, Inc. - Common Stock",Stock,True,2026-05-08,,,dfe2f965ee7af4863069
CINF,NASDAQ,Cincinnati Financial Corporation - Common Stock,Stock,True,2026-05-08,,,d94e98d9aefc7fa0f1f1
CING,NASDAQ,Cingulate Inc. - Common Stock,Stock,True,2026-05-08,,,243f509b41a8403909d4
CINGW,NASDAQ,Cingulate Inc. - Warrants,Stock,True,2026-05-08,,,93a5a80ab8929cfa6c79
CIRC,NASDAQ,"Circle8 Group, Inc. - Common Stock",Stock,True,2026-07-02,,,d3124699e9590dd5d9af
CISO,NASDAQ,"CISO Global, Inc. - Common Stock",Stock,True,2026-05-08,,,3cd2bda461c497d8ea73
CISS,NASDAQ,C3is Inc. - Common Stock,Stock,True,2026-05-08,,,55eb47ac0acaf6fb161a
CIVB,NASDAQ,"Civista Bancshares, Inc. - Common Stock",Stock,True,2026-05-08,,,21d73cae8f5333ec85a9
CJMB,NASDAQ,Callan JMB Inc. - Common Stock,Stock,True,2026-05-08,,,ad9cc2b79cced35b2896
CLAR,NASDAQ,Clarus Corporation - Common Stock,Stock,True,2026-05-08,,,558bfcf658b62546ce14
CLBK,NASDAQ,"Columbia Financial, Inc. - Common Stock",Stock,True,2026-05-08,,,70f00892a729a2c02e6c
CLBT,NASDAQ,Cellebrite DI Ltd. - Ordinary Shares,Stock,True,2026-05-08,,,bc8caa8ede6736b6b008
CLDX,NASDAQ,"Celldex Therapeutics, Inc. - Common Stock",Stock,True,2026-05-08,,,f01fe6c30636f8f5bbb4
CLFD,NASDAQ,"Clearfield, Inc. - Common Stock",Stock,True,2026-05-08,,,f380266ffd1ddf25b3f3
CLGN,NASDAQ,CollPlant Biotechnologies Ltd. - Ordinary Shares,Stock,True,2026-05-08,,,d7e29b128efeffdd8448
CLIK,NASDAQ,Click Holdings Limited - Ordinary Share,Stock,True,2026-05-08,,,7c5d816ca5e3a8870323
CLIR,NASDAQ,ClearSign Technologies Corporation - Common Stock,Stock,True,2026-05-08,,,9af1f9ee602c9a259377
CLLS,NASDAQ,Cellectis S.A. - American Depositary Shares,Stock,True,2026-05-08,,,a307588fa1ceba01ff54
CLMB,NASDAQ,"Climb Global Solutions, Inc. - Common Stock",Stock,True,2026-05-08,,,0add245d3e0275a6a39b
CLMT,NASDAQ,"Calumet, Inc - Common Stock",Stock,True,2026-05-08,,,0b8016820b627563b25a
CLNE,NASDAQ,Clean Energy Fuels Corp. - Common Stock,Stock,True,2026-05-08,,,a1306ac2513ea483955c
CLNN,NASDAQ,Clene Inc. - Common Stock,Stock,True,2026-05-08,,,514cc6e623381cc7d549
CLOA,NASDAQ,iShares AAA CLO Active ETF,ETF,True,2026-05-08,,,d452e97b5c4478504dd5
CLOD,NASDAQ,Themes Cloud Computing ETF,ETF,True,2026-05-08,,,66ae4a37bded6f91047f
CLOU,NASDAQ,Global X Cloud Computing ETF,ETF,True,2026-05-08,,,29b7d9e8e961df319eb5
CLOV,NASDAQ,"Clover Health Investments, Corp. - Class A Common stock",Stock,True,2026-05-08,,,80626a299f383c3ce440
CLPS,NASDAQ,CLPS Incorporation - Common Stock,Stock,True,2026-05-08,,,e38acfae1e2622d1c440
CLPT,NASDAQ,ClearPoint Neuro Inc. - Common Stock,Stock,True,2026-05-08,,,0d415d0d3a98bccb88be
CLRB,NASDAQ,"Cellectar Biosciences, Inc. - Common Stock",Stock,True,2026-05-08,,,37150f55184b684c6134
CLRO,NASDAQ,"ClearOne, Inc. - Common Stock",Stock,True,2026-05-08,,,8bef13ea7110f3e3d736
CLSK,NASDAQ,"CleanSpark, Inc. - Common Stock",Stock,True,2026-05-08,,,7da2da1a77b0754a6504
CLSKW,NASDAQ,"CleanSpark, Inc. - Warrant",Stock,True,2026-05-08,,,8adf0c5111e26412ea9b
CLSM,NASDAQ,ETC Cabana Target Leading Sector Moderate ETF,ETF,True,2026-05-08,,,601a409eb1ce48380a64
CLST,NASDAQ,"Catalyst Bancorp, Inc. - common stock",Stock,True,2026-05-08,,,ef6b82d6bb9c71107533
CLWT,NASDAQ,Euro Tech Holdings Company Limited - Ordinary Shares,Stock,True,2026-05-08,,,b7c5b2b0cd7bb474149e
CLYM,NASDAQ,"Climb Bio, Inc. - Common Stock",Stock,True,2026-05-08,,,65442db90c10634fa523
CMBO,NASDAQ,Wayfinder Dynamic U.S. Interest Rate ETF,ETF,True,2026-05-08,,,f3657c86cdff2bf06b13
CMCO,NASDAQ,Columbus McKinnon Corporation - Common Stock,Stock,True,2026-05-08,,,987dc3200c5e4312c931
CMCSA,NASDAQ,Comcast Corporation - Class A Common Stock,Stock,True,2026-05-08,,,c25fcce406d8336dc574
CMCT,NASDAQ,Creative Media - Common Stock,Stock,True,2026-05-08,,,1a7d1ff25f8c5088ba1e
CME,NASDAQ,CME Group Inc. - Class A Common Stock,Stock,True,2026-05-08,,,db4124c114901cea22ab
CMGG,NASDAQ,Leverage Shares 2X Long CMG Daily ETF,ETF,True,2026-05-08,,,578d5a444f1d620d18e9
CMII,NASDAQ,Columbus Circle Capital Corp II - Class A Ordinary Shares,Stock,True,2026-05-08,,,e992e9e1d0321fe5d152
CMIIU,NASDAQ,Columbus Circle Capital Corp II - Unit,Stock,True,2026-05-08,,,e733be82afbdc035e667
CMIIW,NASDAQ,Columbus Circle Capital Corp II - Warrant,Stock,True,2026-05-08,,,674e5ac29e480bc6214e
CMMB,NASDAQ,Chemomab Therapeutics Ltd. - American Depositary Shares,Stock,True,2026-05-08,,,05dc10ce37f68b29d64b
CMND,NASDAQ,Clearmind Medicine Inc. - Common Shares,Stock,True,2026-05-08,,,a8efdc1d9af58de69c74
CMPR,NASDAQ,Cimpress plc - Ordinary Shares,Stock,True,2026-05-08,,,db7cb8384e5b339db785
CMPS,NASDAQ,COMPASS Pathways Plc - American Depository Shares,Stock,True,2026-05-08,,,e8660bbb278a2f7c0a67
CMPX,NASDAQ,"Compass Therapeutics, Inc. - Common Stock",Stock,True,2026-05-08,,,2535b0cfdacb39b022cc
CMRC,NASDAQ,"Commerce.com, Inc. - Series 1 Common Stock",Stock,True,2026-05-08,,,6d7c8dd7c5a47d56d734
CMTL,NASDAQ,Comtech Telecommunications Corp. - Common Stock,Stock,True,2026-05-08,,,3f3bba00fab1f4c5381f
CMTV,NASDAQ,Community Bancorp. - Common stock,Stock,True,2026-05-08,,,9943aecea6f982644de2
CNCG,NASDAQ,Leverage Shares 2X Long CNC Daily ETF,ETF,True,2026-05-08,,,9fa8e6350000358986f5
CNCK,NASDAQ,Coincheck Group N.V. - Ordinary Shares,Stock,True,2026-05-08,,,f57e984c4fbdf211ed28
CNCKW,NASDAQ,Coincheck Group N.V. - Warrants,Stock,True,2026-05-08,,,7a3ac5cab7b543e03ae9
CNDT,NASDAQ,Conduent Incorporated - Common Stock,Stock,True,2026-05-08,,,bb89c68ddd96ee552c35
CNET,NASDAQ,ZW Data Action Technologies Inc. - Common Stock,Stock,True,2026-05-08,,,2e19d1c7d4ce4a992022
CNEY,NASDAQ,CN Energy Group Inc. - Class A Ordinary Shares,Stock,True,2026-05-08,,,b66b74bbbfbda61fd31c
CNOB,NASDAQ,"ConnectOne Bancorp, Inc. - Common Stock",Stock,True,2026-05-08,,,b018923518802cbe2de9
CNOBP,NASDAQ,"ConnectOne Bancorp, Inc. - Depositary Shares (each representing a 1/40th interest in a share of 5.25% Fixed-Rate Reset Non-Cumulative Perpetual Preferred Stock, Series A, par value $0.00 per share)",Stock,True,2026-05-08,,,294793be9884e6c06de4
CNQQ,NASDAQ,Rayliant-ChinaAMC Transformative China Tech ETF,ETF,True,2026-05-08,,,7fa529b4a63749c86c8a
CNSP,NASDAQ,"CNS Pharmaceuticals, Inc. - Common Stock",Stock,True,2026-05-08,,,d19309fbbe536296ff7f
CNTA,NASDAQ,Centessa Pharmaceuticals plc - American Depositary Shares,Stock,False,2026-05-08,2026-06-25,Missing from current NASDAQ source snapshot; reason unavailable,d15c30f895f55598068f
CNTB,NASDAQ,Connect Biopharma Holdings Limited - Ordinary Shares,Stock,True,2026-05-08,,,10562a7825085c113f11
CNTN,NASDAQ,"Canton Strategic Holdings, Inc. - Common Stock",Stock,True,2026-05-08,,,e277aefa4233040beb95
CNTX,NASDAQ,Context Therapeutics Inc. - Common Stock,Stock,True,2026-05-08,,,5a3ecab34c1a387fb788
CNTY,NASDAQ,"Century Casinos, Inc. - Common Stock",Stock,True,2026-05-08,,,07363ff83bde6e6aa81f
CNVS,NASDAQ,Cineverse Corp. - Class A Common Stock,Stock,True,2026-05-08,,,fb0157bcacbc5467a254
CNXC,NASDAQ,Concentrix Corporation - Common Stock,Stock,True,2026-05-08,,,dbf13e9af8b139bc0c87
CNXN,NASDAQ,"PC Connection, Inc. - Common Stock",Stock,True,2026-05-08,,,8eb554c5d68203653937
CNXU,NASDAQ,Conexeu Sciences Inc. - Common Stock,Stock,True,2026-05-21,,,58246aed48cfb0113365
COAG,NASDAQ,"Hemab Therapeutics Holdings, Inc. - Common Stock",Stock,True,2026-05-08,,,70428bc719bb44685b35
COCH,NASDAQ,"Envoy Medical, Inc. - Class A Common Stock",Stock,True,2026-05-08,,,0bb20b6aa12fe61078f7
COCHW,NASDAQ,"Envoy Medical, Inc. - Warrant",Stock,True,2026-05-08,,,794f77012170c74c124a
COCO,NASDAQ,"The Vita Coco Company, Inc. - Common Stock",Stock,True,2026-05-08,,,1dbffab8d6bc3f09dbf2
COCP,NASDAQ,"Cocrystal Pharma, Inc. - Common Stock",Stock,True,2026-05-08,,,216a4eb6602b62225f30
CODA,NASDAQ,"Coda Octopus Group, Inc. - Common stock",Stock,True,2026-05-08,,,72f7cec7633e5f1855cd
CODX,NASDAQ,"Co-Diagnostics, Inc. - Common Stock",Stock,True,2026-05-08,,,f6911c65a76e14b83969
COFS,NASDAQ,"ChoiceOne Financial Services, Inc. - Common Stock",Stock,True,2026-05-08,,,0aefab211b25622bceb0
COGT,NASDAQ,"Cogent Biosciences, Inc. - Common Stock",Stock,True,2026-05-08,,,89a4dbbd42019b6d5add
COHU,NASDAQ,"Cohu, Inc. - Common Stock",Stock,True,2026-05-08,,,de89b91091dda43125fb
COIG,NASDAQ,Leverage Shares 2X Long COIN Daily ETF,ETF,True,2026-05-08,,,f86844af60064c98764f
COIN,NASDAQ,"Coinbase Global, Inc. - Class A Common Stock",Stock,True,2026-05-08,,,1b486a261a86872df08d
COKE,NASDAQ,"Coca-Cola Consolidated, Inc. - Common Stock",Stock,True,2026-05-08,,,d1e888235b6d94d5bfa8
COLA,NASDAQ,Columbus Acquisition Corp - Ordinary Shares,Stock,True,2026-05-08,,,b310d705abbdb65e04ef
COLAR,NASDAQ,Columbus Acquisition Corp - Rights,Stock,True,2026-05-08,,,ab8f94396cead7fe8482
COLAU,NASDAQ,Columbus Acquisition Corp - Unit,Stock,True,2026-05-08,,,daad45792f0d49770602
COLB,NASDAQ,"Columbia Banking System, Inc. - Common Stock",Stock,True,2026-05-08,,,96bdfb758d44016d052d
COLL,NASDAQ,"Collegium Pharmaceutical, Inc. - Common Stock",Stock,True,2026-05-08,,,506b7087296214388e8b
COLM,NASDAQ,Columbia Sportswear Company - Common Stock,Stock,True,2026-05-08,,,f8c61e279249d18374b9
COMT,NASDAQ,iShares GSCI Commodity Dynamic Roll Strategy ETF,ETF,True,2026-05-08,,,2ddf90bf7e8ccd865533
CONI,NASDAQ,GraniteShares 2x Short COIN Daily ETF,ETF,True,2026-05-08,,,0bb9562986f69af9a55c
CONL,NASDAQ,GraniteShares 2x Long COIN Daily ETF,ETF,True,2026-05-08,,,8389054a2472c38665d4
CONX,NASDAQ,Direxion Daily COIN Bull 2X ETF,ETF,True,2026-05-08,,,db819ff8f0761c96e728
COO,NASDAQ,"The Cooper Companies, Inc. - Common Stock",Stock,True,2026-05-08,,,29cce1aaeba82955cfd2
COOT,NASDAQ,Australian Oilseeds Holdings Limited - Ordinary Shares,Stock,True,2026-05-08,,,ba3e24d6bea55d8ab350
COOTW,NASDAQ,Australian Oilseeds Holdings Limited - Warrant,Stock,True,2026-05-08,,,14ed645309f6c1a7b6ef
COPJ,NASDAQ,Sprott Junior Copper Miners ETF,ETF,True,2026-05-08,,,5cf4fcf4f30eed7effa1
COPP,NASDAQ,Sprott Copper Miners ETF,ETF,True,2026-05-08,,,622170965336c664b4e9
CORO,NASDAQ,iShares International Country Rotation Active ETF,ETF,True,2026-05-08,,,b93228b75e5d1dc63718
CORT,NASDAQ,Corcept Therapeutics Incorporated - Common Stock,Stock,True,2026-05-08,,,2b0613fe0917a4018d9f
CORZ,NASDAQ,"Core Scientific, Inc. - Common Stock",Stock,True,2026-05-08,,,ed4f7956d62adc544e70
CORZW,NASDAQ,"Core Scientific, Inc. - Tranche 1 Warrants",Stock,True,2026-05-08,,,d2471e941af229814982
CORZZ,NASDAQ,"Core Scientific, Inc. - Tranche 2 Warrants",Stock,True,2026-05-08,,,77395b88ef8ac40ebcf2
COSM,NASDAQ,Cosmos Health Inc. - Common Stock,Stock,True,2026-05-08,,,b81ce4da936c292a2a2c
COST,NASDAQ,Costco Wholesale Corporation - Common Stock,Stock,True,2026-05-08,,,100727ddab4742dcd2ae
COTG,NASDAQ,Leverage Shares 2X Long COST Daily ETF,ETF,True,2026-05-08,,,84437e246be23ce6cfaa
COWG,NASDAQ,Pacer US Large Cap Cash Cows Growth Leaders ETF,ETF,True,2026-05-08,,,186d0b98d11ebb1bb717
COWS,NASDAQ,Amplify Cash Flow Dividend Leaders ETF,ETF,True,2026-05-08,,,ae9ae2323f94f3a94696
COYA,NASDAQ,"Coya Therapeutics, Inc. - Common Stock",Stock,True,2026-05-08,,,43ec2bcdc0c6a6bffa42
COYY,NASDAQ,GraniteShares YieldBOOST COIN ETF,ETF,True,2026-05-08,,,47d475769b8d11813e79
CPAG,NASDAQ,F/m Compoundr U.S. Aggregate Bond ETF,ETF,True,2026-05-08,,,cb7e98d2b919d7d146d3
CPB,NASDAQ,The Campbell's Company - Common Stock,Stock,True,2026-05-08,,,aa2196a545c906f649a4
CPBI,NASDAQ,"Central Plains Bancshares, Inc. - Common Stock",Stock,True,2026-05-08,,,a5f51b67729c80cfd6b2
CPHC,NASDAQ,Canterbury Park Holding Corporation - Common Stock,Stock,True,2026-05-08,,,e8f1ef6a5ffefdce36d1
CPHY,NASDAQ,F/m Compoundr High Yield Bond ETF,ETF,True,2026-05-08,,,d7232f98fd1b4288a3a2
CPIX,NASDAQ,Cumberland Pharmaceuticals Inc. - Common Stock,Stock,True,2026-05-08,,,64b26a305639191f01f9
CPLS,NASDAQ,AB Core Plus Bond ETF,ETF,True,2026-05-08,,,36c1988f35e0f950cb4f
CPOP,NASDAQ,"Pop Culture Group Co., Ltd - Class A Ordinary Shares",Stock,True,2026-05-08,,,9a3d797de838bc036552
CPRT,NASDAQ,"Copart, Inc. - Common Stock",Stock,True,2026-05-08,,,d3747635bc272aef9b11
CPRX,NASDAQ,"Catalyst Pharmaceuticals, Inc. - Common Stock",Stock,False,2026-05-08,2026-07-16,Missing from current NASDAQ source snapshot; reason unavailable,a7990048cb9bfac62dd6
CPSH,NASDAQ,CPS Technologies Corp. - Common Stock,Stock,True,2026-05-08,,,88efd7a3ef1e972df23d
CPSS,NASDAQ,"Consumer Portfolio Services, Inc. - Common Stock",Stock,True,2026-05-08,,,44e3b56195e65c2f88d3
CPTL,NASDAQ,Global X Morningstar Capital Allocation Leaders ETF,ETF,True,2026-07-22,,,56ed8c9dae9099563255
CPZ,NASDAQ,Calamos Long/Short Equity & Dynamic Income Trust - Closed End Fund,Stock,True,2026-05-08,,,ce993648f27c3f5d082d
CRAC,NASDAQ,Crown Reserve Acquisition Corp. I - Class A Ordinary Shares,Stock,True,2026-05-08,,,d33cb5033722d34fcf0b
CRACR,NASDAQ,Crown Reserve Acquisition Corp. I - Rights,Stock,True,2026-05-08,,,badd40f81eb5415e4a6b
CRACU,NASDAQ,Crown Reserve Acquisition Corp. I - Unit,Stock,True,2026-05-08,,,6491f767bf3838c06950
CRACW,NASDAQ,Crown Reserve Acquisition Corp. I - Warrant,Stock,True,2026-05-08,,,ebf055ca1cd19ccbf6c4
CRAI,NASDAQ,"CRA International,Inc. - Common Stock",Stock,True,2026-05-08,,,45a6e173061271ccd05e
CRAN,NASDAQ,Crane Harbor Acquisition Corp. II - Class A Ordinary Shares,Stock,True,2026-05-08,,,a06657eef5aed9694bc9
CRANR,NASDAQ,Crane Harbor Acquisition Corp. II - Rights,Stock,True,2026-05-08,,,bdb5ea2e69b4b94c101a
CRANU,NASDAQ,Crane Harbor Acquisition Corp. II - Units,Stock,True,2026-05-08,,,c1e05a704810e5629f06
CRAQ,NASDAQ,Cal Redwood Acquisition Corp. - Class A Ordinary Shares,Stock,True,2026-05-08,,,d339f08f1b7330632a57
CRAQR,NASDAQ,Cal Redwood Acquisition Corp. - Right,Stock,True,2026-05-08,,,2f586b04eaac1e2395c3
CRAQU,NASDAQ,Cal Redwood Acquisition Corp. - Units,Stock,True,2026-05-08,,,c74b64807077a0e164dd
CRBP,NASDAQ,"Corbus Pharmaceuticals Holdings, Inc. - Common Stock",Stock,True,2026-05-08,,,5d09dd7b504d074dd0f8
CRBU,NASDAQ,"Caribou Biosciences, Inc. - Common Stock",Stock,True,2026-05-08,,,dbeab0b12906a4ef51c0
CRCG,NASDAQ,Leverage Shares 2X Long CRCL Daily ETF,ETF,True,2026-05-08,,,fa9da8f4b813500d78bd
CRCT,NASDAQ,"Cricut, Inc. - Class A common stock",Stock,True,2026-05-08,,,e4572dcb4b0560e756ec
CRDF,NASDAQ,"Cardiff Oncology, Inc. - Common Stock",Stock,True,2026-05-08,,,d32cb2c9932a4f19bed9
CRDL,NASDAQ,Cardiol Therapeutics Inc. - Class A Common Shares,Stock,True,2026-05-08,,,3a1a6ebf81bad9404246
CRDO,NASDAQ,Credo Technology Group Holding Ltd - Ordinary Shares,Stock,True,2026-05-08,,,502c25b8bb7be3ed608e
CRE,NASDAQ,Cre8 Enterprise Limited - Class A Ordinary Shares,Stock,True,2026-05-08,,,ca4f1f7b845376f85e7b
CREG,NASDAQ,Smart Powerr Corp. - Common Stock,Stock,False,2026-05-08,2026-07-21,Missing from current NASDAQ source snapshot; reason unavailable,2054f084c3866437df8d
CRESY,NASDAQ,"Cresud S.A.C.I.F. y A. - American Depositary Shares, each representing ten shares of Common Stock",Stock,True,2026-05-08,,,9c8793c3df791f8cd5e5
CREX,NASDAQ,"Creative Realities, Inc. - Common Stock",Stock,True,2026-05-08,,,09e799bb88c44719d1fa
CRGO,NASDAQ,Freightos Limited - Ordinary shares,Stock,True,2026-05-08,,,acb1c7d24226b51e8bfa
CRGOW,NASDAQ,Freightos Limited - Warrants,Stock,True,2026-05-08,,,7a9f71c61547f82ce015
CRIS,NASDAQ,"Curis, Inc. - Common Stock",Stock,True,2026-05-08,,,2489a50d0bab06d41e79
CRMD,NASDAQ,CorMedix Inc. - Common Stock,Stock,True,2026-05-08,,,9ce89da6a84ffd87c66e
CRMG,NASDAQ,Leverage Shares 2X Long CRM Daily ETF,ETF,True,2026-05-08,,,d6cb431600e67e01ed36
CRML,NASDAQ,Critical Metals Corp. - Ordinary Shares,Stock,True,2026-05-08,,,3597844ec1257d362787
CRMLW,NASDAQ,Critical Metals Corp. - Warrants,Stock,True,2026-05-08,,,661e93ae8285e92f2226
CRMT,NASDAQ,"America's Car-Mart, Inc. - Common Stock",Stock,True,2026-05-08,,,055330cf5d79c302dfa0
CRMU,NASDAQ,Leverage Shares 2x Long CRML Daily ETF,ETF,True,2026-05-08,,,cb644ec86ec09b4032f0
CRNC,NASDAQ,Cerence Inc. - Common Stock,Stock,True,2026-05-08,,,4a74eaa5392ad0d1fbd5
CRNT,NASDAQ,Ceragon Networks Ltd. - Ordinary Shares,Stock,True,2026-05-08,,,44ca06acb4c5c010b37c
CRNX,NASDAQ,"Crinetics Pharmaceuticals, Inc. - Common Stock",Stock,True,2026-05-08,,,59ac99b12dc7bd66c0af
CRON,NASDAQ,Cronos Group Inc. - Common Share,Stock,True,2026-05-08,,,5c9cec440af44b172fbc
CROX,NASDAQ,"Crocs, Inc. - Common Stock",Stock,True,2026-05-08,,,4581880f58d707779cae
CRSP,NASDAQ,CRISPR Therapeutics AG - Common Shares,Stock,True,2026-05-08,,,12ae49bb968b10c463a6
CRSR,NASDAQ,"Corsair Gaming, Inc. - Common Stock",Stock,True,2026-05-08,,,830b1ef4c208f82ab25f
CRTO,NASDAQ,Criteo S.A. - American Depositary Shares,Stock,True,2026-05-08,,,9a3790c17ac0e7d85cde
CRUS,NASDAQ,"Cirrus Logic, Inc. - Common Stock",Stock,True,2026-05-08,,,58dcb98e60bb182e9e87
CRVL,NASDAQ,CorVel Corp. - Common Stock,Stock,True,2026-05-08,,,eb8ab67a159fa8183258
CRVO,NASDAQ,CervoMed Inc. - Common Stock,Stock,True,2026-05-08,,,c88bcb0ccd7e63cd3c89
CRVS,NASDAQ,"Corvus Pharmaceuticals, Inc. - Common Stock",Stock,True,2026-05-08,,,ffd41be877f8a91b8072
CRWD,NASDAQ,"CrowdStrike Holdings, Inc. - Class A Common Stock",Stock,True,2026-05-08,,,df971a3536b90a25ad55
CRWG,NASDAQ,Leverage Shares 2X Long CRWV Daily ETF,ETF,True,2026-05-08,,,2e45fc9fe74c712186d1
CRWL,NASDAQ,GraniteShares 2x Long CRWD Daily ETF,ETF,True,2026-05-08,,,630708d7648372495ece
CRWS,NASDAQ,"Crown Crafts, Inc. - Common Stock",Stock,True,2026-05-08,,,1ab4a0676922cef6efd2
CRWV,NASDAQ,"CoreWeave, Inc. - Class A Common Stock",Stock,True,2026-05-08,,,5b861ea1f6812023ace2
CRY,NASDAQ,GraniteShares YieldBOOST CRCL ETF,ETF,True,2026-05-08,,,2347718b5e898117da20
CSAI,NASDAQ,"Cloudastructure, Inc. - Class A Common Stock",Stock,True,2026-05-08,,,b2e3f14fd804f1b266af
CSB,NASDAQ,VictoryShares US Small Cap High Div Volatility Wtd ETF,ETF,True,2026-05-08,,,fcaa6479d8012e978da4
CSBR,NASDAQ,"Champions Oncology, Inc. - Common Stock",Stock,True,2026-05-08,,,01ca3dafe9f6fe15f37a
CSCL,NASDAQ,Direxion Daily CSCO Bull 2X ETF,ETF,True,2026-05-08,,,ef558d554a0949db6535
CSCO,NASDAQ,"Cisco Systems, Inc. - Common Stock",Stock,True,2026-05-08,,,6af11e5a134e83072779
CSCS,NASDAQ,Direxion Daily CSCO Bear 1X ETF,ETF,True,2026-05-08,,,b57dfedc8aea5b2c8c55
CSEN,NASDAQ,Cohen & Steers Future of Energy Active ETF,ETF,True,2026-06-15,,,76c3d9f2c02a0a3036e2
CSGP,NASDAQ,"CoStar Group, Inc. - Common Stock",Stock,True,2026-05-08,,,f88c7c543e1b14755858
CSGS,NASDAQ,"CSG Systems International, Inc. - Common Stock",Stock,False,2026-05-08,2026-05-15,Missing from current NASDAQ source snapshot; reason unavailable,92f21c8218637ccef391
CSHR,NASDAQ,CoinShares PLC - Ordinary Shares,Stock,True,2026-05-08,,,0f19e5fe9615698c6caa
CSHRW,NASDAQ,CoinShares PLC - Warrants,Stock,True,2026-05-08,,,d0c5ebaa674d4a69af83
CSIQ,NASDAQ,Canadian Solar Inc. - Common Shares,Stock,True,2026-05-08,,,b73270de41e152059ca4
CSPI,NASDAQ,CSP Inc. - Common Stock,Stock,True,2026-05-08,,,523a07a958f88c82e550
CSQ,NASDAQ,Calamos Strategic Total Return Fund - Closed End Fund,Stock,True,2026-05-08,,,cd4e48099d67ea4c7d0c
CSTE,NASDAQ,Caesarstone Ltd. - Ordinary Shares,Stock,True,2026-05-08,,,d1f41409225aa158d894
CSTL,NASDAQ,"Castle Biosciences, Inc. - Common stock",Stock,True,2026-05-08,,,ac2f872ff8b2a8304968
CSWC,NASDAQ,Capital Southwest Corporation - Common Stock,Stock,True,2026-05-08,,,c89c334ac171254521f0
CSX,NASDAQ,CSX Corporation - Common Stock,Stock,True,2026-05-08,,,2357507ed6227f8e621f
CTAA,NASDAQ,ClearThink 1 Acquisition Corp. - Class A Ordinary Shares,Stock,True,2026-05-08,,,1f78131b76a2371ca471
CTAAR,NASDAQ,ClearThink 1 Acquisition Corp. - Rights,Stock,True,2026-05-08,,,f12ed61214476d86f5ab
CTAAU,NASDAQ,ClearThink 1 Acquisition Corp. - Units,Stock,True,2026-05-08,,,7a4ad545dd076610f07a
CTAS,NASDAQ,Cintas Corporation - Common Stock,Stock,True,2026-05-08,,,0f2402b86d06c1d69de5
CTBI,NASDAQ,"Community Trust Bancorp, Inc. - Common Stock",Stock,True,2026-05-08,,,c2221295d2ae8cccfaca
CTEC,NASDAQ,Global X ClimateTech ETF,ETF,True,2026-05-08,,,b2da252df2fe4f41a5de
CTKB,NASDAQ,"Cytek Biosciences, Inc. - Common Stock",Stock,True,2026-05-08,,,7217fecbc03ffd11992f
CTLP,NASDAQ,"Cantaloupe, Inc. - Common Stock",Stock,False,2026-05-08,2026-05-11,Missing from current NASDAQ source snapshot; reason unavailable,ca36e6098124c3daecf0
CTMX,NASDAQ,"CytomX Therapeutics, Inc. - Common Stock",Stock,True,2026-05-08,,,4e3bf94af19ffddd9f0c
CTNM,NASDAQ,"Contineum Therapeutics, Inc. - Common stock",Stock,True,2026-05-08,,,5d7577d1aef19c97f154
CTNT,NASDAQ,Cheetah Net Supply Chain Service Inc. - Class A Common Stock,Stock,True,2026-05-08,,,5ba9ba45aadaeb8f682d
CTOR,NASDAQ,"Citius Oncology, Inc. - Common Stock",Stock,True,2026-05-08,,,d739a68088a7a808cb3d
CTRM,NASDAQ,Castor Maritime Inc. - Common Shares,Stock,True,2026-05-08,,,c14a48af8f60bffaaa29
CTRN,NASDAQ,"Citi Trends, Inc. - Common Stock",Stock,True,2026-05-08,,,910c64dd13d090830c5b
CTSH,NASDAQ,Cognizant Technology Solutions Corporation - Class A Common Stock,Stock,True,2026-05-08,,,60d0d25b7433198889df
CTSO,NASDAQ,Cytosorbents Corporation - Common Stock,Stock,True,2026-05-08,,,34ff771b0750758bf554
CTW,NASDAQ,CTW Cayman - Class A Ordinary Shares,Stock,False,2026-05-08,2026-05-13,Listing metadata changed,f58640b62eab552b2c25
CTW,NASDAQ,CTW - Class A Ordinary Shares,Stock,True,2026-05-13,,,a6b4856e557a5d282034
CTXR,NASDAQ,"Citius Pharmaceuticals, Inc. - Common Stock",Stock,True,2026-05-08,,,3b966f7834fa3946dd64
CUB,NASDAQ,Lionheart Holdings - Class A Ordinary Shares,Stock,True,2026-05-08,,,d6b2078d894ec138fb6a
CUBWU,NASDAQ,Lionheart Holdings - Unit,Stock,True,2026-05-08,,,be3e18800ec28518cad6
CUBWW,NASDAQ,Lionheart Holdings - Warrant,Stock,True,2026-05-08,,,031161f78b463ca19098
CUE,NASDAQ,"Cue Biopharma, Inc. - Common Stock",Stock,True,2026-05-08,,,54aa910acfa6f671483a
CULP,NASDAQ,"Culp, Inc. - Common Shares",Stock,True,2026-05-08,,,676ecf6d2653a93f39f9
CUPR,NASDAQ,Cuprina Holdings (Cayman) Limited - Ordinary shares,Stock,False,2026-05-08,2026-05-26,Listing metadata changed,377a826b6b7f58a774e4
CUPR,NASDAQ,Cuprina Holdings (Cayman) Limited - Class A Ordinary shares,Stock,True,2026-05-26,,,9b6a6828e255a97f8995
CURI,NASDAQ,CuriosityStream Inc. - Class A Common Stock,Stock,True,2026-05-08,,,f3cb6f1efaeb34fe47d9
CURR,NASDAQ,Currenc Group Inc. - Ordinary Shares,Stock,True,2026-05-08,,,2bca661180f521dd2553
CURX,NASDAQ,Curanex Pharmaceuticals Inc - Common Stock,Stock,True,2026-05-08,,,d184553abb1ee787affb
CUSD,NASDAQ,CrossingBridge Ultra-Short Duration ETF,ETF,False,2026-05-08,2026-07-14,Missing from current NASDAQ source snapshot; reason unavailable,f8fec58701b7c38c0a0b
CUVL,NASDAQ,Clinuvel Pharmaceuticals Limited - American Depositary Shares,Stock,True,2026-07-20,,,de6a8d67a75dc6f1beea
CV,NASDAQ,"CapsoVision, Inc. - Common Stock",Stock,True,2026-05-08,,,f1dcbc8d604bb8ea8448
CVBF,NASDAQ,CVB Financial Corporation - Common Stock,Stock,True,2026-05-08,,,4b8410d848adbfdbbd65
CVCO,NASDAQ,"Cavco Industries, Inc. - Common Stock",Stock,True,2026-05-08,,,63a7052b4f8b3cf4c3b1
CVGI,NASDAQ,"Commercial Vehicle Group, Inc. - Common Stock",Stock,True,2026-05-08,,,9d36d20c9ac60c5c71a1
CVGW,NASDAQ,"Calavo Growers, Inc. - Common Stock",Stock,False,2026-05-08,2026-05-29,Missing from current NASDAQ source snapshot; reason unavailable,2edbe7f117ba109b41d4
CVKD,NASDAQ,"Cadrenal Therapeutics, Inc. - Common Stock",Stock,True,2026-05-08,,,a68b588191919e3ee5f9
CVLT,NASDAQ,"Commvault Systems, Inc. - Common Stock",Stock,True,2026-05-08,,,60c2f218baf2317dd950
CVNX,NASDAQ,Defiance Daily Target 2X Long CVNA ETF,ETF,False,2026-05-08,2026-06-09,Missing from current NASDAQ source snapshot; reason unavailable,5341b0b20de242035380
CVRX,NASDAQ,"CVRx, Inc. - Common Stock",Stock,True,2026-05-08,,,304eee653d7a9a45eadd
CVV,NASDAQ,CVD Equipment Corporation - Common Stock,Stock,True,2026-05-08,,,695f190e6d79e55e7a4f
CWBC,NASDAQ,Community West Bancshares - Common Stock,Stock,True,2026-05-08,,,53aca712a116db5f6b5f
CWCO,NASDAQ,Consolidated Water Co. Ltd. - Ordinary Shares,Stock,True,2026-05-08,,,1c69f7a3f94420b4656c
CWD,NASDAQ,CaliberCos Inc. - Class A Common Stock,Stock,True,2026-05-08,,,7e82b4106df455d58ffa
CWST,NASDAQ,"Casella Waste Systems, Inc. - Class A Common Stock",Stock,True,2026-05-08,,,6ff2e4d8e91e1061a9eb
CWY,NASDAQ,GraniteShares YieldBOOST CRWV ETF,ETF,True,2026-05-08,,,b28751b10b7614754a41
CXAI,NASDAQ,CXApp Inc. - Class A Common Stock,Stock,True,2026-05-08,,,ba93eec1c023fe10460e
CXAIW,NASDAQ,CXApp Inc. - Warrant,Stock,True,2026-05-08,,,7609e0ed30187c76d543
CXDO,NASDAQ,"Crexendo, Inc. - Common Stock",Stock,True,2026-05-08,,,779190732bb9898dba0a
CXII,NASDAQ,Churchill Capital Corp XII - Class A Ordinary Shares,Stock,True,2026-06-17,,,7eb18faec124797080f8
CXIIU,NASDAQ,Churchill Capital Corp XII - Units,Stock,True,2026-05-08,,,ec88d1584ca7ccf82170
CXIIW,NASDAQ,Churchill Capital Corp XII - Warrants,Stock,True,2026-06-17,,,7f58d7b25a70fce49671
CXSE,NASDAQ,WisdomTree China ex-State-Owned Enterprises Fund,ETF,True,2026-05-08,,,80f9f6dd56e8e7f8c08b
CYAB,NASDAQ,"Cyabra, Inc. - Common Stock",Stock,True,2026-05-08,,,45bef1f97d35725ee6f8
CYCN,NASDAQ,"Cyclerion Therapeutics, Inc. - Common Stock",Stock,True,2026-05-08,,,b19d2184cf0f8e477ce8
CYCU,NASDAQ,"Cycurion, Inc. - Common Stock",Stock,True,2026-05-08,,,c1a74c75cb889295d438
CYCUW,NASDAQ,"Cycurion, Inc. - Warrants",Stock,True,2026-05-08,,,1db0d2ddb0697e56145a
CYN,NASDAQ,Cyngn Inc. - Common stock,Stock,True,2026-05-08,,,3f0330709a81e24f8db2
CYPH,NASDAQ,Cypherpunk Technologies Inc. - Common Stock,Stock,True,2026-05-08,,,f73683ed74c28d4a9b80
CYRX,NASDAQ,"CryoPort, Inc. - Common Stock",Stock,True,2026-05-08,,,008eac12571512add049
CYTK,NASDAQ,"Cytokinetics, Incorporated - Common Stock",Stock,True,2026-05-08,,,8cc9422058aa7e8da5ae
CZAR,NASDAQ,Themes Natural Monopoly ETF,ETF,True,2026-05-08,,,4edc01805197eb2a0179
CZFS,NASDAQ,"Citizens Financial Services, Inc. - Common Stock",Stock,True,2026-05-08,,,a03675b4ceb0e01cb0ac
CZNC,NASDAQ,Citizens & Northern Corp - Common Stock,Stock,True,2026-05-08,,,a3593dafe8354d077625
CZR,NASDAQ,"Caesars Entertainment, Inc. - Common Stock",Stock,True,2026-05-08,,,a47f2a316269c7d8dd64
CZWI,NASDAQ,"Citizens Community Bancorp, Inc. - Common Stock",Stock,True,2026-05-08,,,4ffc6bbc157a8385ed5e
DAAQ,NASDAQ,Digital Asset Acquisition Corp. - Class A Ordinary shares,Stock,True,2026-05-08,,,03c492331f2885308f29
DAAQU,NASDAQ,Digital Asset Acquisition Corp. - Units,Stock,True,2026-05-08,,,57d3f66646619e35f3fb
DAAQW,NASDAQ,Digital Asset Acquisition Corp. - Warrant,Stock,True,2026-05-08,,,dcaf36d610a1e78df9ee
DADS,NASDAQ,Digital Asset Debt Strategy ETF,ETF,True,2026-05-08,,,a7b4aee8fcdf009332a2
DAIC,NASDAQ,"CID HoldCo, Inc. - Common Stock",Stock,True,2026-05-08,,,01d1280ecb9ff74a5665
DAICW,NASDAQ,"CID HoldCo, Inc. - Warrants",Stock,True,2026-05-08,,,baa2c8b05347ec6b7da1
DAIO,NASDAQ,Data I/O Corporation - Common Stock,Stock,True,2026-05-08,,,a8b964664855b2bf07cd
DAK,NASDAQ,Dakota Active Equity ETF,ETF,True,2026-05-08,,,a9ca4e1ebe23a67c86e9
DAKT,NASDAQ,"Daktronics, Inc. - Common Stock",Stock,True,2026-05-08,,,76512b371a6ef4066eca
DALI,NASDAQ,First Trust Dorsey Wright DALI Equity ETF,ETF,True,2026-05-08,,,9560adc6ab6a34fad031
DAPP,NASDAQ,VanEck Digital Transformation ETF,ETF,True,2026-05-08,,,2073387920eaf3c0058c
DARE,NASDAQ,"Dare Bioscience, Inc. - Common Stock",Stock,True,2026-05-08,,,1229a0c31e2c8142c3de
DASH,NASDAQ,"DoorDash, Inc. - Common Stock",Stock,True,2026-05-08,,,78c88c7e6e2c6279742d
DAVE,NASDAQ,Dave Inc. - Class A Common Stock,Stock,True,2026-05-08,,,0cac498993204105e9a9
DAVEW,NASDAQ,Dave Inc. - Warrants,Stock,True,2026-05-08,,,c5c719bf94b10c40b889
DAX,NASDAQ,Global X DAX Germany ETF,ETF,True,2026-05-08,,,87e0bf9d5185f49f482e
DBCA,NASDAQ,D. Boral Acquisition I Corp. - Class A Ordinary Shares,Stock,True,2026-05-08,,,c52244d822da5a919d7f
DBCAU,NASDAQ,D. Boral Acquisition I Corp. - Unit,Stock,True,2026-05-08,,,b11024b454202411fef4
DBCAW,NASDAQ,D. Boral Acquisition I Corp. - Warrants,Stock,True,2026-05-08,,,62a2cd8090372cc40953
DBGI,NASDAQ,"Digital Brands Group, Inc. - Common Stock",Stock,True,2026-05-08,,,34c46659f960e1e6f34f
DBVT,NASDAQ,DBV Technologies S.A. - American Depositary Shares,Stock,True,2026-05-08,,,8ad4f98dc9fc2b24a251
DBX,NASDAQ,"Dropbox, Inc. - Class A Common Stock",Stock,True,2026-05-08,,,e5356822909f1d7daeb2
DCBO,NASDAQ,Docebo Inc. - Common Shares,Stock,True,2026-05-08,,,664ccbc476d261df75ae
DCGO,NASDAQ,DocGo Inc. - Common Stock,Stock,True,2026-05-08,,,2e0e9f6fa7c2f614ea39
DCOY,NASDAQ,Decoy Therapeutics Inc. - Common Stock,Stock,True,2026-05-08,,,f0aacc5c1ce665cad762
DCTH,NASDAQ,"Delcath Systems, Inc. - Common Stock",Stock,True,2026-05-08,,,7e93164a4d92deea7a20
DCX,NASDAQ,Digital Currency X Technology Inc. - Class A Ordinary Shares,Stock,True,2026-05-08,,,923b591fd11205a3b36a
DDI,NASDAQ,"DoubleDown Interactive Co., Ltd. - American Depository Shares",Stock,True,2026-05-08,,,8e59eca5ca697e15ad03
DDIV,NASDAQ,First Trust Dorsey Wright Momentum & Dividend ETF,ETF,True,2026-05-08,,,5403d34918262b71f598
DDOG,NASDAQ,"Datadog, Inc. - Class A Common Stock",Stock,True,2026-05-08,,,9796980df3c5545e63aa
DECO,NASDAQ,State Street Galaxy Digital Asset Ecosystem ETF,ETF,True,2026-05-08,,,87fc5981cce228d5e82b
DEFT,NASDAQ,"Defi Technologies, Inc. - Common Stock",Stock,True,2026-05-08,,,e6f381e8f1a3f36e446f
DEMZ,NASDAQ,Democratic Large Cap Core ETF,ETF,True,2026-05-08,,,86346cab257802f3d3f9
DERM,NASDAQ,Journey Medical Corporation - Common Stock,Stock,True,2026-05-08,,,3917c0ee984c84def695
DETX,NASDAQ,"Liberty Defense Holdings, Ltd. - Common Shares",Stock,True,2026-05-08,,,c635d230019e66fa3022
DEVS,NASDAQ,DevvStream Corp. - Common Stock,Stock,False,2026-05-08,2026-06-24,Missing from current NASDAQ source snapshot; reason unavailable,cad1cc242fa614cf3ec1
DFDV,NASDAQ,DeFi Development Corp. - Common Stock,Stock,True,2026-05-08,,,9a0a4d4d5f1150e55b9b
DFDVW,NASDAQ,DeFi Development Corp. - Warrant,Stock,True,2026-05-08,,,4b184eb8475dfce7c279
DFGP,NASDAQ,Dimensional Global Core Plus Fixed Income ETF,ETF,True,2026-05-08,,,1c767c4b7edb6e847356
DFGX,NASDAQ,Dimensional International Core Fixed Income ETF,ETF,True,2026-05-08,,,20001b8bfd7c045bd7d0
DFLI,NASDAQ,Dragonfly Energy Holdings Corp - Common Stock,Stock,True,2026-05-08,,,ad78ba58a345f172535f
DFLIW,NASDAQ,Dragonfly Energy Holdings Corp - Warrant,Stock,True,2026-05-08,,,4333383a4a84e9eb5b38
DFNS,NASDAQ,T3 Defense Inc. - Common Stock,Stock,True,2026-05-08,,,70baaaec74fcc8057281
DFNSW,NASDAQ,T3 Defense Inc. - Warrants,Stock,True,2026-05-08,,,e7cc8156340b22e639a3
DFSC,NASDAQ,"DEFSEC Technologies Inc. - common stock, no R/S concurrent with offering",Stock,True,2026-05-08,,,848f28f5c4c75a902fbd
DFSCW,NASDAQ,DEFSEC Technologies Inc. - warrant,Stock,True,2026-05-08,,,62ce852265237a3c478f
DFTX,NASDAQ,"Definium Therapeutics, Inc. - Common Shares",Stock,True,2026-05-08,,,9544424f8363fbc33104
DGCB,NASDAQ,Dimensional Global Credit ETF,ETF,True,2026-05-08,,,4a7ef9605f0cb024e455
DGICA,NASDAQ,"Donegal Group, Inc. - Class A Common Stock",Stock,True,2026-05-08,,,dbf573ae24f7d85e0ed3
DGICB,NASDAQ,"Donegal Group, Inc. - Class B Common Stock",Stock,True,2026-05-08,,,f6cff5bbfce508c9929d
DGII,NASDAQ,Digi International Inc. - Common Stock,Stock,True,2026-05-08,,,ffb7292218aeef47002e
DGLO,NASDAQ,First Trust RBA Deglobalization ETF,ETF,True,2026-05-08,,,1806684faf249377bcd3
DGNX,NASDAQ,Diginex Limited - Ordinary Shares,Stock,True,2026-05-08,,,b029965c1c0f4347a4fd
DGRE,NASDAQ,WisdomTree Emerging Markets Quality Dividend Growth Fund,ETF,True,2026-05-08,,,5352cd5dd6a78edce681
DGRS,NASDAQ,WisdomTree U.S. SmallCap Quality Dividend Growth Fund,ETF,True,2026-05-08,,,d6a55d5993022142c7b4
DGRW,NASDAQ,WisdomTree U.S. Quality Dividend Growth Fund,ETF,True,2026-05-08,,,f80254b8c8ea44957535
DGXX,NASDAQ,Digi Power X Inc. - Common Subordinate Voting Shares,Stock,True,2026-05-08,,,5ac251f974ef7db66471
DH,NASDAQ,Definitive Healthcare Corp. - Class A Common Stock,Stock,True,2026-05-08,,,c7ee9a758c70a328c49b
DHC,NASDAQ,Diversified Healthcare Trust - Common Shares of Beneficial Interest,Stock,True,2026-05-08,,,a79aa3ae4d2d55550198
DHCNI,NASDAQ,Diversified Healthcare Trust - 5.625% Senior Notes due 2042,Stock,True,2026-05-08,,,20803808e49e16d3d2f7
DHCNL,NASDAQ,Diversified Healthcare Trust - 6.25% Senior Notes Due 2046,Stock,True,2026-05-08,,,1de93446337ab69af0df
DIBS,NASDAQ,"1stdibs.com, Inc. - Common Stock",Stock,True,2026-05-08,,,94ce4b87a1326c9f9e34
DIME,NASDAQ,CoinShares Altcoins ETF,ETF,True,2026-05-08,,,0c51f8544b746198813e
DINE,NASDAQ,Simplify Tax Aware Diversified Income Strategy ETF,ETF,True,2026-05-08,,,300447740315687ce552
DIOD,NASDAQ,Diodes Incorporated - Common Stock,Stock,True,2026-05-08,,,8037142d3880f7e9e089
DIVD,NASDAQ,Altrius Global Dividend ETF,ETF,True,2026-05-08,,,bdce567892831849e58f
DJCO,NASDAQ,Daily Journal Corp. (S.C.) - Common Stock,Stock,True,2026-05-08,,,91a43e57a006342e46ea
DJT,NASDAQ,Trump Media & Technology Group Corp. - Common Stock,Stock,True,2026-05-08,,,ae2701ab65208cf3a7a2
DJTWW,NASDAQ,Trump Media & Technology Group Corp. - Warrants,Stock,True,2026-05-08,,,b8a7eea8721cc1b5e87b
DKI,NASDAQ,DarkIris Inc. - Class A Ordinary Shares,Stock,True,2026-05-08,,,5a3725ec0a0d59e4ad87
DKNG,NASDAQ,DraftKings Inc. - Class A Common Stock,Stock,True,2026-05-08,,,5a625ffa07b81d31719c
DKNX,NASDAQ,Defiance Daily Target 2X Long DKNG ETF,ETF,True,2026-05-08,,,93e2c16f6c41dc2d27e9
DLHC,NASDAQ,DLH Holdings Corp. - Common Stock,Stock,True,2026-05-08,,,8121d84d23e8a9ccf804
DLLL,NASDAQ,GraniteShares 2x Long DELL Daily ETF,ETF,True,2026-05-08,,,a5f05a4c3ab95de9011d
DLO,NASDAQ,DLocal Limited - Class A Common Shares,Stock,True,2026-05-08,,,3e805599a574549347db
DLPN,NASDAQ,"Dolphin Entertainment, Inc. - Common Stock",Stock,True,2026-05-08,,,8b619f9869fb7ba43d9b
DLTH,NASDAQ,Duluth Holdings Inc. - Class B Common Stock,Stock,True,2026-05-08,,,c94a1bb94f612951f555
DLTR,NASDAQ,"Dollar Tree, Inc. - Common Stock",Stock,True,2026-05-08,,,6481bf707783db731554
DLXY,NASDAQ,Delixy Holdings Limited - Class A Ordinary Shares,Stock,True,2026-05-08,,,390b2631e86924a0a948
DMAA,NASDAQ,Drugs Made In America Acquisition Corp. - Ordinary Shares,Stock,True,2026-05-08,,,08cddad0dd28f2505151
DMAAR,NASDAQ,Drugs Made In America Acquisition Corp. - Rights,Stock,True,2026-05-08,,,5cb6fbd29a7658935237
DMAAU,NASDAQ,Drugs Made In America Acquisition Corp. - Units,Stock,True,2026-05-08,,,e93fd45caa352c54cc2f
DMAC,NASDAQ,DiaMedica Therapeutics Inc. - Common Stock,Stock,True,2026-05-08,,,e3cefbceac64b0aeb52f
DMII,NASDAQ,Drugs Made In America Acquisition II Corp. - Ordinary Shares,Stock,True,2026-05-08,,,ba0956725cde52824fd5
DMIIR,NASDAQ,Drugs Made In America Acquisition II Corp. - Right,Stock,True,2026-05-08,,,451d05d757d98f192dc5
DMIIU,NASDAQ,Drugs Made In America Acquisition II Corp. - Unit,Stock,True,2026-05-08,,,a275e06bba3990f3983b
DMLP,NASDAQ,"Dorchester Minerals, L.P. - Common Units Representing Limited Partnership Interests",Stock,True,2026-05-08,,,2fea1f07948c67d0e736
DMRA,NASDAQ,"Damora Therapeutics, Inc. - Common Stock",Stock,False,2026-05-08,2026-07-20,Listing metadata changed,9f8213488a221b8015b0
DMRA,NASDAQ,"Damora Therapeutics, Inc. - Ordinary Shares",Stock,True,2026-07-20,,,89c155d8068aa773b862
DMRC,NASDAQ,Digimarc Corporation - Common Stock,Stock,False,2026-05-08,2026-05-19,Listing metadata changed,859b1def7b478e028dcc
DMRC,NASDAQ,"Digimarc Parent, Inc. - Common Stock",Stock,False,2026-05-19,2026-05-22,Listing metadata changed,2df5ecb7ee1b75099f80
DMRC,NASDAQ,Digimarc Corporation - Common Stock,Stock,True,2026-05-22,,,859b1def7b478e028dcc
DMXF,NASDAQ,iShares ESG Advanced MSCI EAFE ETF,ETF,True,2026-05-08,,,1a49b83beef9bb79949d
DNLI,NASDAQ,Denali Therapeutics Inc. - Common Stock,Stock,True,2026-05-08,,,a92bfcd30c6acc17244f
DNMX,NASDAQ,Dynamix Corporation III - Class A Ordinary Shares,Stock,True,2026-05-08,,,30ff84d551317d31264f
DNMXU,NASDAQ,Dynamix Corporation III - Unit,Stock,True,2026-05-08,,,91064f3533a9f7cd34dd
DNMXW,NASDAQ,Dynamix Corporation III - Warrants,Stock,True,2026-05-08,,,cd3adbe3f442890e3e68
DNNG,NASDAQ,Leverage Shares 2x Long DNN Daily ETF,ETF,True,2026-05-08,,,ea9893d0999ce3c9d7ba
DNTH,NASDAQ,"Dianthus Therapeutics, Inc. - Common Stock",Stock,True,2026-05-08,,,4691d8fee0d79a2299df
DNUT,NASDAQ,"Krispy Kreme, Inc. - Common Stock",Stock,True,2026-05-08,,,43b8294bad54baea6039
DOCU,NASDAQ,"DocuSign, Inc. - Common Stock",Stock,True,2026-05-08,,,e6ffc9fc8b1354f9966c
DOGZ,NASDAQ,Dogness (International) Corporation - Class A Common Stock,Stock,True,2026-05-08,,,ae342f7f6e49032d0750
DOMH,NASDAQ,Dominari Holdings Inc. - Common Stock,Stock,True,2026-05-08,,,e9650b30baa97567e715
DOMO,NASDAQ,"Domo, Inc. - Class B Common Stock",Stock,True,2026-05-08,,,f4f0c44e9219778a3ca8
DOO,NASDAQ,BRP Inc. - Common Subordinate Voting Shares,Stock,True,2026-05-08,,,8319063f466f63d9defb
DORM,NASDAQ,"Dorman Products, Inc. - Common Stock",Stock,True,2026-05-08,,,f7384780008cc290b9ce
DOX,NASDAQ,Amdocs Limited - Ordinary Shares,Stock,True,2026-05-08,,,fa3469d5126bfb388653
DOYU,NASDAQ,DouYu International Holdings Limited - American Depositary Shares,Stock,True,2026-05-08,,,03a284cf2acebb7fbc32
DPRO,NASDAQ,Draganfly Inc. - Common Shares,Stock,True,2026-05-08,,,d995da68ff37b566e850
DPU,NASDAQ,Top KingWin Ltd - Class A Ordinary Shares,Stock,True,2026-07-16,,,4ddc362701d5f8a60db3
DPZ,NASDAQ,Domino's Pizza Inc - Common Stock,Stock,True,2026-05-08,,,11dd15a8601234affaee
DRCT,NASDAQ,"Direct Digital Holdings, Inc. - Class A Common Stock",Stock,True,2026-05-08,,,fab8ecd5d145b5e8cb6f
DRDB,NASDAQ,Roman DBDR Acquisition Corp. II - Ordinary shares,Stock,True,2026-05-08,,,50c3e0aa41d7526cf348
DRDBU,NASDAQ,Roman DBDR Acquisition Corp. II - Unit,Stock,True,2026-05-08,,,61fed5760cd314a53229
DRDBW,NASDAQ,Roman DBDR Acquisition Corp. II - Warrants,Stock,True,2026-05-08,,,205e95827147de61eead
DRH,NASDAQ,Diamondrock Hospitality Company - Common Stock,Stock,True,2026-05-08,,,39767e5a9c31a1ebcaf5
DRIO,NASDAQ,DarioHealth Corp. - Common Stock,Stock,True,2026-05-08,,,9fa4a0b9027bbf332e46
DRIV,NASDAQ,Global X Autonomous & Electric Vehicles ETF,ETF,True,2026-05-08,,,2078e490318acae59345
DRMA,NASDAQ,"Dermata Therapeutics, Inc. - Common Stock",Stock,True,2026-05-08,,,c985e214c98ddffca475
DRMAW,NASDAQ,"Dermata Therapeutics, Inc. - Warrant",Stock,True,2026-05-08,,,ba425194886e75aca29b
DRNZ,NASDAQ,REX Drone ETF,ETF,True,2026-05-08,,,f227cc6c140468492709
DRS,NASDAQ,"Leonardo DRS, Inc. - Common Stock",Stock,True,2026-05-08,,,2f25f698444361cd2bbc
DRTS,NASDAQ,Alpha Tau Medical Ltd. - Ordinary Shares,Stock,True,2026-05-08,,,31794b66e11df481a9c6
DRTSW,NASDAQ,Alpha Tau Medical Ltd. - Warrant,Stock,True,2026-05-08,,,a68c7f83cd0c9da7b2ea
DRUG,NASDAQ,Bright Minds Biosciences Inc. - common stock,Stock,True,2026-05-08,,,ded7a37f8f26258b282b
DRVN,NASDAQ,Driven Brands Holdings Inc. - Common Stock,Stock,True,2026-05-08,,,e9129d2efbafd3b452be
DSAC,NASDAQ,Daedalus Special Acquisition Corp. - Class A Ordinary Shares,Stock,True,2026-05-08,,,937ede0fbf8b140eeed0
DSACU,NASDAQ,Daedalus Special Acquisition Corp. - Unit,Stock,True,2026-05-08,,,6d3e24cb0798454748c0
DSACW,NASDAQ,Daedalus Special Acquisition Corp. - Warrant,Stock,True,2026-05-08,,,6f4767b71e81e522ffe9
DSC,NASDAQ,DSC Holdings Ltd. - American Depositary Shares,Stock,True,2026-06-25,,,9cb227e4619777166ed4
DSGN,NASDAQ,"Design Therapeutics, Inc. - Common Stock",Stock,True,2026-05-08,,,c467d83f36d83e6935bb
DSGR,NASDAQ,"Distribution Solutions Group, Inc. - Common Stock",Stock,True,2026-05-08,,,70c8edfe6e0184d7fb36
DSGX,NASDAQ,The Descartes Systems Group Inc. - Common Stock,Stock,True,2026-05-08,,,88d28b6cd36bc04cb852
DSP,NASDAQ,Viant Technology Inc. - common stock,Stock,True,2026-05-08,,,0e3a59f3286df0044a1c
DSWL,NASDAQ,"Deswell Industries, Inc. - Common Shares",Stock,True,2026-05-08,,,9546d8862641a648d64e
DSY,NASDAQ,Big Tree Cloud Holdings Limited - Class A Ordinary Shares,Stock,True,2026-05-08,,,35dc859801aaefaa5590
DSYWW,NASDAQ,Big Tree Cloud Holdings Limited - Warrants,Stock,True,2026-05-08,,,0e5710c1fc142c9a79c4
DTCR,NASDAQ,Global X Data Center & Digital Infrastructure ETF,ETF,True,2026-05-08,,,04ad4a98a5c3f2769b18
DTCX,NASDAQ,"Datacentrex, Inc. - Common Stock",Stock,True,2026-05-08,,,bf3148629ea6fdf667fd
DTI,NASDAQ,Drilling Tools International Corporation - Common Stock,Stock,True,2026-05-08,,,ba1a4edb0b43b851e2fb
DTIL,NASDAQ,"Precision BioSciences, Inc. - Common Stock",Stock,True,2026-05-08,,,b2b226824abbcc2f4fa5
DTSQ,NASDAQ,DT Cloud Star Acquisition Corporation - Ordinary Shares,Stock,True,2026-05-08,,,eb1209378272b2bd44f0
DTSQR,NASDAQ,DT Cloud Star Acquisition Corporation - Right,Stock,True,2026-05-08,,,ee0ff1247d40803daac8
DTSQU,NASDAQ,DT Cloud Star Acquisition Corporation - Units,Stock,True,2026-05-08,,,73e11beb97ce226e444b
DTSS,NASDAQ,Datasea Intelligent Technology Ltd. - Class A Ordinary Shares,Stock,True,2026-05-08,,,0b95efefc58c4d22b7bc
DTST,NASDAQ,Data Storage Corporation - Common Stock,Stock,True,2026-05-08,,,63d46d121453695afe4e
DTSTW,NASDAQ,Data Storage Corporation - Warrant,Stock,False,2026-05-08,2026-05-19,Missing from current NASDAQ source snapshot; reason unavailable,b053566728208680d0e2
DUKH,NASDAQ,Ocean Park High Income ETF,ETF,True,2026-05-08,,,000893e3d59672115b8e
DUKR,NASDAQ,DUKE Robotics Corp. - Common Stock,Stock,True,2026-05-15,,,d08479be2e297125f6de
DUKRW,NASDAQ,DUKE Robotics Corp. - Warrant,Stock,True,2026-05-15,,,6615eca8badc0b82e0ad
DUKX,NASDAQ,Ocean Park International ETF,ETF,True,2026-05-08,,,1842061b132a42ad3339
DUO,NASDAQ,Fangdd Network Group Ltd. - Class A Ordinary Shares,Stock,True,2026-05-08,,,ead6e84243bf9da5306a
DUOG,NASDAQ,Leverage Shares 2X Long DUOL Daily ETF,ETF,True,2026-05-08,,,d9f44b45e47ed3a8ed1b
DUOL,NASDAQ,"Duolingo, Inc. - Class A Common Stock",Stock,True,2026-05-08,,,78cf4d58b32b6a010154
DUOT,NASDAQ,"Duos Technologies Group, Inc. - Common Stock",Stock,True,2026-05-08,,,480a5e78acfced89f8b5
DUSG,NASDAQ,U.S. Small Cap Growth Portfolio: ETF Class Shares,ETF,True,2026-05-08,,,42f9ab44772b45e958ea
DVAL,NASDAQ,BrandywineGLOBAL-Dynamic US Large Cap Value ETF,ETF,True,2026-05-08,,,2aa3f2708b093770ca73
DVGR,NASDAQ,DAC 3D Dividend Growth ETF,ETF,True,2026-05-08,,,c91fe37b7a547fa039ee
DVIN,NASDAQ,WEBs Industrials XLI Defined Volatility ETF,ETF,True,2026-05-08,,,75bd9fc4fb35f142fb9b
DVLT,NASDAQ,Datavault AI Inc. - Common Stock,Stock,True,2026-05-08,,,1b4c294fe05b38522187
DVLU,NASDAQ,First Trust Dorsey Wright Momentum & Value ETF,ETF,True,2026-05-08,,,f29b8c44e1fee530007e
DVOL,NASDAQ,First Trust Dorsey Wright Momentum & Low Volatility ETF,ETF,True,2026-05-08,,,10955c81c8be9234b88f
DVQQ,NASDAQ,WEBs QQQ Defined Volatility ETF,ETF,True,2026-05-08,,,0bb0f41ea3760f142869
DVRE,NASDAQ,WEBs Real Estate XLRE Defined Volatility ETF,ETF,True,2026-05-08,,,7f030b2aa07448235875
DVSP,NASDAQ,WEBs SPY Defined Volatility ETF,ETF,True,2026-05-08,,,a0303598168a4288b1e4
DVUT,NASDAQ,WEBs Utilities XLU Defined Volatility ETF,ETF,True,2026-05-08,,,f0dd0788114034cdae49
DVXB,NASDAQ,WEBs Materials XLB Defined Volatility ETF,ETF,True,2026-05-08,,,d223401edda235a4c59a
DVXC,NASDAQ,WEBs Communication Services XLC Defined Volatility ETF,ETF,True,2026-05-08,,,6f7040a74df43f8bfc97
DVXE,NASDAQ,WEBs Energy XLE Defined Volatility ETF,ETF,True,2026-05-08,,,972742b558661d22eea3
DVXF,NASDAQ,WEBs Financial XLF Defined Volatility ETF,ETF,True,2026-05-08,,,e1a99b93ccd17c0b2f79
DVXK,NASDAQ,WEBs Technology XLK Defined Volatility ETF,ETF,True,2026-05-08,,,147d42a35622f49ca5f5
DVXP,NASDAQ,WEBs Consumer Staples XLP Defined Volatility ETF,ETF,True,2026-05-08,,,94210fd05374aabcff98
DVXV,NASDAQ,WEBs Health Care XLV Defined Volatility ETF,ETF,True,2026-05-08,,,d131b28f4f1e9ca37f02
DVXY,NASDAQ,WEBs Consumer Discretionary XLY Defined Volatility ETF,ETF,True,2026-05-08,,,2e66a3afa6d4d1bf0d9d
DVY,NASDAQ,iShares Select Dividend ETF,ETF,True,2026-05-08,,,606272a496fd915baa46
DWAS,NASDAQ,Invesco Dorsey Wright SmallCap Momentum ETF,ETF,True,2026-05-08,,,bbbb3754ef4ee5c1c0fa
DWAW,NASDAQ,AdvisorShares Dorsey Wright FSM All Cap World ETF,ETF,True,2026-05-08,,,9a35aa6c3a4196062b46
DWSH,NASDAQ,AdvisorShares Dorsey Wright Short ETF,ETF,True,2026-05-08,,,6ccf8718fbab3240cd61
DWSN,NASDAQ,Dawson Geophysical Company - Common Stock,Stock,True,2026-05-08,,,5196f46c403b6cba2ac7
DWTX,NASDAQ,"Dogwood Therapeutics, Inc. - Common Stock",Stock,True,2026-05-08,,,8c576315fd3b1540e917
DWUS,NASDAQ,AdvisorShares Dorsey Wright FSM US Core ETF,ETF,True,2026-05-08,,,589182d7b1574e9073de
DXCM,NASDAQ,"DexCom, Inc. - Common Stock",Stock,True,2026-05-08,,,8906665910f3bd115f4d
DXLG,NASDAQ,"Destination XL Group, Inc. - Common Stock",Stock,True,2026-05-08,,,aefc577f69cde2fcf073
DXPE,NASDAQ,"DXP Enterprises, Inc. - Common Stock",Stock,True,2026-05-08,,,811e24c9b45f0028711c
DXR,NASDAQ,Daxor Corporation - Closed End Fund,Stock,True,2026-05-08,,,5e769542e50c0f0f899a
DXST,NASDAQ,Decent Holding Inc. - Class A Ordinary Shares,Stock,True,2026-05-08,,,4d9454ff98e1cbb2b5c8
DYAI,NASDAQ,"Dyadic International, Inc. - Common Stock",Stock,True,2026-05-08,,,19c2a8fd328e31ef67f6
DYFI,NASDAQ,IDX Dynamic Fixed Income ETF,ETF,True,2026-05-08,,,4ef89374b9d6c56e70ec
DYN,NASDAQ,"Dyne Therapeutics, Inc. - Common Stock",Stock,True,2026-05-08,,,00732120a39ddf223173
DYNB,NASDAQ,Hartford Dynamic Bond ETF,ETF,True,2026-05-08,,,6d57476fba2312bd26f0
DYNC,NASDAQ,Dynamix Corporation - Class A Ordinary Share,Stock,True,2026-05-08,,,093897d68e130a5f9584
DYNCU,NASDAQ,Dynamix Corporation - Unit,Stock,True,2026-05-08,,,a86b691394e65be0545c
DYNCW,NASDAQ,Dynamix Corporation - Warrant,Stock,True,2026-05-08,,,ecf9db1a411409286c4c
DYOR,NASDAQ,Insight Digital Partners II - Class A Ordinary Shares,Stock,True,2026-05-08,,,75f1de4252d927f88bd7
DYORU,NASDAQ,Insight Digital Partners II - Units,Stock,True,2026-05-08,,,52674a8cb6319a771cd9
DYORW,NASDAQ,Insight Digital Partners II - Warrants,Stock,True,2026-05-08,,,f9d314b332e6fa6fe4c4
DYTA,NASDAQ,SGI Dynamic Tactical ETF,ETF,True,2026-05-08,,,8611184b89bd61df7613
EA,NASDAQ,Electronic Arts Inc. - Common Stock,Stock,True,2026-05-08,,,8573b37b09dee9fd18b8
EART,NASDAQ,Global X Rare Earth & Critical Materials ETF,ETF,True,2026-05-08,,,e86490c0fefe90711c12
EASY,NASDAQ,Liberty One Defensive Dividend Growth ETF,ETF,True,2026-05-08,,,898cb09f8a46259da4c4
EBAY,NASDAQ,eBay Inc. - Common Stock,Stock,True,2026-05-08,,,c3f9b72006984f2691e8
EBC,NASDAQ,"Eastern Bankshares, Inc. - Common Stock",Stock,True,2026-05-08,,,4c901a92efecac1efd16
EBI,NASDAQ,Longview Advantage ETF,ETF,True,2026-05-08,,,f5202970d7760a4551de
EBIZ,NASDAQ,Global X E-commerce ETF,ETF,True,2026-05-08,,,f17a0799ddf3c33dd945
EBMT,NASDAQ,"Eagle Bancorp Montana, Inc. - Common Stock",Stock,True,2026-05-08,,,cb769613c7918736d00b
EBON,NASDAQ,Ebang International Holdings Inc. - Class A Ordinary Shares,Stock,True,2026-05-08,,,0defcca297652a65c137
ECBK,NASDAQ,"ECB Bancorp, Inc. - Common Stock",Stock,True,2026-05-08,,,942a5337d2270e052f03
ECHO,NASDAQ,EchoStar Corporation - Common stock,Stock,True,2026-06-24,,,638a3878c55ca5111e3e
ECHX,NASDAQ,Leverage Shares 2X Long ECHO Daily ETF,ETF,True,2026-07-01,,,fb90b1de0d7ade02d25c
ECOR,NASDAQ,"electroCore, Inc. - Common Stock",Stock,True,2026-05-08,,,6838546efe55a7d01ace
ECOW,NASDAQ,Pacer Emerging Markets Cash Cows 100 ETF,ETF,True,2026-05-08,,,475f96511587ca044d30
ECPG,NASDAQ,Encore Capital Group Inc - Common Stock,Stock,True,2026-05-08,,,35a3f0d8d7638ccc1a95
ECX,NASDAQ,ECARX Holdings Inc. - Class A Ordinary shares,Stock,True,2026-05-08,,,60b8c5cd9db6f1263e36
ECXWW,NASDAQ,ECARX Holdings Inc. - Warrants,Stock,True,2026-05-08,,,acdf75200415803ae67b
EDAP,NASDAQ,"EDAP TMS S.A. - American Depositary Shares, each representing One Ordinary Share",Stock,False,2026-05-08,2026-06-01,Missing from current NASDAQ source snapshot; reason unavailable,1f5a1c108926e903732d
EDBL,NASDAQ,Edible Garden AG Incorporated - Common Stock,Stock,True,2026-05-08,,,5b869f8dccfad48ef74f
EDBLW,NASDAQ,Edible Garden AG Incorporated - Warrant,Stock,True,2026-05-08,,,ae01f4c1d25c921188da
EDHL,NASDAQ,Everbright Digital Holding Limited - Ordinary Shares,Stock,True,2026-05-08,,,ba2521f4130356a94b2c
EDIT,NASDAQ,"Editas Medicine, Inc. - Common Stock",Stock,True,2026-05-08,,,72402883afcbcabdd447
EDRY,NASDAQ,EuroDry Ltd. - Common Shares,Stock,True,2026-05-08,,,4b81dddf54576771f3ad
EDSA,NASDAQ,"Edesa Biotech, Inc. - Common Shares",Stock,True,2026-05-08,,,96bdc183f0dd929936c2
EDTK,NASDAQ,Skillful Craftsman Education Technology Limited - Ordinary Share,Stock,True,2026-05-08,,,19d541fbac0508fab4c5
EDUC,NASDAQ,Educational Development Corporation - Common Stock,Stock,True,2026-05-08,,,777cea6457e44270f79e
EEE,NASDAQ,CYBER HORNET S&P 500 and Ethereum 75/25 Strategy ETF,ETF,True,2026-05-08,,,0111f6ff820a932975c7
EEFT,NASDAQ,"Euronet Worldwide, Inc. - Common Stock",Stock,True,2026-05-08,,,da1f0edb8b8ad957ef25
EEIQ,NASDAQ,EpicQuest Education Group International Limited - Common Stock,Stock,True,2026-05-08,,,f4ccae9a8f046b62dd50
EEMA,NASDAQ,iShares MSCI Emerging Markets Asia ETF,ETF,True,2026-05-08,,,9720c20c07b487d94e89
EFAS,NASDAQ,Global X MSCI SuperDividend EAFE ETF,ETF,True,2026-05-08,,,66ac4dde5a9a0e88318d
EFOI,NASDAQ,"Energy Focus, Inc. - Common Stock",Stock,True,2026-05-08,,,377b3dd98516a13014f7
EFRA,NASDAQ,iShares Environmental Infrastructure and Industrials ETF,ETF,True,2026-05-08,,,33f629db282f6289a2c1
EFSC,NASDAQ,Enterprise Financial Services Corporation - Common Stock,Stock,True,2026-05-08,,,19d9be2f2f167ed70bf3
EFSCP,NASDAQ,"Enterprise Financial Services Corporation - Depositary Shares Each Representing a 1/40th Interest in a Share of 5% Fixed Rate Non-Cumulative Perpetual Preferred Stock, Series A",Stock,True,2026-05-08,,,e578e6697ec37ac0f553
EFSI,NASDAQ,Eagle Financial Services Inc - Common Stock,Stock,True,2026-05-08,,,c143e0723b88e2c9dbba
EFTY,NASDAQ,"Etoiles Capital Group Co., Ltd. - Class A Ordinary Shares",Stock,True,2026-05-08,,,7cf9037282d2af250bc2
EGAN,NASDAQ,eGain Corporation - Common Stock,Stock,True,2026-05-08,,,f2e3cd7f2e6fe55d1616
EGBN,NASDAQ,"Eagle Bancorp, Inc. - Common Stock",Stock,True,2026-05-08,,,b2797551b4fea0119a4b
EGGQ,NASDAQ,NestYield Visionary ETF,ETF,True,2026-05-08,,,63dafb51388b6411e96a
EGHA,NASDAQ,EGH Acquisition Corp. - Class A ordinary shares,Stock,True,2026-05-08,,,2a1b7f72dbbedc1e7f10
EGHAR,NASDAQ,EGH Acquisition Corp. - rights,Stock,True,2026-05-08,,,547e09437d4288f98acc
EGHAU,NASDAQ,EGH Acquisition Corp. - Unit,Stock,True,2026-05-08,,,de7c111de51a2b37fb9c
EGHT,NASDAQ,8x8 Inc - Common stock,Stock,True,2026-05-08,,,587d6a8ee33c0b4b8e06
EH,NASDAQ,EHang Holdings Limited - ADS,Stock,True,2026-05-08,,,b0c64cc94d0565bcb368
EHGO,NASDAQ,Eshallgo Inc. - Class A Ordinary Shares,Stock,True,2026-05-08,,,72e0146331f35e95cd0a
EHLD,NASDAQ,Euroholdings Ltd. - Common Stock,Stock,True,2026-05-08,,,54c965baf2cf164ca674
EHLS,NASDAQ,Even Herd Long Short ETF,ETF,True,2026-05-08,,,96635917a33dd4785283
EHTH,NASDAQ,"eHealth, Inc. - Common Stock",Stock,True,2026-05-08,,,36a2a4be700477db2bb0
EIKN,NASDAQ,"Eikon Therapeutics, Inc. - Common Stock",Stock,True,2026-05-08,,,5e92f6735ae9713a5115
EJH,NASDAQ,E-Home Household Service Holdings Limited - Ordinary shares,Stock,True,2026-05-08,,,086a73fecc32d5434f2d
EKG,NASDAQ,First Trust Nasdaq Lux Digital Health Solutions ETF,ETF,True,2026-05-08,,,827537d1f68e5afd0bb4
ELAB,NASDAQ,PMGC Holdings Inc. - Common Stock,Stock,True,2026-05-08,,,eb6b8f2aca96e817de9b
ELBM,NASDAQ,Electra Battery Materials Corporation - Common Stock,Stock,True,2026-05-08,,,bf9eb4f4d7b12cce8857
ELDN,NASDAQ,"Eledon Pharmaceuticals, Inc. - Common Stock",Stock,True,2026-05-08,,,a84c92ee2cfeb22263db
ELE,NASDAQ,Elemental Royalty Corporation - Common Stock,Stock,True,2026-05-08,,,b7b0265bb59ce99789ee
ELFY,NASDAQ,ALPS Electrification Infrastructure ETF,ETF,True,2026-05-08,,,ff8945404851b0ef47da
ELIL,NASDAQ,Direxion Daily LLY Bull 2X ETF,ETF,True,2026-05-08,,,b0c7536d283caea88845
ELMT,NASDAQ,The Elmet Group Co. - Common Stock,Stock,True,2026-05-08,,,1960260c3b9f4183fe00
ELOG,NASDAQ,Eastern International Ltd. - Ordinary Shares,Stock,True,2026-05-08,,,67aa3972ad8ee8c8ff40
ELOX,NASDAQ,"Eloxx Pharmaceuticals, Inc. - Common Stock",Stock,True,2026-06-09,,,d67fb643ab77fe59e228
ELPW,NASDAQ,Elong Power Holding Limited - Class A Ordinary Shares,Stock,True,2026-05-08,,,885da937f043f95d0408
ELSE,NASDAQ,"Electro-Sensors, Inc. - Common Stock",Stock,True,2026-05-08,,,ba4a28450d774b9085e6
ELTK,NASDAQ,Eltek Ltd. - Ordinary Shares,Stock,True,2026-05-08,,,5cdcb9d082976832a222
ELTX,NASDAQ,"Elicio Therapeutics, Inc. - Common Stock",Stock,True,2026-05-08,,,ee895be9d94677b965b8
ELUT,NASDAQ,"Elutia, Inc. - Class A Common Stock",Stock,True,2026-05-08,,,e0f0cfa93bd106520603
ELVA,NASDAQ,Electrovaya Inc. - Common Shares,Stock,True,2026-05-08,,,2b8c124406fdc6865a4d
ELVN,NASDAQ,"Enliven Therapeutics, Inc. - Common Stock",Stock,True,2026-05-08,,,6bf90a8a695cb3227aae
ELVR,NASDAQ,Elevra Lithium Limited - American Depository Shares,Stock,True,2026-05-08,,,533264ae2f0f194a31d3
ELWT,NASDAQ,"Elauwit Connection, Inc. - Common Stock",Stock,True,2026-05-08,,,13c4e5728ad4e2d3914e
EMAT,NASDAQ,Evolution Metals & Technologies Corp. - Common Stock,Stock,True,2026-05-08,,,8ffea76d56d753b3c48e
EMB,NASDAQ,iShares J.P. Morgan USD Emerging Markets Bond ETF,ETF,True,2026-05-08,,,d9ef5e690d86d852bd96
EMBC,NASDAQ,Embecta Corp. - Common Stock,Stock,True,2026-05-08,,,03e85425ef849369a35a
EMCB,NASDAQ,WisdomTree Emerging Markets Corporate Bond Fund,ETF,True,2026-05-08,,,1fa88d7a48a96fb3c144
EMEM,NASDAQ,Sophus Capital Emerging Market ETF,ETF,True,2026-05-20,,,94f3429bb151cc39bc78
EMEQ,NASDAQ,Nomura Focused Emerging Markets Equity ETF,ETF,True,2026-05-08,,,b567ba2dca201d0cac78
EMIF,NASDAQ,iShares Emerging Markets Infrastructure ETF,ETF,True,2026-05-08,,,b39d37f80fc55d5c4ab6
EMIS,NASDAQ,Emmis Acquisition Corp. - Class A Ordinary Share,Stock,True,2026-05-08,,,00d7a693a77b759018ed
EMISR,NASDAQ,Emmis Acquisition Corp. - Rights,Stock,True,2026-05-08,,,27bdbdf4f5cf28b0f9ff
EML,NASDAQ,Eastern Company (The) - Common Stock,Stock,True,2026-05-08,,,9c6248a4ccfb3d512af5
EMPD,NASDAQ,Empery Digital Inc. - Common stock,Stock,True,2026-05-08,,,cba590d0fbaa67c2930e
EMPG,NASDAQ,Empro Group Inc. - Ordinary shares,Stock,True,2026-05-08,,,38166f95e1b98475fb57
EMSC,NASDAQ,Sophus Capital Emerging Market Small Cap ETF,ETF,True,2026-05-21,,,ed39604cd00b0fb99a78
EMXC,NASDAQ,iShares MSCI Emerging Markets ex China ETF,ETF,True,2026-05-08,,,7ffb0eb01c7cb36e003d
EMXF,NASDAQ,iShares ESG Advanced MSCI EM ETF,ETF,True,2026-05-08,,,7027bdba1c9f745a040c
ENDW,NASDAQ,Cambria Endowment Style ETF,ETF,True,2026-05-08,,,072c0e24e153926fbe0c
ENGN,NASDAQ,enGene Therapeutics Inc. - Common Stock,Stock,True,2026-05-08,,,d3d1c94afdb7b73bc7f4
ENGNW,NASDAQ,enGene Therapeutics Inc. - Warrants,Stock,True,2026-05-08,,,d5305437c09216b688ee
ENGS,NASDAQ,Energys Group Limited - Ordinary Shares,Stock,True,2026-05-08,,,0b77f4e85e5efb2c638c
ENHI,NASDAQ,iShares Enhanced International Active ETF,ETF,True,2026-05-08,,,e8cefca9a5746e1216ce
ENHU,NASDAQ,iShares Enhanced Large Cap Core Active ETF,ETF,True,2026-05-08,,,3b87dfa8f187eb1a69ec
ENLT,NASDAQ,Enlight Renewable Energy Ltd. - Ordinary Shares,Stock,True,2026-05-08,,,0e7216f0d80a19d59d2a
ENLV,NASDAQ,Enlivex Ltd. - Ordinary Shares,Stock,True,2026-05-08,,,b85d556a38f0a7875a1f
ENPH,NASDAQ,"Enphase Energy, Inc. - Common Stock",Stock,True,2026-05-08,,,2f8832494547558e8364
ENRD,NASDAQ,Einride AB - American Depositary Shares,Stock,True,2026-06-10,,,1c48e7198fc36fc71ebf
ENRDW,NASDAQ,Einride AB - Warrants,Stock,True,2026-06-10,,,1c042e048f71db2a8fab
ENSC,NASDAQ,"Ensysce Biosciences, Inc. - Common Stock",Stock,True,2026-05-08,,,841bcaf22328b7740998
ENSG,NASDAQ,"The Ensign Group, Inc. - Common Stock",Stock,True,2026-05-08,,,7e9f6831756888de3270
ENTA,NASDAQ,"Enanta Pharmaceuticals, Inc. - Common Stock",Stock,True,2026-05-08,,,fd83ee6c374294feed0a
ENTG,NASDAQ,"Entegris, Inc. - Common Stock",Stock,True,2026-05-08,,,1dc7d93929102050542c
ENTX,NASDAQ,Entera Bio Ltd. - Ordinary Shares,Stock,True,2026-05-08,,,f3d64610696c1db24277
ENVB,NASDAQ,"Enveric Biosciences, Inc. - Common Stock",Stock,True,2026-05-08,,,3c23349d31b24b4cb975
ENVX,NASDAQ,Enovix Corporation - Common Stock,Stock,True,2026-05-08,,,4314f575d236a233dea2
ENZL,NASDAQ,iShares MSCI New Zealand ETF,ETF,True,2026-05-08,,,2328784e3a77bdb6c7b9
EOLS,NASDAQ,"Evolus, Inc. - Common Stock",Stock,True,2026-05-08,,,4b549cdbd1f8b0445142
EOSE,NASDAQ,"Eos Energy Enterprises, Inc. - Common Stock",Stock,True,2026-05-08,,,d8ad9d9a33b2da64f9ab
EOSER,NASDAQ,"Eos Energy Enterprises, Inc. - Right",Stock,False,2026-07-06,2026-07-21,Missing from current NASDAQ source snapshot; reason unavailable,12cf3a371773bb854fbe
EPOW,NASDAQ,E-Power Inc. - Class A Ordinary Shares,Stock,True,2026-05-08,,,6b4904dddd29801115a3
EPRX,NASDAQ,Eupraxia Pharmaceuticals Inc. - Common Stock,Stock,True,2026-05-08,,,0ac6928084e040ac5ce4
EPSM,NASDAQ,Epsium Enterprise Limited - Class A Ordinary Shares,Stock,True,2026-05-08,,,88c9db194c99f2893f6e
EPSN,NASDAQ,Epsilon Energy Ltd. - Common Shares,Stock,True,2026-05-08,,,08fecc2498e889eb2e7d
EQ,NASDAQ,"Equillium, Inc. - Common Stock",Stock,True,2026-05-08,,,770a948c72d33d3ff713
EQIX,NASDAQ,"Equinix, Inc. - Common Stock",Stock,True,2026-05-08,,,9f29ff1cff6fb50233c1
EQPT,NASDAQ,EquipmentShare.com Inc - Class A Common Stock,Stock,True,2026-05-08,,,18aa25cc13f45e3d9022
EQQQ,NASDAQ,ProShares Ultra QQQ Equal Weight,ETF,True,2026-07-23,,,efddd35eaa96073b44ce
EQRR,NASDAQ,ProShares Equities for Rising Rates ETF,ETF,True,2026-05-08,,,1c5101ec6d5378d36074
ERAS,NASDAQ,"Erasca, Inc. - Common Stock",Stock,True,2026-05-08,,,1b2be5d2efab32abde44
ERET,NASDAQ,iShares Environmentally Aware Real Estate ETF,ETF,True,2026-05-08,,,0c185c6304e50cbceb35
ERIC,NASDAQ,Ericsson - American Depositary Shares each representing 1 underlying Class B share,Stock,True,2026-05-08,,,0e772176d59527054624
ERIE,NASDAQ,Erie Indemnity Company - Class A Common Stock,Stock,True,2026-05-08,,,401484130b550ea484d1
ERII,NASDAQ,"Energy Recovery, Inc. - Common Stock",Stock,True,2026-05-08,,,daac569b7d6843221f27
ERNA,NASDAQ,Ernexa Therapeutics Inc. - Common Stock,Stock,True,2026-05-08,,,30e481dd6d3be9b7cce9
ERNAW,NASDAQ,Ernexa Therapeutics Inc. - Warrants,Stock,True,2026-05-08,,,08d08f9b737c35f6eef7
ESCA,NASDAQ,"Escalade, Incorporated - Common Stock",Stock,True,2026-05-08,,,5d95461b5e958ea90b2c
ESEA,NASDAQ,Euroseas Ltd. - Common Stock,Stock,True,2026-05-08,,,6a1f6246b2ba0133686a
ESGD,NASDAQ,iShares ESG Aware MSCI EAFE ETF,ETF,True,2026-05-08,,,6404109cdd35a5e00b76
ESGE,NASDAQ,iShares ESG Aware MSCI EM ETF,ETF,True,2026-05-08,,,a8f1f01772395cbdeed8
ESGU,NASDAQ,iShares ESG Aware MSCI USA ETF,ETF,True,2026-05-08,,,3ebacbd91e1908b6aa66
ESLA,NASDAQ,"Estrella Immunopharma, Inc. - Common Stock",Stock,True,2026-05-08,,,003a47297797d04ce6e7
ESLAW,NASDAQ,"Estrella Immunopharma, Inc. - Warrant",Stock,True,2026-05-08,,,3ececfe111513fa0104f
ESLT,NASDAQ,Elbit Systems Ltd. - Ordinary Shares,Stock,True,2026-05-08,,,f22be991a26160d293a2
ESMV,NASDAQ,iShares ESG Optimized MSCI USA Min Vol Factor ETF,ETF,True,2026-05-08,,,c1a3fe0ce66382c88860
ESN,NASDAQ,Essential 40 Stock ETF,ETF,True,2026-05-08,,,c13461b80d306206085f
ESOA,NASDAQ,Energy Services of America Corporation - Common Stock,Stock,True,2026-05-08,,,26269a91908ef85d1602
ESPO,NASDAQ,VanEck Video Gaming and eSports ETF,ETF,True,2026-05-08,,,fbd85ffe67f17d49a967
ESPR,NASDAQ,"Esperion Therapeutics, Inc. - Common Stock",Stock,False,2026-05-08,2026-07-14,Missing from current NASDAQ source snapshot; reason unavailable,e902cff8a58e804ace2a
ESQ,NASDAQ,"Esquire Financial Holdings, Inc. - Common Stock",Stock,True,2026-05-08,,,c3bd0f001df913707acc
ESTA,NASDAQ,Establishment Labs Holdings Inc. - Common Shares,Stock,True,2026-05-08,,,32070a9e3a86403497e9
ETEC,NASDAQ,iShares Breakthrough Environmental Solutions ETF,ETF,True,2026-05-08,,,444e988b1eed12f9152e
ETHA,NASDAQ,iShares Ethereum Trust ETF,ETF,True,2026-05-08,,,cb732f24bd8fc66c730a
ETHB,NASDAQ,iShares Staked Ethereum Trust ETF,ETF,True,2026-05-08,,,3a1e9d02dd841704dd20
ETON,NASDAQ,"Eton Pharmaceuticals, Inc. - Common Stock",Stock,True,2026-05-08,,,b1210327e86a60e79ebe
ETOR,NASDAQ,eToro Group Ltd. - Class A Common Shares,Stock,True,2026-05-08,,,9379f0818a41e913577f
ETRL,NASDAQ,GraniteShares 2x Long ETOR Daily ETF,ETF,False,2026-05-08,2026-06-22,Missing from current NASDAQ source snapshot; reason unavailable,0a2802d32ecdd6cdd794
ETS,NASDAQ,Elite Express Holding Inc. - Class A Common Stock,Stock,True,2026-05-08,,,1c53335bdb724c5f83e6
EU,NASDAQ,enCore Energy Corp. - Common Stock,Stock,True,2026-05-08,,,ede9427c8857ec8558b1
EUDA,NASDAQ,Euda Health Holdings Limited - Ordinary Shares,Stock,True,2026-05-08,,,b0cc4b87deeb95b71164
EUDAW,NASDAQ,Euda Health Holdings Limited - Warrant,Stock,True,2026-05-08,,,37a1605ab4065b0881ac
EUFN,NASDAQ,iShares MSCI Europe Financials ETF,ETF,True,2026-05-08,,,81eb69d6e1639a2fc439
EURK,NASDAQ,Eureka Acquisition Corp - Class A Ordinary Share,Stock,True,2026-05-08,,,0a7808019abdbb15869b
EURKR,NASDAQ,Eureka Acquisition Corp - Right,Stock,True,2026-05-08,,,bf150050446a7c1432a0
EURKU,NASDAQ,Eureka Acquisition Corp - Unit,Stock,True,2026-05-08,,,1f9678c818b61b3eb1bc
EVAX,NASDAQ,Evaxion A/S - American Depositary Share,Stock,True,2026-05-08,,,9896dad51f499c3f9f33
EVCM,NASDAQ,EverCommerce Inc. - Common Stock,Stock,True,2026-05-08,,,3d5c3220b7b69fee3321
EVER,NASDAQ,"EverQuote, Inc. - Class A Common Stock",Stock,True,2026-05-08,,,35411ab1692ed2b0b60d
EVGN,NASDAQ,Evogene Ltd. - Ordinary Shares,Stock,True,2026-05-08,,,400a04c1347c98fae6b0
EVGO,NASDAQ,EVgo Inc. - Common Stock,Stock,True,2026-05-08,,,7aee77eddd9993d27e8f
EVGOW,NASDAQ,"EVgo Inc. - Warrants, each whole warrant exercisable for one share of Class A Common Stock at an exercise price of $11.50",Stock,False,2026-05-08,2026-07-02,Missing from current NASDAQ source snapshot; reason unavailable,d65cb314db66f9594a89
EVLV,NASDAQ,"Evolv Technologies Holdings, Inc. - Class A Common Stock",Stock,True,2026-05-08,,,97a8c004c1fd4c1e0a9f
EVLVW,NASDAQ,"Evolv Technologies Holdings, Inc. - Warrant",Stock,False,2026-05-08,2026-07-17,Missing from current NASDAQ source snapshot; reason unavailable,e33716ab0e761fcafa25
EVMT,NASDAQ,Invesco Electric Vehicle Metals Commodity Strategy No K-1 ETF,ETF,True,2026-05-08,,,d1582bc47a41353439e2
EVO,NASDAQ,Evotec SE - American Depositary Shares each representing 1/2 of one ordinary share,Stock,True,2026-05-08,,,37e0be5408b9a68f5e51
EVOX,NASDAQ,Evolution Global Acquisition Corp - Class A Ordinary Shares,Stock,True,2026-05-08,,,bb33ce08655226fd8f77
EVOXU,NASDAQ,Evolution Global Acquisition Corp - Units,Stock,True,2026-05-08,,,4d740776c838ee5871fb
EVOXW,NASDAQ,Evolution Global Acquisition Corp - Warrants,Stock,True,2026-05-08,,,fc5a20401e3f3dffa2e9
EVPF,NASDAQ,Eaton Vance Preferred Securities and Income ETF,ETF,True,2026-05-08,,,78bf85489c459e98c34d
EVRG,NASDAQ,"Evergy, Inc. - Common Stock",Stock,True,2026-05-08,,,0cb949ba7f027bee2092
EVSD,NASDAQ,Eaton Vance Short Duration Income ETF,ETF,True,2026-05-08,,,ffa11464cf53d3b9c700
EVTV,NASDAQ,"Envirotech Vehicles, Inc. - Common stock",Stock,False,2026-05-08,2026-07-10,Listing metadata changed,5d043eca98a6eb0c8d58
EVTV,NASDAQ,"Azio AI Holdings, Inc. - Common stock",Stock,False,2026-07-10,2026-07-13,Missing from current NASDAQ source snapshot; reason unavailable,644b80e4495d85739ce7
EVYM,NASDAQ,Eaton Vance High Income Municipal ETF,ETF,True,2026-05-08,,,3292f71b24a00cd33ea9
EWBC,NASDAQ,"East West Bancorp, Inc. - Common Stock",Stock,True,2026-05-08,,,73248e2ea805c74d738d
EWCZ,NASDAQ,"European Wax Center, Inc. - Class A Common Stock",Stock,False,2026-05-08,2026-05-11,Missing from current NASDAQ source snapshot; reason unavailable,1f541bc1be88605f408f
EWJV,NASDAQ,iShares MSCI Japan Value ETF,ETF,True,2026-05-08,,,d5db5bf0dd70e188c64d
EWTX,NASDAQ,"Edgewise Therapeutics, Inc. - Common Stock",Stock,True,2026-05-08,,,191b485a54cde6db99ca
EWZS,NASDAQ,iShares MSCI Brazil Small-Cap ETF,ETF,True,2026-05-08,,,aee1adb4a8f836856f88
EXC,NASDAQ,Exelon Corporation - Common Stock,Stock,True,2026-05-08,,,cc22101a2433bfe59ea2
EXE,NASDAQ,Expand Energy Corporation - Common Stock,Stock,True,2026-05-08,,,5d5cbe31d8e234ee31e2
EXEL,NASDAQ,"Exelixis, Inc. - Common Stock",Stock,True,2026-05-08,,,eb2c472eef6f0d6d0846
EXFY,NASDAQ,"Expensify, Inc. - Class A Common Stock",Stock,True,2026-05-08,,,3fd9ac4ba4d63532488b
EXLS,NASDAQ,"ExlService Holdings, Inc. - Common Stock",Stock,True,2026-05-08,,,f03e0ca67483f43c8766
EXOZ,NASDAQ,eXoZymes Inc. - Common Stock,Stock,True,2026-05-08,,,95f4d18229a0fbe3b649
EXPE,NASDAQ,"Expedia Group, Inc. - Common Stock",Stock,True,2026-05-08,,,0519e2a4525130c9e082
EXPO,NASDAQ,"Exponent, Inc. - Common Stock",Stock,True,2026-05-08,,,64aa6bab90a49513baa6
EXTR,NASDAQ,"Extreme Networks, Inc. - Common Stock",Stock,True,2026-05-08,,,d30e0448ccb7918dd7ed
EXUS,NASDAQ,Nomura Focused International Core ETF,ETF,True,2026-05-08,,,6d3caa727ace4e9b770b
EXYN,NASDAQ,"Exyn Technologies, Inc. - Common Stock",Stock,True,2026-05-15,,,1bf9112f0209eb1b2898
EXYNW,NASDAQ,"Exyn Technologies, Inc. - Warrant",Stock,True,2026-05-15,,,8e8f7d8665895178cb79
EYE,NASDAQ,"National Vision Holdings, Inc. - Common Stock",Stock,True,2026-05-08,,,b4982a2617c781c63f26
EYEG,NASDAQ,AB Corporate Bond ETF,ETF,True,2026-05-08,,,09ee7deb477a326d1e8b
EYPT,NASDAQ,"EyePoint, Inc. - Common Stock",Stock,True,2026-05-08,,,ead2652176eb87ee2baa
EZGO,NASDAQ,EZGO Technologies Ltd. - Ordinary Shares,Stock,True,2026-05-08,,,8dbbe7654f81f4d1428a
EZMO,NASDAQ,AlphaDroid Broad Markets Momentum ETF,ETF,True,2026-05-08,,,0d7de5b06af1c5938321
EZPW,NASDAQ,"EZCORP, Inc. - Class A Non-Voting Common Stock",Stock,True,2026-05-08,,,a13fb10b0adaf2575fe6
EZRA,NASDAQ,"Reliance Global Group, Inc. - Common Stock",Stock,True,2026-05-08,,,43f75c393a88c1147f85
EZRO,NASDAQ,AlphaDroid Defensive Sector Rotation ETF,ETF,True,2026-05-08,,,612dddc3b056340248d8
FA,NASDAQ,First Advantage Corporation - Common Stock,Stock,True,2026-05-08,,,25392897d7c594e6d0db
FAAA,NASDAQ,Fidelity AAA CLO ETF,ETF,True,2026-05-08,,,a852b6ea8d800b439a23
FAAR,NASDAQ,First Trust Alternative Absolute Return Strategy ETF,ETF,True,2026-05-08,,,88a05644b02864f54078
FAB,NASDAQ,First Trust Multi Cap Value AlphaDEX Fund,ETF,True,2026-05-08,,,de076573a13743513b7b
FABC,NASDAQ,"Fabric.AI, Inc. - Common Stock",Stock,True,2026-05-08,,,ca41aa638a35a2250141
FAC,NASDAQ,Factorial Energy Inc. - Class A Common Stock,Stock,True,2026-06-08,,,dd2c863aff3b83f0ce1a
FACT,NASDAQ,FACT II Acquisition Corp. - Class A Ordinary Shares,Stock,True,2026-05-08,,,dda879d19cfeefeec1a5
FACTU,NASDAQ,FACT II Acquisition Corp. - Unit,Stock,True,2026-05-08,,,3ca37d4dd2f892ef8112
FACTW,NASDAQ,FACT II Acquisition Corp. - Warrant,Stock,True,2026-05-08,,,50d002319e0a3954289d
FACWW,NASDAQ,Factorial Energy Inc. - Warrant,Stock,True,2026-06-08,,,d90349d836f280878940
FAD,NASDAQ,First Trust Multi Cap Growth AlphaDEX Fund,ETF,True,2026-05-08,,,5ae34d93f27e639b6ad4
FALN,NASDAQ,iShares Fallen Angels USD Bond ETF,ETF,True,2026-05-08,,,3bab68befb0d96e9e4b8
FAMI,NASDAQ,"Farmmi, Inc. - Class A Ordinary Shares",Stock,True,2026-05-08,,,13adc58a5dd7dc02bbe6
FANG,NASDAQ,"Diamondback Energy, Inc. - Common Stock",Stock,True,2026-05-08,,,c055c442075050883466
FAST,NASDAQ,Fastenal Company - Common Stock,Stock,True,2026-05-08,,,4cb83c0c83f8000415e8
FATE,NASDAQ,"Fate Therapeutics, Inc. - Common Stock",Stock,True,2026-05-08,,,a976d89ff8442ccadbb6
FATN,NASDAQ,"FatPipe, Inc. - common stock",Stock,True,2026-05-08,,,a4df84cf89796aca6f58
FBGL,NASDAQ,FBS Global Limited - Ordinary Shares,Stock,True,2026-05-08,,,438aa84523c4e5405ed9
FBIO,NASDAQ,"Fortress Biotech, Inc. - Common Stock",Stock,True,2026-05-08,,,ff330e0b60fd9529aad1
FBIOP,NASDAQ,"Fortress Biotech, Inc. - 9.375% Series A Cumulative Redeemable Perpetual Preferred Stock",Stock,True,2026-05-08,,,bb350a3a259a3fd2785a
FBIZ,NASDAQ,"First Business Financial Services, Inc. - Common Stock",Stock,True,2026-05-08,,,919d3f6840558d51f909
FBL,NASDAQ,GraniteShares 2x Long META Daily ETF,ETF,True,2026-05-08,,,2abb16a3e0d5b74ab3c3
FBLA,NASDAQ,"FB Bancorp, Inc. - Common Stock",Stock,True,2026-05-08,,,8875fced57dfd2bcd108
FBLG,NASDAQ,"FibroBiologics, Inc. - Common Stock",Stock,True,2026-05-08,,,f9f5182f148573a35c4a
FBNC,NASDAQ,First Bancorp - Common Stock,Stock,True,2026-05-08,,,591e34ad0504e08374aa
FBOT,NASDAQ,Fidelity Disruptive Automation ETF,ETF,True,2026-05-08,,,15fc67254b3cbcb2a986
FBRX,NASDAQ,"Forte Biosciences, Inc. - Common Stock",Stock,True,2026-05-08,,,f9c86116b8570e9bebf5
FBYD,NASDAQ,"Falcon's Beyond Global, Inc. - Class A Common Stock",Stock,True,2026-05-08,,,b1e9610ba1b8e2b74ea9
FBYDP,NASDAQ,"Falcon's Beyond Global, Inc. - 11% Series B Cumulative Convertible Preferred Stock",Stock,True,2026-05-21,,,b3d25daf23e98cc2d232
FBYDW,NASDAQ,"Falcon's Beyond Global, Inc. - Warrants",Stock,True,2026-05-08,,,81431322ae27addd1041
FBYY,NASDAQ,GraniteShares YieldBOOST META ETF,ETF,True,2026-05-08,,,76e8bc599a0427e49117
FCA,NASDAQ,First Trust China AlphaDEX Fund,ETF,True,2026-05-08,,,c0b2f437127da00328ce
FCAL,NASDAQ,First Trust California Municipal High income ETF,ETF,True,2026-05-08,,,2ed78ad3cd3e2559afc5
FCAP,NASDAQ,"First Capital, Inc. - Common Stock",Stock,True,2026-05-08,,,2b71876fdfb7653c23e9
FCBC,NASDAQ,"First Community Bankshares, Inc. - Common Stock",Stock,True,2026-05-08,,,a79101c9fde9d9569ce6
FCCO,NASDAQ,First Community Corporation - Common Stock,Stock,True,2026-05-08,,,aaf481ae941ec875fb58
FCEF,NASDAQ,First Trust Income Opportunities ETF,ETF,True,2026-05-08,,,33d726959773a7f37048
FCEL,NASDAQ,"FuelCell Energy, Inc. - Common Stock",Stock,True,2026-05-08,,,2d66bdf093c232d77ae3
FCFS,NASDAQ,"FirstCash Holdings, Inc. - Common Stock",Stock,True,2026-05-08,,,2715ac30193d450cb987
FCHL,NASDAQ,Fitness Champs Holdings Limited - Ordinary Shares,Stock,True,2026-05-08,,,33fa8d5004350148315f
FCLO,NASDAQ,Fidelity CLO ETF,ETF,True,2026-05-08,,,9983018f795ebe785c27
FCNCA,NASDAQ,"First Citizens BancShares, Inc. - Class A Common Stock",Stock,True,2026-05-08,,,05fb44436b0872074fbf
FCNCN,NASDAQ,"First Citizens BancShares, Inc. - Depositary Shares, each representing a 1/40th interest in a share of 6.625% Non-Cumulative Perpetual Preferred Stock, Series E",Stock,True,2026-05-08,,,f14994ae9999b5c259ec
FCNCO,NASDAQ,"First Citizens BancShares, Inc. - 5.625% Non-Cumulative Perpetual Preferred Stock, Series C",Stock,True,2026-05-08,,,7df1d913a92c57cb40ff
FCNCP,NASDAQ,"First Citizens BancShares, Inc. - Depositary Shares Each Representing a 1/40th Interest in a Share of 5.375% Non-Cumulative Perpetual Preferred Stock, Series A",Stock,True,2026-05-08,,,c6ee21f6827e77295a7f
FCTE,NASDAQ,SMI 3Fourteen Full-Cycle Trend ETF,ETF,True,2026-05-08,,,56aaefa994d612e6c1f8
FCUV,NASDAQ,Focus Universal Inc. - Common Stock,Stock,True,2026-05-08,,,490178821d036377286d
FCVT,NASDAQ,First Trust SSI Strategic Convertible Securities ETF,ETF,True,2026-05-08,,,c8848fb7b37e945f220a
FCXG,NASDAQ,Leverage Shares 2x Long FCX Daily ETF,ETF,True,2026-05-08,,,8971f38f87f1945e3ae9
FDBC,NASDAQ,"Fidelity D & D Bancorp, Inc. - Common Stock",Stock,True,2026-05-08,,,15357772d6d7c221f788
FDCF,NASDAQ,Fidelity Disruptive Communications ETF,ETF,True,2026-05-08,,,6b72b09e8f17c3be04f3
FDFF,NASDAQ,Fidelity Disruptive Finance ETF,ETF,True,2026-05-08,,,aea64ee10e372f638f83
FDIF,NASDAQ,Fidelity Disruptors ETF,ETF,True,2026-05-08,,,33f352f456aab04bb604
FDIG,NASDAQ,Fidelity Crypto Industry and Digital Payments ETF,ETF,True,2026-05-08,,,e412be9be49a828890b5
FDIQ,NASDAQ,Invesco Bloomberg Financial Data Providers ETF,ETF,True,2026-05-08,,,6ad9308b69737c863aa5
FDIV,NASDAQ,MarketDesk Focused U.S. Dividend ETF,ETF,True,2026-05-08,,,32263783fd2718398640
FDMMU,NASDAQ,Freedom Metals Acquisition Corp. - Units,Stock,True,2026-07-08,,,2c075172cdff1991dc80
FDMT,NASDAQ,"4D Molecular Therapeutics, Inc. - Common Stock",Stock,True,2026-05-08,,,ed52691970dcb98a23a8
FDNI,NASDAQ,First Trust Dow Jones International Internet ETF,ETF,True,2026-05-08,,,7769d038e51faeedc963
FDRS,NASDAQ,Founder-Led ETF,ETF,True,2026-05-08,,,5dc05d8dc75d12ac1823
FDRX,NASDAQ,Founder-Led 2X Daily ETF,ETF,True,2026-05-08,,,1a27b439a411571f5010
FDSB,NASDAQ,"Fifth District Bancorp, Inc. - Common Stock",Stock,True,2026-05-08,,,d39a7b69e386a8e66f89
FDT,NASDAQ,First Trust Developed Markets Ex-US AlphaDEX Fund,ETF,True,2026-05-08,,,7dcdef9c70436d411631
FDTS,NASDAQ,First Trust Developed Markets ex-US Small Cap AlphaDEX Fund,ETF,True,2026-05-08,,,515f7e16b6a2a201d8f9
FDTX,NASDAQ,Fidelity Disruptive Technology ETF,ETF,True,2026-05-08,,,f491f08fed448b79d6f5
FDUS,NASDAQ,Fidus Investment Corporation - Closed End Fund,Stock,True,2026-05-08,,,255cbfe7058b6c58a23f
FEAM,NASDAQ,"5E Advanced Materials, Inc. - Common Stock",Stock,True,2026-05-08,,,8ebfe446df71c8c9a6c8
FEAT,NASDAQ,YieldMax Dorsey Wright Featured 5 Income ETF,ETF,False,2026-05-08,2026-06-16,Missing from current NASDAQ source snapshot; reason unavailable,beee55e79dee9123e82b
FEBO,NASDAQ,Fenbo Holdings Limited - Class A Ordinary Shares,Stock,True,2026-05-08,,,ca9e1260b5751982fcf1
FEED,NASDAQ,"ENvue Medical, Inc. - Common Stock",Stock,True,2026-05-08,,,2e3541998b8ffccb2a66
FEIM,NASDAQ,"Frequency Electronics, Inc. - Common Stock",Stock,True,2026-05-08,,,7ad186201281ad833d89
FELE,NASDAQ,"Franklin Electric Co., Inc. - Common Stock",Stock,True,2026-05-08,,,fb49d359ed6b85424624
FEM,NASDAQ,First Trust Emerging Markets AlphaDEX Fund,ETF,True,2026-05-08,,,80e36afb70c7ef5f9d05
FEMB,NASDAQ,First Trust Emerging Markets Local Currency Bond ETF,ETF,True,2026-05-08,,,e88b40e9d71fdff01ac0
FEMS,NASDAQ,First Trust Emerging Markets Small Cap AlphaDEX Fund,ETF,True,2026-05-08,,,70340752879228dd1703
FEMY,NASDAQ,Femasys Inc. - Common Stock,Stock,True,2026-05-08,,,ec7d6e5b8254b7a37b61
FENC,NASDAQ,Fennec Pharmaceuticals Inc. - Common Stock,Stock,True,2026-05-08,,,3f1824158224e99b8929
FEP,NASDAQ,First Trust Europe AlphaDEX Fund,ETF,True,2026-05-08,,,5db55e86ee904d973c15
FEPI,NASDAQ,REX FANG & Innovation Equity Premium Income ETF,ETF,True,2026-05-08,,,4634126784e30a4fdfce
FER,NASDAQ,Ferrovial N.V. - Ordinary Shares,Stock,True,2026-05-08,,,61cefd99fc7cd7f70942
FERA,NASDAQ,Fifth Era Acquisition Corp I - Class A Ordinary Shares,Stock,True,2026-05-08,,,97f0a37dd7f162e86f9a
FERAR,NASDAQ,Fifth Era Acquisition Corp I - Rights,Stock,True,2026-05-08,,,7264a89cf6a9b7f41a6b
FERAU,NASDAQ,Fifth Era Acquisition Corp I - Units,Stock,True,2026-05-08,,,835b03b5fd5cf7fe52b0
FEUZ,NASDAQ,First Trust Eurozone AlphaDEX ETF,ETF,True,2026-05-08,,,61497a5716be88f00cc1
FEX,NASDAQ,First Trust Large Cap Core AlphaDEX Fund,ETF,True,2026-05-08,,,1e13e084f6610224e4ae
FFAI,NASDAQ,Faraday Future Intelligent Electric Inc. - Class A Common Stock,Stock,True,2026-05-08,,,7ef6a88b699fac9d0778
FFAIW,NASDAQ,Faraday Future Intelligent Electric Inc. - Warrant,Stock,False,2026-05-08,2026-07-21,Missing from current NASDAQ source snapshot; reason unavailable,8ab1c6553a9bb0801b3d
FFBC,NASDAQ,First Financial Bancorp. - Common Stock,Stock,True,2026-05-08,,,58dd83c6573b6f684257
FFIC,NASDAQ,Flushing Financial Corporation - Common Stock,Stock,False,2026-05-08,2026-06-02,Missing from current NASDAQ source snapshot; reason unavailable,fd2a62b188a4d1f29ba1
FFIN,NASDAQ,"First Financial Bankshares, Inc. - Common Stock",Stock,True,2026-05-08,,,75bc84d4c05fcc5f9e81
FFIV,NASDAQ,"F5, Inc. - Common Stock",Stock,True,2026-05-08,,,a549b1b06913e92b659b
FFUT,NASDAQ,Fidelity Managed Futures ETF,ETF,True,2026-05-08,,,9756dbee0b367e087921
FGBI,NASDAQ,"First Guaranty Bancshares, Inc. - Common Stock",Stock,True,2026-05-08,,,398ddfbbc5b9a8fcd9b8
FGBIP,NASDAQ,"First Guaranty Bancshares, Inc. - 6.75% Series A Fixed-Rate Non-Cumulative Perpetual Preferred Stock",Stock,True,2026-05-08,,,23bc948f0d7e8dfa6795
FGI,NASDAQ,FGI Industries Ltd. - Ordinary Shares,Stock,True,2026-05-08,,,eac1e549977221600ba8
FGII,NASDAQ,FG Imperii Acquisition Corp. - Class A Ordinary Shares,Stock,True,2026-05-08,,,4a5eae14c3670baa41ad
FGIIU,NASDAQ,FG Imperii Acquisition Corp. - Units,Stock,True,2026-05-08,,,58f66ba0cc4bbed00703
FGIIW,NASDAQ,FG Imperii Acquisition Corp. - Warrants,Stock,True,2026-05-08,,,bdf0458b77fcabcb9e59
FGIWW,NASDAQ,FGI Industries Ltd. - warrant,Stock,True,2026-05-08,,,1ebecf6a7007f7000ffb
FGL,NASDAQ,Founder Group Limited - Class A Ordinary Shares,Stock,True,2026-05-08,,,5a78a5ecc8e61811fc4e
FGM,NASDAQ,First Trust Germany AlphaDEX Fund,ETF,True,2026-05-08,,,670a342e63178ea34b0b
FGMC,NASDAQ,FG Merger II Corp. - Common stock,Stock,False,2026-05-08,2026-07-20,Missing from current NASDAQ source snapshot; reason unavailable,e3b4f174a29d7236ec96
FGMCR,NASDAQ,FG Merger II Corp. - Rights,Stock,False,2026-05-08,2026-07-20,Missing from current NASDAQ source snapshot; reason unavailable,b826a2ff3fac0ba44491
FGMCU,NASDAQ,FG Merger II Corp. - Unit,Stock,False,2026-05-08,2026-07-20,Missing from current NASDAQ source snapshot; reason unavailable,e766879f644c1566a94a
FGNX,NASDAQ,FG Nexus Inc. - Common Stock,Stock,True,2026-05-08,,,279424fd09d99de58b98
FGNXP,NASDAQ,FG Nexus Inc. - 8.00% Cumulative Series A Preferred Stock,Stock,True,2026-05-08,,,a72c95bdc1f86841e31b
FGSI,NASDAQ,FT Vest Growth Strength & Target Income ETF,ETF,True,2026-05-08,,,ba81fcf9ce7ee9a25865
FHB,NASDAQ,"First Hawaiian, Inc. - Common Stock",Stock,True,2026-05-08,,,81b7e5e14cd122677171
FHTX,NASDAQ,Foghorn Therapeutics Inc. - Common Stock,Stock,True,2026-05-08,,,57fd5c614a5befb1e186
FIBK,NASDAQ,"First Interstate BancSystem, Inc. - Common Stock",Stock,True,2026-05-08,,,ce2e7f59ecd3d707e173
FICS,NASDAQ,First Trust International Developed Capital Strength ETF,ETF,True,2026-05-08,,,733236654c4a7a673b44
FID,NASDAQ,First Trust S&P International Dividend Aristocrats ETF,ETF,True,2026-05-08,,,07dae8e7d99cc5efbe06
FIEE,NASDAQ,"FiEE, Inc - Common Stock",Stock,True,2026-05-08,,,bd476f3f94dbd4151619
FIGG,NASDAQ,Leverage Shares 2x Long FIG Daily ETF,ETF,True,2026-05-08,,,30605af4382205b3464b
FIGR,NASDAQ,"Figure Technology Solutions, Inc. - Class A Common Stock",Stock,True,2026-05-08,,,6ae542c7d77d5c20cd1f
FIGX,NASDAQ,FIGX Capital Acquisition Corp. - Class A ordinary share,Stock,True,2026-05-08,,,fa626fbde2bacb9d576f
FIGXU,NASDAQ,FIGX Capital Acquisition Corp. - Units,Stock,True,2026-05-08,,,20cb45efe75f2e826591
FIGXW,NASDAQ,FIGX Capital Acquisition Corp. - one-half of one redeemable warrant.,Stock,True,2026-05-08,,,c4758c4c734ae4bf317c
FIMU,NASDAQ,Fidelity Intermediate Municipal Income ETF,ETF,True,2026-06-18,,,1873bb9529df102e04d0
FINW,NASDAQ,FinWise Bancorp - Common Stock,Stock,True,2026-05-08,,,48fe0d89e23f8cce9d5c
FINX,NASDAQ,Global X FinTech ETF,ETF,True,2026-05-08,,,12a43b08fac982f7dd46
FINY,NASDAQ,GraniteShares YieldBOOST Financials ETF,ETF,True,2026-05-08,,,7e3137aba2293a80824c
FIP,NASDAQ,FTAI Infrastructure Inc. - Common Stock,Stock,True,2026-05-08,,,0826915ff9275ff5d5f4
FISI,NASDAQ,"Financial Institutions, Inc. - Common Stock",Stock,True,2026-05-08,,,d90ce6e92d868bce2756
FISN,NASDAQ,"Deep Fission, Inc. - Common Stock",Stock,True,2026-06-18,,,84bd1b04db666e889bc7
FISV,NASDAQ,"Fiserv, Inc. - Common Stock",Stock,True,2026-05-08,,,f1a552bdbd7539ae7b9e
FITB,NASDAQ,Fifth Third Bancorp - Common Stock,Stock,False,2026-05-08,2026-06-12,Missing from current NASDAQ source snapshot; reason unavailable,7c58433403fa8c693303
FITBI,NASDAQ,Fifth Third Bancorp - Depositary Share repstg 1/1000th Ownership Interest Perp Pfd Series I,Stock,False,2026-05-08,2026-06-12,Missing from current NASDAQ source snapshot; reason unavailable,907b620d3e6ee1352064
FITBM,NASDAQ,"Fifth Third Bancorp - Depositary Shares Representing a 1/40th Ownership Interest in a Share of 6.875% Fixed-Rate Reset Non-Cumulative Perpetual Preferred Stock, Series M",Stock,False,2026-05-08,2026-06-12,Missing from current NASDAQ source snapshot; reason unavailable,f37a1b36bac81b950c2c
FITBO,NASDAQ,"Fifth Third Bancorp - Depositary Shares each representing a 1/1000th ownership interest in a share of Non-Cumulative Perpetual Preferred Stock, Series K",Stock,False,2026-05-08,2026-06-12,Missing from current NASDAQ source snapshot; reason unavailable,28b8b03c094eeec8c4e0
FITBP,NASDAQ,"Fifth Third Bancorp - Depositary Shares each representing 1/40th share of Fifth Third 6.00% Non-Cumulative Perpetual Class B Preferred Stock, Series A",Stock,False,2026-05-08,2026-06-12,Missing from current NASDAQ source snapshot; reason unavailable,8d07e531dea43868f89f
FIVE,NASDAQ,"Five Below, Inc. - Common Stock",Stock,True,2026-05-08,,,33a675f4ca8499c0bd43
FIVN,NASDAQ,"Five9, Inc. - Common Stock",Stock,True,2026-05-08,,,f97a6ec129bc3bfc86c1
FIVY,NASDAQ,YieldMax Dorsey Wright Hybrid 5 Income ETF,ETF,False,2026-05-08,2026-06-16,Missing from current NASDAQ source snapshot; reason unavailable,3e1d9df26a72811d42f2
FIXD,NASDAQ,First Trust Smith Opportunistic Fixed Income ETF,ETF,True,2026-05-08,,,d357c98af57a16247990
FIYY,NASDAQ,GraniteShares YieldBOOST 20Y Treasuries ETF,ETF,True,2026-05-08,,,d01115d7524f22d91227
FIZZ,NASDAQ,National Beverage Corp. - Common Stock,Stock,True,2026-05-08,,,419fbe988656b4078be9
FJP,NASDAQ,First Trust Japan AlphaDEX Fund,ETF,True,2026-05-08,,,9d01af9e2ba4dbd6cb44
FKU,NASDAQ,First Trust United Kingdom AlphaDEX Fund,ETF,True,2026-05-08,,,9dabd1b61c209cf5be06
FKWL,NASDAQ,Franklin Wireless Corp. - common stock,Stock,True,2026-05-08,,,d07ca221be440018b51d
FLD,NASDAQ,"Fold Holdings, Inc. - Class A Common Stock",Stock,True,2026-05-08,,,c075cb0f9090309b1844
FLDB,NASDAQ,Fidelity Low Duration Bond ETF,ETF,True,2026-05-08,,,7ec493e060fc14c673c2
FLDDW,NASDAQ,"Fold Holdings, Inc. - Warrant",Stock,True,2026-05-08,,,fa54d3cd5e2100cb2607
FLEX,NASDAQ,Flex Ltd. - Ordinary Shares,Stock,True,2026-05-08,,,031f8b7b923f52eaa1cf
FLGT,NASDAQ,"Fulgent Genetics, Inc. - Common Stock",Stock,True,2026-05-08,,,57f3f292d3a1662e8b9e
FLL,NASDAQ,"Full House Resorts, Inc. - Common Stock",Stock,True,2026-05-08,,,e05a1192b2448c679e95
FLN,NASDAQ,First Trust Latin America AlphaDEX Fund,ETF,True,2026-05-08,,,d05d60ab34be64e37ed0
FLNA,NASDAQ,"Filana Therapeutics, Inc. - Common Stock",Stock,True,2026-05-08,,,44190583bfe009508ccf
FLNC,NASDAQ,"Fluence Energy, Inc. - Class A Common Stock",Stock,True,2026-05-08,,,a3c1f94fd7d3161f56b7
FLNT,NASDAQ,"Fluent, Inc. - Common Stock",Stock,True,2026-05-08,,,1817c3c823d63612e900
FLUX,NASDAQ,"Flux Power Holdings, Inc. - Common Stock",Stock,True,2026-05-08,,,a1d188c0936dbfcf495d
FLWS,NASDAQ,"1-800-FLOWERS.COM, Inc. - Class A Common Stock",Stock,True,2026-05-08,,,f7a0c0b92e4f7cdf8b55
FLX,NASDAQ,BingEx Limited - American Depositary Shares,Stock,True,2026-05-08,,,68b5bc0a8aea7c73b9b6
FLXS,NASDAQ,"Flexsteel Industries, Inc. - Common Stock",Stock,True,2026-05-08,,,7e577d591575e375d56f
FLY,NASDAQ,Firefly Aerospace Inc. - Common Stock,Stock,True,2026-05-08,,,c1137e21f8faa7a26b30
FLYE,NASDAQ,"Fly-E Group, Inc. - Common Stock",Stock,True,2026-05-08,,,993db8eb18a8b4060a96
FLYW,NASDAQ,Flywire Corporation - Voting Common Stock,Stock,True,2026-05-08,,,19901bb85dbac51f29d2
FLZH,NASDAQ,"Flash Sports & Media Holdings, Inc. - Common Stock",Stock,True,2026-06-16,,,6e033d3c4ed39393caef
FMAC,NASDAQ,Future Money Acquisition Corporation - Ordinary Shares,Stock,True,2026-05-18,,,4c569fe94a9a9085de20
FMACR,NASDAQ,Future Money Acquisition Corporation - Rights,Stock,True,2026-05-18,,,4008dfc177d8c7d5f8bc
FMACU,NASDAQ,Future Money Acquisition Corporation - Units,Stock,True,2026-05-08,,,7ce7e036f2c47269ad0a
FMAO,NASDAQ,"Farmers & Merchants Bancorp, Inc. - Common Stock",Stock,True,2026-05-08,,,2197ef0d8ae536635002
FMB,NASDAQ,First Trust Managed Municipal ETF,ETF,True,2026-05-08,,,0d552c87fdd6fa2f6c34
FMBH,NASDAQ,"First Mid Bancshares, Inc. - Common Stock",Stock,True,2026-05-08,,,b1062fadbff000446533
FMED,NASDAQ,Fidelity Disruptive Medicine ETF,ETF,True,2026-05-08,,,eb4297bb093117b777c3
FMET,NASDAQ,Fidelity Metaverse ETF,ETF,True,2026-05-08,,,1e2b571ef18d4fb2126a
FMFC,NASDAQ,Kandal M Venture Limited - Class A ordinary Shares,Stock,True,2026-05-08,,,f0c2bf458976488ffe6d
FMHI,NASDAQ,First Trust Municipal High Income ETF,ETF,True,2026-05-08,,,ac140b3a1d0142fbba6c
FMNB,NASDAQ,Farmers National Banc Corp. - Common Stock,Stock,True,2026-05-08,,,2d2cf514ff73db07a6dd
FMST,NASDAQ,Foremost Clean Energy Ltd. - Common Shares,Stock,True,2026-05-08,,,c7e319c33a4eed570ae6
FMSTW,NASDAQ,Foremost Clean Energy Ltd. - Warrant,Stock,True,2026-05-08,,,58871fda7e184f37b1c6
FMTM,NASDAQ,MarketDesk Focused U.S. Momentum ETF,ETF,True,2026-05-08,,,ff755b66fd06d5913fbc
FMUB,NASDAQ,Fidelity Municipal Bond Opportunities ETF,ETF,True,2026-05-08,,,e32c54228e5f89032188
FMUN,NASDAQ,Fidelity Systematic Municipal Bond Index ETF,ETF,True,2026-05-08,,,e164ef01cd9e1d130885
FNGR,NASDAQ,"FingerMotion, Inc. - common stock",Stock,True,2026-05-08,,,0370dce319bbce5e34a1
FNK,NASDAQ,First Trust Mid Cap Value AlphaDEX Fund,ETF,True,2026-05-08,,,29cdfbe4ab465d979918
FNKO,NASDAQ,"Funko, Inc. - Class A Common Stock",Stock,True,2026-05-08,,,ba13aee7934fa448e264
FNLC,NASDAQ,"First Bancorp, Inc (ME) - Common Stock",Stock,True,2026-05-08,,,893d38dfd689e9a2aa7d
FNRN,NASDAQ,First Northern Community Bancorp - Common stock,Stock,True,2026-05-08,,,d0846888d5e1e5709936
FNUC,NASDAQ,Frontier Nuclear and Minerals Inc. - Common Shares,Stock,True,2026-05-08,,,55dce09af7cdb545f7a9
FNWB,NASDAQ,First Northwest Bancorp - Common Stock,Stock,True,2026-05-08,,,f683bc0c1980d0888d5f
FNWD,NASDAQ,Finward Bancorp - common stock,Stock,True,2026-05-08,,,6fe838ba497bc3ab8137
FNX,NASDAQ,First Trust Mid Cap Core AlphaDEX Fund,ETF,True,2026-05-08,,,7ae95432ffc3b2b418a7
FNY,NASDAQ,First Trust Mid Cap Growth AlphaDEX Fund,ETF,True,2026-05-08,,,9bd9049fe840f8bfe80c
FOCL,NASDAQ,"EDAP TMS S.A. - American Depositary Shares, each representing One Ordinary Share",Stock,True,2026-06-01,,,1f5a1c108926e903732d
FOFO,NASDAQ,"Hang Feng Technology Innovation Co., Ltd. - Ordinary Shares",Stock,True,2026-05-08,,,5d03c52fbc661e10d8bc
FONR,NASDAQ,Fonar Corporation - Common Stock,Stock,False,2026-05-08,2026-06-04,Missing from current NASDAQ source snapshot; reason unavailable,903c5913b81dac1d67fa
FORA,NASDAQ,Forian Inc. - Common Stock,Stock,False,2026-05-08,2026-05-18,Missing from current NASDAQ source snapshot; reason unavailable,6e22ce8a4c65ee6594cd
FORM,NASDAQ,"FormFactor, Inc. - Common Stock",Stock,True,2026-05-08,,,7de9a463a05ba4c3d85f
FORR,NASDAQ,"Forrester Research, Inc. - Common Stock",Stock,True,2026-05-08,,,b05567d6b0ac4658636d
FORTY,NASDAQ,Formula Systems (1985) Ltd. - American Depositary Shares,Stock,True,2026-05-08,,,7d3a27a57f22bb81d096
FOSL,NASDAQ,"Fossil Group, Inc. - Common Stock",Stock,True,2026-05-08,,,18b284951c28b130c24d
FOX,NASDAQ,Fox Corporation - Class B Common Stock,Stock,True,2026-05-08,,,5c41be472d50dbf1f7b8
FOXA,NASDAQ,Fox Corporation - Class A Common Stock,Stock,True,2026-05-08,,,1672e908486b5b4c9de5
FOXF,NASDAQ,Fox Factory Holding Corp. - Common Stock,Stock,True,2026-05-08,,,7edb314462ae80eec923
FOXX,NASDAQ,Foxx Development Holdings Inc. - Common Stock,Stock,True,2026-05-08,,,8d69e5d279682fa921b5
FOXXW,NASDAQ,Foxx Development Holdings Inc. - Warrant,Stock,True,2026-05-08,,,e457959222b44c47fa38
FPA,NASDAQ,First Trust Asia Pacific Ex-Japan AlphaDEX Fund,ETF,True,2026-05-08,,,41285bc7699febf3173d
FPXE,NASDAQ,First Trust IPOX Europe Equity Opportunities ETF,ETF,True,2026-05-08,,,fa722360fdb3d93deceb
FPXI,NASDAQ,First Trust International Equity Opportunities ETF,ETF,True,2026-05-08,,,f290ea71c8b4a0700125
FRAF,NASDAQ,Franklin Financial Services Corporation - Common Stock,Stock,True,2026-05-08,,,8cce2908303f74d5e9f0
FRBA,NASDAQ,First Bank - Common Stock,Stock,True,2026-05-08,,,074f43d400daf010b6cf
FRBT,NASDAQ,"Forbright, Inc. - Class A Common Stock",Stock,True,2026-06-11,,,3399e4e0eee100fb4a56
FRD,NASDAQ,Friedman Industries Inc. - Common Stock,Stock,True,2026-05-08,,,b3a5d650b537b7d00a0b
FREI,NASDAQ,Fidelity Real Estate Income ETF,ETF,True,2026-06-18,,,62faedb9e258a8b41ddc
FRGT,NASDAQ,"Freight Technologies, Inc. - Ordinary Shares",Stock,True,2026-05-08,,,ffe725eb01774ec8f71e
FRHC,NASDAQ,Freedom Holding Corp. - Common Stock,Stock,True,2026-05-08,,,f8a455b6d5526b9c52c5
FRME,NASDAQ,First Merchants Corporation - Common Stock,Stock,True,2026-05-08,,,158fb2bc941ad9085c5c
FRMEP,NASDAQ,"First Merchants Corporation - Depository Shares, each representing a 1/100th interest in a share of 7.50% Non-Cumulative Perpetual Preferred Stock, A",Stock,True,2026-05-08,,,6dfeebd261effe641a93
FRMI,NASDAQ,Fermi Inc. - Common Stock,Stock,True,2026-05-08,,,94dfb0a7d6e0afc5150c
FRMM,NASDAQ,"Forum Markets, Incorporated - Common Stock",Stock,True,2026-05-08,,,54808b9b9be0eea24da9
FRNM,NASDAQ,"Freenome, Inc. - Common stock",Stock,True,2026-07-21,,,c185479f34114d34bf41
FROG,NASDAQ,JFrog Ltd. - Ordinary shares,Stock,True,2026-05-08,,,d9954ab7b9437b758554
FRPH,NASDAQ,"FRP Holdings, Inc. - Common Stock",Stock,True,2026-05-08,,,e69d3d8557a5b8d352f5
FRPT,NASDAQ,"Freshpet, Inc. - Common Stock",Stock,True,2026-05-08,,,a60fac6180cb3535b6b4
FRSH,NASDAQ,Freshworks Inc. - Class A Common Stock,Stock,True,2026-05-08,,,d955a6aa91f6769bc710
FRST,NASDAQ,Primis Financial Corp. - Common Stock,Stock,True,2026-05-08,,,cbe3d283ea03abcb0a03
FRSX,NASDAQ,Foresight Autonomous Holdings Ltd. - American Depositary Shares,Stock,True,2026-05-08,,,09e408b79020cc811730
FRTT,NASDAQ,Fort Technology Inc. - Common Shares,Stock,True,2026-06-08,,,ddcdf91256127a84a1a4
FRVO,NASDAQ,Fervo Energy Company - Class A common stock,Stock,True,2026-05-13,,,0b541bd99b39cf36cd77
FRWD,NASDAQ,Nomura Transformational Technologies ETF,ETF,True,2026-05-08,,,fdb7b7fbbc58e4f40fe4
FSBC,NASDAQ,Five Star Bancorp - Common Stock,Stock,True,2026-05-08,,,e306cb29dadf98c21070
FSBW,NASDAQ,"FS Bancorp, Inc. - Common Stock",Stock,True,2026-05-08,,,cd4c9ec2da6a05711477
FSCS,NASDAQ,First Trust SMID Capital Strength ETF,ETF,True,2026-05-08,,,630c4bfcf27e8a580810
FSEA,NASDAQ,"First Seacoast Bancorp, Inc. - Common Stock",Stock,True,2026-05-08,,,7c3661670b495b37d65e
FSGS,NASDAQ,First Trust SMID Growth Strength ETF,ETF,True,2026-05-08,,,559337669ba627879977
FSHP,NASDAQ,Flag Ship Acquisition Corp. - Ordinary Shares,Stock,True,2026-05-08,,,f5700f0b5b18767aae2e
FSHPR,NASDAQ,Flag Ship Acquisition Corp. - Right,Stock,True,2026-05-08,,,101f69cf211a04fe6fcc
FSHPU,NASDAQ,Flag Ship Acquisition Corp. - Unit,Stock,True,2026-05-08,,,5204426189bf386b57f6
FSLR,NASDAQ,"First Solar, Inc. - Common Stock",Stock,True,2026-05-08,,,356657898ce82a7794f1
FSLY,NASDAQ,"Fastly, Inc. - Class A Common Stock",Stock,True,2026-05-08,,,823ede797d9caac63016
FSTB,NASDAQ,Fidelity Short-Term Bond ETF,ETF,True,2026-06-18,,,d274e1a465e8f969a071
FSTR,NASDAQ,L.B. Foster Company - Common Stock,Stock,True,2026-05-08,,,7af0133eca9da16cb5d3
FSUN,NASDAQ,FirstSun Capital Bancorp - Common Stock,Stock,True,2026-05-08,,,88c16e5d6c56f4ba7e16
FSV,NASDAQ,FirstService Corporation - Common Shares,Stock,True,2026-05-08,,,9d470415768eef6f5c93
FSZ,NASDAQ,First Trust Switzerland AlphaDEX Fund,ETF,True,2026-05-08,,,0f6cc590e79280a9862d
FTA,NASDAQ,First Trust Large Cap Value AlphaDEX Fund,ETF,True,2026-05-08,,,f8f5a4f25755430eddd9
FTAG,NASDAQ,First Trust Indxx Global Agriculture ETF,ETF,True,2026-05-08,,,410cfdd646d725ba2517
FTAI,NASDAQ,FTAI Aviation Ltd. - Common Stock,Stock,True,2026-05-08,,,fa2c035e6611f0722517
FTAIM,NASDAQ,FTAI Aviation Ltd. - 9.500% Fixed-Rate Reset Series D Cumulative Perpetual Redeemable Preferred Shares,Stock,True,2026-05-08,,,44136c56d02857aed32e
FTAIN,NASDAQ,FTAI Aviation Ltd. - 8.25% Fixed-Rate Reset Series C Cumulative Perpetual Redeemable Preferred Shares,Stock,False,2026-05-08,2026-06-15,Missing from current NASDAQ source snapshot; reason unavailable,916f66c36fd37cb4c6d7
FTC,NASDAQ,First Trust Large Cap Growth AlphaDEX Fund,ETF,True,2026-05-08,,,b93d9bbdc0000159d18a
FTCI,NASDAQ,"FTC Solar, Inc. - Common Stock",Stock,True,2026-05-08,,,bfb3cd5ae15d27e7c2dc
FTCS,NASDAQ,First Trust Capital Strength ETF,ETF,True,2026-05-08,,,99099ffe882aded61b85
FTDR,NASDAQ,"Frontdoor, Inc. - Common Stock",Stock,True,2026-05-08,,,ac57ec1f7ef52889cd98
FTDS,NASDAQ,First Trust Dividend Strength ETF,ETF,True,2026-05-08,,,1e6438e214cc908e76d5
FTEK,NASDAQ,"Fuel Tech, Inc. - Common Stock",Stock,True,2026-05-08,,,bcb4823d6e91ce766921
FTFT,NASDAQ,Future FinTech Group Inc. - Common Stock,Stock,True,2026-05-08,,,3edd2de8becd16b0bb81
FTGC,NASDAQ,First Trust Global Tactical Commodity Strategy Fund,ETF,True,2026-05-08,,,6a6696be1c8f4bf92905
FTGS,NASDAQ,First Trust Growth Strength ETF,ETF,True,2026-05-08,,,7ed339184bfe548178d1
FTH,NASDAQ,"Faeth Therapeutics, Inc. - Common Stock",Stock,True,2026-06-16,,,cec0b3734fe93843703f
FTHA,NASDAQ,Forefront Tech Holdings Acquisition Corp - Class A Ordinary Shares,Stock,True,2026-06-22,,,5fdb117baf805098d1e4
FTHAU,NASDAQ,Forefront Tech Holdings Acquisition Corp - Unit,Stock,True,2026-05-08,,,3e68a411217f6ee77551
FTHAW,NASDAQ,Forefront Tech Holdings Acquisition Corp - Warrant,Stock,True,2026-06-22,,,727f8b5ae6b7ff9dd12d
FTHI,NASDAQ,First Trust BuyWrite Income ETF,ETF,True,2026-05-08,,,668bc341019dcec502ab
FTHM,NASDAQ,Fathom Holdings Inc. - Common Stock,Stock,True,2026-05-08,,,e4714dee899b0517f9cb
FTLF,NASDAQ,"FitLife Brands, Inc. - Common Stock",Stock,True,2026-05-08,,,8dbd1ff0d17975bb00b8
FTNT,NASDAQ,"Fortinet, Inc. - Common Stock",Stock,True,2026-05-08,,,c9d206396361feaebe73
FTQI,NASDAQ,First Trust Nasdaq BuyWrite Income ETF,ETF,True,2026-05-08,,,6148c230de70e9ef9ee1
FTRE,NASDAQ,Fortrea Holdings Inc. - Common Stock,Stock,True,2026-05-08,,,89eb579cad76941e817f
FTRI,NASDAQ,First Trust Indxx Global Natural Resources Income ETF,ETF,True,2026-05-08,,,c2dad467764a651ea12d
FTRK,NASDAQ,FAST TRACK GROUP - Ordinary shares,Stock,True,2026-05-08,,,fd2cbc69bb30bd23ddb6
FTSL,NASDAQ,First Trust Senior Loan Fund,ETF,True,2026-05-08,,,1a9478fc6013eaec2474
FTSM,NASDAQ,First Trust Enhanced Short Maturity ETF,ETF,True,2026-05-08,,,88699d76dee16b4fa5ce
FTXG,NASDAQ,First Trust Nasdaq Food & Beverage ETF,ETF,True,2026-05-08,,,0706a7125766af688450
FTXH,NASDAQ,First Trust Nasdaq Pharmaceuticals ETF,ETF,True,2026-05-08,,,79cb13125a087125e153
FTXL,NASDAQ,First Trust Nasdaq Semiconductor ETF,ETF,True,2026-05-08,,,65c426999ad611396164
FTXN,NASDAQ,First Trust Nasdaq Oil & Gas ETF,ETF,True,2026-05-08,,,189c05b07b65ba6d2248
FTXO,NASDAQ,First Trust Nasdaq Bank ETF,ETF,True,2026-05-08,,,29472b1378f54fc528d2
FTXR,NASDAQ,First Trust Nasdaq Transportation ETF,ETF,True,2026-05-08,,,5087cfb2fa248d288244
FUFU,NASDAQ,BitFuFu Inc. - Class A Ordinary Shares,Stock,True,2026-05-08,,,edbb1adc9f2e1cdc63cd
FUFUW,NASDAQ,BitFuFu Inc. - Warrant,Stock,True,2026-05-08,,,8189c956366ce7f13859
FULC,NASDAQ,"Fulcrum Therapeutics, Inc. - Common Stock",Stock,True,2026-05-08,,,76ac7e8133618be491b9
FULT,NASDAQ,Fulton Financial Corporation - Common Stock,Stock,True,2026-05-08,,,3fb615e4f7edf62f713f
FULTP,NASDAQ,"Fulton Financial Corporation - Depositary Shares Each Representing a 1/40th Interest in a Share of Fixed Rate Non-Cumulative Perpetual Preferred Stock, Series A",Stock,True,2026-05-08,,,64b8f7f7f0c93d08e694
FUNC,NASDAQ,First United Corporation - Common Stock,Stock,True,2026-05-08,,,09cdf9909b3bef4fb06e
FUND,NASDAQ,"Sprott Focus Trust, Inc. - Closed End Fund",Stock,True,2026-05-08,,,a40b1fc23059a4787b37
FUSB,NASDAQ,"First US Bancshares, Inc. - Common Stock",Stock,True,2026-05-08,,,2e53cd669d71d58077c2
FUSE,NASDAQ,Fusemachines Inc. - Common stock,Stock,True,2026-05-08,,,b3c5be0ca320479db1c2
FUSEW,NASDAQ,Fusemachines Inc. - Warrants,Stock,True,2026-05-08,,,a4176d9f547ae3e3bca9
FUTG,NASDAQ,Leverage Shares 2x Long FUTU Daily ETF,ETF,True,2026-05-08,,,1f1dbf61ac41c9304950
FUTU,NASDAQ,Futu Holdings Limited - American Depositary Shares,Stock,True,2026-05-08,,,63ee3cc7364dddebb2ca
FV,NASDAQ,First Trust Dorsey Wright Focus 5 ETF,ETF,True,2026-05-08,,,661b623f46c4dc1fdb33
FVAV,NASDAQ,Fortress Value Acquisition Corp. V - Class A Ordinary Shares,Stock,True,2026-05-08,,,e9d928f195a466cd85a4
FVC,NASDAQ,First Trust Dorsey Wright Dynamic Focus 5 ETF,ETF,True,2026-05-08,,,af98014d45032e806583
FVCB,NASDAQ,"FVCBankcorp, Inc. - Common Stock",Stock,True,2026-05-08,,,ee53d9a10250780be5ba
FVN,NASDAQ,Future Vision II Acquisition Corporation - Ordinary Shares,Stock,True,2026-05-08,,,6673d5849a7840f7e614
FVNNR,NASDAQ,Future Vision II Acquisition Corporation - Right,Stock,True,2026-05-08,,,ba455607d0c0a3975260
FVNNU,NASDAQ,Future Vision II Acquisition Corporation - Units,Stock,True,2026-05-08,,,a51de225eee396051586
FWACU,NASDAQ,Futurewave Acquisition Corporation - Units,Stock,True,2026-06-25,,,bdb188e6f760a5a8122e
FWDI,NASDAQ,"Forward Industries, Inc. - Common Stock",Stock,True,2026-05-08,,,b02244be4e14099b0018
FWONA,NASDAQ,Liberty Media Corporation - Series A Liberty Formula One Common Stock,Stock,True,2026-05-08,,,d57127a9f7ba36cee15c
FWONK,NASDAQ,Liberty Media Corporation - Series C Liberty Formula One Common Stock,Stock,True,2026-05-08,,,2af5e5652f41b29d4c7c
FWRD,NASDAQ,Forward Air Corporation - Common Stock,Stock,True,2026-05-08,,,ffc690ada07cd0b55a0b
FWRG,NASDAQ,"First Watch Restaurant Group, Inc. - Common Stock",Stock,True,2026-05-08,,,32814793b313881d3a01
FXAC,NASDAQ,FortuneX Acquisition Corporation - Ordinary shares,Stock,True,2026-07-07,,,e7f3705a305bad230e36
FXACU,NASDAQ,FortuneX Acquisition Corporation - Units,Stock,True,2026-05-22,,,1a9c3ac8e1a1e9f817e8
FXACW,NASDAQ,FortuneX Acquisition Corporation - Warrant,Stock,True,2026-07-07,,,4e221a6f1751686e9320
FXHO,NASDAQ,UTime Limited - Class A Ordinary Shares,Stock,True,2026-07-02,,,e5fa4f940b08c7776937
FXNC,NASDAQ,First National Corporation - Common Stock,Stock,True,2026-05-08,,,72f5e85f69292f603ef2
FYC,NASDAQ,First Trust Small Cap Growth AlphaDEX Fund,ETF,True,2026-05-08,,,872835fbc7dc41008e7b
FYT,NASDAQ,First Trust Small Cap Value AlphaDEX Fund,ETF,True,2026-05-08,,,cf2ad17b35a41148f5b9
FYX,NASDAQ,First Trust Small Cap Core AlphaDEX Fund,ETF,True,2026-05-08,,,ae76972364ac280e5379
GABC,NASDAQ,"German American Bancorp, Inc. - Common Stock",Stock,True,2026-05-08,,,3fa2be9d27c9b6014ae3
GAIA,NASDAQ,"Gaia, Inc. - Class A Common Stock",Stock,True,2026-05-08,,,8b263ea2074a535d0f42
GAIN,NASDAQ,Gladstone Investment Corporation - Business Development Company,Stock,True,2026-05-08,,,5ad72cc1f1ad1b1642f3
GAING,NASDAQ,Gladstone Investment Corporation - 7.125% Notes due 2031,Stock,True,2026-05-08,,,0829a9e79b15d7c47c3c
GAINI,NASDAQ,Gladstone Investment Corporation - 7.875% Notes due 2030,Stock,True,2026-05-08,,,6c4cf12f4a85eff743c0
GAINZ,NASDAQ,Gladstone Investment Corporation - 4.875% Notes due 2028,Stock,True,2026-05-08,,,b639aac4eaf9632b3e4c
GALT,NASDAQ,Galectin Therapeutics Inc. - Common Stock,Stock,True,2026-05-08,,,3cabd8f4712966680e32
GAMB,NASDAQ,Gambling.com Group Limited - Ordinary Shares,Stock,False,2026-05-08,2026-07-23,Missing from current NASDAQ source snapshot; reason unavailable,78019e134774501403d7
GAME,NASDAQ,"GameSquare Holdings, Inc. - Common stock",Stock,True,2026-05-08,,,0f08d015503d000ed0b7
GANX,NASDAQ,"Gain Therapeutics, Inc. - Common Stock",Stock,True,2026-05-08,,,50ee1aeaf9e4a482335b
GARY,NASDAQ,Mango Growth ETF,ETF,True,2026-05-08,,,0afbeb12ec704e9c1a22
GASS,NASDAQ,"StealthGas, Inc. - common stock",Stock,True,2026-05-08,,,e6a79657096e8cf3c641
GAUZ,NASDAQ,Gauzy Ltd. - Ordinary Shares,Stock,True,2026-05-08,,,b3a8f6eb969ac0ca5aaf
GAVA,NASDAQ,Grayscale Avalanche Staking ETF,ETF,True,2026-05-08,,,2e5f7ce8da417a4c0138
GBDC,NASDAQ,"Golub Capital BDC, Inc. - Closed End Fund",Stock,True,2026-05-08,,,6aa2a85df9881a2dab28
GBFH,NASDAQ,GBank Financial Holdings Inc. - Common Stock,Stock,True,2026-05-08,,,5a7a7bbf727161fc0a6e
GBLI,NASDAQ,"Global Indemnity Group, LLC - Class A Common Shares",Stock,True,2026-05-08,,,b7244068a89e6feb5d58
GBUG,NASDAQ,Sprott Active Gold & Silver Miners ETF,ETF,True,2026-05-08,,,c919595397ec315c4eca
GCBC,NASDAQ,"Greene County Bancorp, Inc. - Common Stock",Stock,True,2026-05-08,,,b5e7a5348400f200f8f8
GCGR,NASDAQ,General Catalyst Global Resilience Merger Corp. - Class A Ordinary Shares,Stock,True,2026-06-22,,,3d08640b67edcbb05057
GCGRU,NASDAQ,General Catalyst Global Resilience Merger Corp. - Units,Stock,True,2026-05-08,,,2bc029af53299551eacc
GCGRW,NASDAQ,General Catalyst Global Resilience Merger Corp. - Warrants,Stock,True,2026-06-22,,,40a492186f690376fdb9
GCL,NASDAQ,GCL Global Holdings Ltd - Ordinary Shares,Stock,True,2026-05-08,,,bf3a3cb31db35919cefc
GCLWW,NASDAQ,GCL Global Holdings Ltd - Warrants,Stock,True,2026-05-08,,,c29d4f59ec7cd8e3fcd7
GCMG,NASDAQ,GCM Grosvenor Inc. - Class A Common Stock,Stock,True,2026-05-08,,,9d679bb6a1a13fbf0649
GCT,NASDAQ,GigaCloud Technology Inc - Class A Ordinary Shares,Stock,True,2026-05-08,,,b75d585eca3e7c4625d8
GCTK,NASDAQ,"GlucoTrack, Inc. - Common Stock",Stock,True,2026-05-08,,,06374bf2b8f3c9cb8f1d
GDC,NASDAQ,GD Culture Group Limited - Common Stock,Stock,True,2026-05-08,,,ae600a5b4cfae363d74b
GDEV,NASDAQ,GDEV Inc. - Ordinary Shares,Stock,True,2026-05-08,,,a019f66a3488cf02e63b
GDEVW,NASDAQ,GDEV Inc. - Warrant,Stock,True,2026-05-08,,,048919b4bebf8fb80fe9
GDHG,NASDAQ,Golden Heaven Group Holdings Ltd. - Class A Ordinary Shares,Stock,True,2026-05-08,,,9afb749b14a903bf6474
GDRX,NASDAQ,"GoodRx Holdings, Inc. - Class A Common Stock",Stock,True,2026-05-08,,,7602cb74ecd5db6eb8a1
GDS,NASDAQ,GDS Holdings Limited - American Depositary Shares,Stock,True,2026-05-08,,,c4147c63271c26da2026
GDTC,NASDAQ,CytoMed Therapeutics Limited - Ordinary Shares,Stock,True,2026-05-08,,,f65abfa10c2a43ba725b
GDYN,NASDAQ,"Grid Dynamics Holdings, Inc. - Class A Common Stock",Stock,True,2026-05-08,,,6e91a9c309a448897ec5
GECC,NASDAQ,Great Elm Capital Corp. - Closed End Fund,Stock,True,2026-05-08,,,93342bc1c0541f825645
GECCG,NASDAQ,Great Elm Capital Corp. - 7.75% Notes Due 2030,Stock,True,2026-05-08,,,341381b736598ec92436
GECCH,NASDAQ,Great Elm Capital Corp. - 8.125% Notes Due 2029,Stock,True,2026-05-08,,,cc5bbcfa3275e04b323f
GECCI,NASDAQ,Great Elm Capital Corp. - 8.50% NOTES DUE 2029,Stock,True,2026-05-08,,,13d66aee8e68b773e84d
GECCO,NASDAQ,Great Elm Capital Corp. - 5.875% Notes due 2026,Stock,False,2026-05-08,2026-05-28,Missing from current NASDAQ source snapshot; reason unavailable,fbf3208b61374e73f52b
GEG,NASDAQ,"Great Elm Group, Inc. - Common Stock",Stock,True,2026-05-08,,,07447018596ba08db3fb
GEGGL,NASDAQ,"Great Elm Group, Inc. - 7.25% Notes due 2027",Stock,True,2026-05-08,,,64effd194cbd0cfd90c0
GEHC,NASDAQ,GE HealthCare Technologies Inc. - Common Stock,Stock,True,2026-05-08,,,88cba2483748b5305b4f
GELS,NASDAQ,Gelteq Limited - Ordinary Shares,Stock,True,2026-05-08,,,87e919a84866a84f3816
GEME,NASDAQ,Pacific North of South EM Equity Active ETF,ETF,True,2026-05-08,,,cad952adf926380a1af9
GEMG,NASDAQ,Leverage Shares 2X Long GEMI Daily ETF,ETF,True,2026-05-08,,,134f5c23d4ad13dbde50
GEMI,NASDAQ,"Gemini Space Station, Inc. - Class A Common Stock",Stock,True,2026-05-08,,,b2bb5446381d5a3c0a38
GEN,NASDAQ,Gen Digital Inc. - Common Stock,Stock,True,2026-05-08,,,3dcdef974747e259d965
GENB,NASDAQ,"Generate Biomedicines, Inc. - Common Stock",Stock,True,2026-05-08,,,a5d00e03153218bbcb85
GENK,NASDAQ,"GEN Restaurant Group, Inc. - Class A Common Stock",Stock,True,2026-05-08,,,1652dea508fad5087ca6
GENVR,NASDAQ,Gen Digital Inc. - Contingent Value Rights,Stock,True,2026-05-08,,,a491ab68314a2870ded9
GENZ,NASDAQ,VanEck Digital Native Economy ETF,ETF,True,2026-05-08,,,a8619ba55a783a4b4660
GEOS,NASDAQ,Geospace Technologies Corporation - Common Stock,Stock,True,2026-05-08,,,a9227b05fe7a8d2c7b5c
GEQ,NASDAQ,Cambria Global EW 2 ETF,ETF,True,2026-06-09,,,7f554aa93a157ef721fe
GERN,NASDAQ,Geron Corporation - Common Stock,Stock,True,2026-05-08,,,6e2eee36329c4912283a
GEVG,NASDAQ,Leverage Shares 2X Long GEV Daily ETF,ETF,True,2026-05-08,,,fcfaa0572c0202d4a6f0
GEVO,NASDAQ,"Gevo, Inc. - Common Stock",Stock,True,2026-05-08,,,c7d2593850b78dd18e6f
GEW,NASDAQ,Cambria Global EW ETF,ETF,True,2026-05-08,,,640e1a016754abb14284
GFAI,NASDAQ,"Guardforce AI Co., Limited - Ordinary Shares",Stock,True,2026-05-08,,,5b67e3283738e0300534
GFAIW,NASDAQ,"Guardforce AI Co., Limited - Warrant",Stock,True,2026-05-08,,,3429df79180c9d817bd1
GFGF,NASDAQ,Guru Favorite Stocks ETF,ETF,True,2026-05-08,,,927ba1647265f15b86dc
GFLW,NASDAQ,VictoryShares Free Cash Flow Growth ETF,ETF,True,2026-05-08,,,047c14b11dc80ab8b8bd
GFS,NASDAQ,GlobalFoundries Inc. - Ordinary Share,Stock,True,2026-05-08,,,d35de98935b40fa9103b
GFUZ,NASDAQ,General Fusion Group Ltd. - Common Shares,Stock,True,2026-07-13,,,043994e18f4b0cb221d1
GFUZW,NASDAQ,General Fusion Group Ltd. - Warrant,Stock,True,2026-07-13,,,a981f9291467688eff52
GGAL,NASDAQ,"Grupo Financiero Galicia S.A. - American Depositary Shares, Class B Shares underlying",Stock,True,2026-05-08,,,8999c4a87243cf45e3a1
GGLL,NASDAQ,Direxion Daily GOOGL Bull 2X ETF,ETF,True,2026-05-08,,,b9bab84439b9c9a5306e
GGLS,NASDAQ,Direxion Daily GOOGL Bear 1X ETF,ETF,True,2026-05-08,,,20e5ffa114d3b83578c1
GGR,NASDAQ,Gogoro Inc. - Ordinary Shares,Stock,True,2026-05-08,,,9dcfa4342411f8c8ca41
GGROW,NASDAQ,Gogoro Inc. - Warrant,Stock,True,2026-05-08,,,dec4d3f5d628eadb2198
GGRP,NASDAQ,"The Glimpse Group, Inc. - Common Stock",Stock,True,2026-05-08,,,d83317869036590b2b9c
GH,NASDAQ,"Guardant Health, Inc. - Common Stock",Stock,True,2026-05-08,,,4df093eb08d55b5086e4
GHRS,NASDAQ,GH Research PLC - Ordinary Shares,Stock,True,2026-05-08,,,f9b5f4c887cde7f71857
GHXIU,NASDAQ,"Gores Holdings XI, Inc. - Units",Stock,True,2026-06-23,,,24c84ba015b44344908a
GIBO,NASDAQ,GIBO Holdings Limited - Class A Ordinary Shares,Stock,True,2026-05-08,,,addc71aa8694c7eb91df
GIBOW,NASDAQ,GIBO Holdings Limited - Warrants,Stock,True,2026-05-08,,,7e1c23beb711175408b2
GIEQ,NASDAQ,Goldman Sachs Data Enhanced International Equity ETF,ETF,True,2026-05-21,,,3ed56fd14aac061a31d3
GIFT,NASDAQ,"Giftify, Inc. - Common Stock",Stock,True,2026-05-08,,,162562ed181be05aaac3
GIG,NASDAQ,GigCapital7 Corp. - Class A Ordinary Share,Stock,False,2026-05-08,2026-05-26,Other delisting reason: Details unavailable (source: FMP Delisted API),c6b78f6e4052c72eea1a
GIGGU,NASDAQ,GigCapital7 Corp. - Unit,Stock,False,2026-05-08,2026-05-26,Missing from current NASDAQ source snapshot; reason unavailable,cc409f76a672e54be103
GIGGW,NASDAQ,GigCapital7 Corp. - Warrant,Stock,False,2026-05-08,2026-05-26,Missing from current NASDAQ source snapshot; reason unavailable,7d4e7962c27257e03111
GIGM,NASDAQ,GigaMedia Limited - Ordinary Shares,Stock,True,2026-05-08,,,cd9f1e041e2fc6499fcd
GIII,NASDAQ,"G-III Apparel Group, LTD. - Common Stock",Stock,True,2026-05-08,,,3dc5d7a3be0c90e8aea8
GILD,NASDAQ,"Gilead Sciences, Inc. - Common Stock",Stock,True,2026-05-08,,,7acda0507ae4b6bfd31e
GILT,NASDAQ,Gilat Satellite Networks Ltd. - Ordinary Shares,Stock,True,2026-05-08,,,ce0a362cead3b0e4351a
GIND,NASDAQ,Goldman Sachs India Equity ETF,ETF,True,2026-05-08,,,0f5c4b9f3a75415a3919
GINX,NASDAQ,SGI Enhanced Global Income ETF,ETF,True,2026-05-08,,,0bc1dde1f4a8d440430d
GIPR,NASDAQ,Generation Income Properties Inc. - Common stock,Stock,True,2026-05-08,,,e3451f0f47ff3ce27230
GIPRW,NASDAQ,Generation Income Properties Inc. - Warrant,Stock,True,2026-05-08,,,99a9196473705d0512ad
GITS,NASDAQ,"Global Interactive Technologies, Inc. Common Stock - Common Stock",Stock,True,2026-05-08,,,918bafcdd7ee883ec62f
GIW,NASDAQ,GigCapital8 Corp. - Class A Ordinary Shares,Stock,True,2026-05-08,,,861749b522e9799ffbe0
GIWWR,NASDAQ,GigCapital8 Corp. - Rights,Stock,True,2026-05-08,,,952e58d6e818bb60f0bb
GIWWU,NASDAQ,GigCapital8 Corp. - Units,Stock,True,2026-05-08,,,bfabfa27fe601fbfbf35
GIX,NASDAQ,GigCapital9 Corp. - Class A Ordinary Share,Stock,True,2026-05-08,,,bd351931f44799ffeda2
GIXXR,NASDAQ,GigCapital9 Corp. - Rights,Stock,True,2026-05-08,,,03191bbb00caf4e0553f
GIXXU,NASDAQ,GigCapital9 Corp. - Units,Stock,True,2026-05-08,,,0cf72cdbc137fe5ac5f9
GKAT,NASDAQ,Scharf Global Opportunity ETF,ETF,True,2026-05-08,,,65a4625efb4e6f5028a3
GLAD,NASDAQ,Gladstone Capital Corporation - Closed End Fund,Stock,True,2026-05-08,,,7b601f619baafe895f4d
GLBE,NASDAQ,Global-E Online Ltd. - ordinary shares,Stock,True,2026-05-08,,,214d0131e3dc14c6e2eb
GLBS,NASDAQ,Globus Maritime Limited - Common Stock,Stock,True,2026-05-08,,,c5044006943098e62f6b
GLCR,NASDAQ,GlacierShares Nasdaq Iceland ETF,ETF,True,2026-05-08,,,3e471e4503f691950fa1
GLDB,NASDAQ,IDX Alternative FIAT ETF,ETF,True,2026-05-08,,,ea514fc864ab29f97038
GLDI,NASDAQ,"ETRACS Gold Shares Covered Call ETNs due February 2, 2033",ETF,True,2026-05-08,,,ede17e2c77ce81c1af42
GLDY,NASDAQ,Defiance Gold Enhanced Options Income ETF,ETF,False,2026-05-08,2026-06-30,Missing from current NASDAQ source snapshot; reason unavailable,5650a3381ae9fb324174
GLE,NASDAQ,Global Engine Group Holding Limited - Class A Ordinary Shares,Stock,True,2026-05-08,,,0220776322c2e936099c
GLGG,NASDAQ,Leverage Shares 2X Long GLXY Daily ETF,ETF,True,2026-05-08,,,baf423957a7aeb8f1c29
GLIBA,NASDAQ,"GCI Liberty, Inc. - Series A GCI Group Common Stock",Stock,False,2026-05-08,2026-05-26,Listing metadata changed,6ef9a819ac0b81ca8bb9
GLIBA,NASDAQ,Liberty Capital Corporation - Series A GCI Group Common Stock,Stock,True,2026-05-26,,,6d0c9152fe8f9fd53fc2
GLIBK,NASDAQ,"GCI Liberty, Inc. - Series C GCI Group Common Stock",Stock,False,2026-05-08,2026-05-26,Listing metadata changed,12de032a0f9ed8c43ca0
GLIBK,NASDAQ,Liberty Capital Corporation - Series C GCI Group Common Stock,Stock,True,2026-05-26,,,d1eaef8e581fef5b70db
GLMD,NASDAQ,Galmed Pharmaceuticals Ltd. - Ordinary Shares,Stock,True,2026-05-08,,,8e6abd13192a8c6d6a83
GLND,NASDAQ,Greenland Energy Company - Common Stock,Stock,True,2026-05-08,,,e37c77b5bdb86b0ec809
GLNDW,NASDAQ,Greenland Energy Company - Warrant,Stock,True,2026-05-08,,,c0d5af63cc9c24497bf1
GLNG,NASDAQ,Golar LNG Limited - Common Shares,Stock,True,2026-05-08,,,e7da52eb363434d144ca
GLOO,NASDAQ,"Gloo Holdings, Inc. - Common Stock",Stock,True,2026-05-08,,,7942863805b247875e93
GLOW,NASDAQ,VictoryShares WestEnd Global Equity ETF,ETF,True,2026-05-08,,,2ff54ce19f8978e14048
GLPI,NASDAQ,"Gaming and Leisure Properties, Inc. - Common Stock",Stock,True,2026-05-08,,,6f623922c1fde022d4cb
GLRE,NASDAQ,"Greenlight Reinsurance, Ltd. - Class A Ordinary Shares",Stock,True,2026-05-08,,,546623d94deb8eafe05e
GLSI,NASDAQ,"Greenwich LifeSciences, Inc. - Common stock",Stock,True,2026-05-08,,,fe722face379b126a29e
GLUE,NASDAQ,"Monte Rosa Therapeutics, Inc. - Common Stock",Stock,True,2026-05-08,,,10626a63201a00f72588
GLWG,NASDAQ,Leverage Shares 2X Long GLW Daily ETF,ETF,True,2026-05-08,,,66bbe9e95b901a8b750f
GLXG,NASDAQ,Galaxy Payroll Group Limited - Class A Ordinary Shares,Stock,True,2026-05-08,,,3751c5ddce11279f13c5
GLXY,NASDAQ,Galaxy Digital Inc. - Class A common stock,Stock,True,2026-05-08,,,a482277a1b984fcd5e62
GMAB,NASDAQ,Genmab A/S - American Depositary Shares,Stock,True,2026-05-08,,,c1f86d8c0dce1f1bf2a9
GMEX,NASDAQ,GMEX ROBOTICS CORPORATION - Class A Ordinary Shares,Stock,True,2026-05-08,,,cf387ad68ce6b5e2c1c7
GMHS,NASDAQ,Gamehaus Holdings Inc. - Class A Ordinary Shares,Stock,True,2026-05-08,,,15f39a5852711d4e28a8
GMM,NASDAQ,Global Mofy AI Limited - Class A Ordinary Shares,Stock,True,2026-05-08,,,21f87c968988e98d42d1
GNLN,NASDAQ,"Greenlane Holdings, Inc. - Class A Common Stock",Stock,True,2026-05-08,,,8bc51e5ccd132063dec1
GNLX,NASDAQ,Genelux Corporation - Common Stock,Stock,True,2026-05-08,,,64037c5166788d0fbd0b
GNMA,NASDAQ,iShares GNMA Bond ETF,ETF,True,2026-05-08,,,d6fc9dd2031a5b460b3e
GNOM,NASDAQ,Global X Genomics & Biotechnology ETF,ETF,True,2026-05-08,,,698e0cd92600db0706df
GNPX,NASDAQ,"Genprex, Inc. - Common Stock",Stock,True,2026-05-08,,,e3965dbb38c03c485cdc
GNSS,NASDAQ,Genasys Inc. - Common Stock,Stock,True,2026-05-08,,,4913874ef8df77405613
GNTA,NASDAQ,Genenta Science S.p.A. - American Depositary Shares,Stock,True,2026-05-08,,,57afed37d255f20e9569
GNTX,NASDAQ,Gentex Corporation - Common Stock,Stock,True,2026-05-08,,,a54347186289d2c92c19
GO,NASDAQ,Grocery Outlet Holding Corp. - Common Stock,Stock,True,2026-05-08,,,a40fe73ed3c7948d7ec5
GOAI,NASDAQ,Eva Live Inc. - Common Stock,Stock,True,2026-05-08,,,a3e1b86c1f271c2bc753
GOCO,NASDAQ,"GoHealth, Inc. - Class A Common Stock",Stock,False,2026-05-08,2026-06-16,Missing from current NASDAQ source snapshot; reason unavailable,5110b6ef3972ea346e6b
GOGO,NASDAQ,Gogo Inc. - Common Stock,Stock,True,2026-05-08,,,8a7eca5f4e026d2ffd26
GOLI,NASDAQ,Defiance Gold Enhanced Options Income ETF,ETF,True,2026-06-30,,,5650a3381ae9fb324174
GOOD,NASDAQ,Gladstone Commercial Corporation - Real Estate Investment Trust,Stock,True,2026-05-08,,,0e821109648d1ee0b9e3
GOODN,NASDAQ,Gladstone Commercial Corporation - 6.625% Series E Cumulative Redeemable Preferred Stock,Stock,True,2026-05-08,,,e6043329370612d89bab
GOODO,NASDAQ,"Gladstone Commercial Corporation - 6.00% Series G Cumulative Redeemable Preferred Stock, par value $0.001 per share",Stock,True,2026-05-08,,,7b4e1526a1f80f84f0dc
GOOG,NASDAQ,Alphabet Inc. - Class C Capital Stock,Stock,True,2026-05-08,,,5c94594142634f2aafe0
GOOGL,NASDAQ,Alphabet Inc. - Class A Common Stock,Stock,True,2026-05-08,,,e087dbe0d76e6c30dc59
GOOGM,NASDAQ,Alphabet Inc. - Depositary Shares representing a 1/20th Interest in a Share of Series A Mandatory Convertible Preferred Stock,Stock,True,2026-06-08,,,a34995c376415afbd173
GOOGN,NASDAQ,Alphabet Inc. - Depositary Shares representing a 1/20th Interest in a Share of Series B Mandatory Convertible Preferred Stock,Stock,True,2026-06-08,,,21fd7c02366cefe7038a
GOSS,NASDAQ,"Gossamer Bio, Inc. - Common Stock",Stock,True,2026-05-08,,,a08a71f934678ab2e5a4
GOU,NASDAQ,GraniteShares 2x Long GOOGL Daily ETF,ETF,True,2026-05-08,,,0dc6c75156b6228d102c
GOVI,NASDAQ,Invesco Equal Weight 0-30 Year Treasury ETF,ETF,True,2026-05-08,,,3c17f4f5ec83377fba6f
GOVX,NASDAQ,"GeoVax Labs, Inc. - Common Stock",Stock,True,2026-05-08,,,755b7984171233a8fca6
GP,NASDAQ,GreenPower Motor Company Inc. - Common Shares,Stock,True,2026-05-08,,,3667f15f75c1c20fb798
GPAC,NASDAQ,General Purpose Acquisition Corp. - Class A Ordinary Shares,Stock,True,2026-05-08,,,301ac861632ac26c0558
GPACU,NASDAQ,General Purpose Acquisition Corp. - Units,Stock,True,2026-05-08,,,fff5454f7458d486ee55
GPACW,NASDAQ,General Purpose Acquisition Corp. - Warrant,Stock,True,2026-05-08,,,cb9079ee070cb49660d6
GPAT,NASDAQ,GP-Act III Acquisition Corp. - Class A Ordinary Share,Stock,True,2026-05-08,,,ac60f12086b5293fd0e7
GPATU,NASDAQ,GP-Act III Acquisition Corp. - Units,Stock,True,2026-05-08,,,14f2442d4562992c0a96
GPATW,NASDAQ,GP-Act III Acquisition Corp. - Warrants,Stock,True,2026-05-08,,,45c42b62bb755e9e650a
GPCR,NASDAQ,Structure Therapeutics Inc. - American Depositary Shares,Stock,True,2026-05-08,,,bfcad85df13465800902
GPIQ,NASDAQ,Goldman Sachs Nasdaq-100 Premium Income ETF,ETF,True,2026-05-08,,,18ed613eec87a20120bb
GPIX,NASDAQ,Goldman Sachs S&P 500 Premium Income ETF,ETF,True,2026-05-08,,,59af839b02fbee07f8db
GPRE,NASDAQ,"Green Plains, Inc. - Common Stock",Stock,True,2026-05-08,,,d2f54b7578055b3a71c9
GPRF,NASDAQ,Goldman Sachs Access U.S. Preferred Stock and Hybrid Securities ETF,ETF,True,2026-05-08,,,41f57cb000110b24b05f
GPRO,NASDAQ,"GoPro, Inc. - Class A Common Stock",Stock,True,2026-05-08,,,f167c3735a59f8b681b0
GPT,NASDAQ,Intelligent Alpha Atlas ETF,ETF,True,2026-05-08,,,25107b9387f67c24f4f6
GQQQ,NASDAQ,Astoria US Quality Growth Kings ETF,ETF,True,2026-05-08,,,0fe8baa677eebcf6773d
GRAB,NASDAQ,Grab Holdings Limited - Class A Ordinary Shares,Stock,True,2026-05-08,,,32fb4e61c215bd9b1ce3
GRABW,NASDAQ,Grab Holdings Limited - Warrant,Stock,True,2026-05-08,,,689480b94796ce98b5c9
GRAG,NASDAQ,Leverage Shares 2X Long GRAB Daily ETF,ETF,True,2026-05-08,,,09335bf4ff34f3ee0473
GRAL,NASDAQ,"GRAIL, Inc. - Common Stock",Stock,True,2026-05-08,,,2ad04a122ddf53df6476
GRAN,NASDAQ,Grande Group Limited - Class A Ordinary Shares,Stock,True,2026-05-08,,,ed37bcfe7a543d37e96b
GRCE,NASDAQ,"Grace Therapeutics, Inc. - Common Stock",Stock,True,2026-05-08,,,15d1a4fcdf17a1c60ef2
GRDX,NASDAQ,GridAI Technologies Corp. - Common Stock,Stock,True,2026-05-08,,,a83d0973d625f7228759
GREE,NASDAQ,Greenidge Generation Holdings Inc. - Class A Common Stock,Stock,False,2026-05-08,2026-07-22,Listing metadata changed,e03e109139a1c96dd2dc
GREE,NASDAQ,Vulcan Infrastructure and Power Inc. - Class A Common Stock,Stock,True,2026-07-22,,,c5ad953504424012e796
GREEL,NASDAQ,Greenidge Generation Holdings Inc. - 8.50% Senior Notes due 2026,Stock,False,2026-05-08,2026-07-22,Listing metadata changed,a5ec24c4baa2857be328
GREEL,NASDAQ,Vulcan Infrastructure and Power Inc. - 8.50% Senior Notes due 2026,Stock,True,2026-07-22,,,55b99ad907b22eb07a92
GRFS,NASDAQ,"Grifols, S.A. - American Depositary Shares",Stock,True,2026-05-08,,,c881a9ac6e229884c23b
GRI,NASDAQ,"GRI Bio, Inc. - Common Stock",Stock,True,2026-05-08,,,45b3a2264909a21872f5
GRID,NASDAQ,First Trust NASDAQ Clean Edge Smart Grid Infrastructure Index Fund,ETF,True,2026-05-08,,,56315b25185c471ccd95
GRIN,NASDAQ,VictoryShares International Free Cash Flow Growth ETF,ETF,True,2026-05-08,,,4a8dd3bf42cf316f5797
GRML,NASDAQ,Greenland Mines Ltd - Common Stock,Stock,True,2026-05-08,,,ad18b49786d5b165e967
GRMLW,NASDAQ,Greenland Mines Ltd - Warrants,Stock,True,2026-05-08,,,d94a70081b4037ecdc38
GRNQ,NASDAQ,Greenpro Capital Corp. - Common Stock,Stock,True,2026-05-08,,,8bcdb936eba8b4dc638e
GROW,NASDAQ,"U.S. Global Investors, Inc. - Class A Common Stock",Stock,True,2026-05-08,,,3b680bf0503af0196b96
GRPN,NASDAQ,"Groupon, Inc. - Common Stock",Stock,True,2026-05-08,,,da695466b9bd44464ef5
GRRR,NASDAQ,Gorilla Technology Group Inc. - Ordinary shares,Stock,True,2026-05-08,,,7096757a5dc2c46e218b
GRRRW,NASDAQ,Gorilla Technology Group Inc. - Warrant,Stock,True,2026-05-08,,,0b6d3c6e7f164a15ad49
GRSD,NASDAQ,Grandstand Limited - Ordinary Shares,Stock,True,2026-07-23,,,1505f36f1a85ebbba1ce
GRVY,NASDAQ,"GRAVITY Co., Ltd. - American depositary shares, each representing one common share.",Stock,True,2026-05-08,,,ad127d4ee5c85d7f55d3
GRW,NASDAQ,TCW Durable Growth ETF,ETF,True,2026-05-08,,,e29992b6949990c1f1db
GRWG,NASDAQ,GrowGeneration Corp. - Common Stock,Stock,True,2026-05-08,,,8258f4f9c7c3f73a9fbe
GSAT,NASDAQ,"Globalstar, Inc. - Common Stock",Stock,True,2026-05-08,,,e8b0412e2670e4f1436a
GSBC,NASDAQ,"Great Southern Bancorp, Inc. - Common Stock",Stock,True,2026-05-08,,,9728aba7a7d8dccbe044
GSGO,NASDAQ,Goldman Sachs Growth Opportunities ETF,ETF,True,2026-05-08,,,2474e08c3dacd69ad81f
GSHD,NASDAQ,"Goosehead Insurance, Inc. - Class A Common Stock",Stock,True,2026-05-08,,,a9710394e79f8b2bdce7
GSHR,NASDAQ,Gesher Acquisition Corp. II - Class A Ordinary Shares,Stock,True,2026-05-08,,,ba2f6873db1635cf0c5d
GSHRU,NASDAQ,Gesher Acquisition Corp. II - Units,Stock,True,2026-05-08,,,0f852fa7698296081211
GSHRW,NASDAQ,Gesher Acquisition Corp. II - Warrants,Stock,True,2026-05-08,,,2a599c482b3fa3fed239
GSIB,NASDAQ,Themes Global Systemically Important Banks ETF,ETF,True,2026-05-08,,,5805590d53bb0ebb19e8
GSIT,NASDAQ,"GSI Technology, Inc. - Common Stock",Stock,True,2026-05-08,,,fa825846268504885341
GSIW,NASDAQ,Garden Stage Limited - Class A Ordinary Shares,Stock,True,2026-05-08,,,b7dcd9fa0a624b1db9f2
GSM,NASDAQ,Ferroglobe PLC - Ordinary Shares,Stock,True,2026-05-08,,,f3780c048c1236c2a9a6
GSRF,NASDAQ,GSR IV Acquisition Corp. - Class A ordinary share,Stock,True,2026-05-08,,,f452f4ffc2cb52592535
GSRFR,NASDAQ,GSR IV Acquisition Corp. - Rights,Stock,True,2026-05-08,,,71f74fcd5e153b14cbdd
GSRFU,NASDAQ,GSR IV Acquisition Corp. - Units,Stock,True,2026-05-08,,,3783bfa7f5bb922fd7b5
GSRV,NASDAQ,GSR V Acquisition Corp. - Class A ordinary shares,Stock,True,2026-07-02,,,31ffd6776f0892f76b9b
GSRVR,NASDAQ,GSR V Acquisition Corp. - Rights,Stock,True,2026-07-02,,,ceaf10d5caa99c0d67cf
GSRVU,NASDAQ,GSR V Acquisition Corp. - Units,Stock,True,2026-05-14,,,4e9ba9b36836d9584384
GSUN,NASDAQ,Golden Sun Technology Group Limited - Class A Ordinary Shares,Stock,True,2026-05-08,,,ada102e86b15320ad567
GT,NASDAQ,The Goodyear Tire & Rubber Company - Common Stock,Stock,True,2026-05-08,,,df2fd031a37b89433b45
GTBP,NASDAQ,"GT Biopharma, Inc. - Common Stock",Stock,True,2026-05-08,,,82dc66d3f2653bd55405
GTEC,NASDAQ,Greenland Technologies Holding Corporation - Class A Ordinary Shares,Stock,True,2026-05-08,,,5b9fc7b9eb3c96e68843
GTEN,NASDAQ,"Gores Holdings X, Inc. - Class A ordinary shares",Stock,True,2026-05-08,,,4940bf03a55f897ff5dd
GTENU,NASDAQ,"Gores Holdings X, Inc. - Units",Stock,True,2026-05-08,,,a0bbcb54f4e827d27fb0
GTENW,NASDAQ,"Gores Holdings X, Inc. - Warrants",Stock,True,2026-05-08,,,4efbd38d1a039bf1983c
GTERA,NASDAQ,Globa Terra Acquisition Corporation - Class A Ordinary Shares,Stock,True,2026-05-08,,,397e11226e29bdef76f0
GTERR,NASDAQ,Globa Terra Acquisition Corporation - Rights,Stock,True,2026-05-08,,,5a735600c86a93bb35a4
GTERU,NASDAQ,Globa Terra Acquisition Corporation - Units,Stock,True,2026-05-08,,,0eadd50e242e82aefd9d
GTERW,NASDAQ,Globa Terra Acquisition Corporation - Warrants,Stock,True,2026-05-08,,,140d6c6b579486f75ed4
GTIM,NASDAQ,Good Times Restaurants Inc. - Common Stock,Stock,True,2026-05-08,,,34d6ace36c44d8b9d085
GTLB,NASDAQ,GitLab Inc. - Class A Common Stock,Stock,True,2026-05-08,,,6a962e55bc2f3bdec667
GTM,NASDAQ,ZoomInfo Technologies Inc. - Common Stock,Stock,True,2026-05-08,,,0da49bab06e6162f2e55
GTOP,NASDAQ,Goldman Sachs Technology Opportunities ETF,ETF,True,2026-05-08,,,cd2611ef92534095e179
GTOQ,NASDAQ,Invesco High Yield Systematic Bond ETF,ETF,True,2026-05-08,,,51d90454c87704c9c6dc
GTPE,NASDAQ,Goldman Sachs MSCI World Private Equity Return Tracker ETF,ETF,True,2026-05-08,,,b3d57103cfdd1be9e8fd
GTR,NASDAQ,WisdomTree Target Range Fund,ETF,True,2026-05-08,,,7ec6a084d6d923bc25f4
GTX,NASDAQ,Garrett Motion Inc. - Common Stock,Stock,True,2026-05-08,,,a4b149933941f58d0ead
GUAC,NASDAQ,Berto Acquisition Corp. II - Ordinary Shares,Stock,True,2026-07-06,,,1bb329b3b9933d6eb29c
GUACU,NASDAQ,Berto Acquisition Corp. II - Units,Stock,True,2026-05-15,,,f09b174e48a32f748194
GUACW,NASDAQ,Berto Acquisition Corp. II - Warrants,Stock,True,2026-07-06,,,5e7b49350841a0358ae8
GURE,NASDAQ,"Gulf Resources, Inc. - Common Stock",Stock,True,2026-05-08,,,95864e6d9bb690a6a6f0
GUSE,NASDAQ,Goldman Sachs Enhanced U.S. Equity ETF,ETF,True,2026-05-08,,,8290b0d4c365472ed47e
GUTS,NASDAQ,"Fractyl Health, Inc. - Common Stock",Stock,True,2026-05-08,,,6be5e1456d6b016c68d5
GV,NASDAQ,Visionary Holdings Inc. - Common Shares,Stock,True,2026-05-08,,,0105ab6252ef3277928a
GVH,NASDAQ,Globavend Holdings Limited - Ord Shares,Stock,True,2026-05-08,,,b0a4fcf7fa3c2a1436b4
GVLE,NASDAQ,Goldman Sachs Value Opportunities ETF,ETF,True,2026-05-08,,,42ea57f949789259677c
GWAV,NASDAQ,"Greenwave Technology Solutions, Inc. - Common Stock",Stock,True,2026-05-08,,,553ec4246cdf5ab92e4d
GWRS,NASDAQ,"Global Water Resources, Inc. - common stock",Stock,True,2026-05-08,,,8895854b5bbb63032235
GXAI,NASDAQ,Gaxos.ai Inc. - Common Stock,Stock,True,2026-05-08,,,414e7eed2d4568f82ca8
GXDW,NASDAQ,Global X Dorsey Wright Thematic ETF,ETF,True,2026-05-08,,,37ef4ee6ce6683463b79
GYRE,NASDAQ,"Gyre Therapeutics, Inc. - Common Stock",Stock,True,2026-05-08,,,1976739f1fbe168bbb6f
GYRO,NASDAQ,"Gyrodyne , LLC - Common Stock",Stock,True,2026-05-08,,,419d4c599639651eebea
HACQ,NASDAQ,HCM IV Acquisition Corp. - Class A Ordinary Share,Stock,True,2026-05-08,,,2fae6040f86bce40bd54
HACQU,NASDAQ,HCM IV Acquisition Corp. - Unit,Stock,True,2026-05-08,,,8488982457a8f1755d5b
HACQW,NASDAQ,HCM IV Acquisition Corp. - Warrants,Stock,True,2026-05-08,,,52a3e4ad0c4f528e6576
HAFC,NASDAQ,Hanmi Financial Corporation - Common Stock,Stock,True,2026-05-08,,,d217a0449c754fd8ee54
HAIN,NASDAQ,"The Hain Celestial Group, Inc. - Common Stock",Stock,True,2026-05-08,,,35f037cc5eff706bafc6
HALO,NASDAQ,"Halozyme Therapeutics, Inc. - Common Stock",Stock,True,2026-05-08,,,6ca1c6b0ee215be56176
HAO,NASDAQ,Haoxi Health Technology Limited - Class A Ord Share,Stock,True,2026-05-08,,,63ad4a5212d1cfe83d24
HAPN,NASDAQ,"Happen, Inc. - Common Stock",Stock,True,2026-06-22,,,fe6d7163cafea22edfac
HAS,NASDAQ,"Hasbro, Inc. - Common Stock",Stock,True,2026-05-08,,,6a1af5ebb863076c08e0
HAVA,NASDAQ,Harvard Ave Acquisition Corporation - Class A Ordinary Share,Stock,True,2026-05-08,,,13b43f4b6bca84d19044
HAVAR,NASDAQ,Harvard Ave Acquisition Corporation - Rights that convert on a 1/10th of 1 basis to Class A ordinary Shares,Stock,True,2026-05-08,,,bf9675f8f8d7621e87c8
HAVAU,NASDAQ,Harvard Ave Acquisition Corporation - Unit,Stock,True,2026-05-08,,,ecd3bf1984950f8f1621
HBAN,NASDAQ,Huntington Bancshares Incorporated - Common Stock,Stock,True,2026-05-08,,,8e3d47ef36a1abe4ffd1
HBANL,NASDAQ,"Huntington Bancshares Incorporated - Depositary Shares, Each Representing a 1/40th Interest in a Share of 6.875% Series J Non-Cumulative Perpetual Preferred Stock",Stock,True,2026-05-08,,,a28effa9a15c81bc74d6
HBANM,NASDAQ,Huntington Bancshares Incorporated - Depositary Shares each representing a 1/1000th interest in a share of Huntington Series I Preferred Stock,Stock,True,2026-05-08,,,4e618bd1a3032ec63673
HBANP,NASDAQ,Huntington Bancshares Incorporated - Depositary Shares 4.500% Series H Non-Cumulative Perpetual Preferred Stock,Stock,True,2026-05-08,,,b13242988beaf2a54292
HBANZ,NASDAQ,"Huntington Bancshares Incorporated - Depositary Shares, Each Representing a 1/1000th Interest in a Share of 5.50% Series L Non-Cumulative Perpetual Preferred Stock",Stock,True,2026-05-08,,,28cff3bd7eae1eefde2f
HBCP,NASDAQ,"Home Bancorp, Inc. - Common Stock",Stock,True,2026-05-08,,,7467218631c062c8d4e1
HBDC,NASDAQ,Hilton BDC Corporate Bond ETF,ETF,True,2026-05-08,,,571f23210748fe3f3af5
HBIO,NASDAQ,"Harvard Bioscience, Inc. - Common Stock",Stock,True,2026-05-08,,,bbb0e36d27f784099975
HBNB,NASDAQ,Hotel101 Global Holdings Corp. - Class A Ordinary Shares,Stock,True,2026-05-08,,,d4bafb19d924a24a1dfc
HBNC,NASDAQ,"Horizon Bancorp, Inc. - Common Stock",Stock,True,2026-05-08,,,5b3972161609cbe9f23e
HBR,NASDAQ,Canary HBAR ETF,ETF,True,2026-05-08,,,903fbc97b6afa1edd889
HBT,NASDAQ,"HBT Financial, Inc. - Common Stock",Stock,True,2026-05-08,,,8e723559b0cf022db89a
HCAC,NASDAQ,Hall Chadwick Acquisition Corp. - Class A Ordinary Shares,Stock,True,2026-05-08,,,d1cad18affe44298670e
HCACR,NASDAQ,Hall Chadwick Acquisition Corp. - Rights,Stock,True,2026-05-08,,,b6519a8ba33fc6f3fa52
HCACU,NASDAQ,Hall Chadwick Acquisition Corp. - Unit,Stock,True,2026-05-08,,,99a75a2c45e29c7f636b
HCAI,NASDAQ,"Huachen AI Parking Management Technology Holding Co., Ltd. - Class A Ordinary Shares",Stock,True,2026-05-08,,,d89804b149e0e6958625
HCAT,NASDAQ,"Health Catalyst, Inc - Common stock",Stock,True,2026-05-08,,,2133a889758ff8363fa5
HCHL,NASDAQ,Happy City Holdings Limited - Class A Ordinary shares,Stock,True,2026-05-08,,,fa4a346b0f7fdd034ece
HCIC,NASDAQ,Hennessy Capital Investment Corp. VIII - Class A Ordinary Shares,Stock,True,2026-05-08,,,cb6a45c011bedeb6dd56
HCICR,NASDAQ,Hennessy Capital Investment Corp. VIII - Share Rights,Stock,True,2026-05-08,,,882ecf39f1572090d37e
HCICU,NASDAQ,Hennessy Capital Investment Corp. VIII - Units,Stock,True,2026-05-08,,,a9509632906c6405b0e9
HCKT,NASDAQ,"The Hackett Group, Inc. - Common Stock",Stock,True,2026-05-08,,,ea9bba325e2578edee13
HCM,NASDAQ,HUTCHMED (China) Limited - American Depositary Shares,Stock,True,2026-05-08,,,06aed351d6675a109ce1
HCMA,NASDAQ,HCM III Acquisition Corp. - Class A Ordinary Share,Stock,True,2026-05-08,,,1e9822ee5f52c7dcf507
HCMAU,NASDAQ,HCM III Acquisition Corp. - Units,Stock,True,2026-05-08,,,e2af2582604231cbe735
HCMAW,NASDAQ,HCM III Acquisition Corp. - Warrants,Stock,True,2026-05-08,,,6ac1a62ee2bd9bed13f8
HCOW,NASDAQ,Amplify COWS Covered Call ETF,ETF,True,2026-05-08,,,0a0213b8ed131a0a8678
HCSG,NASDAQ,"Healthcare Services Group, Inc. - Common Stock",Stock,True,2026-05-08,,,5731e124fdcfb315174f
HCTI,NASDAQ,"Healthcare Triangle, Inc. - Common Stock",Stock,True,2026-05-08,,,f1de0af2eeb7f576980e
HCWB,NASDAQ,HCW Biologics Inc. - Common Stock,Stock,True,2026-05-08,,,aebda93b7ba57f7cb8c9
HDL,NASDAQ,SUPER HI INTERNATIONAL HOLDING LTD. - American Depositary Shares,Stock,True,2026-05-08,,,21b805c701ed53caa57d
HDRN,NASDAQ,"Hadron Energy, Inc. - Common Stock",Stock,True,2026-05-26,,,058cffc9b364378b7001
HDRNW,NASDAQ,"Hadron Energy, Inc. - Warrant",Stock,True,2026-05-26,,,c8b5ec5a9b0a8b414e89
HDSN,NASDAQ,"Hudson Technologies, Inc. - Common Stock",Stock,True,2026-05-08,,,d27bb667ec606eb79aaa
HEAL,NASDAQ,Global X HealthTech ETF,ETF,True,2026-05-08,,,bf35a83a7ee5675ea41f
HECO,NASDAQ,State Street Galaxy Hedged Digital Asset Ecosystem ETF,ETF,True,2026-05-08,,,93bc10aa3231e17392de
HELE,NASDAQ,Helen of Troy Limited - Common Stock,Stock,True,2026-05-08,,,e1479262b8c4686ec558
HELP,NASDAQ,Cybin Inc. - Common Stock,Stock,True,2026-05-08,,,465bed1daa8f1e36892a
HEPS,NASDAQ,D-Market Electronic Services & Trading - American Depositary Shares,Stock,True,2026-05-08,,,1833cd007b42b1928173
HEQQ,NASDAQ,JPMorgan Nasdaq Hedged Equity Laddered Overlay ETF,ETF,True,2026-05-08,,,84b11ad4aa72a4b8e81c
HERD,NASDAQ,Pacer Cash Cows Fund of Funds ETF,ETF,True,2026-05-08,,,b3c13fa087e240a9f814
HERE,NASDAQ,Here Group Limited - American Depositary Shares,Stock,True,2026-05-08,,,ab47c14f6e04f812b556
HERO,NASDAQ,Global X Video Games & Esports ETF,ETF,True,2026-05-08,,,0a2b9775e82595aa9099
HERZ,NASDAQ,"Herzfeld Credit Income Fund, Inc. - Closed End Fund",Stock,True,2026-05-08,,,d07da15c62911cb0e8b1
HFBL,NASDAQ,"Home Federal Bancorp, Inc. of Louisiana - Common Stock",Stock,True,2026-05-08,,,7e47094b7ac4b2ff42c2
HFFG,NASDAQ,HF Foods Group Inc. - Common Stock,Stock,True,2026-05-08,,,50727a4b13e4f1dec3df
HFSP,NASDAQ,TradersAI Large Cap Equity & Cash ETF,ETF,True,2026-05-08,,,5c7e9835783d390dc945
HFWA,NASDAQ,Heritage Financial Corporation - Common Stock,Stock,True,2026-05-08,,,4295e5264a48582124e4
HGBL,NASDAQ,Heritage Global Inc. - Common Stock,Stock,True,2026-05-08,,,7eab1302b6355eef4a13
HHS,NASDAQ,"Harte Hanks, Inc. - Common Stock",Stock,True,2026-05-08,,,a412e3597be332f9e742
HIDE,NASDAQ,Alpha Architect High Inflation and Deflation ETF,ETF,True,2026-05-08,,,4bebe6b7a37f3cd317fb
HIFS,NASDAQ,Hingham Institution for Savings - Common Stock,Stock,True,2026-05-08,,,5e84268d72081c628e67
HIHO,NASDAQ,Highway Holdings Limited - Common Stock,Stock,True,2026-05-08,,,024a7169245aac72066e
HIMX,NASDAQ,"Himax Technologies, Inc. - American depositary shares, each of which represents two ordinary shares.",Stock,True,2026-05-08,,,324e9727dcfc341fbd93
HIMZ,NASDAQ,Defiance Daily Target 2X Long HIMS ETF,ETF,True,2026-05-08,,,b9521dfc8194213e15f8
HIND,NASDAQ,"Vyome Holdings, Inc. - Common Stock",Stock,True,2026-05-08,,,55e0bcd7d73f4e15c7b2
HIS,NASDAQ,Humilis US Focused Opportunities ETF,ETF,True,2026-05-19,,,236ce1ada93c60049916
HISF,NASDAQ,First Trust High Income Strategic Focus ETF,ETF,True,2026-05-08,,,312130a72a7292db85e1
HIT,NASDAQ,"Health In Tech, Inc. - Class A Common Stock",Stock,True,2026-05-08,,,827a45d3b9b249ef4735
HITI,NASDAQ,High Tide Inc. - Common Shares,Stock,True,2026-05-08,,,a3d3f1877fedadf42fc7
HIVE,NASDAQ,HIVE Digital Technologies Ltd - Common Shares,Stock,True,2026-05-08,,,02d2246be6c408937e39
HKIT,NASDAQ,Hitek Global Inc. - Class A Ordinary Share,Stock,True,2026-05-08,,,3ef235957b5082230177
HKPD,NASDAQ,"Cellyan Biotechnology Co., Ltd - Class A Ordinary Shares",Stock,True,2026-05-08,,,463216a3804977bb2521
HLAL,NASDAQ,Wahed FTSE USA Shariah ETF,ETF,True,2026-05-08,,,df1c16d6ae04a2a00cc7
HLIT,NASDAQ,Harmonic Inc. - Common Stock,Stock,True,2026-05-08,,,0d87ac87fdf3c1591f80
HLMN,NASDAQ,Hillman Solutions Corp. - Common Stock,Stock,True,2026-05-08,,,9ed2dd968b800212f26d
HLNE,NASDAQ,Hamilton Lane Incorporated - Class A Common Stock,Stock,True,2026-05-08,,,76bc119e22307814b7cb
HLP,NASDAQ,Hongli Group Inc. - Ordinary Shares,Stock,False,2026-05-08,2026-07-15,Listing metadata changed,2036fa59770ba2aeb9a8
HLP,NASDAQ,Hongli Group Inc. - Class A Ordinary Shares,Stock,True,2026-07-15,,,bcda933147403012d915
HLTH,NASDAQ,Tema Healthcare AI ETF,ETF,True,2026-07-21,,,2b626d407664c82dcd91
HLXC,NASDAQ,Helix Acquisition Corp. III - Class A Ordinary Shares,Stock,True,2026-05-08,,,38172825e7ba4a5b1a41
HMH,NASDAQ,HMH Holding Inc. - Common Stock,Stock,True,2026-05-08,,,4d719d39a30b772c59e9
HMR,NASDAQ,Heidmar Maritime Holdings Corp. - Common Stock,Stock,True,2026-05-08,,,ebd4bc84587eb8b8494c
HMYY,NASDAQ,GraniteShares YieldBoost HIMS ETF,ETF,True,2026-05-08,,,4878c78d21a5bb29d0b9
HNDL,NASDAQ,Strategy Shares Nasdaq 7HANDL Index ETF,ETF,True,2026-05-08,,,6ece53d61f1ee688af92
HNNA,NASDAQ,"Hennessy Advisors, Inc. - Common Stock",Stock,True,2026-05-08,,,99f99f8a95a4335779d7
HNNAZ,NASDAQ,"Hennessy Advisors, Inc. - 4.875% Notes due 2026",Stock,False,2026-05-08,2026-06-30,Missing from current NASDAQ source snapshot; reason unavailable,3f2517e201636cb77c85
HNRG,NASDAQ,Hallador Energy Company - Common Stock,Stock,True,2026-05-08,,,d6c8c850f71b45f320c6
HNST,NASDAQ,"The Honest Company, Inc. - Common Stock",Stock,True,2026-05-08,,,92c7340f7a62f645fdea
HNVR,NASDAQ,"Hanover Bancorp, Inc. - Common Stock",Stock,True,2026-05-08,,,44391a768c453685bad0
HODO,NASDAQ,House of Doge Inc. - Common Stock,Stock,True,2026-07-01,,,54dd3de14bdc939fadf6
HODU,NASDAQ,Direxion Daily HOOD Bull 2X ETF,ETF,True,2026-05-08,,,e22da5f2e88efdbe86ce
HOFT,NASDAQ,Hooker Furnishings Corporation - Common Stock,Stock,True,2026-05-08,,,3f09ae6d7f3986467e6f
HOLO,NASDAQ,MicroCloud Hologram Inc. - Ordinary Shares,Stock,True,2026-05-08,,,ce968ff313a3ebe87f98
HOLOW,NASDAQ,MicroCloud Hologram Inc. - Warrant,Stock,True,2026-05-08,,,842fc0dcc9c721183d0f
HON,NASDAQ,Honeywell International Inc. - Common Stock,Stock,True,2026-05-08,,,758c96dd93229361d6ea
HONA,NASDAQ,Honeywell Aerospace Inc. - Common Stock,Stock,True,2026-06-29,,,9779d1b315d92cb5090c
HONAV,NASDAQ,Honeywell Aerospace Inc. - Common Stock,Stock,False,2026-06-15,2026-06-29,Missing from current NASDAQ source snapshot; reason unavailable,9779d1b315d92cb5090c
HONIV,NASDAQ,Honeywell International Inc. - Common Stock Ex Distribution When Issued,Stock,False,2026-06-15,2026-06-29,Missing from current NASDAQ source snapshot; reason unavailable,e78d043125fe124ffc34
HOOD,NASDAQ,"Robinhood Markets, Inc. - Class A Common Stock",Stock,True,2026-05-08,,,db6d58c8541b31a836ca
HOOG,NASDAQ,Leverage Shares 2X Long HOOD Daily ETF,ETF,True,2026-05-08,,,e76ddae74735d634a083
HOOX,NASDAQ,Defiance Daily Target 2X Long HOOD ETF,ETF,True,2026-05-08,,,f1924e885bbfbb34b685
HOPE,NASDAQ,"Hope Bancorp, Inc. - Common Stock",Stock,True,2026-05-08,,,941c1626ed839ab3e11f
HOTH,NASDAQ,"Hoth Therapeutics, Inc. - Common Stock",Stock,False,2026-05-08,2026-05-28,Missing from current NASDAQ source snapshot; reason unavailable,99c337039277a3dad07f
HOUR,NASDAQ,"Hour Loop, Inc. - common stock",Stock,True,2026-05-08,,,631017823a496e132a49
HOVNP,NASDAQ,Hovnanian Enterprises Inc - Depositary Share representing 1/1000th of 7.625% Series A Preferred Stock,Stock,True,2026-05-08,,,8f18e2dc3a76c09f5941
HOVR,NASDAQ,New Horizon Aircraft Ltd. - Class A Ordinary Shares,Stock,True,2026-05-08,,,a32b7b2606a1b2bb3331
HOVRW,NASDAQ,New Horizon Aircraft Ltd. - Warrant,Stock,True,2026-05-08,,,93994d0fe1140fcfb9df
HOWL,NASDAQ,"Werewolf Therapeutics, Inc. - Common Stock",Stock,True,2026-05-08,,,606715d4ea435566e5dd
HOYY,NASDAQ,GraniteShares YieldBOOST HOOD ETF,ETF,True,2026-05-08,,,5b943b3c787d41eef60c
HPAI,NASDAQ,Helport AI Limited - Ordinary Shares,Stock,True,2026-05-08,,,ca509069525f369a5392
HPAIW,NASDAQ,Helport AI Limited - Warrants,Stock,True,2026-05-08,,,8269d443d6a34ab394d6
HPK,NASDAQ,"HighPeak Energy, Inc. - Common Stock",Stock,True,2026-05-08,,,9f93a46b59cfcfd81345
HQ,NASDAQ,Horizon Quantum Holdings Ltd. - Class A Ordinary Shares,Stock,True,2026-05-08,,,31d1109ede675683a82a
HQGO,NASDAQ,Hartford US Quality Growth ETF,ETF,True,2026-05-08,,,fc226b5b9e554db93d9a
HQI,NASDAQ,"HireQuest, Inc. - Common Stock",Stock,True,2026-05-08,,,8fae09c0d0144d366489
HQWWW,NASDAQ,Horizon Quantum Holdings Ltd. - Warrant,Stock,True,2026-05-08,,,9721b77889ed6a46959c
HQY,NASDAQ,"HealthEquity, Inc. - Common Stock",Stock,True,2026-05-08,,,c25782118c621322da57
HRMY,NASDAQ,"Harmony Biosciences Holdings, Inc. - Common Stock",Stock,True,2026-05-08,,,7b2af6dfcfb58a026ed4
HROW,NASDAQ,"Harrow, Inc. - Common Stock",Stock,True,2026-05-08,,,418c1bd4c267a0ff5cc1
HRTS,NASDAQ,Tema Heart & Health ETF,ETF,True,2026-05-08,,,5036d65ca6fe59503faa
HRTX,NASDAQ,"Heron Therapeutics, Inc. - Common Stock",Stock,True,2026-05-08,,,c1171d313142376d18a4
HRZN,NASDAQ,Horizon Technology Finance Corporation - Common Stock,Stock,True,2026-05-08,,,ac19ba786f3b79c732b3
HSAI,NASDAQ,"Hesai Group - American Depositary Share, each ADS represents one Class B ordinary share",Stock,False,2026-05-08,2026-07-10,Listing metadata changed,c1c4eb9b90b589f81331
HSAI,NASDAQ,Hesai Group - American Depositary Share,Stock,True,2026-07-10,,,b52cce2aa18dfe0b380a
HSCS,NASDAQ,HeartSciences Inc. - Common Stock,Stock,True,2026-05-08,,,d81f8850a407c69e46a7
HSCSW,NASDAQ,HeartSciences Inc. - Warrant,Stock,True,2026-05-08,,,450b180011d8e307f466
HSDT,NASDAQ,Solana Company - Class A Common Stock,Stock,True,2026-05-08,,,d13c8ad0bd5aca30c30a
HSIC,NASDAQ,"Henry Schein, Inc. - Common Stock",Stock,True,2026-05-08,,,b25e96be2071d8679897
HSPT,NASDAQ,Horizon Space Acquisition II Corp. - Ordinary share,Stock,False,2026-05-08,2026-06-15,Missing from current NASDAQ source snapshot; reason unavailable,bdefbd4dc66c0e700e5b
HSPTR,NASDAQ,Horizon Space Acquisition II Corp. - Right,Stock,False,2026-05-08,2026-06-15,Missing from current NASDAQ source snapshot; reason unavailable,5ad2acd53494fd725fe1
HSPTU,NASDAQ,Horizon Space Acquisition II Corp. - Units,Stock,False,2026-05-08,2026-06-15,Missing from current NASDAQ source snapshot; reason unavailable,a456c84ce6fc7675c83e
HST,NASDAQ,"Host Hotels & Resorts, Inc. - Common Stock",Stock,True,2026-05-08,,,c1a851e3aca87c7262d3
HSTM,NASDAQ,"HealthStream, Inc. - Common Stock",Stock,True,2026-05-08,,,36dc6547c71c1fa3f035
HTCO,NASDAQ,High-Trend International Group - Class A Ordinary Shares,Stock,True,2026-05-08,,,2302e50d8974072d7cca
HTCR,NASDAQ,"Heartcore Enterprises, Inc. - Common Stock",Stock,True,2026-05-08,,,be17ac75197ef6fb973d
HTFL,NASDAQ,"Heartflow, Inc. - Common Stock",Stock,True,2026-05-08,,,320e83f69bcd62129472
HTHT,NASDAQ,H World Group Limited - American Depositary Shares,Stock,True,2026-05-08,,,3cc78c1bb12385c3139c
HTLD,NASDAQ,"Heartland Express, Inc. - Common Stock",Stock,True,2026-05-08,,,8bd12f9dd33eaaf38f78
HTLM,NASDAQ,HomesToLife Ltd - Ordinary Shares,Stock,True,2026-05-08,,,36cbd8ec0551bd98dd37
HTO,NASDAQ,H2O America - Common Stock,Stock,True,2026-05-08,,,a2b7742a88d8ed44aae5
HTOO,NASDAQ,Fusion Fuel Green PLC - Ordinary Shares,Stock,True,2026-05-08,,,c01f99cf633c57c60aa5
HTZ,NASDAQ,"Hertz Global Holdings, Inc - Common Stock",Stock,True,2026-05-08,,,12bf703857e09d102b45
HTZWW,NASDAQ,"Hertz Global Holdings, Inc - Warrant",Stock,True,2026-05-08,,,28e422bf7f38904f6af0
HUBC,NASDAQ,Hub Cyber Security Ltd. - Ordinary Shares,Stock,True,2026-05-08,,,841f7ff51f2e6aec25fc
HUBCW,NASDAQ,Hub Cyber Security Ltd. - Warrant expiring 2/27/28,Stock,True,2026-05-08,,,a1147926140ea3120987
HUBCZ,NASDAQ,Hub Cyber Security Ltd. - Warrant,Stock,True,2026-05-08,,,dcb1ceca78d106ce80a6
HUBG,NASDAQ,"Hub Group, Inc. - Class A Common Stock",Stock,True,2026-05-08,,,90a5ad5778a69462e261
HUDI,NASDAQ,"Huadi International Group Co., Ltd. - Ordinary Shares",Stock,True,2026-05-08,,,4a303561f0c8e572a16e
HUHU,NASDAQ,HUHUTECH International Group Inc. - Ordinary Shares,Stock,True,2026-05-08,,,2cacc7d704aa4649caf3
HUIZ,NASDAQ,Huize Holding Limited - American Depositary Shares,Stock,True,2026-05-08,,,1de2583900d6a3c9fa0c
HUMA,NASDAQ,"Humacyte, Inc. - Common Stock",Stock,True,2026-05-08,,,9040a169aecf7beed13d
HUMAW,NASDAQ,"Humacyte, Inc. - Warrant",Stock,True,2026-05-08,,,3cb76a908bcd14f3481a
HURA,NASDAQ,"TuHURA Biosciences, Inc. - Common Stock",Stock,True,2026-05-08,,,0a56a1e6b2b63dde1db8
HURC,NASDAQ,"Hurco Companies, Inc. - Common Stock",Stock,True,2026-05-08,,,995cf549b4257ffabcce
HURN,NASDAQ,Huron Consulting Group Inc. - Common Stock,Stock,True,2026-05-08,,,a343c115cfd554431a94
HUT,NASDAQ,Hut 8 Corp. - Common Stock,Stock,True,2026-05-08,,,7f7256e00a7ac216d315
HUTG,NASDAQ,Leverage Shares 2X Long HUT Daily ETF,ETF,True,2026-05-08,,,a0ad8032abf0f5966125
HVII,NASDAQ,Hennessy Capital Investment Corp. VII - Ordinary Shares,Stock,True,2026-05-08,,,0d8a86494c26e66f3c7e
HVIIR,NASDAQ,Hennessy Capital Investment Corp. VII - Rights,Stock,True,2026-05-08,,,e055e2126b3601a14b22
HVIIU,NASDAQ,Hennessy Capital Investment Corp. VII - Unit,Stock,True,2026-05-08,,,946187a4bb1741539978
HVMC,NASDAQ,Highview Merger Corp. - Class A Ordinary Share,Stock,True,2026-05-08,,,cc632bd52082a5cb3f68
HVMCU,NASDAQ,Highview Merger Corp. - Units,Stock,True,2026-05-08,,,85f53721b1bc6fce1c28
HVMCW,NASDAQ,Highview Merger Corp. - Warrants,Stock,True,2026-05-08,,,b2a1100bd53b03136a7e
HWAY,NASDAQ,Themes US Infrastructure ETF,ETF,True,2026-05-08,,,09ed09b44a5a81bfead5
HWBK,NASDAQ,"Hawthorn Bancshares, Inc. - Common Stock",Stock,True,2026-05-08,,,ebc41ea1a35cae273cac
HWC,NASDAQ,Hancock Whitney Corporation - Common Stock,Stock,True,2026-05-08,,,9da890be79282ba97377
HWCPZ,NASDAQ,Hancock Whitney Corporation - 6.25% Subordinated Notes due 2060,Stock,True,2026-05-08,,,4b7d91920525f8db32e5
HWH,NASDAQ,HWH International Inc. - Common Stock,Stock,True,2026-05-08,,,e725118e9f2f019e9539
HWIV,NASDAQ,Hotchkis & Wiley International Value Fund,ETF,True,2026-07-22,,,4996873c85c6333a77ab
HWKN,NASDAQ,"Hawkins, Inc. - Common Stock",Stock,True,2026-05-08,,,5a529505b41a136761aa
HWO,NASDAQ,Hotchkis & Wiley Opportunities Fund,ETF,True,2026-07-22,,,b6a58f0e3b448f600b12
HWSM,NASDAQ,Hotchkis & Wiley SMID Cap Diversified Value Fund,ETF,True,2026-05-08,,,35f3e901fb7b554b4b80
HXHX,NASDAQ,Haoxin Holdings Limited - Class A Ordinary Shares,Stock,True,2026-05-08,,,b89aaab4fad1b694674b
HYBI,NASDAQ,NEOS Enhanced Income Credit Select ETF,ETF,True,2026-05-08,,,460df01a9d7b78baa6a2
HYDR,NASDAQ,Global X Hydrogen ETF,ETF,True,2026-05-08,,,36aa81ec0d33e6625c1f
HYFM,NASDAQ,"Hydrofarm Holdings Group, Inc. - Common Stock",Stock,True,2026-05-08,,,949fa360d27914e11448
HYFT,NASDAQ,MindWalk Holdings Corp. - Common Stock,Stock,True,2026-05-08,,,78fac69111235d3d561a
HYLS,NASDAQ,First Trust Tactical High Yield ETF,ETF,True,2026-05-08,,,d0c8389af6afdb5c2df4
HYMC,NASDAQ,Hycroft Mining Holding Corporation - Class A Common Stock,Stock,True,2026-05-08,,,f5fb60ebf9824927e103
HYNE,NASDAQ,"Hoyne Bancorp, Inc. - Common Stock",Stock,True,2026-05-08,,,b3db3ae63a31196f8941
HYP,NASDAQ,Golden Eagle Dynamic Hypergrowth ETF,ETF,True,2026-05-08,,,7abc73f55a119e7a5599
HYPD,NASDAQ,"Hyperion DeFi, Inc. - Common Stock",Stock,True,2026-05-08,,,aa07b5ffaca04609652e
HYPG,NASDAQ,Grayscale Hyperliquid Staking ETF,ETF,True,2026-06-03,,,06c6d8ce35dee4e2f035
HYPR,NASDAQ,"Hyperfine, Inc. - Class A Common Stock",Stock,True,2026-05-08,,,25aba84390348c2ed3c2
HYXF,NASDAQ,iShares ESG Advanced High Yield Corporate Bond ETF,ETF,True,2026-05-08,,,0650317dba1a5879388f
HYZD,NASDAQ,WisdomTree Interest Rate Hedged High Yield Bond Fund,ETF,True,2026-05-08,,,128a233fe6e84b5e6aab
IAC,NASDAQ,IAC Inc. - Common Stock,Stock,False,2026-05-08,2026-06-04,Missing from current NASDAQ source snapshot; reason unavailable,f1db59b7415ab71cc01b
IACO,NASDAQ,Idea Acquisition Corp. - Class A Ordinary Shares,Stock,True,2026-05-08,,,2de5af73a4f6e285a4d3
IACOU,NASDAQ,Idea Acquisition Corp. - Units,Stock,True,2026-05-08,,,0040388093df0c42d7c0
IACOW,NASDAQ,Idea Acquisition Corp. - Warrants,Stock,True,2026-05-08,,,88b115d32c5553c9e8e0
IACQ,NASDAQ,Irenic Acquisition Corp. - Class A Ordinary Shares,Stock,True,2026-06-18,,,8cc77671d48f9b5d1d50
IACQU,NASDAQ,Irenic Acquisition Corp. - Unit,Stock,True,2026-05-08,,,27391b3d7c34caabbd5f
IACQW,NASDAQ,Irenic Acquisition Corp. - Warrants,Stock,True,2026-06-18,,,faad39499cfac34690f0
IALT,NASDAQ,iShares Systematic Alternatives Active ETF,ETF,True,2026-05-08,,,ab9f0fcca17805af0b1e
IART,NASDAQ,Integra LifeSciences Holdings Corporation - Common Stock,Stock,True,2026-05-08,,,13d2d4c876c98f2947c3
IBAC,NASDAQ,IB Acquisition Corp. - Common Stock,Stock,True,2026-05-08,,,636fe0f14ffc8c6f90da
IBACR,NASDAQ,IB Acquisition Corp. - Right,Stock,True,2026-05-08,,,e4ce8492613f4cbb9f20
IBAT,NASDAQ,iShares Energy Storage & Materials ETF,ETF,True,2026-05-08,,,fc3cec612eea7b452b2e
IBB,NASDAQ,iShares Biotechnology ETF,ETF,True,2026-05-08,,,21e15226b90670a9aa32
IBBQ,NASDAQ,Invesco Nasdaq Biotechnology ETF,ETF,True,2026-05-08,,,8f578caa63d2e997267f
IBCP,NASDAQ,Independent Bank Corporation - Common Stock,Stock,True,2026-05-08,,,b1683744557301cc7b09
IBEX,NASDAQ,IBEX Limited - Common Share,Stock,True,2026-05-08,,,8049eaf7b6a5eb0f3776
IBG,NASDAQ,Innovation Beverage Group Limited - Ordinary Shares,Stock,True,2026-05-08,,,a0b1c6ad4597230000b9
IBGA,NASDAQ,iShares iBonds Dec 2044 Term Treasury ETF,ETF,True,2026-05-08,,,70d75edf7b4908036422
IBGB,NASDAQ,iShares iBonds Dec 2045 Term Treasury ETF,ETF,True,2026-05-08,,,66b3191958e7630efabb
IBGC,NASDAQ,iShares iBonds Dec 2046 Term Treasury ETF,ETF,True,2026-05-08,,,cbea5f25606d97300c24
IBGK,NASDAQ,iShares iBonds Dec 2054 Term Treasury ETF,ETF,True,2026-05-08,,,800605f14ea8bb63c6e5
IBGL,NASDAQ,iShares iBonds Dec 2055 Term Treasury ETF,ETF,True,2026-05-08,,,9b31bef87003e3b7d7e2
IBGM,NASDAQ,iShares iBonds Dec 2056 Term Treasury ETF,ETF,True,2026-05-08,,,f42e34439f88d45909c8
IBIO,NASDAQ,"iBio, Inc. - Common Stock",Stock,True,2026-05-08,,,ea117e9251d928dec0e3
IBIT,NASDAQ,iShares Bitcoin Trust ETF,ETF,True,2026-05-08,,,6bda0d3d2930c3013076
IBKR,NASDAQ,"Interactive Brokers Group, Inc. - Class A Common Stock",Stock,True,2026-05-08,,,4514c4cee56cee467233
IBOC,NASDAQ,International Bancshares Corporation - Common Stock,Stock,True,2026-05-08,,,7324cc4b4836a8aa98fc
IBOT,NASDAQ,VanEck Robotics ETF,ETF,True,2026-05-08,,,48d38e306f1e355a43e9
IBRX,NASDAQ,"ImmunityBio, Inc. - Common Stock",Stock,True,2026-05-08,,,d771fa66be1df99a9e3f
IBTG,NASDAQ,iShares iBonds Dec 2026 Term Treasury ETF,ETF,True,2026-05-08,,,7a27218f0f3cb52eadde
IBTH,NASDAQ,iShares iBonds Dec 2027 Term Treasury ETF,ETF,True,2026-05-08,,,0dc36cce1bfcc036b83e
IBTI,NASDAQ,iShares iBonds Dec 2028 Term Treasury ETF,ETF,True,2026-05-08,,,1fe637bd5d45bdb670b9
IBTJ,NASDAQ,iShares iBonds Dec 2029 Term Treasury ETF,ETF,True,2026-05-08,,,78c7cf153f897acd99d7
IBTK,NASDAQ,iShares iBonds Dec 2030 Term Treasury ETF,ETF,True,2026-05-08,,,bbc9f0e27c87820bb845
IBTL,NASDAQ,iShares iBonds Dec 2031 Term Treasury ETF,ETF,True,2026-05-08,,,595ef8b4e51803521fc6
IBTM,NASDAQ,iShares iBonds Dec 2032 Term Treasury ETF,ETF,True,2026-05-08,,,270ad7b10c2baed2881e
IBTO,NASDAQ,iShares iBonds Dec 2033 Term Treasury ETF,ETF,True,2026-05-08,,,c85323406a3e45e58de1
IBTP,NASDAQ,iShares iBonds Dec 2034 Term Treasury ETF,ETF,True,2026-05-08,,,465ce0084a90110b32d3
IBTQ,NASDAQ,iShares iBonds Dec 2035 Term Treasury ETF,ETF,True,2026-05-08,,,70466b637a67773e8b7a
IBTR,NASDAQ,iShares iBonds Dec 2036 Term Treasury ETF,ETF,True,2026-05-08,,,0fde08ff29b5ffc84a1c
ICCC,NASDAQ,ImmuCell Corporation - Common Stock,Stock,True,2026-05-08,,,d594e3c2e41ce8e47e76
ICCM,NASDAQ,IceCure Medical Ltd. - Ordinary Shares,Stock,True,2026-05-08,,,00fe48e5fdeeb79d2281
ICFI,NASDAQ,"ICF International, Inc. - Common Stock",Stock,True,2026-05-08,,,d70b4278e9f96f3a3b0a
ICG,NASDAQ,Intchains Group Limited - American Depositary Shares,Stock,True,2026-05-08,,,e1ec0d66720bb7b46a64
ICHR,NASDAQ,Ichor Holdings - Ordinary Shares,Stock,True,2026-05-08,,,73a10d3d450c725740df
ICLN,NASDAQ,iShares Global Clean Energy ETF,ETF,True,2026-05-08,,,bbd913ed55a2037b563d
ICLR,NASDAQ,ICON plc - Ordinary Shares,Stock,True,2026-05-08,,,792c1c79205cc39f5fa0
ICMB,NASDAQ,"Investcorp Credit Management BDC, Inc. - Common Stock",Stock,True,2026-05-08,,,79efde510dae9bf928b7
ICON,NASDAQ,Icon Energy Corp. - Common stock,Stock,True,2026-05-08,,,a4cceb4ccee07f2410b7
ICOP,NASDAQ,iShares Copper and Metals Mining ETF,ETF,True,2026-05-08,,,8ff55f26936532514a5b
ICU,NASDAQ,SeaStar Medical Holding Corporation - Common Stock,Stock,True,2026-05-08,,,71b4b40855efe00fd893
ICUCW,NASDAQ,SeaStar Medical Holding Corporation - Warrant,Stock,True,2026-05-08,,,2962b47a3c6b55ce6e0c
ICUI,NASDAQ,"ICU Medical, Inc. - Common Stock",Stock,True,2026-05-08,,,29b2cf85515300423e5a
IDAC,NASDAQ,Iron Dome Acquisition I Corp. - Class A Ordinary Shares,Stock,True,2026-07-06,,,ad3ac19af512f786af18
IDACU,NASDAQ,Iron Dome Acquisition I Corp. - Units,Stock,True,2026-05-15,,,0de412e60a49d3a556bd
IDACW,NASDAQ,Iron Dome Acquisition I Corp. - Warrant,Stock,True,2026-07-06,,,457111b87b7d9f63b723
IDAI,NASDAQ,T Stamp Inc. - Class A Common Stock,Stock,True,2026-05-08,,,977b698d473da0361981
IDCC,NASDAQ,"InterDigital, Inc. - Common Stock",Stock,True,2026-05-08,,,489337420d6deba4f9c4
IDEF,NASDAQ,iShares Defense Industrials Active ETF,ETF,True,2026-05-08,,,9ee8548940e601672a82
IDN,NASDAQ,"Intellicheck, Inc. - Common Stock",Stock,True,2026-05-08,,,4976b580cb7410bf9528
IDVY,NASDAQ,First Trust International Rising Dividend Achievers ETF,ETF,True,2026-05-08,,,5ee2c052537841d910c7
IDXX,NASDAQ,"IDEXX Laboratories, Inc. - Common Stock",Stock,True,2026-05-08,,,c258a99820ae15611291
IDYA,NASDAQ,"IDEAYA Biosciences, Inc. - Common Stock",Stock,True,2026-05-08,,,7a25ab8ee016fa57bb9d
IEAG,NASDAQ,Infinite Eagle Acquisition Corp. - Class A Ordinary Shares,Stock,True,2026-05-08,,,b27004f8fbe2ac52a343
IEAGR,NASDAQ,Infinite Eagle Acquisition Corp. - Rights,Stock,True,2026-05-08,,,8f8d0485192be8d7a0ee
IEAGU,NASDAQ,Infinite Eagle Acquisition Corp. - Unit,Stock,True,2026-05-08,,,427367708e4dff1b7b8b
IEF,NASDAQ,iShares 7-10 Year Treasury Bond ETF,ETF,True,2026-05-08,,,6e21ea6f4b9f6b6ac4a9
IEI,NASDAQ,iShares 3-7 Year Treasury Bond ETF,ETF,True,2026-05-08,,,c10e76f8e807797a1ad1
IEP,NASDAQ,Icahn Enterprises L.P. - Depositary Units representing Limited Partner Interests,Stock,True,2026-05-08,,,ec9171e0a80ae9fa4a04
IESC,NASDAQ,"IES Holdings, Inc. - Common Stock",Stock,True,2026-05-08,,,8d58dcd66e2f2ba0f991
IEUS,NASDAQ,iShares MSCI Europe Small-Cap ETF,ETF,True,2026-05-08,,,8484460bc796c12e74b8
IFBD,NASDAQ,"Infobird Co., Ltd - Ordinary Shares",Stock,True,2026-05-08,,,fea64ad9f8cb6cf288b1
IFGL,NASDAQ,iShares International Developed Real Estate ETF,ETF,True,2026-05-08,,,bbde549830e1765d03fa
IFLO,NASDAQ,VictoryShares International Free Cash Flow ETF,ETF,True,2026-05-08,,,5cd864241d0b4a4976a2
IFRX,NASDAQ,InflaRx N.V. - Common Stock,Stock,True,2026-05-08,,,d4c3d36eb1660c08bf2b
IFV,NASDAQ,First Trust Dorsey Wright International Focus 5 ETF,ETF,True,2026-05-08,,,79117f106ec3295e0287
IGAC,NASDAQ,Invest Green Acquisition Corporation - Class A Ordinary Shares,Stock,True,2026-05-08,,,af761b45302b7e2c864b
IGACR,NASDAQ,Invest Green Acquisition Corporation - Rights,Stock,True,2026-05-08,,,21cd7ea678561a701333
IGACU,NASDAQ,Invest Green Acquisition Corporation - Units,Stock,True,2026-05-08,,,a2313d8d58d1354c48b7
IGF,NASDAQ,iShares Global Infrastructure ETF,ETF,True,2026-05-08,,,df67f40044adea3f0ba1
IGIB,NASDAQ,iShares 5-10 Year Investment Grade Corporate Bond ETF,ETF,True,2026-05-08,,,66b4bc9c866b85629b9f
IGIC,NASDAQ,International General Insurance Holdings Ltd. - Ordinary Shares,Stock,True,2026-05-08,,,6da7efbdf60685bd192f
IGOV,NASDAQ,iShares International Treasury Bond ETF,ETF,True,2026-05-08,,,71379a4f3f6d2dd89879
IGSB,NASDAQ,iShares 1-5 Year Investment Grade Corporate Bond ETF,ETF,True,2026-05-08,,,88673a4f127fccd4bcd6
IHRT,NASDAQ,"iHeartMedia, Inc. - Class A Common Stock",Stock,True,2026-05-08,,,51e57a179e752797bcef
III,NASDAQ,"Information Services Group, Inc. - Common Stock",Stock,True,2026-05-08,,,e3f1e4b559816483bce9
IIIV,NASDAQ,"i3 Verticals, Inc. - Common Stock",Stock,True,2026-05-08,,,a0e1b92e4e32db51122c
IINN,NASDAQ,Inspira Technologies Oxy B.H.N. Ltd. - Ordinary Shares,Stock,False,2026-05-08,2026-05-20,Missing from current NASDAQ source snapshot; reason unavailable,a17e8638ff091d6568f0
IINNW,NASDAQ,Inspira Technologies Oxy B.H.N. Ltd. - Warrant,Stock,False,2026-05-08,2026-05-20,Missing from current NASDAQ source snapshot; reason unavailable,4f26d4ec75c430bc6881
IJT,NASDAQ,iShares S&P SmallCap 600 Growth ETF,ETF,True,2026-05-08,,,b3fc1ebcdc271a96e90a
IKT,NASDAQ,"Inhibikase Therapeutics, Inc. - Common Stock",Stock,True,2026-05-08,,,1dcc9b18e9ab56737217
ILAG,NASDAQ,Intelligent Living Application Group Inc. - Ordinary Shares,Stock,True,2026-05-08,,,96406104aa44d033697d
ILIT,NASDAQ,iShares Lithium Miners and Producers ETF,ETF,True,2026-05-08,,,7bc33624ee5b50f1e757
ILLR,NASDAQ,Triller Group Inc. - Common Stock,Stock,True,2026-05-08,,,142ec3ee6d0b78363db1
ILLRW,NASDAQ,Triller Group Inc. - Warrant,Stock,True,2026-05-08,,,3787bf935a6f3d4b81f8
ILLU,NASDAQ,Illumination Acquisition Corp I - Class A Ordinary Shares,Stock,True,2026-05-08,,,96fdbc6845e2460f219a
ILLUU,NASDAQ,Illumination Acquisition Corp I - Units,Stock,True,2026-05-08,,,71612402bf9a1bc8e745
ILLUW,NASDAQ,Illumination Acquisition Corp I - Warrant,Stock,True,2026-05-08,,,47a5c4e4e01b50ac4de1
ILMN,NASDAQ,"Illumina, Inc. - Common Stock",Stock,True,2026-05-08,,,2e7df24729aa53dfa77c
ILPT,NASDAQ,Industrial Logistics Properties Trust - Common Shares of Beneficial Interest,Stock,True,2026-05-08,,,5a973c0309f31f637420
IMA,NASDAQ,"ImageneBio, Inc. - Common Stock",Stock,True,2026-05-08,,,db0d8a153385bfe0f8b5
IMCC,NASDAQ,IM Cannabis Corp. - Common Shares,Stock,True,2026-05-08,,,c4f0fb7b2e53a8aaadbb
IMCR,NASDAQ,Immunocore Holdings plc - American Depositary Shares,Stock,True,2026-05-08,,,df0c436febd7062e235b
IMCV,NASDAQ,iShares Morningstar Mid-Cap Value ETF,ETF,True,2026-05-08,,,6f5d38821449e829c8f1
IMDX,NASDAQ,Insight Molecular Diagnostics Inc. - Common Stock,Stock,True,2026-05-08,,,b929f51684098f3d754c
IMKTA,NASDAQ,"Ingles Markets, Incorporated - Class A Common Stock",Stock,True,2026-05-08,,,bd22855eafd12dc3a694
IMMP,NASDAQ,Immutep Limited - American Depositary Shares,Stock,True,2026-05-08,,,2a6a2223c014d3f437fc
IMMR,NASDAQ,Immersion Corporation - Common Stock,Stock,True,2026-05-08,,,9316ac67fe99ce8a3ed8
IMMX,NASDAQ,"Immix Biopharma, Inc. - Common Stock",Stock,True,2026-05-08,,,307b901555508dc67edb
IMNM,NASDAQ,"Immunome, Inc. - Common Stock",Stock,True,2026-05-08,,,f9877fb2ac9029fb107b
IMNN,NASDAQ,"Imunon, Inc. - Common Stock",Stock,True,2026-05-08,,,d7122abef489e61238b4
IMOM,NASDAQ,Alpha Architect International Quantitative Momentum ETF,ETF,True,2026-05-08,,,a6eb1099396b2616866b
IMOS,NASDAQ,ChipMOS TECHNOLOGIES INC. - American Depositary Shares,Stock,True,2026-05-08,,,eb958765352857f8cf18
IMPP,NASDAQ,Imperial Petroleum Inc. - Common Shares,Stock,True,2026-05-08,,,3984b3c7c7bdd142c5cd
IMPPP,NASDAQ,Imperial Petroleum Inc. - 8.75% Series A Cumulative Redeemable Perpetual Preferred Shares,Stock,True,2026-05-08,,,6287293b6d2684979029
IMRN,NASDAQ,Immuron Limited - American Depositary Shares,Stock,True,2026-05-08,,,f86a1c8cebbe7a5e14cb
IMRX,NASDAQ,Immuneering Corporation - Class A Common Stock,Stock,True,2026-05-08,,,02f63ad55085e93f4b8d
IMSR,NASDAQ,Terrestrial Energy Inc. - Common Stock,Stock,True,2026-05-08,,,3f912996852519dae686
IMSRW,NASDAQ,Terrestrial Energy Inc. - Warrant,Stock,True,2026-05-08,,,1c6cfac79752177c4cbe
IMTE,NASDAQ,Integrated Media Technology Limited - Ordinary Shares,Stock,True,2026-05-08,,,03232c42865a27a9cedf
IMTX,NASDAQ,Immatics N.V. - Ordinary Shares,Stock,True,2026-05-08,,,77433eb62c2749fcecf6
IMUX,NASDAQ,"Immunic, Inc. - Common Stock",Stock,True,2026-05-08,,,8d0f2db39b8487d588bc
IMVT,NASDAQ,"Immunovant, Inc. - Common Stock",Stock,True,2026-05-08,,,b3f0e6f78269352a1ad7
IMXI,NASDAQ,"International Money Express, Inc. - Common Stock",Stock,True,2026-05-08,,,de7ca1752fd06fbf82fe
INAB,NASDAQ,"IN8bio, Inc. - Common Stock",Stock,True,2026-05-08,,,68419a133b23360cb379
INAC,NASDAQ,Indigo Acquisition Corp. - Ordinary Shares,Stock,True,2026-05-08,,,3c388598e3ef175e0027
INACR,NASDAQ,Indigo Acquisition Corp. - Right,Stock,True,2026-05-08,,,c7f9f77a697fbb5a2a5c
INACU,NASDAQ,Indigo Acquisition Corp. - Unit,Stock,True,2026-05-08,,,44b2b3e1008cee151aad
INBK,NASDAQ,First Internet Bancorp - Common Stock,Stock,True,2026-05-08,,,68f2e0c2b97880d3dd8c
INBKZ,NASDAQ,First Internet Bancorp - Fixed-to-Floating Rate Subordinated Notes Due 2029,Stock,True,2026-05-08,,,e0f1a59c19de03604b9f
INBS,NASDAQ,Intelligent Bio Solutions Inc. - Common Stock,Stock,True,2026-05-08,,,102dc530810642d1d1c5
INBX,NASDAQ,"Inhibrx Biosciences, Inc. - Common Stock",Stock,True,2026-05-08,,,6aebeab56c582551db2c
INCR,NASDAQ,Intercure Ltd. - ordinary shares,Stock,True,2026-05-08,,,129125678ca3dc12d009
INCY,NASDAQ,Incyte Corporation - Common Stock,Stock,True,2026-05-08,,,b3040507c0de475f4c2c
IND,NASDAQ,Xtrackers Nifty 500 India ETF,ETF,True,2026-05-08,,,cb139a2e8c5c1b938cbd
INDB,NASDAQ,Independent Bank Corp. - Common Stock,Stock,True,2026-05-08,,,ee6ebb8405640fdbbdcd
INDH,NASDAQ,WisdomTree India Hedged Equity Fund,ETF,True,2026-05-08,,,cd2f33a24d7aab8d8504
INDI,NASDAQ,"indie Semiconductor, Inc. - Class A Common Stock",Stock,True,2026-05-08,,,61915f56c77e20d3a197
INDP,NASDAQ,"Indaptus Therapeutics, Inc. - Common Stock",Stock,True,2026-05-08,,,978a429c50690d050121
INDQ,NASDAQ,Pacer ActiveAlpha India Quality ETF,ETF,True,2026-05-08,,,28a15854d2399077a299
INDV,NASDAQ,"Indivior Pharmaceuticals, Inc. - Common Stock",Stock,True,2026-05-08,,,f999810a34a18582dfc1
INDY,NASDAQ,iShares India 50 ETF,ETF,True,2026-05-08,,,1d11c4dd37861aac627b
INEO,NASDAQ,INNEOVA Holdings Limited - Class A Ordinary Shares,Stock,True,2026-05-08,,,2ba5ea25a67c9be2f920
INGN,NASDAQ,"Inogen, Inc - Common Stock",Stock,True,2026-05-08,,,5034965b0f1ceded5ee0
INHD,NASDAQ,Inno Holdings Inc. - Common Stock,Stock,True,2026-05-08,,,28ec15f182cd48535f27
INIO,NASDAQ,INNIO N.V. - Ordinary Shares,Stock,True,2026-06-04,,,c6e0586e7c6789447b71
INKT,NASDAQ,"MiNK Therapeutics, Inc. - Common Stock",Stock,True,2026-05-08,,,464c7984d25da6a49e9b
INLF,NASDAQ,INLIF LIMITED - Class A Ordinary shares,Stock,True,2026-05-08,,,b48a95381b88045bba1a
INM,NASDAQ,InMed Pharmaceuticals Inc. - Common Shares,Stock,True,2026-05-08,,,5d6ecefbdfacbc366fba
INMB,NASDAQ,INmune Bio Inc. - Common stock,Stock,True,2026-05-08,,,ce172dc5144ef3f9e4c8
INMD,NASDAQ,InMode Ltd. - Ordinary Shares,Stock,True,2026-05-08,,,375ae05ca093098545d2
INNV,NASDAQ,InnovAge Holding Corp. - Common Stock,Stock,True,2026-05-08,,,075c3463c9b161f63333
INO,NASDAQ,"Inovio Pharmaceuticals, Inc. - Common Stock",Stock,True,2026-05-08,,,e83d07feb5c9e5fb8f25
INOD,NASDAQ,Innodata Inc. - Common Stock,Stock,True,2026-05-08,,,5361a873199d079cb9c0
INRO,NASDAQ,iShares U.S. Industry Rotation Active ETF,ETF,True,2026-05-08,,,dac220e7fea3374c08ec
INSE,NASDAQ,"Inspired Entertainment, Inc. - Common Stock",Stock,True,2026-05-08,,,fc825ba92dfbf621fb95
INSG,NASDAQ,Inseego Corp. - Common Stock,Stock,True,2026-05-08,,,e7ee427100afa57a1788
INSM,NASDAQ,Insmed Incorporated - Common Stock,Stock,True,2026-05-08,,,e6af9ae6bdfe0a9a57af
INTA,NASDAQ,"Intapp, Inc. - Common Stock",Stock,True,2026-05-08,,,2a31772cd89b74fee49d
INTC,NASDAQ,Intel Corporation - Common Stock,Stock,True,2026-05-08,,,9519752cc05b754ff5c3
INTG,NASDAQ,The Intergroup Corporation - Common Stock,Stock,True,2026-05-08,,,ae332b0de1d8afa9561f
INTJ,NASDAQ,Intelligent Group Limited - Class A Ordinary Shares,Stock,True,2026-05-08,,,91e0c51d7603e5268161
INTR,NASDAQ,Inter & Co. Inc. - Class A Common Shares,Stock,True,2026-05-08,,,ed74ed41e4980b740bc2
INTS,NASDAQ,"Intensity Therapeutics, Inc. - Common Stock",Stock,True,2026-05-08,,,15623a9c6afeb4522347
INTU,NASDAQ,Intuit Inc. - Common Stock,Stock,True,2026-05-08,,,68ab0d94141f37856256
INTW,NASDAQ,GraniteShares 2x Long INTC Daily ETF,ETF,True,2026-05-08,,,597d5841f4bc6d88c0d5
INTZ,NASDAQ,Intrusion Inc. - Common Stock,Stock,True,2026-05-08,,,b71874c3363773e18e61
INV,NASDAQ,"Innventure, Inc. - Common Stock",Stock,True,2026-05-08,,,9b37e5ea52f3ea580057
INVA,NASDAQ,"Innoviva, Inc. - Common Stock",Stock,True,2026-05-08,,,5333fc31d1e19437ddc4
INVE,NASDAQ,"Identiv, Inc. - Common Stock",Stock,True,2026-05-08,,,283adc9a38d533b67641
INVZ,NASDAQ,Innoviz Technologies Ltd. - Ordinary shares,Stock,True,2026-05-08,,,53bdbe9292178be6595c
IONL,NASDAQ,GraniteShares 2x Long IONQ Daily ETF,ETF,True,2026-05-08,,,7acff02000b5570256db
IONR,NASDAQ,ioneer Ltd - American Depositary Shares,Stock,True,2026-05-08,,,7918b28410474df8576b
IONS,NASDAQ,"Ionis Pharmaceuticals, Inc. - Common Stock",Stock,True,2026-05-08,,,e6fee1829a60e8c18abc
IONX,NASDAQ,Defiance Daily Target 2X Long IONQ ETF,ETF,True,2026-05-08,,,c94b03ed2e90b22889b0
IONZ,NASDAQ,Defiance Daily Target 2x Short IONQ ETF,ETF,True,2026-05-08,,,081736469b42b0f5175d
IOSP,NASDAQ,Innospec Inc. - Common Stock,Stock,True,2026-05-08,,,45504f83989f74e87008
IOTR,NASDAQ,iOThree Limited - Ordinary Shares,Stock,True,2026-05-08,,,7ebc42aa808c1d5e6c4a
IOVA,NASDAQ,"Iovance Biotherapeutics, Inc. - Common Stock",Stock,True,2026-05-08,,,573a39dcc1aaea9d9076
IOYY,NASDAQ,GraniteShares YieldBOOST IONQ ETF,ETF,True,2026-05-08,,,1b5c64b910b9ac28692d
IPAR,NASDAQ,"Interparfums, Inc. - Common Stock",Stock,True,2026-05-08,,,6567293d1cc5069d921d
IPCX,NASDAQ,Inflection Point Acquisition Corp. III - Class A ordinary shares,Stock,True,2026-05-08,,,9d1ee879f2c6d3e630df
IPCXR,NASDAQ,Inflection Point Acquisition Corp. III - Rights,Stock,True,2026-05-08,,,a38222ba3ca4ff3106f0
IPCXU,NASDAQ,Inflection Point Acquisition Corp. III - Units,Stock,True,2026-05-08,,,866fe2d949a81806917d
IPDN,NASDAQ,"Professional Diversity Network, Inc. - Common Stock",Stock,True,2026-05-08,,,1b33eb41ea23a308c51a
IPEX,NASDAQ,Inflection Point Acquisition Corp. - Class A Ordinary Shares,Stock,True,2026-05-08,,,96f80ccde4bb0bf73e7b
IPEXR,NASDAQ,Inflection Point Acquisition Corp. - Right,Stock,True,2026-05-08,,,93de508a3d5fe23e1a0f
IPEXU,NASDAQ,Inflection Point Acquisition Corp. - Unit,Stock,True,2026-05-08,,,6b04f08dff747491eed3
IPFX,NASDAQ,Inflection Point Acquisition Corp. VI - Class A Ordinary Shares,Stock,True,2026-05-18,,,5a9712deb2042121e5a9
IPFXU,NASDAQ,Inflection Point Acquisition Corp. VI - Units,Stock,True,2026-05-08,,,e76ace5906d180642b69
IPFXW,NASDAQ,Inflection Point Acquisition Corp. VI - Warrant,Stock,True,2026-05-18,,,654fd18f574c27fb35e4
IPGP,NASDAQ,IPG Photonics Corporation - Common Stock,Stock,True,2026-05-08,,,3b798ea042dc602d9e6c
IPHA,NASDAQ,Innate Pharma S.A. - American Depositary Shares,Stock,True,2026-05-08,,,69ded971d9f2f9e78c97
IPKW,NASDAQ,Invesco International BuyBack Achievers ETF,ETF,True,2026-05-08,,,d380f4842181497c331a
IPM,NASDAQ,Intelligent Protection Management Corp. - Common Stock,Stock,True,2026-05-08,,,ffa276cbe442058a8773
IPOD,NASDAQ,Dune Acquisition Corporation II - Class A ordinary shares,Stock,False,2026-05-08,2026-05-27,Missing from current NASDAQ source snapshot; reason unavailable,1829ac493f4e3ea452f6
IPODU,NASDAQ,Dune Acquisition Corporation II - Units,Stock,False,2026-05-08,2026-05-27,Missing from current NASDAQ source snapshot; reason unavailable,b3c2d950e7de8f2bd9a8
IPODW,NASDAQ,Dune Acquisition Corporation II - Warrants,Stock,False,2026-05-08,2026-05-27,Missing from current NASDAQ source snapshot; reason unavailable,d832c2082ea0547476bb
IPSC,NASDAQ,"Century Therapeutics, Inc. - Common Stock",Stock,True,2026-05-08,,,9c2abf30fffb038aafd9
IPST,NASDAQ,"IP Strategy Holdings, Inc. - Common Stock",Stock,True,2026-05-08,,,76497c7f2ec9eaa93a4d
IPVVU,NASDAQ,"InterPrivate Investment Partners V, Inc. - Units",Stock,True,2026-06-04,,,e2769da8e07d2028db2f
IPW,NASDAQ,iPower Inc. - Common Stock,Stock,True,2026-05-08,,,fba4095bfab51fb64412
IPWR,NASDAQ,Ideal Power Inc. - Common Stock,Stock,True,2026-05-08,,,2d522dedc58ff3cc32b5
IPX,NASDAQ,IperionX Limited - American Depositary Share,Stock,True,2026-05-08,,,9437529552f5c847c3e5
IQ,NASDAQ,"iQIYI, Inc. - American Depositary Shares",Stock,True,2026-05-08,,,856a12b4252607ce9c7a
IQMX,NASDAQ,IQM Quantum Computers Oyj - American Depositary Shares,Stock,True,2026-07-02,,,4de15686b8e0f38a0caf
IQMXW,NASDAQ,IQM Quantum Computers Oyj - Warrants to purchase American Depositary Shares,Stock,True,2026-07-02,,,e447162a51cc1e437108
IQQ,NASDAQ,iShares Nasdaq 100 ETF,ETF,True,2026-07-09,,,1aaff9ed7e21c2cc40cb
IQQQ,NASDAQ,ProShares Nasdaq-100 High Income ETF,ETF,True,2026-05-08,,,3546881bba892b0e863f
IQST,NASDAQ,iQSTEL Inc. - Common Stock,Stock,True,2026-05-08,,,4ffa9c827cdef15056fc
IRD,NASDAQ,"Opus Genetics, Inc. - Common Stock",Stock,True,2026-05-08,,,f554e0d4b9d449f23654
IRDM,NASDAQ,Iridium Communications Inc - Common Stock,Stock,True,2026-05-08,,,6c2bf3f495d5069ee849
IREG,NASDAQ,Leverage Shares 2X Long IREN Daily ETF,ETF,True,2026-05-08,,,2c5a3d32d92377c7b2bf
IREN,NASDAQ,IREN Limited - Ordinary Shares,Stock,True,2026-05-08,,,a980c16b849b591ef434
IRHO,NASDAQ,Iron Horse Acquisitions II Corp. - Common Stock,Stock,True,2026-05-08,,,3cea5cdca875da9be4d6
IRHOR,NASDAQ,Iron Horse Acquisitions II Corp. - Rights,Stock,True,2026-05-08,,,bc37e3c63821cc692554
IRHOU,NASDAQ,Iron Horse Acquisitions II Corp. - Units,Stock,True,2026-05-08,,,6ae420a647aea4b758a4
IRIX,NASDAQ,IRIDEX Corporation - Common Stock,Stock,True,2026-05-08,,,ddace235a60c436f9bb7
IRMD,NASDAQ,iRadimed Corporation - Common Stock,Stock,True,2026-05-08,,,572d3fe29dd2851352f4
IRON,NASDAQ,"Disc Medicine, Inc. - Common Stock",Stock,True,2026-05-08,,,17c3e76aa44559304828
IRTC,NASDAQ,"iRhythm Holdings, Inc. - Common Stock",Stock,True,2026-05-08,,,8fc75a58589248523bb4
IRWD,NASDAQ,"Ironwood Pharmaceuticals, Inc. - Class A Common Stock",Stock,True,2026-05-08,,,4b8133ce9b5e1f6019cd
ISBA,NASDAQ,Isabella Bank Corporation - Common stock,Stock,True,2026-05-08,,,2b92cf5bfb711423a4e9
ISHG,NASDAQ,iShares 1-3 Year International Treasury Bond ETF,ETF,True,2026-05-08,,,7bb383027e6bae040e9f
ISHP,NASDAQ,First Trust S-Network E-Commerce ETF,ETF,True,2026-05-08,,,d9353b23755421d144e4
ISNRU,NASDAQ,Snow Rothschild Acquisition Corp. - Units,Stock,True,2026-06-09,,,cb5f521a3b5ae31b96d7
ISPC,NASDAQ,iSpecimen Inc. - Common Stock,Stock,True,2026-05-08,,,db9c636fa921bbbd4c90
ISPR,NASDAQ,Ispire Technology Inc. - Common Stock,Stock,True,2026-05-08,,,a61d27075e039935df3a
ISRG,NASDAQ,"Intuitive Surgical, Inc. - Common Stock",Stock,True,2026-05-08,,,66eed9615bc8d49be35d
ISSC,NASDAQ,"Innovative Solutions and Support, Inc. - Common Stock",Stock,True,2026-05-08,,,a5fa9d3768ca4cc883d3
ISTB,NASDAQ,iShares Core 1-5 Year USD Bond ETF,ETF,True,2026-05-08,,,9dabebaf78f0a3ee4acc
ISTM,NASDAQ,iShares Strategic Metals ETF,ETF,True,2026-05-29,,,d540587540f6bd48118f
ISTR,NASDAQ,Investar Holding Corporation - Common Stock,Stock,True,2026-05-08,,,bd78914324af7f6e3d70
ISUL,NASDAQ,GraniteShares 2x Long ISRG Daily ETF,ETF,True,2026-05-08,,,b069fa6b21975070d2e5
ITG,NASDAQ,"ITG, Inc. - Class A Common Stock",Stock,True,2026-07-01,,,1d37a47e4e9b64600a05
ITHA,NASDAQ,ITHAX Acquisition Corp III - Class A Ordinary Shares,Stock,True,2026-05-08,,,ea02a644e0226c442d0b
ITHAU,NASDAQ,ITHAX Acquisition Corp III - Units,Stock,True,2026-05-08,,,05c5dbaf7add730adf17
ITHAW,NASDAQ,ITHAX Acquisition Corp III - Warrants,Stock,True,2026-05-08,,,d77f769d3b5ac93510a7
ITIC,NASDAQ,Investors Title Company - Common Stock,Stock,True,2026-05-08,,,c7e2abaec0b0303463e0
ITOC,NASDAQ,iTonic Holdings Ltd - Class A Ordinary Shares,Stock,True,2026-05-08,,,3525c858d23b24acce96
ITRI,NASDAQ,"Itron, Inc. - Common Stock",Stock,True,2026-05-08,,,c02561fb9edb685ef8be
ITRN,NASDAQ,Ituran Location and Control Ltd. - Ordinary Shares,Stock,True,2026-05-08,,,4a940220335cab2e1002
IUS,NASDAQ,Invesco RAFI Strategic US ETF,ETF,True,2026-05-08,,,28e7b7b057660d77eeed
IUSB,NASDAQ,iShares Core Universal USD Bond ETF,ETF,True,2026-05-08,,,315769f2e1e572cdfcf5
IUSG,NASDAQ,iShares Core S&P U.S. Growth ETF,ETF,True,2026-05-08,,,f2e20d736aa443282edb
IUSV,NASDAQ,iShares Core S&P U.S. Value ETF,ETF,True,2026-05-08,,,6e0bcd7ad50ff1bd89b2
IVA,NASDAQ,Inventiva S.A. - American Depository Shares,Stock,True,2026-05-08,,,921e3e0ecd8879e106dc
IVAL,NASDAQ,Alpha Architect International Quantitative Value ETF,ETF,True,2026-05-08,,,c2767b0bfb4ffcafb313
IVDA,NASDAQ,"Iveda Solutions, Inc. - Common Stock",Stock,True,2026-05-08,,,2280a7faa313ae90cf24
IVDAW,NASDAQ,"Iveda Solutions, Inc. - Warrant",Stock,True,2026-05-08,,,0c72919061064e8204fe
IVF,NASDAQ,"INVO Fertility, Inc. - Common Stock",Stock,True,2026-05-08,,,82bbcea326ac694ce656
IVSI,NASDAQ,Applied Finance IVS International Large ETF,ETF,True,2026-05-08,,,1d6ef2a1ed85bd453086
IVSS,NASDAQ,Applied Finance IVS US SMID ETF,ETF,True,2026-05-08,,,877891db9c8c2bcd93ab
IVSX,NASDAQ,Applied Finance IVS International SMID ETF,ETF,True,2026-05-08,,,11b96b06a5551321ec2e
IVVD,NASDAQ,"Invivyd, Inc. - Common Stock",Stock,True,2026-05-08,,,06e88e3d0d08b547c779
IXHL,NASDAQ,Incannex Healthcare Inc. - Common Stock,Stock,True,2026-05-08,,,7f4a91cca473c301d4ab
IXUS,NASDAQ,iShares Core MSCI Total International Stock ETF,ETF,True,2026-05-08,,,724f29f4f23305bceb97
IZEA,NASDAQ,"IZEA Worldwide, Inc. - Common Stock",Stock,True,2026-05-08,,,d62f05ee08c6fc7af5e7
IZM,NASDAQ,ICZOOM Group Inc. - Class A Ordinary Shares,Stock,True,2026-05-08,,,55041cd9f55fbf0601d2
JABRU,NASDAQ,JAB Acquisition Corp I - Units,Stock,True,2026-06-10,,,00529174f9a91accdc20
JACK,NASDAQ,Jack In The Box Inc. - Common Stock,Stock,True,2026-05-08,,,63771ebb1b48b9fcd1e4
JAGX,NASDAQ,"Jaguar Health, Inc. - Common Stock",Stock,True,2026-05-08,,,67a13348bc2f1584a016
JAKK,NASDAQ,"JAKKS Pacific, Inc. - Common Stock",Stock,True,2026-05-08,,,6a373935b850f3f4229f
JANX,NASDAQ,"Janux Therapeutics, Inc. - Common Stock",Stock,True,2026-05-08,,,df50555ed6899bc9993f
JAPN,NASDAQ,Horizon Kinetics Japan Owner Operator ETF,ETF,True,2026-05-08,,,1f8444ca1afb1ad89f99
JATT,NASDAQ,JATT II Acquisition Corp - Ordinary Shares,Stock,True,2026-05-08,,,cb72dca78efc73120dae
JAZZ,NASDAQ,Jazz Pharmaceuticals plc - Ordinary Shares,Stock,True,2026-05-08,,,59e9873a6e6e67de9cff
JBDI,NASDAQ,JBDI Holdings Limited - Ordinary Shares,Stock,True,2026-05-08,,,ad8a3117c7551a4cf49a
JBHT,NASDAQ,"J.B. Hunt Transport Services, Inc. - Common Stock",Stock,True,2026-05-08,,,a2e96dd6294f1d8e6bac
JBIO,NASDAQ,"Jade Biosciences, Inc. - Common Stock",Stock,True,2026-05-08,,,46ecbb71fb8371de1a42
JBLU,NASDAQ,JetBlue Airways Corporation - Common Stock,Stock,True,2026-05-08,,,e9642d9bc4c79ff6f2ce
JBSS,NASDAQ,"John B. Sanfilippo & Son, Inc. - Common Stock",Stock,True,2026-05-08,,,4306d02daa1f00957b95
JCAP,NASDAQ,"Jefferson Capital, Inc. - Common Stock",Stock,True,2026-05-08,,,4ddd1c929b9132f07aee
JCSE,NASDAQ,JE Cleantech Holdings Limited - Ordinary Shares,Stock,True,2026-05-08,,,f538df66f86783dea505
JCTC,NASDAQ,Jewett-Cameron Trading Company - Common Shares,Stock,True,2026-05-08,,,b5d72c48fe9c1297a24f
JD,NASDAQ,"JD.com, Inc. - American Depositary Shares",Stock,True,2026-05-08,,,3aaca9997a518b3d0a62
JDOC,NASDAQ,JPMorgan Healthcare Leaders ETF,ETF,True,2026-05-08,,,0909ef9d7682846f3fb6
JDZG,NASDAQ,JIADE LIMITED - Class A Ordinary Shares,Stock,True,2026-05-08,,,7e1cfd417bb842c9d64b
JEM,NASDAQ,707 Cayman Holdings Limited - Ordinary Shares,Stock,True,2026-05-08,,,4d4192b3b304109ed9f0
JEMA,NASDAQ,JPMorgan ActiveBuilders Emerging Markets Equity ETF,ETF,True,2026-05-08,,,50c83efd59692b980b89
JEPQ,NASDAQ,JPMorgan Nasdaq Equity Premium Income ETF,ETF,True,2026-05-08,,,86acd9d99841df79f053
JF,NASDAQ,J and Friends Holdings Limited - American Depositary Shares,Stock,True,2026-05-08,,,4b0b8aff37e57d7a04ff
JFB,NASDAQ,JFB Construction Holdings - Class A Common Stock,Stock,True,2026-05-08,,,672dbda154a314f4eb49
JFIN,NASDAQ,Jiayin Group Inc. - American Depositary Shares,Stock,True,2026-05-08,,,dd58dbb2baac9a4b96a5
JFU,NASDAQ,9F Inc. - American Depositary Shares,Stock,True,2026-05-08,,,0999de0ea3764a398061
JG,NASDAQ,Aurora Mobile Limited - American Depositary Shares,Stock,True,2026-05-08,,,d3a43badc1400d8d35e3
JGLO,NASDAQ,JPMorgan Global Select Equity ETF,ETF,True,2026-05-08,,,4835d047fb1eaa86dfc9
JHAI,NASDAQ,Janus Henderson Global Artificial Intelligence ETF,ETF,True,2026-05-08,,,4cb79dca8bc8237ad719
JIVE,NASDAQ,JPMorgan International Value ETF,ETF,True,2026-05-08,,,a4057429950692d96957
JJSF,NASDAQ,J & J Snack Foods Corp. - Common Stock,Stock,True,2026-05-08,,,81445ab9a41318fd970f
JKHY,NASDAQ,"Jack Henry & Associates, Inc. - Common Stock",Stock,True,2026-05-08,,,1fedf87be114442f5d8b
JL,NASDAQ,J-Long Group Limited - Class A Ordinary Shares,Stock,True,2026-05-08,,,8ad24def27fba035005b
JLHL,NASDAQ,Julong Holding Limited - Class A Ordinary Shares,Stock,True,2026-05-08,,,7c3bfb13514ba1de9b55
JMID,NASDAQ,Janus Henderson Mid Cap Growth Alpha ETF,ETF,True,2026-05-08,,,66056845c9da4d8f3a55
JMSB,NASDAQ,"John Marshall Bancorp, Inc. - Common Stock",Stock,True,2026-05-08,,,fdd2c3876e16d10044dc
JONEU,NASDAQ,Jones Ventures INTL Acquisition1 Corp - Units,Stock,True,2026-07-14,,,ee03f77a798b9365228a
JOUT,NASDAQ,Johnson Outdoors Inc. - Class A Common Stock,Stock,True,2026-05-08,,,f6300b8ccea8bb7e6ef7
JOYT,NASDAQ,JPMorgan Equity and Options Total Return ETF,ETF,True,2026-05-08,,,92ca9ee8cd9e7977687f
JOYY,NASDAQ,JOYY Inc. - American Depositary Shares,Stock,True,2026-05-08,,,9325a54cc3e573629ac9
JPEF,NASDAQ,JPMorgan Equity Focus ETF,ETF,True,2026-05-08,,,6d71fe6fd6e1b3cd6e80
JPFP,NASDAQ,JPMorgan Managed Futures Plus ETF,ETF,True,2026-05-28,,,ac26239210d755ed1c6a
JPY,NASDAQ,Lazard Japanese Equity ETF,ETF,True,2026-05-08,,,6c3b6a9e19ea26669061
JRSH,NASDAQ,"Jerash Holdings (US), Inc. - Common Stock",Stock,True,2026-05-08,,,019167894adf1ae49b89
JRVR,NASDAQ,"James River Group Holdings, Inc. - Common Stock",Stock,True,2026-05-08,,,66b17c4a6f8ae43050c8
JSM,NASDAQ,"Navient Corporation - 6% Senior Notes due December 15, 2043",Stock,True,2026-05-08,,,0477c9e71a9ac58cdc06
JSMD,NASDAQ,Janus Henderson Small/Mid Cap Growth Alpha ETF,ETF,True,2026-05-08,,,3544c4c414c3b5ba6d25
JSML,NASDAQ,Janus Henderson Small Cap Growth Alpha ETF,ETF,True,2026-05-08,,,6b288c9b45f36da7ba9c
JSPR,NASDAQ,"Jasper Therapeutics, Inc. - Class A Common Stock",Stock,True,2026-05-08,,,7fdef26ab3093809571b
JSPRW,NASDAQ,"Jasper Therapeutics, Inc. - Warrant",Stock,True,2026-05-08,,,1fa2718982b5a95be998
JTAI,NASDAQ,Jet.AI Inc. - Common Stock,Stock,True,2026-05-08,,,adc197c894b20efbfb4c
JTEK,NASDAQ,JPMorgan U.S. Tech Leaders ETF,ETF,True,2026-05-08,,,da1d6f2c2cc4c38637a2
JUNS,NASDAQ,"Jupiter Neurosciences, Inc. - Common Stock",Stock,True,2026-05-08,,,f737d29a4b8b7785ec36
JVA,NASDAQ,"Coffee Holding Co., Inc. - Common Stock",Stock,True,2026-05-08,,,ae41db2d9dce3bc8437a
JWEL,NASDAQ,Jowell Global Ltd. - Ordinary Shares,Stock,True,2026-05-08,,,29fe03b13b0ec303da80
JXG,NASDAQ,JX Luxventure Group Inc. - Common Stock,Stock,True,2026-05-08,,,8e01ba02b1a93732fa01
JYD,NASDAQ,Jayud Global Logistics Limited - Class A Ordinary Shares,Stock,True,2026-05-08,,,202d4dd2ee3bf4ca2797
JYNT,NASDAQ,The Joint Corp. - Common Stock,Stock,True,2026-05-08,,,a3e3b0b6673a5f2ca81d
JZ,NASDAQ,Jianzhi Education Technology Group Company Limited - American Depositary Shares,Stock,True,2026-05-08,,,fbc826edcbaebf412d85
JZXN,NASDAQ,"Jiuzi Holdings, Inc. - Ordinary Shares",Stock,True,2026-05-08,,,efe0e1e458ca6fbaf0f2
KALA,NASDAQ,"KALA BIO, Inc. - Common Stock",Stock,True,2026-05-08,,,f79b4fbc4ac2f4140aad
KALU,NASDAQ,Kaiser Aluminum Corporation - Common Stock,Stock,True,2026-05-08,,,37ae13fe01f3d150796b
KALV,NASDAQ,"KalVista Pharmaceuticals, Inc. - Common Stock",Stock,False,2026-05-08,2026-06-12,Missing from current NASDAQ source snapshot; reason unavailable,4c47638feff67fcabfb3
KARD,NASDAQ,"Kardigan, Inc. - Common Stock",Stock,True,2026-06-18,,,975b1c75d21eadce5085
KARO,NASDAQ,Karooooo Ltd. - Ordinary shares,Stock,True,2026-05-08,,,71ee823b085a3415245e
KAT,NASDAQ,Scharf ETF,ETF,True,2026-05-08,,,7564ed6df5aa11fd42e0
KAZR,NASDAQ,Skyline Builders Group Holding Limited - Class A Ordinary Shares,Stock,True,2026-06-17,,,4877ace68b66bfd40e09
KBAB,NASDAQ,KraneShares 2x Long BABA Daily ETF,ETF,True,2026-05-08,,,da14e611c5f5d1dcaff3
KBDU,NASDAQ,KraneShares 2x Long BIDU Daily ETF,ETF,True,2026-05-08,,,eee95a6273cbc56d5d43
KBON,NASDAQ,Karbon Capital Partners Corp. - Class A Ordinary Shares,Stock,True,2026-05-08,,,4714eb73389382728812
KBONU,NASDAQ,Karbon Capital Partners Corp. - Units,Stock,True,2026-05-08,,,ebdb3f37ed1a165e29ea
KBONW,NASDAQ,Karbon Capital Partners Corp. - Warrant,Stock,True,2026-05-08,,,e162d859d65d53268fae
KBSX,NASDAQ,FST Corp. - Ordinary Shares,Stock,True,2026-05-08,,,89801576deba812686b9
KBWB,NASDAQ,Invesco KBW Bank ETF,ETF,True,2026-05-08,,,f4897eee3070147968eb
KBWD,NASDAQ,Invesco KBW High Dividend Yield Financial ETF,ETF,True,2026-05-08,,,ec142e4751eba760b499
KBWP,NASDAQ,Invesco KBW Property & Casualty Insurance ETF,ETF,True,2026-05-08,,,f230f78bccc8b6f7f04c
KBWY,NASDAQ,Invesco KBW Premium Yield Equity REIT ETF,ETF,True,2026-05-08,,,d5d84da6cec80ba383f0
KC,NASDAQ,Kingsoft Cloud Holdings Limited - American Depositary Shares,Stock,True,2026-05-08,,,6396999bfb134b76774f
KCHV,NASDAQ,Kochav Defense Acquisition Corp. - Class A Ordinary Shares,Stock,True,2026-05-08,,,27fcaeef61dcb02f8faa
KCHVR,NASDAQ,Kochav Defense Acquisition Corp. - Right,Stock,True,2026-05-08,,,78d422d094c3ebdf8dff
KCHVU,NASDAQ,Kochav Defense Acquisition Corp. - Units,Stock,True,2026-05-08,,,1138ccdd3d6f788b31ec
KDK,NASDAQ,"Kodiak AI, Inc. - Common Stock",Stock,True,2026-05-08,,,24321591fe2ffe543dac
KDKRW,NASDAQ,"Kodiak AI, Inc. - Warrant",Stock,True,2026-05-08,,,4c785925249bd1b57d2d
KDP,NASDAQ,Keurig Dr Pepper Inc. - Common Stock,Stock,True,2026-05-08,,,fdd8fff2f57138a1b698
KE,NASDAQ,"Kimball Electronics, Inc. - Common Stock",Stock,True,2026-05-08,,,d60d7eb06e76b40d30ee
KEAT,NASDAQ,Keating Active ETF,ETF,True,2026-05-08,,,f226dd843a021d1f8101
KEEL,NASDAQ,Keel Infrastructure Corp. - Common Stock,Stock,True,2026-05-08,,,a798fad6bdd58d10e389
KELYA,NASDAQ,"Kelly Services, Inc. - Class A Common Stock",Stock,True,2026-05-08,,,0d98ffcbdf06c8f9690b
KELYB,NASDAQ,"Kelly Services, Inc. - Class B Common Stock",Stock,True,2026-05-08,,,0765144da5b953f590d9
KEQU,NASDAQ,Kewaunee Scientific Corporation - Common Stock,Stock,True,2026-05-08,,,fc7272e9ebc3bc2f1082
KEYY,NASDAQ,Keystone Acquisition Corp. - Class A Ordinary Shares,Stock,True,2026-06-22,,,d00ec988f81fb97ecf4e
KEYYU,NASDAQ,Keystone Acquisition Corp. - Unit,Stock,True,2026-06-03,,,a021fe2cc59defd1a903
KEYYW,NASDAQ,Keystone Acquisition Corp. - Warrants,Stock,True,2026-06-22,,,ca11900c3ecfaa57bd13
KFFB,NASDAQ,Kentucky First Federal Bancorp - Common Stock,Stock,True,2026-05-08,,,ebc518147d3bce9ea00b
KFII,NASDAQ,K&F Growth Acquisition Corp. II - Class A Ordinary shares,Stock,True,2026-05-08,,,c32d79d27b6f3ff9e697
KFIIR,NASDAQ,K&F Growth Acquisition Corp. II - Rights,Stock,True,2026-05-08,,,732e75c0a1d3ce2c83b7
KFIIU,NASDAQ,K&F Growth Acquisition Corp. II - Unit,Stock,True,2026-05-08,,,d0e406561020ee1b5b96
KG,NASDAQ,"Kestrel Group, Ltd. - Common Stock",Stock,True,2026-05-08,,,451cf5ee7a9b160de0f0
KGEI,NASDAQ,Kolibri Global Energy Inc. - Common stock,Stock,True,2026-05-08,,,6f5cdff12c424a257dee
KHC,NASDAQ,The Kraft Heinz Company - Common Stock,Stock,True,2026-05-08,,,c947b7f1f291fa8eee64
KIDS,NASDAQ,OrthoPediatrics Corp. - Common Stock,Stock,True,2026-05-08,,,e23a2f779dfdac172012
KIDZ,NASDAQ,"Classover Holdings, Inc. - Class B Common Stock",Stock,False,2026-05-08,2026-06-03,Listing metadata changed,4cf1fa984640e6bf3b6f
KIDZ,NASDAQ,KIDZ AI Inc. - Class B Common Stock,Stock,True,2026-06-03,,,9153493e9396163233ca
KIDZW,NASDAQ,"Classover Holdings, Inc. - Warrants",Stock,False,2026-05-08,2026-06-03,Listing metadata changed,9c7e1916daff8f1e7d47
KIDZW,NASDAQ,KIDZ AI Inc. - Warrants,Stock,True,2026-06-03,,,29197d93f8109adf97f1
KINS,NASDAQ,"Kingstone Companies, Inc - Common Stock",Stock,True,2026-05-08,,,b82e2be1a8f7409502d2
KIQQ,NASDAQ,KraneShares InspereX Nasdaq Dynamic Buffered High Income Index ETF,ETF,True,2026-05-08,,,f5b0dbc6ed82439b371c
KITT,NASDAQ,"Nauticus Robotics, Inc. - Common stock",Stock,True,2026-05-08,,,ac269a730fcd5b5aa534
KITTW,NASDAQ,"Nauticus Robotics, Inc. - Warrant",Stock,True,2026-05-08,,,b7ad9e0335d2ddd0d934
KJD,NASDAQ,KraneShares 2x Long JD Daily ETF,ETF,True,2026-05-08,,,026a7ade4d80fa93287f
KLAC,NASDAQ,KLA Corporation - Common Stock,Stock,True,2026-05-08,,,f671ee972e26556fc92c
KLAG,NASDAQ,Leverage Shares 2x Long KLAC Daily ETF,ETF,True,2026-05-08,,,5d4d6d9482f1f6ba4326
KLIC,NASDAQ,"Kulicke and Soffa Industries, Inc. - Common Stock",Stock,True,2026-05-08,,,e8130774d93d0f6f2474
KLRA,NASDAQ,"Kailera Therapeutics, Inc. - Common stock",Stock,True,2026-05-08,,,30f172a79e9c55e5f84a
KLRS,NASDAQ,"Kalaris Therapeutics, Inc. - Common Stock",Stock,True,2026-05-08,,,0ea8e3e0826f3b61f0dd
KLTR,NASDAQ,"Kaltura, Inc. - Common Stock",Stock,True,2026-05-08,,,717a179d848ecc4c725b
KLXE,NASDAQ,"KLX Energy Services Holdings, Inc. - Common Stock",Stock,True,2026-05-08,,,db466f5c3f8f5fdcf4ef
KMB,NASDAQ,Kimberly-Clark Corporation - Common Stock,Stock,True,2026-05-08,,,6fabc531f4ca8def6e6f
KMDA,NASDAQ,Kamada Ltd. - Ordinary Shares,Stock,True,2026-05-08,,,0021b074300af7583fa0
KMLI,NASDAQ,KraneShares 2x Long MELI Daily ETF,ETF,True,2026-05-08,,,423bbbcdb3ee279a8d3b
KMRK,NASDAQ,K-Tech Solutions Company Limited - Class A Ordinary Shares,Stock,True,2026-05-08,,,76b956c48c8b3c273911
KMTS,NASDAQ,"Kestra Medical Technologies, Ltd. - Common Stock",Stock,True,2026-05-08,,,2582b7e318be55e3da4a
KNDI,NASDAQ,"Kandi Technologies Group, Inc. - Ordinary Shares",Stock,True,2026-05-08,,,14f286710f5a00f02c22
KNGZ,NASDAQ,First Trust S&P 500 Diversified Dividend Aristocrats ETF,ETF,True,2026-05-08,,,2005e98ca010bf382f6e
KNSA,NASDAQ,"Kiniksa Pharmaceuticals International, plc - Class A Ordinary Shares",Stock,True,2026-05-08,,,8ae6380a7ca3ea2a9cc3
KOD,NASDAQ,Kodiak Sciences Inc - Common Stock,Stock,True,2026-05-08,,,cf5c28edabe6241bb977
KOID,NASDAQ,KraneShares Global Humanoid Robotics and Physical AI Index ETF,ETF,True,2026-05-08,,,86f51d9483ff7a1c07be
KOPN,NASDAQ,Kopin Corporation - Common Stock,Stock,True,2026-05-08,,,b9b2b43767c4a9556e7b
KOSS,NASDAQ,Koss Corporation - Common Stock,Stock,True,2026-05-08,,,4aa59b7219918d1010f4
KOYN,NASDAQ,CSLM Digital Asset Acquisition Corp III - Class A Ordinary Shares,Stock,True,2026-05-08,,,4a833739b09dea728c77
KOYNU,NASDAQ,CSLM Digital Asset Acquisition Corp III - Units,Stock,True,2026-05-08,,,a11f754e339280fa204b
KOYNW,NASDAQ,CSLM Digital Asset Acquisition Corp III - Warrants,Stock,True,2026-05-08,,,d16a6723f26fc777d519
KPDD,NASDAQ,KraneShares 2x Long PDD Daily ETF,ETF,True,2026-05-08,,,8338ca12476af116f178
KPLT,NASDAQ,"Katapult Holdings, Inc. - Common Stock",Stock,True,2026-05-08,,,1ca9963134ef006b8196
KPLTW,NASDAQ,"Katapult Holdings, Inc. - Warrant",Stock,False,2026-05-08,2026-06-09,Missing from current NASDAQ source snapshot; reason unavailable,fde638526b040b1dae7d
KPRX,NASDAQ,"Kiora Pharmaceuticals, Inc. - Common Stock",Stock,True,2026-05-08,,,57b677036858460b65cc
KPTI,NASDAQ,Karyopharm Therapeutics Inc. - Common Stock,Stock,True,2026-05-08,,,8b39f1650f2f4b4d492c
KQQQ,NASDAQ,Kurv Technology Titans Select ETF,ETF,True,2026-05-08,,,6f371391b5f5be4105ea
KRAQ,NASDAQ,KRAKacquisition Corp - Class A Ordinary Shares,Stock,True,2026-05-08,,,fc69f8a951734fb2a011
KRAQU,NASDAQ,KRAKacquisition Corp - Unit,Stock,True,2026-05-08,,,8f2d4f1d922642e69337
KRAQW,NASDAQ,KRAKacquisition Corp - Warrants,Stock,True,2026-05-08,,,4c6cf5292281759cc4c2
KRKR,NASDAQ,36Kr Holdings Inc. - American Depositary Shares,Stock,True,2026-05-08,,,05693eed7091642145e8
KRMA,NASDAQ,Global X Conscious Companies ETF,ETF,False,2026-05-08,2026-07-22,Missing from current NASDAQ source snapshot; reason unavailable,22b25974138c29a29ff4
KRMD,NASDAQ,"KORU Medical Systems, Inc. - Common Stock",Stock,True,2026-05-08,,,940db057b3b91711c1d5
KRNT,NASDAQ,Kornit Digital Ltd. - Ordinary Shares,Stock,True,2026-05-08,,,70041b517c7b6a39ed3a
KRNY,NASDAQ,Kearny Financial - Common Stock,Stock,True,2026-05-08,,,bbc305a9ae71e6f03d62
KROP,NASDAQ,Global X AgTech & Food Innovation ETF,ETF,True,2026-05-08,,,04d5e5b7bf293606e5c2
KROS,NASDAQ,"Keros Therapeutics, Inc. - common stock",Stock,True,2026-05-08,,,658f883c1bb39842929f
KRRO,NASDAQ,"Korro Bio, Inc. - Common Stock",Stock,True,2026-05-08,,,6378a93e0b07461ff125
KRT,NASDAQ,Karat Packaging Inc. - Common Stock,Stock,True,2026-05-08,,,f4d537265cd42ef4c55d
KRUS,NASDAQ,"Kura Sushi USA, Inc. - Class A Common Stock",Stock,True,2026-05-08,,,6db96e78c70086edca2b
KRYS,NASDAQ,"Krystal Biotech, Inc. - Common Stock",Stock,True,2026-05-08,,,bec732b022f429c3a7f5
KSCP,NASDAQ,"Knightscope, Inc. - Class A Common Stock",Stock,True,2026-05-08,,,7f4403fa3fef2050ef49
KSPI,NASDAQ,Joint Stock Company Kaspi.kz - American Depository Shares,Stock,True,2026-05-08,,,95c055ea3a6ca127bc97
KTCC,NASDAQ,Key Tronic Corporation - Common Stock,Stock,True,2026-05-08,,,742f7682743f1ebb6a4e
KTOS,NASDAQ,"Kratos Defense & Security Solutions, Inc. - Common Stock",Stock,True,2026-05-08,,,279e64b42b954fa5bb33
KTTA,NASDAQ,Pasithea Therapeutics Corp. - Common Stock,Stock,True,2026-05-08,,,d2992b48251e34a468f5
KTTAW,NASDAQ,Pasithea Therapeutics Corp. - Warrant,Stock,True,2026-05-08,,,1fe0ddba6fcf82cf9268
KTWO,NASDAQ,K2 Capital Acquisition Corporation - Class A Ordinary Share,Stock,True,2026-05-08,,,ecf04eff252a551e9f2d
KTWOR,NASDAQ,K2 Capital Acquisition Corporation - Rights,Stock,True,2026-05-08,,,78146bebe2266dd46b68
KTWOU,NASDAQ,K2 Capital Acquisition Corporation - Units,Stock,True,2026-05-08,,,4fb37045199ddf7cba12
KURA,NASDAQ,"Kura Oncology, Inc. - Common Stock",Stock,True,2026-05-08,,,f3c3d42c82d46535fa72
KUST,NASDAQ,"Kustom Entertainment, Inc. - Common Stock",Stock,True,2026-05-08,,,f0aba35e1ce37ba18cca
KVAC,NASDAQ,Keen Vision Acquisition Corporation - Ordinary Shares,Stock,True,2026-05-08,,,74144bf9e3dbf1bc770d
KVACU,NASDAQ,Keen Vision Acquisition Corporation - Units,Stock,True,2026-05-08,,,69abebb9ee9a53bbf50e
KVACW,NASDAQ,Keen Vision Acquisition Corporation - Warrant,Stock,True,2026-05-08,,,a24a887fa21bde8a446a
KVHI,NASDAQ,"KVH Industries, Inc. - Common Stock",Stock,True,2026-05-08,,,71322cdc18cce4b3a2b0
KWM,NASDAQ,"K Wave Media, Ltd. - Ordinary Shares",Stock,True,2026-05-08,,,4bfc777e421459841219
KWMWW,NASDAQ,"K Wave Media, Ltd. - Warrant",Stock,True,2026-05-08,,,e54e9b901a1d60a96919
KXIN,NASDAQ,Kaixin Holdings - Ordinary Shares,Stock,True,2026-05-08,,,ceb4eb163d53de3eef68
KYIV,NASDAQ,Kyivstar Group Ltd. - Common Shares,Stock,True,2026-05-08,,,e1c7b3b101524787af5e
KYIVW,NASDAQ,Kyivstar Group Ltd. - Warrant,Stock,True,2026-05-08,,,840dd4d1a778e0e8e8b2
KYMR,NASDAQ,"Kymera Therapeutics, Inc. - Common Stock",Stock,True,2026-05-08,,,437e82af8f3f6bcc69fa
KYNB,NASDAQ,"Kyntra Bio, Inc. - Common Stock",Stock,True,2026-05-08,,,07f88082f139043a237a
KYTX,NASDAQ,"Kyverna Therapeutics, Inc. - Common Stock",Stock,True,2026-05-08,,,21b240a2f7540c9a0de9
KZIA,NASDAQ,Kazia Therapeutics Limited - American Depositary Shares,Stock,True,2026-05-08,,,9b15f9dae70266d3697c
KZR,NASDAQ,"Kezar Life Sciences, Inc. - Common Stock",Stock,False,2026-05-08,2026-05-12,Missing from current NASDAQ source snapshot; reason unavailable,6d2ff68e890d0d23efa9
LAB,NASDAQ,Standard BioTools Inc. - Common Stock,Stock,True,2026-05-08,,,25934205d577e29c1abe
LABT,NASDAQ,Lakewood-Amedex Biotherapeutics Inc. - Common Stock,Stock,True,2026-05-08,,,769b2b5173c00afc3581
LACG,NASDAQ,Leverage Shares 2X Long LAC Daily ETF,ETF,True,2026-05-08,,,bbbc7f0ddf2129e9915d
LAES,NASDAQ,SEALSQ Corp - Ordinary Shares,Stock,True,2026-05-08,,,a1232442e77d3170e730
LAFA,NASDAQ,LaFayette Acquisition Corp. - Ordinary Share,Stock,True,2026-05-08,,,aea2783b19f0267fd729
LAFAR,NASDAQ,LaFayette Acquisition Corp. - Rights,Stock,True,2026-05-08,,,8c9331a93c42ca309e3f
LAFAU,NASDAQ,LaFayette Acquisition Corp. - Unit,Stock,True,2026-05-08,,,5399196caa51518259d2
LAKE,NASDAQ,"Lakeland Industries, Inc. - Common Stock",Stock,True,2026-05-08,,,fb759bdb0e1f6e1300ea
LAMR,NASDAQ,Lamar Advertising Company - Class A Common Stock,Stock,True,2026-05-08,,,18298773a3c2ffa80339
LAND,NASDAQ,Gladstone Land Corporation - Common Stock,Stock,True,2026-05-08,,,aefce74bded3db436c53
LANDO,NASDAQ,Gladstone Land Corporation - 6.00% Series B Cumulative Redeemable Preferred Stock,Stock,True,2026-05-08,,,d54f7d5cbc45fcc103f6
LANDP,NASDAQ,Gladstone Land Corporation - 6.00% Series C Cumulative Redeemable Preferred Stock,Stock,True,2026-05-08,,,d35153e46485dbddb807
LARK,NASDAQ,Landmark Bancorp Inc. - Common Stock,Stock,True,2026-05-08,,,dc7bd110a1721f262efb
LASE,NASDAQ,Laser Photonics Corporation - Common Stock,Stock,True,2026-05-08,,,6fd22a99fff947d7593d
LASR,NASDAQ,"nLIGHT, Inc. - Common Stock",Stock,True,2026-05-08,,,4fbd4765dadeda2086ab
LATA,NASDAQ,Galata Acquisition Corp. II - Class A Ordinary Shares,Stock,True,2026-05-08,,,fd74211dec207f2b44e3
LATAU,NASDAQ,Galata Acquisition Corp. II - Units,Stock,True,2026-05-08,,,100a772eae4721a20b15
LATAW,NASDAQ,Galata Acquisition Corp. II - Warrant,Stock,True,2026-05-08,,,d0b150efd2b71e979316
LAUR,NASDAQ,"Laureate Education, Inc. - Common Stock",Stock,True,2026-05-08,,,f164011ced278001972d
LAWR,NASDAQ,"Robot Consulting Co., Ltd. - ADS",Stock,True,2026-05-08,,,5625da8dd7ff1bf284d6
LBGJ,NASDAQ,Li Bang International Corporation Inc. - Class A Ordinary Shares,Stock,True,2026-05-08,,,a5b0a5d972138450274d
LBRDA,NASDAQ,Liberty Broadband Corporation - Class A Common Stock,Stock,True,2026-05-08,,,2952db5227e8c7000604
LBRDK,NASDAQ,Liberty Broadband Corporation - Class C Common Stock,Stock,True,2026-05-08,,,2f4c41502f37504cc0b7
LBRDP,NASDAQ,Liberty Broadband Corporation - Series A Cumulative Redeemable Preferred Stock,Stock,True,2026-05-08,,,a69affb3b4392f180ce3
LBRX,NASDAQ,LB Pharmaceuticals Inc - Common Stock,Stock,True,2026-05-08,,,e0640aa821cd83569568
LBTYA,NASDAQ,Liberty Global Ltd. - Class A Common Shares,Stock,True,2026-05-08,,,638977975a1ef2c93786
LBTYB,NASDAQ,Liberty Global Ltd. - Class B Common Shares,Stock,True,2026-05-08,,,4d5afed70e199a62ba50
LBTYK,NASDAQ,Liberty Global Ltd. - Class C Common Shares,Stock,True,2026-05-08,,,c34b294fd74557bba542
LCCC,NASDAQ,Lakeshore Acquisition III Corp. - Ordinary Shares,Stock,True,2026-05-08,,,a8f0bfa497e911e73035
LCCCR,NASDAQ,Lakeshore Acquisition III Corp. - Rights,Stock,True,2026-05-08,,,7f076a02fd57bce4dfdc
LCCCU,NASDAQ,Lakeshore Acquisition III Corp. - Unit,Stock,True,2026-05-08,,,bfa5d0c360753c0bdd2e
LCDL,NASDAQ,GraniteShares 2x Long LCID Daily ETF,ETF,False,2026-05-08,2026-07-16,Missing from current NASDAQ source snapshot; reason unavailable,351a40d42df52c710eea
LCDS,NASDAQ,JPMorgan Fundamental Data Science Large Core ETF,ETF,True,2026-05-08,,,0ac09dd68465f2fcf920
LCFY,NASDAQ,Locafy Limited - Ordinary Share,Stock,True,2026-05-08,,,a5a59c4222abaec0646e
LCFYW,NASDAQ,Locafy Limited - Warrant,Stock,True,2026-05-08,,,92d87515eb212ee0981d
LCID,NASDAQ,"Lucid Group, Inc. - Common Stock",Stock,True,2026-05-08,,,a4098ef45020dcc2b903
LCNB,NASDAQ,LCNB Corporation - Common Stock,Stock,True,2026-05-08,,,8a3495aa0cd8a52d743a
LCUT,NASDAQ,"Lifetime Brands, Inc. - Common Stock",Stock,True,2026-05-08,,,376125d02ed41de1fe67
LDEM,NASDAQ,iShares ESG MSCI EM Leaders ETF,ETF,True,2026-05-08,,,5a412201a7602d5089a3
LDRX,NASDAQ,SGI Enhanced Market Leaders ETF,ETF,True,2026-05-08,,,088d5cc188840d56e74a
LDSF,NASDAQ,First Trust Low Duration Strategic Focus ETF,ETF,True,2026-05-08,,,7c31d470c1d9f68235f9
LE,NASDAQ,"Lands' End, Inc. - Common Stock",Stock,True,2026-05-08,,,3e94db048a1922bd194d
LECO,NASDAQ,"Lincoln Electric Holdings, Inc. - Common Shares",Stock,True,2026-05-08,,,f0a1a4f0adc212b2fe97
LEDS,NASDAQ,SemiLEDS Corporation - Common Stock,Stock,True,2026-05-08,,,6406bd07ac64e817a118
LEE,NASDAQ,"Lee Enterprises, Incorporated - Common Stock",Stock,True,2026-05-08,,,bdaa16a2f2c0c5869c76
LEGH,NASDAQ,Legacy Housing Corporation - Common Stock,Stock,True,2026-05-08,,,814837eb2ee3ae6c6331
LEGN,NASDAQ,Legend Biotech Corporation - American Depositary Shares,Stock,True,2026-05-08,,,46393b382ff6ac54faae
LEGR,NASDAQ,First Trust Indxx Innovative Transaction & Process ETF,ETF,True,2026-05-08,,,9592b5148ebc69cecfb9
LEND,NASDAQ,SEI High Yield Bond & Alternative Credit ETF,ETF,True,2026-05-18,,,8bf2639480082b6dc839
LENZ,NASDAQ,"LENZ Therapeutics, Inc. - Common Stock",Stock,True,2026-05-08,,,2fdb00fb2017097f1ac5
LESL,NASDAQ,"Leslie's, Inc. - Common Stock",Stock,True,2026-05-08,,,e79eb0f2a034d32cc379
LEXI,NASDAQ,Alexis Practical Tactical ETF,ETF,True,2026-05-08,,,0f88da859cb75218b23c
LEXX,NASDAQ,Lexaria Bioscience Corp. - Common Stock,Stock,True,2026-05-08,,,8a42ea7ddc32b1c6e5ca
LFAC,NASDAQ,Leapfrog Acquisition Corporation - Class A Ordinary Shares,Stock,True,2026-05-08,,,e6d02320de0378b7f9cd
LFACU,NASDAQ,Leapfrog Acquisition Corporation - Units,Stock,True,2026-05-08,,,fcb9e7e74f4c6b11ef4f
LFACW,NASDAQ,Leapfrog Acquisition Corporation - Warrants,Stock,True,2026-05-08,,,e3781fa89276721bc769
LFCR,NASDAQ,"Lifecore Biomedical, Inc. - Common Stock",Stock,True,2026-05-08,,,84caf50eb0a4c4ccb7db
LFMD,NASDAQ,"LifeMD, Inc. - Common Stock",Stock,True,2026-05-08,,,c0a21f38b31b1d38a3ab
LFMDP,NASDAQ,"LifeMD, Inc. - 8.875% Series A Cumulative Perpetual Preferred Stock",Stock,True,2026-05-08,,,bc8a967facbd71795911
LFS,NASDAQ,"LEIFRAS Co., Ltd. - American Depositary Shares",Stock,True,2026-05-08,,,18ceb8e3aaea7140c946
LFSC,NASDAQ,F/m Emerald Life Sciences Innovation ETF,ETF,True,2026-05-08,,,a9adc2b04f51a649cf34
LFST,NASDAQ,"LifeStance Health Group, Inc. - Common Stock",Stock,True,2026-05-08,,,0f2e48448a4b38ef8d27
LFTO,NASDAQ,"Liftoff Mobile, Inc. - Common Stock",Stock,True,2026-06-04,,,eaac38c8601e803647c8
LFUS,NASDAQ,"Littelfuse, Inc. - Common Stock",Stock,True,2026-05-08,,,8fd676cde442b7c8695b
LFVN,NASDAQ,Lifevantage Corporation - Common Stock,Stock,True,2026-05-08,,,b8c9128f5308f1156cf0
LFWD,NASDAQ,Lifeward Ltd. - Ordinary Shares,Stock,True,2026-05-08,,,73cb2e433570b007e140
LGCB,NASDAQ,Linkage Global Inc - Class A Ordinary Shares,Stock,False,2026-05-08,2026-05-18,Missing from current NASDAQ source snapshot; reason unavailable,627b3794d2e8a7eaab50
LGCF,NASDAQ,Themes US Cash Flow Champions ETF,ETF,True,2026-05-08,,,178f2607f3c522719319
LGCL,NASDAQ,Lucas GC Limited - Class A Ordinary Shares,Stock,True,2026-05-08,,,de33c3aabf673a8d56d7
LGDS,NASDAQ,JPMorgan Fundamental Data Science Large Growth ETF,ETF,True,2026-07-13,,,09fba342d6b1dc71674c
LGHL,NASDAQ,Lion Group Holding Ltd. - American Depositary Share,Stock,True,2026-05-08,,,2eb971a9b879e398e0a1
LGIH,NASDAQ,"LGI Homes, Inc. - Common Stock",Stock,True,2026-05-08,,,a5898ffae2681d4ec2c4
LGN,NASDAQ,Legence Corp. - Class A Common stock,Stock,True,2026-05-08,,,d404b3fc8d94814ae844
LGND,NASDAQ,Ligand Pharmaceuticals Incorporated - Common Stock,Stock,True,2026-05-08,,,2d744f8d2f6e02f4fcdf
LGO,NASDAQ,Largo Inc. - Common Shares,Stock,True,2026-05-08,,,5f8375c9487a35f13bf1
LGRO,NASDAQ,Level Four Large Cap Growth Active ETF,ETF,True,2026-05-08,,,5d09424fd2587cbb3d63
LGVN,NASDAQ,Longeveron Inc. - Class A Common stock,Stock,True,2026-05-08,,,c0c5e588ef40cd52dd4c
LHAI,NASDAQ,Linkhome Holdings Inc. - Common stock,Stock,True,2026-05-08,,,91a814d2982b5ddd1cc6
LHSW,NASDAQ,Lianhe Sowell International Group Ltd - Class A Ordinary Shares,Stock,True,2026-05-08,,,ea66b09bcb90b08ae1db
LI,NASDAQ,Li Auto Inc. - American Depositary Shares,Stock,True,2026-05-08,,,ba54b60d87c83ab29b28
LICN,NASDAQ,Lichen International Limited - Class A Ordinary Shares,Stock,True,2026-05-08,,,6fbdc82bf707b1a9de29
LIDR,NASDAQ,"AEye, Inc. - Class A Common Stock",Stock,True,2026-05-08,,,807f225cb7315e15186c
LIDRW,NASDAQ,"AEye, Inc. - Warrant",Stock,True,2026-05-08,,,89fab886cdb9fa54da68
LIEN,NASDAQ,"Chicago Atlantic BDC, Inc. - Common Stock",Stock,True,2026-05-08,,,a1ad8615b43dc56ae975
LIF,NASDAQ,"Life360, Inc. - Common Stock",Stock,True,2026-05-08,,,16e5fe40725f6dfd433b
LIFE,NASDAQ,Ethos Technologies Inc. - Class A Common Stock,Stock,True,2026-05-08,,,924323cfeca807a5df8c
LILA,NASDAQ,Liberty Latin America Ltd. - Class A Common Stock,Stock,True,2026-05-08,,,9ab0b5840a2e447f6a0f
LILAK,NASDAQ,Liberty Latin America Ltd. - Class C Common Stock,Stock,True,2026-05-08,,,1d80e2dcc766b1bd21ef
LILAP,NASDAQ,Liberty Latin America Ltd. - 9.0% Fixed Rate Cumulative Perpetual Redeemable Series A Preference Shares,Stock,True,2026-06-17,,,da2783c5c8840f621b18
LILAV,NASDAQ,Liberty Latin America Ltd - Class A Common Stock Ex-Distribution When Issued,Stock,False,2026-06-01,2026-06-08,Listing metadata changed,e98ad6504d9a0f2399d7
LILAV,NASDAQ,Liberty Latin America Ltd. - Class A Common Stock Ex-Distribution When Issued,Stock,False,2026-06-08,2026-06-17,Missing from current NASDAQ source snapshot; reason unavailable,3b653e4f623fe51b7b45
LILKV,NASDAQ,Liberty Latin America Ltd - Class C Common Stock Ex-Distribution When Issued,Stock,False,2026-06-01,2026-06-08,Listing metadata changed,44ab7eba2f07888f3aae
LILKV,NASDAQ,Liberty Latin America Ltd. - Class C Common Stock Ex-Distribution When Issued,Stock,False,2026-06-08,2026-06-17,Missing from current NASDAQ source snapshot; reason unavailable,8d3b63850f2100c9b5e2
LILPV,NASDAQ,Liberty Latin America Ltd. - 9.0% Fixed Rate Cumulative Perpetual Redeemable Series A Preference Shares,Stock,False,2026-06-01,2026-06-17,Missing from current NASDAQ source snapshot; reason unavailable,da2783c5c8840f621b18
LIME,NASDAQ,"Neutron Holdings, Inc. - Common Stock",Stock,True,2026-07-01,,,7cb40b6675d3bf5dfb76
LIMN,NASDAQ,"Liminatus Pharma, Inc. - Class A Common Stock",Stock,True,2026-05-08,,,a23ab54b61e218dc2ff4
LIMNW,NASDAQ,"Liminatus Pharma, Inc. - Warrants",Stock,True,2026-05-08,,,5bb81d83eca8b60098e2
LIN,NASDAQ,Linde plc - Ordinary Shares,Stock,True,2026-05-08,,,64823da1497a75e2df49
LINC,NASDAQ,Lincoln Educational Services Corporation - Common Stock,Stock,True,2026-05-08,,,1e1ed7dfa9d7bd0a8b5a
LIND,NASDAQ,Lindblad Expeditions Holdings Inc. - Common Stock,Stock,True,2026-05-08,,,5f729122ec9c0cf11576
LINE,NASDAQ,"Lineage, Inc. - Common Stock",Stock,True,2026-05-08,,,09f518a0ab9a2950cc52
LINK,NASDAQ,"Interlink Electronics, Inc. - Common Stock",Stock,True,2026-05-08,,,f472f2f73402bbc5f6a2
LINT,NASDAQ,Direxion Daily INTC Bull 2X ETF,ETF,True,2026-05-08,,,ec1c9c5f9f4abe409728
LIQT,NASDAQ,"LiqTech International, Inc. - Common Stock",Stock,True,2026-05-08,,,5e27443b26d4a3beb7be
LITE,NASDAQ,Lumentum Holdings Inc. - Common Stock,Stock,True,2026-05-08,,,d3cf1cb968ec12722f85
LITP,NASDAQ,Sprott Lithium Miners ETF,ETF,True,2026-05-08,,,b55fd396345f48e2b98b
LITS,NASDAQ,"Lite Strategy, Inc. - Common Stock",Stock,True,2026-05-08,,,4a28e82dcdb944e7b707
LIVE,NASDAQ,Live Ventures Incorporated - Common Stock,Stock,True,2026-05-08,,,364b8ee548f0c2ec8cb0
LIVN,NASDAQ,LivaNova PLC - Ordinary Shares,Stock,True,2026-05-08,,,50388398e147f5eca8e2
LIXT,NASDAQ,"Lixte Biotechnology Holdings, Inc. - Common Stock",Stock,False,2026-05-08,2026-07-06,Other delisting reason: Details unavailable (source: FMP Delisted API),06f700d6db1cd29cc319
LKFN,NASDAQ,Lakeland Financial Corporation - Common Stock,Stock,True,2026-05-08,,,ad24d25dc2f752a037dd
LKFT,NASDAQ,Lakefront Biotherapeutics - American Depositary Shares,Stock,True,2026-05-08,,,59ac29f41467ec877061
LKQ,NASDAQ,LKQ Corporation - Common Stock,Stock,True,2026-05-08,,,12ba7da491a3ee3f3886
LKSP,NASDAQ,Lake Superior Acquisition Corp. - Class A Ordinary Shares,Stock,True,2026-05-08,,,4eb1c6d734ac21f12d98
LKSPR,NASDAQ,Lake Superior Acquisition Corp. - Rights,Stock,True,2026-05-08,,,8d38ce37e74f497a5476
LKSPU,NASDAQ,Lake Superior Acquisition Corp. - Units,Stock,True,2026-05-08,,,51d2dec79125e60011b2
LLYVA,NASDAQ,"Liberty Live Holdings, Inc. - Series A Liberty Live Group Common Stock",Stock,True,2026-05-08,,,b3dea425d355561c614c
LLYVK,NASDAQ,"Liberty Live Holdings, Inc. - Series C Liberty Live Group Common Stock",Stock,True,2026-05-08,,,ec681c86c3af93d832e9
LMAT,NASDAQ,"LeMaitre Vascular, Inc. - Common Stock",Stock,True,2026-05-08,,,713595790452c60e6636
LMB,NASDAQ,"Limbach Holdings, Inc. - Common Stock",Stock,True,2026-05-08,,,8eaa585beefa1d26cd01
LMBS,NASDAQ,First Trust Low Duration Opportunities ETF,ETF,True,2026-05-08,,,02154005a9ccf56e2262
LMFA,NASDAQ,"LM Funding America, Inc. - Common Stock",Stock,False,2026-05-08,2026-07-22,Missing from current NASDAQ source snapshot; reason unavailable,976ebf76d9f947c41203
LMNR,NASDAQ,Limoneira Co - Common Stock,Stock,True,2026-05-08,,,1d2ecb312526bffaedc5
LMNX,NASDAQ,Defiance Daily Target 2x Long LMND ETF,ETF,True,2026-05-08,,,9fd5dbad5cde250c1050
LMRI,NASDAQ,"Lumexa Imaging Holdings, Inc. - Common Stock",Stock,True,2026-05-08,,,19a493877dc620dbe0ab
LMTL,NASDAQ,Direxion Daily LMT Bull 2X ETF,ETF,True,2026-05-08,,,3ab1bca9142c33c23b17
LNAI,NASDAQ,Lunai Bioworks Inc. - Common Stock,Stock,True,2026-05-08,,,4eeec230fbe1a2ef4b98
LNKS,NASDAQ,Linkers Industries Limited - Class A Ordinary Shares,Stock,True,2026-05-08,,,79ea8da2350ff9fd7fc0
LNSR,NASDAQ,"LENSAR, Inc. - Common Stock",Stock,True,2026-05-08,,,a0d77b6bdaf7c753059a
LNT,NASDAQ,Alliant Energy Corporation - Common Stock,Stock,True,2026-05-08,,,3f05eaf1a04bfee7bbfe
LNTH,NASDAQ,"Lantheus Holdings, Inc. - Common Stock",Stock,True,2026-05-08,,,0a3d64e78c184f6bc5a0
LNZA,NASDAQ,"LanzaTech Global, Inc. - Common Stock",Stock,True,2026-05-08,,,58e43eb6f44aa0e4d822
LNZAW,NASDAQ,"LanzaTech Global, Inc. - Warrant",Stock,True,2026-05-08,,,beea0e30411786b681a1
LOAN,NASDAQ,"Manhattan Bridge Capital, Inc - Common Stock",Stock,True,2026-05-08,,,06bf243aef2cd9b0f58e
LOBO,NASDAQ,LOBO TECHNOLOGIES LTD. - Class A Ordinary Shares,Stock,True,2026-05-08,,,239e40740ca551f47c86
LOCO,NASDAQ,"El Pollo Loco Holdings, Inc. - Common Stock",Stock,True,2026-05-08,,,688b138c5e0d17c147b5
LOGI,NASDAQ,Logitech International S.A. - Registered Shares,Stock,True,2026-05-08,,,b22b2e5b3ff4b10b901d
LOGO,NASDAQ,Alpha Brands Consumption Leaders ETF,ETF,True,2026-05-08,,,20e37ac396e9f3172b7f
LOKV,NASDAQ,Live Oak Acquisition Corp. V - Class A Ordinary Shares,Stock,False,2026-05-08,2026-06-23,Missing from current NASDAQ source snapshot; reason unavailable,902195e9443611d4c1a6
LOKVU,NASDAQ,Live Oak Acquisition Corp. V - Units,Stock,False,2026-05-08,2026-06-23,Missing from current NASDAQ source snapshot; reason unavailable,8a407724d67cf9a506c8
LOKVW,NASDAQ,Live Oak Acquisition Corp. V - Warrants,Stock,False,2026-05-08,2026-06-23,Missing from current NASDAQ source snapshot; reason unavailable,a6af06df41940260adda
LONA,NASDAQ,"LeonaBio, Inc. - Common Stock",Stock,True,2026-05-08,,,4d6e9f7e5e3e4bd71748
LOOP,NASDAQ,"Loop Industries, Inc. - Common Stock",Stock,True,2026-05-08,,,cec9e4027149d8600ff7
LOPE,NASDAQ,"Grand Canyon Education, Inc. - Common Stock",Stock,True,2026-05-08,,,990cc08471f4647f8e77
LOT,NASDAQ,Lotus Technology Inc. - American Depositary Shares,Stock,True,2026-05-08,,,cb387d9df5884f584354
LOTI,NASDAQ,Liberty One Tactical Income ETF,ETF,True,2026-05-08,,,ce472ede53ad4fb5e71c
LOTWW,NASDAQ,Lotus Technology Inc. - Warrants,Stock,True,2026-05-08,,,4438c11a30380b79d4f8
LOVE,NASDAQ,The Lovesac Company - Common Stock,Stock,True,2026-05-08,,,9a7dac7ed6d6b26329d9
LPAA,NASDAQ,Launch One Acquisition Corp. - Class A Ordinary Shares,Stock,True,2026-05-08,,,79bcc75e066b570df8ea
LPAAU,NASDAQ,Launch One Acquisition Corp. - Unit,Stock,True,2026-05-08,,,f769758493d4b98e2f10
LPAAW,NASDAQ,Launch One Acquisition Corp. - Warrant,Stock,True,2026-05-08,,,0c90294a3dcbfa013a2f
LPBB,NASDAQ,Launch Two Acquisition Corp. - Class A Ordinary Shares,Stock,True,2026-05-08,,,7890834cc22be9d8db90
LPBBU,NASDAQ,Launch Two Acquisition Corp. - Unit,Stock,True,2026-05-08,,,c9c99fb8b086e0e7dbcb
LPBBW,NASDAQ,Launch Two Acquisition Corp. - Warrant,Stock,True,2026-05-08,,,891f48c2d27d2baa5cef
LPCN,NASDAQ,Lipocine Inc. - Common Stock,Stock,True,2026-05-08,,,3835651792a84c55d129
LPCV,NASDAQ,Launchpad Cadenza Acquisition Corp I - Class A Ordinary Share,Stock,True,2026-05-08,,,008b8d30ff1a2eca3551
LPCVU,NASDAQ,Launchpad Cadenza Acquisition Corp I - Unit,Stock,True,2026-05-08,,,615e677461a8cfe37a00
LPCVW,NASDAQ,Launchpad Cadenza Acquisition Corp I - Warrant,Stock,True,2026-05-08,,,2b0753328c2554a22e7b
LPLA,NASDAQ,LPL Financial Holdings Inc. - Common Stock,Stock,True,2026-05-08,,,5b3b9e44359bcbbc9ed5
LPRO,NASDAQ,Open Lending Corporation - Common Stock,Stock,True,2026-05-08,,,7e7b1f705f767a2215f6
LPSN,NASDAQ,"LivePerson, Inc. - Common Stock",Stock,True,2026-05-08,,,0026455f7fdd805a82fb
LPTH,NASDAQ,"LightPath Technologies, Inc. - Class A Common Stock",Stock,True,2026-05-08,,,a7b881b78d6b8d40f872
LQ,NASDAQ,Simplify Tax Aware Alternatives ETF,ETF,True,2026-05-08,,,cda25d49c841d3af9e77
LQDA,NASDAQ,Liquidia Corporation - Common Stock,Stock,True,2026-05-08,,,c06ba592f422e5166759
LQDT,NASDAQ,"Liquidity Services, Inc. - Common Stock",Stock,True,2026-05-08,,,beedeae6de55a1388067
LRCX,NASDAQ,Lam Research Corporation - Common Stock,Stock,True,2026-05-08,,,d33bdfb4c9d9aa6e3389
LRE,NASDAQ,"Lead Real Estate Co., Ltd - American Depositary Shares",Stock,True,2026-05-08,,,f20af661688061bcbe1b
LRGE,NASDAQ,ClearBridge Large Cap Growth Select ETF,ETF,True,2026-05-08,,,5657144aad56bdbdc360
LRHC,NASDAQ,La Rosa Holdings Corp. - Common Stock,Stock,True,2026-05-08,,,a3edcc6fa93a63c59dd5
LRMR,NASDAQ,"Larimar Therapeutics, Inc. - Common Stock",Stock,True,2026-05-08,,,5914f581a72606434cd1
LRND,NASDAQ,NYLI U.S. Large Cap R&D Leaders ETF,ETF,True,2026-05-08,,,30ca6f53344f8c0035f8
LSAK,NASDAQ,"Lesaka Technologies, Inc. - Common Stock",Stock,True,2026-05-08,,,5e9e04a49bf0795e0be6
LSBK,NASDAQ,"Lake Shore Bancorp, Inc. - Common Stock",Stock,True,2026-05-08,,,97aa1437ea9abda14a8c
LSCC,NASDAQ,Lattice Semiconductor Corporation - Common Stock,Stock,True,2026-05-08,,,d480423f55c7bc8a5d70
LSE,NASDAQ,"Leishen Energy Holding Co., Ltd. - Class A Ordinary Shares",Stock,True,2026-05-08,,,dc7c6b920b444074aeea
LSH,NASDAQ,Lakeside Holding Limited - Common Stock,Stock,True,2026-05-08,,,6dbf0a6be50230a0460e
LSTA,NASDAQ,"Lisata Therapeutics, Inc. - Common Stock",Stock,True,2026-05-08,,,d8d5fbd069b1efdb4e72
LSTR,NASDAQ,"Landstar System, Inc. - Common Stock",Stock,True,2026-05-08,,,fb6ec514aecf2cdcdc13
LTBR,NASDAQ,Lightbridge Corporation - Common Stock,Stock,True,2026-05-08,,,9524e8e95c21187aea7a
LTCC,NASDAQ,Canary Litecoin ETF,ETF,True,2026-05-08,,,fc4503573f5049e83154
LTGRU,NASDAQ,Long Table Growth Corp. - Units,Stock,True,2026-06-04,,,4666bdf15610187d8cae
LTRN,NASDAQ,Lantern Pharma Inc. - Common Stock,Stock,True,2026-05-08,,,94a15dd587feb5f16703
LTRX,NASDAQ,"Lantronix, Inc. - Common Stock",Stock,True,2026-05-08,,,73434b1592b380047bfe
LTRYW,NASDAQ,Sports Entertainment Gaming Global Corporation - Warrant,Stock,True,2026-05-08,,,cb2171d80620ecc57d1e
LUCD,NASDAQ,Lucid Diagnostics Inc. - Common Stock,Stock,True,2026-05-08,,,cc77058b1bc1476eac1c
LUCY,NASDAQ,"Innovative Eyewear, Inc. - Common Stock",Stock,True,2026-05-08,,,90055143c3a8f0e47be0
LUCYW,NASDAQ,"Innovative Eyewear, Inc. - Warrants",Stock,True,2026-05-08,,,3ec4492b9864756b08a7
LULG,NASDAQ,Leverage Shares 2X Long LULU Daily ETF,ETF,True,2026-05-08,,,ffeb1d526702e3db4597
LULU,NASDAQ,lululemon athletica inc. - Common Stock,Stock,True,2026-05-08,,,3f59fe4a39a9a853984f
LUNG,NASDAQ,Pulmonx Corporation - Common Stock,Stock,True,2026-05-08,,,25efe8ec82829bd955e3
LUNR,NASDAQ,"Intuitive Machines, Inc. - Class A Common Stock",Stock,True,2026-05-08,,,de5c12ed6fe65c4f9dbd
LVDS,NASDAQ,JPMorgan Fundamental Data Science Large Value ETF,ETF,True,2026-05-08,,,0ad10ef099a0bea75eaf
LVHD,NASDAQ,Franklin U.S. Low Volatility High Dividend Index ETF,ETF,True,2026-05-08,,,8df9c77064e6d64c0b0c
LVIG,NASDAQ,Longview Advantage Fixed Income ETF,ETF,True,2026-05-08,,,c4a02b0b35b7dcceaaaa
LVLU,NASDAQ,"Lulu's Fashion Lounge Holdings, Inc. - Common Stock",Stock,True,2026-05-08,,,28af659ba53f8748382f
LVO,NASDAQ,"LiveOne, Inc. - Common Stock",Stock,True,2026-05-08,,,b83eb84a7cb7170b6966
LWAC,NASDAQ,LightWave Acquisition Corp. - Class A Ordinary Shares,Stock,True,2026-05-08,,,c0ac281a4bd1fcf78649
LWACU,NASDAQ,LightWave Acquisition Corp. - Units,Stock,True,2026-05-08,,,61fc7da9f777993b191c
LWACW,NASDAQ,LightWave Acquisition Corp. - Warrants,Stock,True,2026-05-08,,,2e8409291a9f5729bdb0
LWAY,NASDAQ,"Lifeway Foods, Inc. - Common Stock",Stock,True,2026-05-08,,,b35c5b196c8161130b57
LWLG,NASDAQ,"Lightwave Logic, Inc. - Common Stock",Stock,True,2026-05-08,,,7a09f46f51cc2be9a8f9
LX,NASDAQ,LexinFintech Holdings Ltd. - American Depositary Shares,Stock,True,2026-05-08,,,c35d0f3414819c76192c
LXEH,NASDAQ,"Lixiang Education Holding Co., Ltd. - American Depositary Shares",Stock,True,2026-05-08,,,14abd7e8301c8223f4aa
LXEO,NASDAQ,"Lexeo Therapeutics, Inc. - Common Stock",Stock,True,2026-05-08,,,ab0b0f47021875406e76
LXRX,NASDAQ,"Lexicon Pharmaceuticals, Inc. - Common Stock",Stock,True,2026-05-08,,,d4aa6ebdd4fc257eb837
LYEL,NASDAQ,"Lyell Immunopharma, Inc. - Common Stock",Stock,True,2026-05-08,,,2a0af6c7536f39d97615
LYFT,NASDAQ,"Lyft, Inc. - Class A Common Stock",Stock,True,2026-05-08,,,ba223c26fa792e2931c7
LYTS,NASDAQ,LSI Industries Inc. - Common Stock,Stock,True,2026-05-08,,,e923eb09d395d3cc30ec
LZ,NASDAQ,"LegalZoom.com, Inc. - Common Stock",Stock,True,2026-05-08,,,a2695c8ab0e6892d9282
LZMH,NASDAQ,LZ Technology Holdings Limited - Class B Ordinary Shares,Stock,True,2026-05-08,,,ca05bb66edeb0f982578
MAAS,NASDAQ,Maase Inc. - Class A Ordinary Shares,Stock,True,2026-05-08,,,543f6edc36813a1471f8
MAAY,NASDAQ,GraniteShares YieldBOOST MARA ETF,ETF,True,2026-05-08,,,1cadb2f1172dcdccee6d
MACI,NASDAQ,Melar Acquisition Corp. I - Class A Ordinary Shares,Stock,True,2026-05-08,,,926d188af4c495f919b4
MACIU,NASDAQ,Melar Acquisition Corp. I - Unit,Stock,True,2026-05-08,,,3ab7a3106d57ffbb9d86
MACIW,NASDAQ,Melar Acquisition Corp. I - Warrant,Stock,True,2026-05-08,,,be5e7d553737e120005c
MAGH,NASDAQ,Magnitude International Ltd - Ordinary Shares,Stock,True,2026-05-08,,,1d1b06dd9bb374aff567
MAKO,NASDAQ,Mako Mining Corp - Common Stock,Stock,True,2026-05-08,,,5e8c1ec7a0ecd8946200
MAMA,NASDAQ,"Mama's Creations, Inc. - Common Stock",Stock,True,2026-05-08,,,cb6e2fcf961183bfab54
MAMK,NASDAQ,MaxsMaking Inc. - Class A Ordinary Shares,Stock,True,2026-05-08,,,3aa350aab6b820a83865
MAMO,NASDAQ,Massimo Group - Common Stock,Stock,True,2026-05-08,,,052b0135dc63a9a5ca44
MANH,NASDAQ,"Manhattan Associates, Inc. - Common Stock",Stock,True,2026-05-08,,,45c62e0102b07709c073
MAR,NASDAQ,Marriott International - Class A Common Stock,Stock,True,2026-05-08,,,a23ea087a329b6f9c119
MARA,NASDAQ,"MARA Holdings, Inc. - Common Stock",Stock,True,2026-05-08,,,409de4ad097bb421726a
MARPS,NASDAQ,Marine Petroleum Trust - Units of Beneficial Interest,Stock,True,2026-05-08,,,6f0fc2130c3a322234b6
MASI,NASDAQ,Masimo Corporation - Common Stock,Stock,False,2026-05-08,2026-06-11,Missing from current NASDAQ source snapshot; reason unavailable,8d5c8de907d74fcc1274
MASK,NASDAQ,3 E Network Technology Group Ltd - Class A Ordinary Shares,Stock,True,2026-05-08,,,15bc7d965e996139a9ad
MASS,NASDAQ,908 Devices Inc. - Common Stock,Stock,True,2026-05-08,,,4849b383a96eaefcbedd
MAT,NASDAQ,"Mattel, Inc. - Common Stock",Stock,True,2026-05-08,,,b59898750f48fbb36e87
MATE,NASDAQ,Man Active Trend Enhanced ETF,ETF,True,2026-05-08,,,52c157a9c382770b607a
MATH,NASDAQ,Metalpha Technology Holding Limited - Ordinary Shares,Stock,True,2026-05-08,,,76bc321b59781f188adb
MATW,NASDAQ,Matthews International Corporation - Class A Common Stock,Stock,True,2026-05-08,,,0aedb4e187254f6f47db
MAXI,NASDAQ,Simplify Bitcoin Strategy PLUS Income ETF,ETF,False,2026-05-08,2026-07-15,Listing metadata changed,eed7a722f6205705aeaa
MAXI,NASDAQ,Simplify Bitcoin Strategy ETF,ETF,True,2026-07-15,,,994c07a77a06b2551f18
MAYS,NASDAQ,"J. W. Mays, Inc. - Common Stock",Stock,True,2026-05-08,,,a3eb05016a065d7d3f6b
MAZE,NASDAQ,"Maze Therapeutics, Inc. - Common Stock",Stock,True,2026-05-08,,,d776d0663ac82576f96c
MB,NASDAQ,MasterBeef Group - Ordinary Shares,Stock,True,2026-05-08,,,f2f64e7e523afd0ca70d
MBAI,NASDAQ,Check-Cap Ltd. - Ordinary Share,Stock,True,2026-05-08,,,38289db8fd13b1bfa276
MBAV,NASDAQ,M3-Brigade Acquisition V Corp. - Class A Ordinary shares,Stock,False,2026-05-08,2026-07-23,Missing from current NASDAQ source snapshot; reason unavailable,95158102b4132b9e3446
MBAVU,NASDAQ,M3-Brigade Acquisition V Corp. - Units,Stock,False,2026-05-08,2026-07-23,Missing from current NASDAQ source snapshot; reason unavailable,33df673fc476ac35529e
MBAVW,NASDAQ,M3-Brigade Acquisition V Corp. - Warrant,Stock,False,2026-05-08,2026-07-23,Missing from current NASDAQ source snapshot; reason unavailable,95e70823a61d0e6bcf69
MBB,NASDAQ,iShares MBS ETF,ETF,True,2026-05-08,,,cc9aa861259eb95a347c
MBBC,NASDAQ,"Marathon Bancorp, Inc. - Common Stock",Stock,True,2026-05-08,,,87c5b1b1faf90b7e1491
MBIN,NASDAQ,Merchants Bancorp - Common Stock,Stock,True,2026-05-08,,,ae085792a32990e9242a
MBINL,NASDAQ,"Merchants Bancorp - Depositary Shares, Each Representing a 1/40th Interest in a Share of 7.625% Fixed Rate Series E Non-Cumulative Perpetual Preferred Stock, without par value",Stock,True,2026-05-08,,,6f44d1b432a18390d19b
MBINM,NASDAQ,"Merchants Bancorp - Depositary Shares, Each Representing a 1/40th Interest in a Share of 8.25% Fixed-Rate Reset Series D Non-Cumulative Perpetual Preferred Stock",Stock,True,2026-05-08,,,0bc706063729ea0c173f
MBINN,NASDAQ,Merchants Bancorp - Depositary Shares 6.00% Fixed Rate Series C Non-Cumulative Perpetual Preferred Stock,Stock,True,2026-05-08,,,5ba10f13ed727861618a
MBIO,NASDAQ,"Mustang Bio, Inc. - Common Stock",Stock,True,2026-05-08,,,70a79d9c38e41e848eda
MBLY,NASDAQ,Mobileye Global Inc. - Class A Common Stock,Stock,True,2026-05-08,,,5a5f8caa7a72488b3de4
MBNKO,NASDAQ,"Medallion Bank - Fixed-Rate Reset Non-Cumulative Perpetual Preferred Stock, Series G, par value $1.00 per share",Stock,True,2026-05-08,,,b023c916f384c3ac6277
MBOT,NASDAQ,Microbot Medical Inc. - Common Stock,Stock,True,2026-05-08,,,470e5b294d7e7a56fbd5
MBRX,NASDAQ,"Moleculin Biotech, Inc. - Common Stock",Stock,True,2026-05-08,,,ff4eea464a47eb3ba6fd
MBS,NASDAQ,Angel Oak Mortgage-Backed Securities ETF,ETF,True,2026-05-08,,,d879eba9d10d496cf5be
MBUU,NASDAQ,"Malibu Boats, Inc. - Common Stock",Stock,True,2026-05-08,,,0ae18a0738bfec29a843
MBVI,NASDAQ,M3-Brigade Acquisition VI Corp. - Class A Ordinary Shares,Stock,True,2026-05-08,,,9df4c451742c29eddeca
MBVIU,NASDAQ,M3-Brigade Acquisition VI Corp. - Units,Stock,True,2026-05-08,,,5fafaaca54e0821cfc03
MBVIW,NASDAQ,M3-Brigade Acquisition VI Corp. - Warrant,Stock,True,2026-05-08,,,56d68a5ffcb6aa95b335
MBWM,NASDAQ,Mercantile Bank Corporation - Common Stock,Stock,True,2026-05-08,,,3e9ce9a6d03ff66b4aae
MBX,NASDAQ,"MBX Biosciences, Inc. - Common Stock",Stock,True,2026-05-08,,,4562878b52ba8c127031
MCAH,NASDAQ,Mountain Crest Acquisition 6 Corp. - Ordinary Shares,Stock,True,2026-06-22,,,cef3cd7a74091597b617
MCAHR,NASDAQ,Mountain Crest Acquisition 6 Corp. - Rights,Stock,True,2026-06-22,,,88f4c6e365fe95e8b61d
MCAHU,NASDAQ,Mountain Crest Acquisition 6 Corp. - Units,Stock,True,2026-05-08,,,b9179a5b223d88b28e05
MCBS,NASDAQ,"MetroCity Bankshares, Inc. - Common Stock",Stock,True,2026-05-08,,,8f726784023bbb201c36
MCDS,NASDAQ,JPMorgan Fundamental Data Science Mid Core ETF,ETF,True,2026-05-08,,,ba57a989e072f02624fd
MCFT,NASDAQ,"MasterCraft Boat Holdings, Inc. - Common Stock",Stock,True,2026-05-08,,,962ed87b4ac2493e5a29
MCGA,NASDAQ,Yorkville Acquisition Corp. - Class A Ordinary Share,Stock,True,2026-05-08,,,10921f17638c396ac25c
MCGAU,NASDAQ,Yorkville Acquisition Corp. - Unit,Stock,True,2026-05-08,,,2e78f479e089a274a2a4
MCGAW,NASDAQ,Yorkville Acquisition Corp. - Warrant,Stock,True,2026-05-08,,,1ccb63031512b527bcb9
MCHB,NASDAQ,Mechanics Bancorp - Class A Common Stock,Stock,True,2026-05-08,,,c0d3f42edd3a4181688e
MCHI,NASDAQ,iShares MSCI China ETF,ETF,True,2026-05-08,,,f35518a2a4b643f8e972
MCHP,NASDAQ,Microchip Technology Incorporated - Common Stock,Stock,True,2026-05-08,,,57bb668faee06b010718
MCHPP,NASDAQ,Microchip Technology Incorporated - Depositary Shares Each Representing a 1/20th Interest in a Share of 7.50% Series A Mandatory Convertible Preferred Stock,Stock,True,2026-05-08,,,a48596184460d4861419
MCHS,NASDAQ,Matthews China Innovators Active ETF,ETF,True,2026-05-08,,,971747065ceb3632a81e
MCHX,NASDAQ,"Marchex, Inc. - Class B Common Stock",Stock,True,2026-05-08,,,643658899feb2adb1e92
MCRB,NASDAQ,"Seres Therapeutics, Inc. - Common Stock",Stock,True,2026-05-08,,,f2c64c40de0b1cda7711
MCRI,NASDAQ,"Monarch Casino & Resort, Inc. - Common Stock",Stock,True,2026-05-08,,,01da8e6559acb3700e3e
MCTA,NASDAQ,Charming Medical Limited - Class A Ordinary Shares,Stock,True,2026-05-08,,,31b535ea1b1bb9926f52
MCW,NASDAQ,"Mister Car Wash, Inc. - Common Stock",Stock,False,2026-05-08,2026-05-20,Missing from current NASDAQ source snapshot; reason unavailable,731d9d2d01de23bf4bfd
MDAI,NASDAQ,"Spectral AI, Inc. - Class A Common Stock",Stock,True,2026-05-08,,,b6444d9ff7fcd10b35bc
MDAIW,NASDAQ,"Spectral AI, Inc. - Warrants",Stock,True,2026-05-08,,,489939149b6787943266
MDB,NASDAQ,"MongoDB, Inc. - Class A Common Stock",Stock,True,2026-05-08,,,2ce18bb33bfb5e2bfd23
MDBH,NASDAQ,"MDB Capital Holdings, LLC - Class A common",Stock,True,2026-05-08,,,fb7b21e4eb5055a61925
MDCX,NASDAQ,Medicus Pharma Ltd. - Common Stock,Stock,True,2026-05-08,,,e86efedf8ac96f18a3f4
MDCXW,NASDAQ,Medicus Pharma Ltd. - Warrant,Stock,True,2026-05-08,,,36527d06e793c75a8fb7
MDGL,NASDAQ,"Madrigal Pharmaceuticals, Inc. - Common Stock",Stock,True,2026-05-08,,,6d74566385d32f37fb5d
MDIA,NASDAQ,Mediaco Holding Inc. - Class A Common Stock,Stock,True,2026-05-08,,,cf23f24c3eb8d2e83f36
MDIV,NASDAQ,Multi-Asset Diversified Income Index Fund,ETF,True,2026-05-08,,,edbab53dad036278cff5
MDLN,NASDAQ,Medline Inc. - Class A common stock,Stock,True,2026-05-08,,,6a021d0a4c709a89ce59
MDLZ,NASDAQ,"Mondelez International, Inc. - Class A Common Stock",Stock,True,2026-05-08,,,2a38b8f91b5348cb2a7d
MDRR,NASDAQ,"Medalist Diversified, Inc. - Common Stock",Stock,True,2026-05-08,,,2a027549b0123590ed97
MDWD,NASDAQ,MediWound Ltd. - Ordinary Shares,Stock,True,2026-05-08,,,b90e9074c5dcfc5634a7
MDXG,NASDAQ,"MiMedx Group, Inc - Common Stock",Stock,True,2026-05-08,,,f047883a4d9b5cde6da1
MDXH,NASDAQ,MDxHealth SA - Ordinary Shares,Stock,True,2026-05-08,,,15d2f008428c727aa09c
MEDP,NASDAQ,"Medpace Holdings, Inc. - Common Stock",Stock,True,2026-05-08,,,7620a7016b348a1c3209
MEDS,NASDAQ,"DataMeds AI, Inc. - Common Stock",Stock,True,2026-07-22,,,63a36e420da78cce383d
MEDX,NASDAQ,Horizon Kinetics Medical ETF,ETF,True,2026-05-08,,,463e9d9c565ae31e9937
MEGL,NASDAQ,Magic Empire Global Limited - Class A Ordinary Shares,Stock,True,2026-05-08,,,281d23e2b583fa0eb33f
MEHA,NASDAQ,"Functional Brands, Inc. - Common Stock",Stock,False,2026-05-08,2026-06-16,Missing from current NASDAQ source snapshot; reason unavailable,bcc112579fcc6df2063c
MELI,NASDAQ,"MercadoLibre, Inc. - Common Stock",Stock,True,2026-05-08,,,5565af4d33f65b76718f
MEMA,NASDAQ,Man Active Emerging Markets Alternative ETF,ETF,True,2026-05-08,,,3c5c097cb1b5653990a5
MEMS,NASDAQ,Matthews Emerging Markets Discovery Active ETF,ETF,True,2026-05-08,,,90d4ce153346f96a64d4
MENS,NASDAQ,Jyong Biotech Ltd. - Ordinary shares,Stock,True,2026-05-08,,,6aa305860bce6285a3f1
MEOH,NASDAQ,Methanex Corporation - Common Stock,Stock,True,2026-05-08,,,adc0be1694350a7c4d73
MERC,NASDAQ,Mercer International Inc. - Common Stock,Stock,True,2026-05-08,,,506fe501e46962f5dd84
MESH,NASDAQ,Meshflow Acquisition Corp. - Class A Ordinary Shares,Stock,True,2026-05-08,,,4f3b643dcc6d84287734
MESHU,NASDAQ,Meshflow Acquisition Corp. - Units,Stock,True,2026-05-08,,,bf79ae162b405ec5c9f9
MESHW,NASDAQ,Meshflow Acquisition Corp. - Warrants,Stock,True,2026-05-08,,,294c99816d842af7896d
MESO,NASDAQ,Mesoblast Limited - American Depositary Shares,Stock,True,2026-05-08,,,b98a9972f055688885ae
META,NASDAQ,"Meta Platforms, Inc. - Class A Common Stock",Stock,True,2026-05-08,,,e0abc4f365d8d4f6f3ca
METC,NASDAQ,"Ramaco Resources, Inc. - Class A Common Stock",Stock,True,2026-05-08,,,1d107cf0e72bb9947d65
METCB,NASDAQ,"Ramaco Resources, Inc. - Class B Common Stock",Stock,True,2026-05-08,,,dbe4eba3bb97d27f2a0e
METCI,NASDAQ,"Ramaco Resources, Inc. - 8.250% Senior Notes due 2030",Stock,True,2026-05-08,,,4839e37b6d98c816a129
METCZ,NASDAQ,"Ramaco Resources, Inc. - 8.375% Senior Notes due 2029",Stock,True,2026-05-08,,,b46539d3827b4ce52fcf
METD,NASDAQ,Direxion Daily META Bear 1X ETF,ETF,True,2026-05-08,,,f084103eead3af5bdbe7
METL,NASDAQ,Sprott Active Metals & Miners ETF,ETF,True,2026-05-08,,,7d5c0644c36c3bca3833
METU,NASDAQ,Direxion Daily META Bull 2X ETF,ETF,True,2026-05-08,,,8c2461aa11d02e290da9
MEVO,NASDAQ,M Evo Global Acquisition Corp II - Class A Ordinary Shares,Stock,True,2026-05-08,,,fee1b8ca5d365e4a1dfa
MEVOU,NASDAQ,M Evo Global Acquisition Corp II - Units,Stock,True,2026-05-08,,,e77c356d4816a1c807a6
MEVOW,NASDAQ,M Evo Global Acquisition Corp II - Warrants,Stock,True,2026-05-08,,,7d9b6bf522c242c5424e
MF,NASDAQ,MindForge Inc. - Class A Ordinary Shares,Stock,True,2026-07-20,,,8c3d115207ae4c0b888c
MFI,NASDAQ,mF International Limited - Class A Ordinary Shares,Stock,True,2026-05-08,,,0f84c072b04c41169950
MFIC,NASDAQ,MidCap Financial Investment Corporation - Closed End Fund,Stock,True,2026-05-08,,,378bd6fa6e8a30c7802e
MFICL,NASDAQ,MidCap Financial Investment Corporation - 8.00% Notes due 2028,Stock,True,2026-05-08,,,e8129817d85a1f7b5230
MFIG,NASDAQ,Motley Fool Innovative Growth ETF,ETF,True,2026-05-08,,,18615fe27e74fb3707b1
MFIN,NASDAQ,Medallion Financial Corp. - Common Stock,Stock,True,2026-05-08,,,864b4dc92d728cb5477b
MFLX,NASDAQ,First Trust Flexible Municipal High Income ETF,ETF,True,2026-05-08,,,517c080ee74c06be0e89
MFMO,NASDAQ,Motley Fool Momentum Factor ETF,ETF,True,2026-05-08,,,42b03fc75b51f306c395
MFP,NASDAQ,"Midera Food Processing, Inc. - Common Stock",Stock,True,2026-07-07,,,5f4e61a396ddda8e7a86
MFPVV,NASDAQ,"Midera Food Processing, Inc. - Common Stock When Issued",Stock,False,2026-06-26,2026-07-07,Missing from current NASDAQ source snapshot; reason unavailable,a675a7d9b13341989a16
MFVL,NASDAQ,Motley Fool Value Factor ETF,ETF,True,2026-05-08,,,9066f7bd6492d55aabc7
MGEE,NASDAQ,MGE Energy Inc. - Common Stock,Stock,True,2026-05-08,,,1f62cb180bf9d87b7943
MGIH,NASDAQ,Millennium Group International Holdings Limited - Ordinary Shares,Stock,True,2026-05-08,,,b3270f060778106137f0
MGN,NASDAQ,Megan Holdings Limited - Class A Ordinary Shares,Stock,True,2026-05-08,,,9cbe35ef2faea8fc71f7
MGNI,NASDAQ,"Magnite, Inc. - Common Stock",Stock,True,2026-05-08,,,e2c5adae6c3eeb88b723
MGNX,NASDAQ,"MacroGenics, Inc. - Common Stock",Stock,True,2026-05-08,,,5d21c7d0f5ea660f4c4b
MGPI,NASDAQ,"MGP Ingredients, Inc. - Common Stock",Stock,True,2026-05-08,,,b7848c93bca8211163a7
MGRC,NASDAQ,McGrath RentCorp - Common Stock,Stock,True,2026-05-08,,,29058b20a72348d92c66
MGRT,NASDAQ,Mega Fortune Company Limited - Ordinary Shares,Stock,True,2026-05-08,,,6de4d9a647aa6c956148
MGRX,NASDAQ,"Mangoceuticals, Inc. - Common Stock",Stock,True,2026-05-08,,,544893392f4a9c4d8225
MGTX,NASDAQ,MeiraGTx Holdings plc - Ordinary Shares,Stock,True,2026-05-08,,,5daab830a782fcd5e365
MGX,NASDAQ,"Metagenomi Therapeutics, Inc. - Common Stock",Stock,True,2026-05-08,,,51a281cd982555c583ea
MGYR,NASDAQ,"Magyar Bancorp, Inc. - Common Stock",Stock,True,2026-05-08,,,10113082899e33facc5c
MIACU,NASDAQ,Meridian3 Industrials Acquisition Corp - Units,Stock,True,2026-07-02,,,07a6f297eff4f7870ae4
MIDD,NASDAQ,The Middleby Corporation - Common Stock,Stock,True,2026-05-08,,,d05185d201b36ee106c7
MIDDV,NASDAQ,Middleby Corp. - Common Stock Ex-Distribution When Issued,Stock,False,2026-06-26,2026-07-06,Listing metadata changed,0082b3f086dbcf36d736
MIDDV,NASDAQ,The Middleby Corporation - Common Stock Ex-Distribution When Issued,Stock,False,2026-07-06,2026-07-07,Missing from current NASDAQ source snapshot; reason unavailable,a763c1c8dad98d32f143
MILN,NASDAQ,Global X Millennial Consumer ETF,ETF,True,2026-05-08,,,5181b5dc995a84d7ceee
MIMI,NASDAQ,Mint Incorporation Limited - Class A Ordinary Shares,Stock,True,2026-05-08,,,9619e31d5a3404dbd4dd
MIND,NASDAQ,"MIND Technology, Inc. - Common Stock",Stock,True,2026-05-08,,,d2e4036a931faff781fc
MIRA,NASDAQ,"MIRA Pharmaceuticals, Inc. - Common Stock",Stock,True,2026-05-08,,,1f605e090b0daac31739
MIRM,NASDAQ,"Mirum Pharmaceuticals, Inc. - common stock",Stock,True,2026-05-08,,,cfc647e39f53afe83b89
MIST,NASDAQ,Milestone Pharmaceuticals Inc. - Common Shares,Stock,True,2026-05-08,,,6a7d9bd51621759955b5
MITK,NASDAQ,"Mitek Systems, Inc. - Common Stock",Stock,True,2026-05-08,,,b9ab88e4d329566f3562
MKAM,NASDAQ,MKAM ETF,ETF,True,2026-05-08,,,6767a06ed84e1a9f375b
MKDW,NASDAQ,MKDWELL Tech Inc. - Ordinary Shares,Stock,True,2026-05-08,,,74019ed198e1d17f747e
MKDWW,NASDAQ,MKDWELL Tech Inc. - Warrants,Stock,True,2026-05-08,,,6c23f6ccbfa814066ac7
MKLY,NASDAQ,McKinley Acquisition Corporation - Class A Ordinary Shares,Stock,True,2026-05-08,,,a516fa1c35753c2d0cde
MKLYR,NASDAQ,McKinley Acquisition Corporation - Rights,Stock,True,2026-05-08,,,1f358c5d9f569a0019ed
MKLYU,NASDAQ,McKinley Acquisition Corporation - Units,Stock,True,2026-05-08,,,95ac0171ee4db6ce2772
MKSI,NASDAQ,MKS Inc. - Common Stock,Stock,True,2026-05-08,,,bca65996782229e8e895
MKTW,NASDAQ,"MarketWise, Inc. - Class A Common Stock",Stock,True,2026-05-08,,,5659b8b9b0213589d9b1
MKTX,NASDAQ,"MarketAxess Holdings, Inc. - Common Stock",Stock,True,2026-05-08,,,9bd01b7ecedf1c4ad0e1
MKZR,NASDAQ,"MacKenzie Realty Capital, Inc. - Common Stock",Stock,True,2026-05-08,,,c22138fcc98108767213
MLAA,NASDAQ,Mountain Lake Acquisition Corp. II - Class A Ordinary Shares,Stock,True,2026-05-08,,,ba4bcb335c775db946c8
MLAAU,NASDAQ,Mountain Lake Acquisition Corp. II - Units,Stock,True,2026-05-08,,,709438ccdae4d6bd3838
MLAAW,NASDAQ,Mountain Lake Acquisition Corp. II - Warrants,Stock,True,2026-05-08,,,b80172210302517a6cd2
MLAB,NASDAQ,"Mesa Laboratories, Inc. - Common Stock",Stock,True,2026-05-08,,,b4b628c0d105c24576b5
MLAC,NASDAQ,Mountain Lake Acquisition Corp. - Class A Ordinary Shares,Stock,False,2026-05-08,2026-06-11,Missing from current NASDAQ source snapshot; reason unavailable,52c5029f34246556b151
MLACR,NASDAQ,Mountain Lake Acquisition Corp. - Right,Stock,False,2026-05-08,2026-06-11,Missing from current NASDAQ source snapshot; reason unavailable,72a01b9c6793482966d0
MLACU,NASDAQ,Mountain Lake Acquisition Corp. - Units,Stock,False,2026-05-08,2026-06-11,Missing from current NASDAQ source snapshot; reason unavailable,31d7ac7e0eecdf159a6a
MLCI,NASDAQ,Mount Logan Capital Inc. - Common Stock,Stock,True,2026-05-08,,,e20a8bf4b6ea689e11e4
MLCIL,NASDAQ,Mount Logan Capital Inc. - 8.00% Notes Due 2031,Stock,True,2026-05-08,,,1a3f776b75e304baeb95
MLCO,NASDAQ,Melco Resorts & Entertainment Limited - American Depositary Shares,Stock,True,2026-05-08,,,914984c22f18c116f5be
MLEC,NASDAQ,Moolec Science SA - Ordinary Shares,Stock,True,2026-05-08,,,33a1631961c5b0d8b721
MLECW,NASDAQ,Moolec Science SA - Warrant,Stock,True,2026-05-08,,,8391c411e5638906d76c
MLGO,NASDAQ,"MicroAlgo, Inc. - Ordinary Shares",Stock,True,2026-05-08,,,923404408e6cfddac98d
MLKN,NASDAQ,"MillerKnoll, Inc. - Common Stock",Stock,True,2026-05-08,,,3d208bb581f4022dc3a6
MLTX,NASDAQ,MoonLake Immunotherapeutics - Class A Ordinary Shares,Stock,True,2026-05-08,,,999fbb7896e517b66953
MLYS,NASDAQ,"Mineralys Therapeutics, Inc. - Common Stock",Stock,True,2026-05-08,,,67a318b4f1b225af5dbe
MMED,NASDAQ,"MiniMed Group, Inc. - Common Stock",Stock,True,2026-05-08,,,9f12984478ab0a661119
MMLP,NASDAQ,Martin Midstream Partners L.P. - Common Units Representing Limited Partnership Interests,Stock,True,2026-05-08,,,658898d79c27eb26abeb
MMSI,NASDAQ,"Merit Medical Systems, Inc. - Common Stock",Stock,True,2026-05-08,,,0e2754fb4e66f41fcf52
MMTX,NASDAQ,Miluna Acquisition Corp - Class A Ordinary Shares,Stock,True,2026-05-08,,,a78f8515a1100ddfbdff
MMTXU,NASDAQ,Miluna Acquisition Corp - Units,Stock,True,2026-05-08,,,b6677e4ce35881411511
MMTXW,NASDAQ,Miluna Acquisition Corp - Warrant,Stock,True,2026-05-08,,,a6059345001e48e840d0
MMYT,NASDAQ,MakeMyTrip Limited - Ordinary Shares,Stock,True,2026-05-08,,,9c5ef082963e687466b9
MNDO,NASDAQ,MIND C.T.I. Ltd. - Ordinary Shares,Stock,True,2026-05-08,,,49709669caa7d228fa6a
MNDR,NASDAQ,Mobile-health Network Solutions - Class A Ordinary Shares,Stock,True,2026-05-08,,,6c9ed0a8ca1d77fc3a9f
MNDY,NASDAQ,monday.com Ltd. - Ordinary Shares,Stock,True,2026-05-08,,,2d6d78fd51b2c096f363
MNKD,NASDAQ,MannKind Corporation - Common Stock,Stock,True,2026-05-08,,,65cd60f79b51576b7347
MNOV,NASDAQ,"MediciNova, Inc. - Common Stock",Stock,True,2026-05-08,,,d4547d0276d4e708c797
MNPR,NASDAQ,Monopar Therapeutics Inc. - Common Stock,Stock,True,2026-05-08,,,780c217bceab81543df5
MNRO,NASDAQ,"Monro, Inc. - Common Stock",Stock,True,2026-05-08,,,a9479f01cdde1f6c20ec
MNSB,NASDAQ,"MainStreet Bancshares, Inc. - Common Stock",Stock,True,2026-05-08,,,4134c00c784bfc02be90
MNSBP,NASDAQ,"MainStreet Bancshares, Inc. - Depositary Shares",Stock,True,2026-05-08,,,ac8726b99273be73eeab
MNST,NASDAQ,Monster Beverage Corporation - Common Stock,Stock,True,2026-05-08,,,76f9248baa86acd72cd5
MNTK,NASDAQ,"Montauk Renewables, Inc. - Common Stock",Stock,True,2026-05-08,,,2990a16f6c57f3322f28
MNTS,NASDAQ,Momentus Inc. - Class A Common Stock,Stock,True,2026-05-08,,,91bcb2e0a59613f71d08
MNTSW,NASDAQ,Momentus Inc. - Warrant,Stock,True,2026-05-08,,,b0bc4fd91165275b1512
MNVT,NASDAQ,Moonvest ETF,ETF,True,2026-05-08,,,5a15b377599c773afab2
MNY,NASDAQ,MoneyHero Limited - Class A Ordinary Shares,Stock,True,2026-05-08,,,bb871e531a7b3497a9e7
MNYWW,NASDAQ,MoneyHero Limited - Warrants,Stock,True,2026-05-08,,,5474bd081f6ba0aa88a5
MNZL,NASDAQ,Manzil Russell Halal USA Broad Market ETF,ETF,True,2026-05-08,,,31bef44fee5a9ae3e5da
MOB,NASDAQ,Mobilicom Limited - Ordinary Shares,Stock,True,2026-05-08,,,58f60da80a260eb5de33
MOBBW,NASDAQ,Mobilicom Limited - Warrants,Stock,True,2026-05-08,,,3eeca2ecaa409040e47e
MOBI,NASDAQ,"Mobia Medical, Inc. - Common Stock",Stock,True,2026-05-08,,,70f91d11883027e2bf5f
MOBX,NASDAQ,"Mobix Labs, Inc. - Class A Common Stock",Stock,True,2026-05-08,,,c8fcda3d659868a82af8
MOBXW,NASDAQ,"Mobix Labs, Inc. - Warrants",Stock,True,2026-05-08,,,1b77492448dfa712154f
MODD,NASDAQ,"Modular Medical, Inc. - common stock",Stock,True,2026-05-08,,,32a1d503cbb50d052b53
MODL,NASDAQ,VictoryShares WestEnd U.S. Sector ETF,ETF,True,2026-05-08,,,e1f8673d74dc69f4b17c
MOLN,NASDAQ,Molecular Partners AG - American Depositary Shares,Stock,True,2026-05-08,,,a42ec2c221302bd90ddd
MOMO,NASDAQ,Hello Group Inc. - American Depositary Shares,Stock,True,2026-05-08,,,714a5dad8358fe8ce34b
MOOD,NASDAQ,Relative Sentiment Tactical Allocation ETF,ETF,True,2026-05-08,,,b0175a022a7952cc6bda
MORN,NASDAQ,"Morningstar, Inc. - Common Stock",Stock,True,2026-05-08,,,3f97d8887dc357b6c90d
MOVE,NASDAQ,"Corvex, Inc. - Common Stock",Stock,True,2026-05-08,,,1a3de0abf7e601abac70
MPAA,NASDAQ,"Motorcar Parts of America, Inc. - Common Stock",Stock,True,2026-05-08,,,954371330efe22603485
MPB,NASDAQ,Mid Penn Bancorp - Common Stock,Stock,True,2026-05-08,,,d10f832d8f72056854fa
MPG,NASDAQ,Leverage Shares 2X Long MP Daily ETF,ETF,True,2026-05-08,,,55f95378eed1e9177268
MPLT,NASDAQ,"MapLight Therapeutics, Inc. - Common Stock",Stock,True,2026-05-08,,,3454ece51cd41843e853
MPWR,NASDAQ,"Monolithic Power Systems, Inc. - Common Stock",Stock,True,2026-05-08,,,eecfebaa59f23fa289a3
MQ,NASDAQ,"Marqeta, Inc. - Class A Common Stock",Stock,True,2026-05-08,,,55b900ccbe0a70585280
MQQQ,NASDAQ,Tradr 2X Long Innovation 100 Monthly ETF,ETF,True,2026-05-08,,,11f934e8b213f61e1b8e
MRA,NASDAQ,GraniteShares Autocallable MARA ETF,ETF,True,2026-05-27,,,03d3219a27a2ce87f247
MRAL,NASDAQ,GraniteShares 2x Long MARA Daily ETF,ETF,True,2026-05-08,,,f110c3d2fcf794b8bd24
MRAM,NASDAQ,"Everspin Technologies, Inc. - Common Stock",Stock,True,2026-05-08,,,ed30995ab7a9a052b68c
MRBK,NASDAQ,Meridian Corporation - Common Stock,Stock,True,2026-05-08,,,b08aeecb7ffeff002be9
MRCOU,NASDAQ,Mercator Acquisition Corp. - Units,Stock,True,2026-07-09,,,54586766e6fd5c8e36e6
MRCY,NASDAQ,Mercury Systems Inc - Common Stock,Stock,True,2026-05-08,,,521ccd27b8f30c803d6f
MRDN,NASDAQ,Meridian Holdings Inc. - Common Stock,Stock,True,2026-05-08,,,8d935ed792f84136abf2
MREO,NASDAQ,Mereo BioPharma Group plc - American Depositary Shares,Stock,True,2026-05-08,,,e85a0fd8164ac28fa9ba
MRKR,NASDAQ,"Marker Therapeutics, Inc. - Common Stock",Stock,True,2026-05-08,,,a83996520f3f93c73998
MRLN,NASDAQ,"Merlin, Inc. - Common Stock",Stock,True,2026-05-08,,,796b62f1d06650f3f1a3
MRM,NASDAQ,MEDIROM Healthcare Technologies Inc. - American Depositary Share,Stock,True,2026-05-08,,,96e0d78e4af723763aaf
MRNA,NASDAQ,"Moderna, Inc. - Common Stock",Stock,True,2026-05-08,,,b71cfbc74e55fa511a09
MRNO,NASDAQ,Murano Global Investments PLC - Ordinary Shares,Stock,True,2026-05-08,,,7b17062b3be10201b4fb
MRNOW,NASDAQ,Murano Global Investments PLC - Warrants,Stock,True,2026-05-08,,,b9da2a293bdd14abda9a
MRTN,NASDAQ,"Marten Transport, Ltd. - Common Stock",Stock,True,2026-05-08,,,42e4641d2ab16c4bb210
MRVI,NASDAQ,"Maravai LifeSciences Holdings, Inc. - Class A common stock",Stock,True,2026-05-08,,,9ba67ba7ff4605d0ac0e
MRVL,NASDAQ,"Marvell Technology, Inc. - Common Stock",Stock,True,2026-05-08,,,1d4b007e3e9cd3208918
MRVU,NASDAQ,Direxion Daily MRVL Bull 2X ETF,ETF,True,2026-05-08,,,8a29b47f34f20389442d
MRX,NASDAQ,Marex Group plc - Ordinary Shares,Stock,False,2026-05-08,2026-07-14,Listing metadata changed,9661c8b0da01f07769fa
MRX,NASDAQ,Marex Group Limited - Ordinary Shares,Stock,True,2026-07-14,,,b75069edeea2313f5bbc
MSAI,NASDAQ,"MultiSensor AI Holdings, Inc. - Common Stock",Stock,True,2026-05-08,,,3b6785504c6b2b8e6c3e
MSAIW,NASDAQ,"MultiSensor AI Holdings, Inc. - Warrants",Stock,True,2026-05-08,,,a7ff16cdf29fbedf4ccc
MSBI,NASDAQ,"Midland States Bancorp, Inc. - Common Stock",Stock,True,2026-05-08,,,61d3bc25ad33deee177e
MSBIP,NASDAQ,"Midland States Bancorp, Inc. - Depositary Shares Each Representing a 1/40th Interest in a Share of 7.750% Fixed-Rate Reset Non-Cumulative Perpetual Preferred Stock, Series A",Stock,True,2026-05-08,,,8575cc1bd6f9d45ef4da
MSDD,NASDAQ,GraniteShares 2x Short MSTR Daily ETF,ETF,False,2026-05-08,2026-06-22,Missing from current NASDAQ source snapshot; reason unavailable,08b9895022428f1bfaf0
MSEX,NASDAQ,Middlesex Water Company - Common Stock,Stock,True,2026-05-08,,,15217969a5f9a98e9c8c
MSFD,NASDAQ,Direxion Daily MSFT Bear 1X ETF,ETF,True,2026-05-08,,,45e7cc2825412b71f450
MSFL,NASDAQ,GraniteShares 2x Long MSFT Daily ETF,ETF,True,2026-05-08,,,e67153b91207e1fab0b7
MSFT,NASDAQ,Microsoft Corporation - Common Stock,Stock,True,2026-05-08,,,6535a05d361395394a17
MSFU,NASDAQ,Direxion Daily MSFT Bull 2X ETF,ETF,True,2026-05-08,,,b483c72b821405a8ab95
MSGM,NASDAQ,Motorsport Games Inc. - Class A Common Stock,Stock,True,2026-05-08,,,d55b207b65549f8dd6b9
MSGY,NASDAQ,Masonglory Limited - Ordinary Shares,Stock,True,2026-05-08,,,8e7a1d5791e1e0276e35
MSLE,NASDAQ,Satellos Bioscience Inc. - Common Stock,Stock,True,2026-05-08,,,baa65de07622a9f6174b
MSR,NASDAQ,GraniteShares Autocallable MSTR ETF,ETF,True,2026-05-13,,,f0f8ec7c3de78b9ef508
MSS,NASDAQ,Maison Solutions Inc. - Class A Common Stock,Stock,True,2026-05-08,,,eca3b2dc47f4671f4ef2
MST,NASDAQ,Defiance Leveraged Long + Income MSTR ETF,ETF,True,2026-05-08,,,b00139b7ea597007bf0b
MSTP,NASDAQ,GraniteShares 2x Long MSTR Daily ETF,ETF,True,2026-05-08,,,45c04dc2fabbf2eb86c3
MSTR,NASDAQ,Strategy Inc - Class A Common Stock,Stock,True,2026-05-08,,,37ff738d4fd1d0e4c60d
MSTX,NASDAQ,Defiance Daily Target 2x Long MSTR ETF,ETF,True,2026-05-08,,,8095fe1912c75eeba9e1
MSW,NASDAQ,Ming Shing Group Holdings Limited - Ordinary Shares,Stock,False,2026-05-08,2026-07-09,Missing from current NASDAQ source snapshot; reason unavailable,71a7dea87a013964383f
MTC,NASDAQ,"MMTec, Inc. - Common Shares",Stock,True,2026-05-08,,,3ba33aa5a680ad16b051
MTCH,NASDAQ,"Match Group, Inc. - Common Stock",Stock,True,2026-05-08,,,14e70b5cf07a417c4af7
MTEK,NASDAQ,Maris-Tech Ltd. - ordinary shares,Stock,True,2026-05-08,,,a9da93a2baeee15d5171
MTEKW,NASDAQ,Maris-Tech Ltd. - Warrants,Stock,True,2026-05-08,,,064aace881162206c009
MTEN,NASDAQ,Mingteng International Corporation Inc. - Class A Ordinary Shares,Stock,True,2026-05-08,,,e4bef0425bd7fc833c20
MTEX,NASDAQ,"Mannatech, Incorporated - Common Stock",Stock,True,2026-05-08,,,547c7960580b5d3a30ee
MTLS,NASDAQ,Materialise NV - American Depositary Shares,Stock,True,2026-05-08,,,73fe9c52ad7264883428
MTRX,NASDAQ,Matrix Service Company - Common Stock,Stock,True,2026-05-08,,,4c182197aa575afa570b
MTSI,NASDAQ,"MACOM Technology Solutions Holdings, Inc. - Common Stock",Stock,True,2026-05-08,,,5e6b15a68d6c7e254d6a
MTVA,NASDAQ,MetaVia Inc. - Common Stock,Stock,True,2026-05-08,,,766515625ce7e57fb44b
MTYY,NASDAQ,GraniteShares YieldBOOST MSTR ETF,ETF,True,2026-05-08,,,4687dc9234d46bc1046f
MU,NASDAQ,"Micron Technology, Inc. - Common Stock",Stock,True,2026-05-08,,,845b045ada81bc42108b
MUD,NASDAQ,Direxion Daily MU Bear 1X ETF,ETF,True,2026-05-08,,,ff5db3190185b18b88ca
MULL,NASDAQ,GraniteShares 2x Long MU Daily ETF,ETF,True,2026-05-08,,,f050899de475e0372b29
MULT,NASDAQ,Franklin Multisector Income ETF,ETF,True,2026-05-08,,,d31e74c71dd065282030
MUU,NASDAQ,Direxion Daily MU Bull 2X ETF,ETF,True,2026-05-08,,,b12352e89b72abe15ce2
MUYY,NASDAQ,GraniteShares YieldBOOST MU ETF,ETF,True,2026-05-08,,,a4b2e09335f0cc38e0f6
MUZE,NASDAQ,Muzero Acquisition Corp - Class A Ordinary Shares,Stock,True,2026-05-08,,,97bc288e4e570b9e1a86
MUZEU,NASDAQ,Muzero Acquisition Corp - Unit,Stock,True,2026-05-08,,,8e4b43cee7475fd76f51
MUZEW,NASDAQ,Muzero Acquisition Corp - Warrant,Stock,True,2026-05-08,,,5592fc8dbffc8b8a1f35
MVBF,NASDAQ,MVB Financial Corp. - Common Stock,Stock,True,2026-05-08,,,85626dce061dd5cdd204
MVIS,NASDAQ,"MicroVision, Inc. - Common Stock",Stock,True,2026-05-08,,,3e1d2f0454bfbc8bebf8
MVLL,NASDAQ,GraniteShares 2x Long MRVL Daily ETF,ETF,True,2026-05-08,,,d0fee5327c2e4563047a
MVST,NASDAQ,"Microvast Holdings, Inc. - Common Stock",Stock,True,2026-05-08,,,6a7f623fb294768d575b
MVSTW,NASDAQ,"Microvast Holdings, Inc. - Warrant",Stock,False,2026-05-08,2026-07-23,Missing from current NASDAQ source snapshot; reason unavailable,29df9b20af0d492b4db6
MWC,NASDAQ,"Micware Co., Ltd. - American Depositary Shares",Stock,True,2026-05-14,,,3762f44904bcefccd276
MWH,NASDAQ,"SOLV Energy, Inc. - Class A common stock",Stock,True,2026-05-08,,,b3c454960adb608c0821
MWYN,NASDAQ,"Marwynn Holdings, Inc. - Common stock",Stock,True,2026-05-08,,,41142e263feecd6b7918
MXCT,NASDAQ,"MaxCyte, Inc. - Common Stock",Stock,True,2026-05-08,,,9a133c0711af94ed36b6
MXL,NASDAQ,"MaxLinear, Inc - Common Stock",Stock,True,2026-05-08,,,d2ef1131cf968c7c5da4
MYCF,NASDAQ,State Street My2026 Corporate Bond ETF,ETF,True,2026-05-08,,,8e6dbfc737db2700faf9
MYCG,NASDAQ,State Street My2027 Corporate Bond ETF,ETF,True,2026-05-08,,,cd712181c73822ac69c5
MYCH,NASDAQ,State Street My2028 Corporate Bond ETF,ETF,True,2026-05-08,,,cca45d4bc832877eacc9
MYCI,NASDAQ,State Street My2029 Corporate Bond ETF,ETF,True,2026-05-08,,,078b48ed48cf78517fa4
MYCJ,NASDAQ,State Street My2030 Corporate Bond ETF,ETF,True,2026-05-08,,,a09e6fa225dcc3ee1df2
MYCK,NASDAQ,State Street My2031 Corporate Bond ETF,ETF,True,2026-05-08,,,912462f1ca7142958218
MYCL,NASDAQ,State Street My2032 Corporate Bond ETF,ETF,True,2026-05-08,,,054bc1c6ffec0169c754
MYCM,NASDAQ,State Street My2033 Corporate Bond ETF,ETF,True,2026-05-08,,,bcb68c83db0ccce8e929
MYCN,NASDAQ,State Street My2034 Corporate Bond ETF,ETF,True,2026-05-08,,,d6c5b09e3e8194e3ba74
MYCO,NASDAQ,State Street My2035 Corporate Bond ETF,ETF,True,2026-05-08,,,7f25763012e358784621
MYFW,NASDAQ,"First Western Financial, Inc. - Common Stock",Stock,True,2026-05-08,,,cf948dfdf149acfc6423
MYGN,NASDAQ,"Myriad Genetics, Inc. - Common Stock",Stock,True,2026-05-08,,,9ac5de6c38032936de96
MYHA,NASDAQ,State Street My2027 High Yield Corporate Bond ETF,ETF,True,2026-05-08,,,6071329dcc87ad08b783
MYHB,NASDAQ,State Street My2028 High Yield Corporate Bond ETF,ETF,True,2026-05-08,,,3c28232f7ca2929318c5
MYHC,NASDAQ,State Street My2029 High Yield Corporate Bond ETF,ETF,True,2026-05-08,,,c025066714563df30041
MYHD,NASDAQ,State Street My2030 High Yield Corporate Bond ETF,ETF,True,2026-05-08,,,b6415d9c0935ffc15b18
MYHE,NASDAQ,State Street My2031 High Yield Corporate Bond ETF,ETF,True,2026-05-08,,,087323fc0a4eadf7ab99
MYMF,NASDAQ,State Street My2026 Municipal Bond ETF,ETF,True,2026-05-08,,,98e218af0a8cdae1293a
MYMG,NASDAQ,State Street My2027 Municipal Bond ETF,ETF,True,2026-05-08,,,455f4b4a4c13f6ba8c6d
MYMH,NASDAQ,State Street My2028 Municipal Bond ETF,ETF,True,2026-05-08,,,cb8428368632570ffe41
MYMI,NASDAQ,State Street My2029 Municipal Bond ETF,ETF,True,2026-05-08,,,9eb9dff3252f796eabfb
MYMJ,NASDAQ,State Street My2030 Municipal Bond ETF,ETF,True,2026-05-08,,,09c0c582bda97ce44cc1
MYMK,NASDAQ,State Street My2031 Municipal Bond ETF,ETF,True,2026-05-08,,,8a5f7885365a545414cd
MYPS,NASDAQ,"PLAYSTUDIOS, Inc. - Class A Common Stock",Stock,True,2026-05-08,,,e505a10a41d714f9fea7
MYPSW,NASDAQ,"PLAYSTUDIOS, Inc. - Warrant",Stock,False,2026-05-08,2026-06-18,Missing from current NASDAQ source snapshot; reason unavailable,0a038cf0b7f071f2a37d
MYRG,NASDAQ,"MYR Group, Inc. - Common Stock",Stock,True,2026-05-08,,,d49d7d0f69aa225d5827
MYSE,NASDAQ,"Myseum.AI, Inc. - Common Stock",Stock,True,2026-05-08,,,b76b3b268c66f1d69a16
MYSEW,NASDAQ,"Myseum.AI, Inc. - Series A Warrant",Stock,True,2026-05-08,,,f5de7a5bac31142ceebc
MYSZ,NASDAQ,"My Size, Inc. - Common Stock",Stock,True,2026-05-08,,,048a4297a23884eb7c23
MYX,NASDAQ,Maywood Acquisition Corp. 2 - Class A Ordinary Share,Stock,True,2026-05-15,,,5777451723849ff8e9df
MYXXR,NASDAQ,Maywood Acquisition Corp. 2 - Rights,Stock,True,2026-05-15,,,afa160de996aff6629c1
MYXXU,NASDAQ,Maywood Acquisition Corp. 2 - Units,Stock,True,2026-05-08,,,6bcf39ce2c806feaee57
MYXXW,NASDAQ,Maywood Acquisition Corp. 2 - Warrants,Stock,True,2026-05-15,,,f0e70fbd5916076214c1
MZTI,NASDAQ,The Marzetti Company - Common Stock,Stock,True,2026-05-08,,,68f541f3b0d0c89ecfbf
NA,NASDAQ,Nano Labs Ltd - Class A Ordinary Shares,Stock,True,2026-05-08,,,57a09f03ab674bce7c0d
NAAS,NASDAQ,NaaS Technology Inc. - American Depositary Shares,Stock,True,2026-05-08,,,a95d938373b450f7d231
NAGE,NASDAQ,"Niagen Bioscience, Inc. - Common Stock",Stock,True,2026-05-08,,,09cb97961613b69b6d03
NAII,NASDAQ,"Natural Alternatives International, Inc. - Common Stock",Stock,True,2026-05-08,,,0b59bdd6c969c4bf5c8b
NAKA,NASDAQ,Nakamoto Inc. - Common Stock,Stock,True,2026-05-08,,,452d21a8957f7656d47f
NAMI,NASDAQ,Jinxin Technology Holding Company - American Depositary Shares,Stock,True,2026-05-08,,,8cc5c1e89e91240c670a
NAMM,NASDAQ,Namib Minerals - Ordinary Shares,Stock,True,2026-05-08,,,133a84014b188bcd4d06
NAMMW,NASDAQ,Namib Minerals - Warrants,Stock,True,2026-05-08,,,dc355fdfbe26c73d80f9
NAMS,NASDAQ,NewAmsterdam Pharma Company N.V. - Ordinary Shares,Stock,True,2026-05-08,,,a18a93b32b03d5b5fc42
NAMSW,NASDAQ,NewAmsterdam Pharma Company N.V. - Warrant,Stock,True,2026-05-08,,,3eee7a60471c87448853
NATH,NASDAQ,"Nathan's Famous, Inc. - Common Stock",Stock,True,2026-05-08,,,0526056f3b7b053f5d98
NATO,NASDAQ,Themes Transatlantic Defense ETF,ETF,True,2026-05-08,,,0b4ef7f3d02b21448907
NATR,NASDAQ,"Nature's Sunshine Products, Inc. - Common Stock",Stock,True,2026-05-08,,,47de4a582fe3e6a10302
NAUT,NASDAQ,"Nautilus Biotechnology, Inc. - Common Stock",Stock,True,2026-05-08,,,988c9a4ac71559e4d3ae
NAVI,NASDAQ,Navient Corporation - Common Stock,Stock,True,2026-05-08,,,ddab3396c7e77319c560
NAVN,NASDAQ,"Navan, Inc. - Class A Common Stock",Stock,True,2026-05-08,,,dff10f5292c6bf213621
NB,NASDAQ,NioCorp Developments Ltd. - Common Stock,Stock,True,2026-05-08,,,a6576f3ef37ac9645def
NBBK,NASDAQ,"NB Bancorp, Inc. - Common Stock",Stock,True,2026-05-08,,,d53d7e33ef85c7f3b7da
NBIG,NASDAQ,Leverage Shares 2X Long NBIS Daily ETF,ETF,True,2026-05-08,,,8fd7bc5b40ccb21717ca
NBIL,NASDAQ,GraniteShares 2x Long NBIS Daily ETF,ETF,True,2026-05-08,,,40797bbf811c52619fd8
NBIS,NASDAQ,Nebius Group N.V. - Class A Ordinary Shares,Stock,True,2026-05-08,,,4cc7845dd9aa1bb766e3
NBIX,NASDAQ,"Neurocrine Biosciences, Inc. - Common Stock",Stock,True,2026-05-08,,,8aaa68434e6a1286d784
NBN,NASDAQ,Northeast Bank - Common Stock,Stock,True,2026-05-08,,,534bc9bd827b2d269243
NBP,NASDAQ,NovaBridge Biosciences - American Depositary Shares,Stock,True,2026-05-08,,,747844641ed499580d6a
NBRG,NASDAQ,Newbridge Acquisition Limited - Class A Ordinary Share,Stock,True,2026-05-08,,,44f2b2ec7e0ed3976334
NBRGR,NASDAQ,Newbridge Acquisition Limited - Rights,Stock,True,2026-05-08,,,6d5711073f1697df99db
NBRGU,NASDAQ,Newbridge Acquisition Limited - Unit,Stock,True,2026-05-08,,,ef03ac9b25af057c273b
NBTB,NASDAQ,NBT Bancorp Inc. - Common Stock,Stock,True,2026-05-08,,,45745f54ce1452a28e5b
NBTX,NASDAQ,Nanobiotix S.A. - ADSs,Stock,True,2026-05-08,,,c803405f4fd08c2feb04
NCEL,NASDAQ,NewcelX Ltd. - Ordinary Shares,Stock,True,2026-05-08,,,cb5d2b8e61a6360a20d0
NCEW,NASDAQ,New Century Logistics (BVI) Limited - Ordinary Shares,Stock,True,2026-05-08,,,edbf143a48f2bb36594f
NCI,NASDAQ,Neo-Concept International Group Holdings Limited - Class A Ordinary Shares,Stock,True,2026-05-08,,,c47964d65ae77d84710a
NCIQ,NASDAQ,Hashdex Nasdaq CME Crypto Index ETF,ETF,True,2026-05-08,,,4d6a32056a2ffd946328
NCMI,NASDAQ,"National CineMedia, Inc. - Common Stock",Stock,True,2026-05-08,,,3dabff821dfdf7fa1e01
NCNA,NASDAQ,NuCana plc - American Depositary Shares,Stock,True,2026-05-08,,,2a5a7170ff3b5577bbc9
NCNO,NASDAQ,"nCino, Inc. - Common Stock",Stock,True,2026-05-08,,,7d74afb02de53e5415cc
NCOOU,NASDAQ,Southern Cross Acquisition I Corp. - Units,Stock,True,2026-07-21,,,61118d29951688d62763
NCPB,NASDAQ,Nuveen Core Plus Bond ETF,ETF,True,2026-05-08,,,a46a4292fe91c2c7062f
NCPL,NASDAQ,Netcapital Inc. - Common Stock,Stock,True,2026-05-08,,,ed4397318de2fa194492
NCPLW,NASDAQ,Netcapital Inc. - warrants,Stock,True,2026-05-08,,,b061e30b8320466d7ac9
NCRA,NASDAQ,"Nocera, Inc. - common stock",Stock,True,2026-05-08,,,b42ead815c0fa4a6e8e4
NCSM,NASDAQ,"NCS Multistage Holdings, Inc. - Common Stock",Stock,True,2026-05-08,,,a8c14dbb024871bc9af6
NCT,NASDAQ,Intercont (Cayman) Limited - Class A Ordinary shares,Stock,True,2026-05-08,,,dd20e4389ed5c63c8ad0
NCTY,NASDAQ,The9 Limited - American Depository Shares,Stock,True,2026-05-08,,,a6546108e25ed36418b6
NDAA,NASDAQ,Ned Davis Research 360 Dynamic Allocation ETF,ETF,True,2026-05-08,,,c99436f7333580ee0b82
NDAQ,NASDAQ,"Nasdaq, Inc. - Common Stock",Stock,True,2026-05-08,,,481e15f34838a8dc5ba3
NDLS,NASDAQ,Noodles & Company - Class A Common Stock,Stock,True,2026-05-08,,,ee796051870a7defa97a
NDRA,NASDAQ,ENDRA Life Sciences Inc. - Common Stock,Stock,True,2026-05-08,,,06b151f8513ab847a355
NDSN,NASDAQ,Nordson Corporation - Common Stock,Stock,True,2026-05-08,,,e81d6cd369825a2bb428
NECB,NASDAQ,"NorthEast Community Bancorp, Inc. - Common Stock",Stock,True,2026-05-08,,,7f551950e8fc6b7f246f
NEGG,NASDAQ,"Newegg Commerce, Inc. - Common Shares",Stock,True,2026-05-08,,,69b7e49a27f09c1107e1
NEMG,NASDAQ,Leverage Shares 2x Long NEM Daily ETF,ETF,True,2026-05-08,,,98f6fe95d72f6baa3e76
NEO,NASDAQ,"NeoGenomics, Inc. - Common Stock",Stock,True,2026-05-08,,,2395b3011ab6399a3adf
NEOG,NASDAQ,Neogen Corporation - Common Stock,Stock,True,2026-05-08,,,0443032c4a8bd3057e4c
NEON,NASDAQ,Neonode Inc. - Common Stock,Stock,True,2026-05-08,,,eb553eb959b4e3b1f4af
NEOV,NASDAQ,NeoVolta Inc. - Common Stock,Stock,True,2026-05-08,,,8d35b31b58a759495de7
NEOVW,NASDAQ,NeoVolta Inc. - Warrant,Stock,True,2026-05-08,,,5f02581c050545da9711
NEPH,NASDAQ,"Nephros, Inc. - Common Stock",Stock,True,2026-05-08,,,58fd82e6d00af6105d3e
NERV,NASDAQ,"Minerva Neurosciences, Inc - Common Stock",Stock,True,2026-05-08,,,bb4608aa269c994d3f7c
NESR,NASDAQ,National Energy Services Reunited Corp - Ordinary Shares,Stock,True,2026-05-08,,,34eda4d569196a1fad29
NETG,NASDAQ,Leverage Shares 2X Long NET Daily ETF,ETF,True,2026-05-08,,,bc8520d74f8f21621a36
NEUP,NASDAQ,Neuphoria Therapeutics Inc. - Common Stock,Stock,True,2026-05-08,,,fe01f4eca65ca6009cc0
NEWT,NASDAQ,"NewtekOne, Inc. - Common Stock",Stock,True,2026-05-08,,,0286ff5132fb80a0ec74
NEWTG,NASDAQ,"NewtekOne, Inc. - 8.50% Fixed Rate Senior Notes due 2029",Stock,True,2026-05-08,,,39932c7a0a65432291f5
NEWTH,NASDAQ,"NewtekOne, Inc. - 8.625% Fixed Rate Senior Notes due 2029",Stock,True,2026-05-08,,,9ef7971a687a9f0cd890
NEWTI,NASDAQ,"NewtekOne, Inc. - 8.00% Fixed Rate Senior Notes due 2028",Stock,True,2026-05-08,,,b9ee91f3494508d1c888
NEWTO,NASDAQ,"NewtekOne, Inc. - 8.50% Fixed Rate Senior Notes due 2031",Stock,True,2026-05-08,,,032fce90b75b3d661c4f
NEWTP,NASDAQ,"NewtekOne, Inc. - Depositary Shares, Each Representing a 1/40th Interest in a Share of 8.500% Fixed Rate Reset Non-Cumulative Perpetual Preferred Stock, Series B",Stock,True,2026-05-08,,,03c0387b42a625bea1ab
NEWZ,NASDAQ,StockSnips AI-Powered Sentiment US All Cap ETF,ETF,True,2026-05-08,,,c1557adbd94a8cfe9356
NEXM,NASDAQ,NexMetals Mining Corp. - Common Stock,Stock,True,2026-05-08,,,b69aca6a07417a5e87ad
NEXN,NASDAQ,Nexxen International Ltd. - Ordinary Shares,Stock,True,2026-05-08,,,7fa7d8183af128629cd1
NEXR,NASDAQ,Nexera Technologies Ltd - Ordinary Shares,Stock,True,2026-05-08,,,120a1810d6bd52c6ed80
NEXRW,NASDAQ,Nexera Technologies Ltd - Warrant,Stock,True,2026-05-08,,,bc9e814ae7c9ac517f17
NEXT,NASDAQ,NextDecade Corporation - Common Stock,Stock,True,2026-05-08,,,698249f9af2a74737da2
NFBK,NASDAQ,"Northfield Bancorp, Inc. - Common Stock",Stock,False,2026-05-08,2026-07-21,Missing from current NASDAQ source snapshot; reason unavailable,c6d19b8894111d3dcf2f
NFE,NASDAQ,New Fortress Energy Inc. - Class A Common Stock,Stock,True,2026-05-08,,,b50c4ec0d479b3f74ddd
NFLX,NASDAQ,"Netflix, Inc. - Common Stock",Stock,True,2026-05-08,,,75bb697251ad7534ba0b
NFRX,NASDAQ,Harrison Street Infrastructure Active ETF,ETF,True,2026-05-08,,,6bc4e313ad00406738c1
NFTY,NASDAQ,First Trust India Nifty 50 Equal Weight ETF,ETF,True,2026-05-08,,,3dad3dcb32330bee03c2
NFXL,NASDAQ,Direxion Daily NFLX Bull 2X ETF,ETF,True,2026-05-08,,,1dab168cec6081aaffe3
NFXS,NASDAQ,Direxion Daily NFLX Bear 1X ETF,ETF,True,2026-05-08,,,2fcfa93be08fb82ba037
NGEN,NASDAQ,NervGen Pharma Corp. - Common stock,Stock,True,2026-05-08,,,20e2ac6d341c7549e257
NGHT,NASDAQ,Nicholas Bitcoin and Treasuries AfterDark ETF,ETF,True,2026-05-08,,,95287f4386cf2c9ccd68
NGNE,NASDAQ,Neurogene Inc. - Common Stock,Stock,True,2026-05-08,,,f8314265d32fa68e4591
NHIC,NASDAQ,NewHold Investment Corp III - Class A Ordinary shares,Stock,True,2026-05-08,,,c09292007704f26fd00d
NHICU,NASDAQ,NewHold Investment Corp III - Units,Stock,True,2026-05-08,,,148d076664b84dc9bb8d
NHICW,NASDAQ,NewHold Investment Corp III - Warrants,Stock,True,2026-05-08,,,b4e2027107a793e26123
NHIV,NASDAQ,NewHold Investment Corp IV - Class A Ordinary Shares,Stock,True,2026-06-08,,,83104ed1b4b7cd33d1fc
NHIVU,NASDAQ,NewHold Investment Corp IV - Units,Stock,True,2026-05-08,,,6446708c631ecfd4d595
NHIVW,NASDAQ,NewHold Investment Corp IV - Warrants,Stock,True,2026-06-08,,,618f70da04aabb0640a4
NHP,NASDAQ,"National Healthcare Properties, Inc. - Class A Common Stock",Stock,True,2026-05-08,,,299ca10fb56758ec16d6
NHPAP,NASDAQ,"National Healthcare Properties, Inc. - 7.375% Series A Cumulative Redeemable Perpetual Preferred Stock",Stock,True,2026-05-08,,,2bb934213968a7c297de
NHPBP,NASDAQ,"National Healthcare Properties, Inc. - 7.125% Series B Cumulative Redeemable Perpetual Preferred Stock",Stock,True,2026-05-08,,,636b8c4e08d050ada7e5
NHTC,NASDAQ,Natural Health Trends Corp. - Common Stock,Stock,True,2026-05-08,,,92501bd87c982bfde906
NICE,NASDAQ,NICE Ltd - American Depositary Shares each representing one Ordinary Share,Stock,True,2026-05-08,,,dcd647d9895ea1751464
NICM,NASDAQ,Nicola Mining Inc. - American Depositary Shares,Stock,True,2026-05-08,,,7c57d275497239971de3
NIKI,NASDAQ,"Niki BioSolutions, Inc. - Common Stock",Stock,True,2026-07-20,,,6df7114a5b3d7d68da2f
NIKL,NASDAQ,Sprott Nickel Miners ETF,ETF,True,2026-05-08,,,21bca0a651e848eb7ba1
NIOBW,NASDAQ,NioCorp Developments Ltd. - Warrant,Stock,True,2026-05-08,,,c8bfbc7c2d3760b1f271
NIOG,NASDAQ,Leverage Shares 2X Long NIO Daily ETF,ETF,True,2026-05-08,,,a0ae9c2e05f740e5c857
NIPG,NASDAQ,NIP Group Inc. - American Depositary Shares,Stock,True,2026-05-08,,,86b7eaf6a465500ea986
NIU,NASDAQ,Niu Technologies - American Depositary Shares,Stock,True,2026-05-08,,,3cb245a4e6e663b8a737
NIVF,NASDAQ,NewGenIvf Group Limited - Class A Ordinary Shares,Stock,True,2026-05-08,,,cb686b208e7bb9a8cd9d
NIVFW,NASDAQ,NewGenIvf Group Limited - Warrants,Stock,True,2026-05-08,,,0d068e89d4dcd816e6ca
NIXT,NASDAQ,Research Affiliates Deletions ETF,ETF,True,2026-05-08,,,ac5d7185fbf98fa2d5fd
NIXX,NASDAQ,"Nixxy, Inc. - Common Stock",Stock,True,2026-05-08,,,290b1d7d7b596e914419
NIXXW,NASDAQ,"Nixxy, Inc. - Warrant",Stock,False,2026-05-08,2026-07-02,Missing from current NASDAQ source snapshot; reason unavailable,423b3b62139ba8347dab
NKLR,NASDAQ,Terra Innovatum Global N.V. - Ordinary shares,Stock,True,2026-05-08,,,d93f8fdb22268f16da46
NKSH,NASDAQ,"National Bankshares, Inc. - Common Stock",Stock,True,2026-05-08,,,a3487730150e97efd14d
NKTR,NASDAQ,Nektar Therapeutics - Common Stock,Stock,True,2026-05-08,,,dd2a8819d92290496a83
NKTX,NASDAQ,"Nkarta, Inc. - Common Stock",Stock,True,2026-05-08,,,677677461c0611110499
NMAD,NASDAQ,"Nomad Power Solutions, Inc. - Common Stock",Stock,True,2026-07-06,,,7f3896d616db279286db
NMFC,NASDAQ,New Mountain Finance Corporation - Common Stock,Stock,True,2026-05-08,,,9d2d611f1a10d1fce715
NMFCZ,NASDAQ,New Mountain Finance Corporation - 8.250% Notes due 2028,Stock,True,2026-05-08,,,5b769bb66468e80fb04d
NMIH,NASDAQ,NMI Holdings Inc - Common Stock,Stock,True,2026-05-08,,,6079da00327eed422a87
NMP,NASDAQ,NMP Acquisition Corp. - Class A Ordinary Shares,Stock,True,2026-05-08,,,a9820dfe1b9badf40ae7
NMPAR,NASDAQ,NMP Acquisition Corp. - Right,Stock,True,2026-05-08,,,57a6223ad30253c4ac3b
NMPAU,NASDAQ,NMP Acquisition Corp. - Units,Stock,True,2026-05-08,,,0d959bf0c592ad2bddde
NMRA,NASDAQ,"Neumora Therapeutics, Inc. - Common Stock",Stock,True,2026-05-08,,,e3cba80c72c468dd3e6a
NMRK,NASDAQ,"Newmark Group, Inc. - Class A Common Stock",Stock,True,2026-05-08,,,d2c0b5e14bfff6876a50
NMTC,NASDAQ,NeuroOne Medical Technologies Corporation - Common Stock,Stock,True,2026-05-08,,,088571f99f780d5648c1
NN,NASDAQ,NextNav Inc. - Common stock,Stock,True,2026-05-08,,,0bb36a4f4b79027e909c
NNAVW,NASDAQ,NextNav Inc. - Warrant,Stock,False,2026-05-08,2026-06-29,Missing from current NASDAQ source snapshot; reason unavailable,2f7819ab6e49d9491e44
NNBR,NASDAQ,"NN, Inc. - Common Stock",Stock,True,2026-05-08,,,cf31c820f6c020689255
NNDM,NASDAQ,Nano Dimension Ltd. - American Depositary Shares,Stock,True,2026-05-08,,,5d571e94c6881909fb33
NNE,NASDAQ,Nano Nuclear Energy Inc. - common stock,Stock,True,2026-05-08,,,3a58d50c6e46da774d2b
NNNN,NASDAQ,Anbio Biotechnology - Class A Ordinary Shares,Stock,True,2026-05-08,,,3f47642171c9d1236003
NNOX,NASDAQ,NANO-X IMAGING LTD - Ordinary Shares,Stock,True,2026-05-08,,,0c7dae836640454d93af
NODK,NASDAQ,"NI Holdings, Inc. - Common Stock",Stock,True,2026-05-08,,,b41ec67c5be0bf833fdc
NOEM,NASDAQ,CO2 Energy Transition Corp. - Common Stock,Stock,True,2026-05-08,,,f44eea70d94ec3d328f0
NOEMR,NASDAQ,CO2 Energy Transition Corp. - Right,Stock,True,2026-05-08,,,51eef1f100fc5d59e0aa
NOEMU,NASDAQ,CO2 Energy Transition Corp. - Unit,Stock,True,2026-05-08,,,d7592437fe6c66ce34e3
NOEMW,NASDAQ,CO2 Energy Transition Corp. - Warrant,Stock,True,2026-05-08,,,ff939a88fb11dd91e6a2
NOMA,NASDAQ,NOMADAR Corp. - Class A Common Stock,Stock,True,2026-05-08,,,4319134abe202e48e5e0
NOTV,NASDAQ,"Inotiv, Inc. - Common Stock",Stock,False,2026-05-08,2026-06-11,Missing from current NASDAQ source snapshot; reason unavailable,e269fb44d71137481cc2
NOVT,NASDAQ,Novanta Inc. - Common Shares,Stock,True,2026-05-08,,,bdaa9465f341420218d0
NOVTU,NASDAQ,Novanta Inc. - Tangible Equity Units,Stock,True,2026-05-08,,,51ba4f697eb030e65d05
NOWL,NASDAQ,GraniteShares 2x Long NOW Daily ETF,ETF,True,2026-05-08,,,380b3c715f146f397b60
NPAC,NASDAQ,New Providence Acquisition Corp. III - Ordinary Shares,Stock,True,2026-05-08,,,88154874dc85855abbe8
NPACU,NASDAQ,New Providence Acquisition Corp. III - Units,Stock,True,2026-05-08,,,ce184b997b656eca3c29
NPACW,NASDAQ,New Providence Acquisition Corp. III - Warrants,Stock,True,2026-05-08,,,ae54a79d5872f382c3f9
NPCE,NASDAQ,"Neuropace, Inc. - Common Stock",Stock,True,2026-05-08,,,27a66e494234f4fd816a
NPFI,NASDAQ,Nuveen Preferred and Income ETF,ETF,True,2026-05-08,,,d94c778e2583183e0ea2
NPT,NASDAQ,Texxon Holding Limited - Ordinary shares,Stock,True,2026-05-08,,,d4769cd22d351446eecc
NRC,NASDAQ,NRC Health - Common Stock,Stock,True,2026-05-08,,,101ec3d78c0050b80d39
NRDS,NASDAQ,"NerdWallet, Inc. - Class A Common Stock",Stock,True,2026-05-08,,,2654d329f7415d35c0be
NRES,NASDAQ,Xtrackers RREEF Global Natural Resources ETF,ETF,True,2026-05-08,,,3f324e80a9c472a8a761
NRIM,NASDAQ,Northrim BanCorp Inc - Common Stock,Stock,True,2026-05-08,,,bdd47ef4930c91827b97
NRIX,NASDAQ,"Nurix Therapeutics, Inc. - Common stock",Stock,True,2026-05-08,,,d3b47fb2fecca640dd17
NRSN,NASDAQ,NeuroSense Therapeutics Ltd. - Ordinary Shares,Stock,True,2026-05-08,,,ebee6c16241020a809dc
NRSNW,NASDAQ,NeuroSense Therapeutics Ltd. - Warrant,Stock,True,2026-05-08,,,28a73cf232ff5d18360d
NRXP,NASDAQ,"NRX Pharmaceuticals, Inc. - Common Stock",Stock,True,2026-05-08,,,04c83a8b17d58fe65a7c
NRXPW,NASDAQ,"NRX Pharmaceuticals, Inc. - Warrant",Stock,False,2026-05-08,2026-05-26,Missing from current NASDAQ source snapshot; reason unavailable,4a945452581760b73e90
NSI,NASDAQ,National Security Emerging Markets Index ETF,ETF,True,2026-05-08,,,0b0aacc0e892aaf3aa79
NSIT,NASDAQ,"Insight Enterprises, Inc. - Common Stock",Stock,True,2026-05-08,,,4fd2da27e0d69b151b5b
NSLR,NASDAQ,Neostellar Capital Corp. - Closed End Fund,Stock,True,2026-07-01,,,15f61c1a366119249d0d
NSLRL,NASDAQ,Neostellar Capital Corp. - 6.00% Notes due 2026,Stock,True,2026-07-01,,,23adfda43750ef1b6f6b
NSPR,NASDAQ,InspireMD Inc. - Common Stock,Stock,True,2026-05-08,,,75960896065ec77f276b
NSSC,NASDAQ,"NAPCO Security Technologies, Inc. - Common Stock",Stock,True,2026-05-08,,,e33e9c63d6def64b492f
NSTS,NASDAQ,"NSTS Bancorp, Inc. - Common Stock",Stock,True,2026-05-08,,,455ca8f433da9e73b4cf
NSYS,NASDAQ,Nortech Systems Incorporated - Common Stock,Stock,True,2026-05-08,,,24399a59deda6d6994c4
NTAL,NASDAQ,GraniteShares 2x Long NTAP Daily ETF,ETF,True,2026-07-14,,,17915d54cbae3c707075
NTAP,NASDAQ,"NetApp, Inc. - Common Stock",Stock,True,2026-05-08,,,bbc20482cef99ffbd68e
NTCL,NASDAQ,NETCLASS TECHNOLOGY INC - Class A Ordinary Shares,Stock,True,2026-05-08,,,bf9f5a7b9aa55b8ed388
NTCT,NASDAQ,"NetScout Systems, Inc. - Common Stock",Stock,True,2026-05-08,,,e18c00845f6a61ed4c33
NTES,NASDAQ,"NetEase, Inc. - American Depositary Shares, each representing 5 ordinary shares",Stock,True,2026-05-08,,,41d5c89cbde4e782c12f
NTGR,NASDAQ,"NETGEAR, Inc. - Common Stock",Stock,True,2026-05-08,,,4d39ef4f849b86b30b6c
NTHI,NASDAQ,"NeOnc Technologies Holdings, Inc. - Common Stock",Stock,True,2026-05-08,,,7bab786d3a0ab19f4fd3
NTIC,NASDAQ,Northern Technologies International Corporation - Common Stock,Stock,True,2026-05-08,,,cb9c71b21c739d9c0d85
NTLA,NASDAQ,"Intellia Therapeutics, Inc. - Common Stock",Stock,True,2026-05-08,,,c4f26b12d8c13e45de3c
NTNX,NASDAQ,"Nutanix, Inc. - Class A Common Stock",Stock,True,2026-05-08,,,1bf8e0d158fbff61987e
NTRA,NASDAQ,"Natera, Inc. - Common Stock",Stock,True,2026-05-08,,,15c87d37531d80d6c8d7
NTRB,NASDAQ,Nutriband Inc. - Common Stock,Stock,True,2026-05-08,,,5c25dca2cfc4add84c14
NTRBW,NASDAQ,Nutriband Inc. - Warrant,Stock,True,2026-05-08,,,f00845edac48ededb888
NTRP,NASDAQ,"NextTrip, Inc. - Common Stock",Stock,True,2026-05-08,,,cbb735a7fc49488d7179
NTRS,NASDAQ,Northern Trust Corporation - Common Stock,Stock,True,2026-05-08,,,6456d85e745ded535e6c
NTRSO,NASDAQ,"Northern Trust Corporation - Depositary Shares Each Representing a 1/1,000th Interest in a Share of Series E Non-Cumulative Perpetual Preferred Stock",Stock,True,2026-05-08,,,faeed4d6f74e1dcb8e30
NTSK,NASDAQ,"Netskope, Inc. - Class A Common Stock",Stock,True,2026-05-08,,,2e981f23fd652b157492
NTWK,NASDAQ,NETSOL Technologies Inc. - Common Stock,Stock,True,2026-05-08,,,90dd171f053cb2ad5c84
NTWO,NASDAQ,Newbury Street II Acquisition Corp - Class A Ordinary Shares,Stock,True,2026-05-08,,,93013d5e54f2dfc9b111
NTWOU,NASDAQ,Newbury Street II Acquisition Corp - Unit,Stock,True,2026-05-08,,,e73b401d9b5cc727d3c2
NTWOW,NASDAQ,Newbury Street II Acquisition Corp - Warrant,Stock,True,2026-05-08,,,cfe01cd873655c11d813
NUAI,NASDAQ,"New Era Energy & Digital, Inc. - Common Stock",Stock,True,2026-05-08,,,c6e0e2e8e3cefffdfcf2
NUAIW,NASDAQ,"New Era Energy & Digital, Inc. - Warrants",Stock,True,2026-05-08,,,d6fb3512cce1c882bf6f
NUCL,NASDAQ,Eagle Nuclear Energy Corp. - Common stock,Stock,True,2026-05-08,,,c59d4c22d0ab5d049be0
NUCLW,NASDAQ,Eagle Nuclear Energy Corp. - Warrants,Stock,True,2026-05-08,,,f16d34351046c81b3541
NUG,NASDAQ,Leverage Shares 2X Long NU Daily ETF,ETF,True,2026-05-08,,,8a2ceee9908c14aa5aa5
NUGY,NASDAQ,GraniteShares YieldBOOST Gold Miners ETF,ETF,True,2026-05-08,,,76a3c391fc79e7a8c6e9
NUIF,NASDAQ,Nuveen US Infrastructure ETF,ETF,True,2026-06-18,,,f6235b303af7d048ba5b
NUSB,NASDAQ,Nuveen Ultra Short Income ETF,ETF,True,2026-05-08,,,0e6d00e395bf018f193a
NUTR,NASDAQ,Nusatrip Incorporated - Common Stock,Stock,True,2026-05-08,,,b7d657eec10068b6ec78
NUTX,NASDAQ,Nutex Health Inc. - Common Stock,Stock,True,2026-05-08,,,06a0a8a5a6ad808c1831
NUVL,NASDAQ,"Nuvalent, Inc. - Class A Common Stock",Stock,False,2026-05-08,2026-07-16,Missing from current NASDAQ source snapshot; reason unavailable,305e07cfc35321edf789
NUWE,NASDAQ,"Nuwellis, Inc. - Common Stock",Stock,True,2026-05-08,,,90f300d8b68aa4c6fd2c
NVA,NASDAQ,Nova Minerals Limited - American Depositary Shares,Stock,False,2026-05-08,2026-06-04,Missing from current NASDAQ source snapshot; reason unavailable,1090e3e4cf262dbdd0bb
NVAWW,NASDAQ,Nova Minerals Limited - Warrant,Stock,False,2026-05-08,2026-06-04,Missing from current NASDAQ source snapshot; reason unavailable,b75651dc41f81dacef56
NVAX,NASDAQ,"Novavax, Inc. - Common Stock",Stock,True,2026-05-08,,,85571745eddfee4c87fd
NVCR,NASDAQ,NovoCure Limited - Ordinary Shares,Stock,True,2026-05-08,,,8d6245c4c9d8d4822808
NVCT,NASDAQ,"Nuvectis Pharma, Inc. - Common Stock",Stock,True,2026-05-08,,,b8cba11275daba979886
NVD,NASDAQ,GraniteShares 2x Short NVDA Daily ETF,ETF,True,2026-05-08,,,48db8f024cfefe763940
NVDA,NASDAQ,NVIDIA Corporation - Common Stock,Stock,True,2026-05-08,,,8efd9856daa4d21878ea
NVDD,NASDAQ,Direxion Daily NVDA Bear 1X ETF,ETF,True,2026-05-08,,,425453a23e65391ad267
NVDG,NASDAQ,Leverage Shares 2X Long NVDA Daily ETF,ETF,True,2026-05-08,,,dbeaa80ccd7d1401ec7e
NVDL,NASDAQ,GraniteShares 2x Long NVDA Daily ETF,ETF,True,2026-05-08,,,458e5d37d9cd46af605c
NVDS,NASDAQ,Tradr 1.5X Short NVDA Daily ETF,ETF,True,2026-05-08,,,5b3ffc10c2598e244b16
NVDU,NASDAQ,Direxion Daily NVDA Bull 2X ETF,ETF,True,2026-05-08,,,6c4d1186468c9b76bdcb
NVEC,NASDAQ,NVE Corporation - Common Stock,Stock,True,2026-05-08,,,979aed59c8c3c75403c5
NVMI,NASDAQ,Nova Ltd. - Ordinary Shares,Stock,True,2026-05-08,,,c376cb63eb57b2dbbf95
NVNI,NASDAQ,Nvni Group Limited - Ordinary Shares,Stock,True,2026-05-08,,,d07fdc124e1e96d53155
NVNIW,NASDAQ,Nvni Group Limited - Warrants,Stock,True,2026-05-08,,,73a232dad06d4e6c639a
NVNO,NASDAQ,enVVeno Medical Corporation - Common Stock,Stock,True,2026-05-08,,,d841ad091d602ad0823e
NVPS,NASDAQ,PurePlay Nvidia Ecosystem Picks & Shovels Index ETF,ETF,True,2026-06-18,,,19136944e37f495be9ee
NVTS,NASDAQ,Navitas Semiconductor Corporation - Common Stock,Stock,True,2026-05-08,,,90d42527383c38f5bb59
NVVE,NASDAQ,Nuvve Holding Corp. - Common Stock,Stock,True,2026-05-08,,,6839d0b007192a10f04f
NVX,NASDAQ,NOVONIX Limited - American Depository Shares,Stock,True,2026-05-08,,,6d1e9dc2378deada8734
NVYY,NASDAQ,GraniteShares YieldBOOST NVDA ETF,ETF,True,2026-05-08,,,255502704600ff3dfb57
NWBI,NASDAQ,"Northwest Bancshares, Inc. - Common Stock",Stock,True,2026-05-08,,,29dcd32c108e1bad4813
NWE,NASDAQ,"NorthWestern Energy Group, Inc. - Common Stock",Stock,True,2026-05-08,,,535ee405e5572e3be5d0
NWFL,NASDAQ,Norwood Financial Corp. - Common Stock,Stock,True,2026-05-08,,,b9effbdb2b049db9bf82
NWGL,NASDAQ,CL Workshop Group Limited - American Depositary Shares,Stock,True,2026-05-08,,,e46ae293b4fcf54785ea
NWL,NASDAQ,Newell Brands Inc. - Common Stock,Stock,True,2026-05-08,,,1de2b41c3e3d59c210b1
NWPX,NASDAQ,"NWPX Infrastructure, Inc. - Common Stock",Stock,True,2026-05-08,,,c8a31d45534361f24b9f
NWS,NASDAQ,News Corporation - Class B Common Stock,Stock,True,2026-05-08,,,57583e4e9a0b88bb2425
NWSA,NASDAQ,News Corporation - Class A Common Stock,Stock,True,2026-05-08,,,146d9db238078782999a
NWTG,NASDAQ,"Newton Golf Company, Inc. - Common Stock",Stock,True,2026-05-08,,,8b3ce474615a68054a62
NXGL,NASDAQ,"NexGel, Inc - Common Stock",Stock,True,2026-05-08,,,40822e8cebe559d498b2
NXGLW,NASDAQ,"NexGel, Inc - Warrant",Stock,True,2026-05-08,,,0fd920e7f5d9cc926fb0
NXL,NASDAQ,"Nexalin Technology, Inc. - Common Stock",Stock,True,2026-05-08,,,67e30d403c5edf3e4012
NXPI,NASDAQ,NXP Semiconductors N.V. - Common Stock,Stock,True,2026-05-08,,,0ccc8863dc2d7d693989
NXPL,NASDAQ,NextPlat Corp - Common Stock,Stock,True,2026-05-08,,,fda1ec5ef8a103bf66ec
NXPLW,NASDAQ,NextPlat Corp - Warrants,Stock,False,2026-05-08,2026-06-03,Missing from current NASDAQ source snapshot; reason unavailable,10e200eee9198ed7bae6
NXST,NASDAQ,"Nexstar Media Group, Inc. - Common Stock",Stock,True,2026-05-08,,,60dc4706da0fb9c2f6fc
NXT,NASDAQ,Nextpower Inc. - Class A Common Stock,Stock,True,2026-05-08,,,51225fa05aafa3d9f895
NXTC,NASDAQ,"NextCure, Inc. - Common Stock",Stock,True,2026-05-08,,,ebbd6d40c45d493cea82
NXTG,NASDAQ,First Trust Indxx NextG ETF,ETF,True,2026-05-08,,,666e96721e3482899683
NXTS,NASDAQ,Nexentis Technologies Inc. - Common Stock,Stock,True,2026-05-08,,,e17602c00950c6e0c3fe
NXTT,NASDAQ,Next Technology Holding Inc. - Ordinary Shares,Stock,True,2026-05-08,,,7a068e2f1814dd719270
NXXT,NASDAQ,"NextNRG, Inc. - Common Stock",Stock,True,2026-05-08,,,3f0bd31e4bfa7005b5a0
NYAX,NASDAQ,Nayax Ltd. - Ordinary Shares,Stock,True,2026-05-08,,,d9a384284cf31dd0bec3
NYXH,NASDAQ,Nyxoah SA - Ordinary Shares,Stock,True,2026-05-08,,,d644aec9e1fad43393ac
NZAC,NASDAQ,State Street SPDR MSCI ACWI Climate Paris Aligned ETF,ETF,True,2026-05-08,,,6c5e509c9516ab908b7b
NZUS,NASDAQ,State Street SPDR MSCI USA Climate Paris Aligned ETF,ETF,False,2026-05-08,2026-05-13,Missing from current NASDAQ source snapshot; reason unavailable,097ffe5774256ce38a6a
OABI,NASDAQ,"OmniAb, Inc. - Common Stock",Stock,True,2026-05-08,,,a47576f0109a7a0e5c39
OABIW,NASDAQ,"OmniAb, Inc. - Warrant",Stock,True,2026-05-08,,,35107d5c4f07be30d965
OACC,NASDAQ,Oaktree Acquisition Corp. III Life Sciences - Class A Ordinary Share,Stock,True,2026-05-08,,,ea9e942e6ed56ec03568
OACCU,NASDAQ,Oaktree Acquisition Corp. III Life Sciences - Unit,Stock,True,2026-05-08,,,247802632091c8bd76d6
OACCW,NASDAQ,Oaktree Acquisition Corp. III Life Sciences - Warrant,Stock,True,2026-05-08,,,633bad2705527e66332e
OBA,NASDAQ,Oxley Bridge Acquisition Limited - Class A Ordinary Shares,Stock,True,2026-05-08,,,d58bb1005ab095aaab41
OBAI,NASDAQ,"Our Bond, Inc. - Common Stock",Stock,True,2026-05-08,,,09c91bbc90b2e6091de9
OBAWU,NASDAQ,Oxley Bridge Acquisition Limited - Unit,Stock,True,2026-05-08,,,696946344142d897ad51
OBAWW,NASDAQ,Oxley Bridge Acquisition Limited - Warrants,Stock,True,2026-05-08,,,27c56a28d77a99735a49
OBIL,NASDAQ,US Treasury 12 Month Bill ETF,ETF,True,2026-05-08,,,121e1c102e1dd3149325
OBIO,NASDAQ,"Orchestra BioMed Holdings, Inc. - Ordinary Shares",Stock,True,2026-05-08,,,200365ae507f8972cee0
OBT,NASDAQ,"Orange County Bancorp, Inc. - Common Stock",Stock,True,2026-05-08,,,072ef33cfe26722630e6
OBTC,NASDAQ,Osprey Bitcoin Trust,ETF,True,2026-05-08,,,f573617a08550f8d57a4
OCC,NASDAQ,Optical Cable Corporation - Common Stock,Stock,True,2026-05-08,,,7007f35dd99ec81ac044
OCCI,NASDAQ,"OFS Credit Company, Inc. - Closed End Fund",Stock,True,2026-05-08,,,a905391455ac7cd4b9ae
OCCIM,NASDAQ,"OFS Credit Company, Inc. - 7.875% Series F Term Preferred Stock",Stock,True,2026-05-08,,,427b310ed6557c30bbad
OCCIN,NASDAQ,"OFS Credit Company, Inc. - 5.25% Series E Term Preferred Stock Due 2026",Stock,True,2026-05-08,,,c3de9b7b040d90ce0a7b
OCFC,NASDAQ,OceanFirst Financial Corp. - Common Stock,Stock,True,2026-05-08,,,52d8994363d1d5044ca8
OCG,NASDAQ,Oriental Culture Holding LTD - Ordinary Shares,Stock,True,2026-05-08,,,e9dff292415f3384ce87
OCGN,NASDAQ,"Ocugen, Inc. - Common Stock",Stock,True,2026-05-08,,,88d80fd6549401ecc141
OCS,NASDAQ,Oculis Holding AG - Ordinary shares,Stock,True,2026-05-08,,,7e58c421064f6e89fb6a
OCSAW,NASDAQ,Oculis Holding AG - Warrants,Stock,True,2026-05-08,,,6405cc9c61d6fe6f30d2
OCSL,NASDAQ,Oaktree Specialty Lending Corporation - Closed End Fund,Stock,True,2026-05-08,,,d8aba94821d05bbdefca
OCTV,NASDAQ,Octave Intelligence plc - Class B Ordinary Shares,Stock,True,2026-05-28,,,3e02e403047fdda007ef
OCTVV,NASDAQ,Octave Intelligence plc - Class B Ordinary Shares When Issued,Stock,False,2026-05-21,2026-05-28,Missing from current NASDAQ source snapshot; reason unavailable,843130e9fe656ab11d48
OCUL,NASDAQ,"Ocular Therapeutix, Inc. - Common Stock",Stock,True,2026-05-08,,,9ffda6cbb027ea1d5fcd
ODD,NASDAQ,ODDITY Tech Ltd. - Class A Ordinary Shares,Stock,True,2026-05-08,,,c70e8718800a11a1f0ca
ODDS,NASDAQ,Pacer BlueStar Digital Entertainment ETF,ETF,True,2026-05-08,,,fcd8c970e36f208ebcd5
ODFL,NASDAQ,"Old Dominion Freight Line, Inc. - Common Stock",Stock,True,2026-05-08,,,9c19ea67c13bc036a800
ODTE,NASDAQ,VegaShares SPX NDX RTY Premium Income ETF,ETF,True,2026-05-08,,,fe47fefc6ad9cd3e47ee
ODTX,NASDAQ,"Odyssey Therapeutics, Inc. - Common Stock",Stock,True,2026-05-08,,,9df010759fb10f65f8f2
ODVWZ,NASDAQ,Osisko Development Corp. - Warrant,Stock,False,2026-05-08,2026-07-20,Missing from current NASDAQ source snapshot; reason unavailable,a2937cc8a3fe5dd982ef
ODYS,NASDAQ,Odysight.ai Inc. - Common Stock,Stock,True,2026-05-08,,,f3f9b15cc429d211f4ef
OESX,NASDAQ,"Orion Energy Systems, Inc. - Common Stock",Stock,True,2026-05-08,,,736907f1bf3c64a97f8a
OFAL,NASDAQ,OFA Group - Class A Ordinary Shares,Stock,True,2026-05-08,,,958644e6a2a441fb0aca
OFIX,NASDAQ,Orthofix Medical Inc. - Common Stock,Stock,True,2026-05-08,,,87240b5aaf7ffb7aa509
OFLX,NASDAQ,"Omega Flex, Inc. - Common Stock",Stock,True,2026-05-08,,,4cfc48a342c24fef4054
OFS,NASDAQ,OFS Capital Corporation - Closed End Fund,Stock,True,2026-05-08,,,3f02ab942f908dcf15f0
OFSSH,NASDAQ,OFS Capital Corporation - 4.95% Notes due 2028,Stock,True,2026-05-08,,,53487de7d8071e3f5973
OFSSO,NASDAQ,OFS Capital Corporation - 7.50% Notes due 2028,Stock,True,2026-05-08,,,77adf3a0a917bb2e05f8
OGGWZ,NASDAQ,Osisko Gold Group Inc. - Warrant,Stock,True,2026-07-20,,,3791a32930663b4970dc
OGI,NASDAQ,Organigram Global Inc. - Common Shares,Stock,True,2026-05-08,,,293f1eba7b79d93cc96c
OHAC,NASDAQ,Oceanhawk Acquisition Corp. - Class A Ordinary Shares,Stock,True,2026-06-05,,,f4e07045c7eea08a622d
OHACR,NASDAQ,Oceanhawk Acquisition Corp. - Rights,Stock,True,2026-06-05,,,260b911a3b841cea944b
OHACU,NASDAQ,Oceanhawk Acquisition Corp. - Units,Stock,True,2026-05-21,,,cb2dacd54b871d13767a
OIM,NASDAQ,OneIM Acquisition Corp. - Class A Ordinary Shares,Stock,True,2026-05-08,,,400d7c7f09d4b947f89a
OIMAU,NASDAQ,OneIM Acquisition Corp. - Units,Stock,True,2026-05-08,,,47a3a95c6abd3c6dd09f
OIMAW,NASDAQ,OneIM Acquisition Corp. - Warrant,Stock,True,2026-05-08,,,443dafea75b7ad73986a
OIO,NASDAQ,OIO Group - Ordinary Shares,Stock,True,2026-05-08,,,70f1a56391dbbc5bf7f7
OIOWW,NASDAQ,OIO Group - Warrants,Stock,True,2026-05-08,,,2d26e661864e03985c80
OKLL,NASDAQ,Defiance Daily Target 2x Long OKLO ETF,ETF,True,2026-05-08,,,5520199833823fc0f8cb
OKTA,NASDAQ,"Okta, Inc. - Class A Common Stock",Stock,True,2026-05-08,,,aade8acbc4a090e67e15
OKTG,NASDAQ,Leverage Shares 2X Long OKTA Daily ETF,ETF,True,2026-05-08,,,04c76eba78ac36bb3b9b
OKUR,NASDAQ,"OnKure Therapeutics, Inc. - Class A Common Stock",Stock,True,2026-05-08,,,7c65dc74f9c67a1d1ec6
OKYO,NASDAQ,OKYO Pharma Limited - Ordinary Shares,Stock,True,2026-05-08,,,91454c765e9edd930310
OLB,NASDAQ,"The OLB Group, Inc. - Common Stock",Stock,True,2026-05-08,,,1ce8831c71f4749578c0
OLED,NASDAQ,Universal Display Corporation - Common Stock,Stock,True,2026-05-08,,,79b3a6c8c03edc7a8ef3
OLLI,NASDAQ,"Ollie's Bargain Outlet Holdings, Inc. - Common Stock",Stock,True,2026-05-08,,,857fec0130db68f36948
OLMA,NASDAQ,"Olema Pharmaceuticals, Inc. - Common Stock",Stock,True,2026-05-08,,,1f48eb61242a51df7844
OLOX,NASDAQ,Olenox Industries Inc. - Common Stock,Stock,True,2026-05-08,,,54f77ce2ae761ed23016
OLPX,NASDAQ,"Olaplex Holdings, Inc. - Common Stock",Stock,False,2026-05-08,2026-07-08,Missing from current NASDAQ source snapshot; reason unavailable,9df33cba7db56af555a7
OM,NASDAQ,"Outset Medical, Inc. - Common Stock",Stock,True,2026-05-08,,,d53b7758bf0a457a7bfd
OMAB,NASDAQ,Grupo Aeroportuario del Centro Norte S.A.B. de C.V. - American Depositary Shares each representing 8 Series B shares,Stock,True,2026-05-08,,,1e57622c369a395c49c1
OMCL,NASDAQ,"Omnicell, Inc. - Common Stock",Stock,True,2026-05-08,,,845eca3127828626a49e
OMDA,NASDAQ,"Omada Health, Inc. - Common Stock",Stock,True,2026-05-08,,,fe99c6e8904362a19e49
OMER,NASDAQ,Omeros Corporation - Common Stock,Stock,True,2026-05-08,,,582317cfde7d58e01850
OMEX,NASDAQ,"Odyssey Marine Exploration, Inc. - Common Stock",Stock,True,2026-05-08,,,ccc3d63c8d54d0f541f5
OMH,NASDAQ,Ohmyhome Limited - Class A Ordinary Shares,Stock,True,2026-05-08,,,4e902b965255a66d55c1
OMSE,NASDAQ,OMS Energy Technologies Inc. - Ordinary Shares,Stock,True,2026-05-08,,,0b3dfe1b4e79d69f0b2d
ON,NASDAQ,ON Semiconductor Corporation - Common Stock,Stock,True,2026-05-08,,,22cf3e6103e39042bbda
ONB,NASDAQ,Old National Bancorp - Common Stock,Stock,True,2026-05-08,,,3533b6a86f7af08204f6
ONBPO,NASDAQ,"Old National Bancorp - Depositary Shares, Each Representing a 1/40th Interest in a Share of Series C Preferred Stock",Stock,True,2026-05-08,,,f43adf55fa665116c0f0
ONBPP,NASDAQ,"Old National Bancorp - Depositary Shares, Each Representing a 1/40th Interest in a Share of Series A Preferred Stock",Stock,True,2026-05-08,,,b41f0a148a023faea3a5
ONC,NASDAQ,BeOne Medicines Ltd. - American Depositary Shares,Stock,True,2026-05-08,,,35bced4fb5d44b1ef008
ONCH,NASDAQ,1RT Acquisition Corp. - Class A Ordinary Share,Stock,True,2026-05-08,,,88fcc5299f789973753d
ONCHU,NASDAQ,1RT Acquisition Corp. - Units,Stock,True,2026-05-08,,,d37a4cc6b737d68759fa
ONCHW,NASDAQ,1RT Acquisition Corp. - Warrant,Stock,True,2026-05-08,,,5ba37b62665cd40dcd2d
ONCO,NASDAQ,"Onconetix, Inc. - Common Stock",Stock,True,2026-05-08,,,c45613bf551614a5325e
ONCY,NASDAQ,Oncolytics Biotech Inc. - Common Stock,Stock,True,2026-05-08,,,d3230c7e4857d1fbf8c2
ONDG,NASDAQ,Leverage Shares 2X Long ONDS Daily ETF,ETF,True,2026-05-08,,,5187a3b5ef7fb45e4e16
ONDS,NASDAQ,Ondas Inc - Common Stock,Stock,True,2026-05-08,,,28e3c518fde4781a4550
ONEG,NASDAQ,OneConstruction Group Limited - Ordinary Shares,Stock,True,2026-05-08,,,eae15f8855deb2f4e90c
ONEQ,NASDAQ,Fidelity Nasdaq Composite Index ETF,ETF,True,2026-05-08,,,d8fa1cfbf410a059c5d6
ONEW,NASDAQ,OneWater Marine Inc. - Class A Common Stock,Stock,True,2026-05-08,,,e79c48505d663d9debb6
ONFO,NASDAQ,Onfolio Holdings Inc. - Common Stock,Stock,True,2026-05-08,,,088864692b1d01a81f4d
ONFOW,NASDAQ,Onfolio Holdings Inc. - Warrant,Stock,True,2026-05-08,,,2e4c57b92d545ffc87ee
ONMD,NASDAQ,OneMedNet Corp - Class A Common Stock,Stock,True,2026-05-08,,,d2da53a8b2ab9f568417
ONMDW,NASDAQ,OneMedNet Corp - Warrant,Stock,True,2026-05-08,,,6f5e2b219f1a4f0c4fbb
OPAL,NASDAQ,OPAL Fuels Inc. - Class A Common Stock,Stock,True,2026-05-08,,,d1bc23544e7fcacb4a34
OPBK,NASDAQ,OP Bancorp - Common Stock,Stock,True,2026-05-08,,,4831865fb61cc2ac8610
OPCH,NASDAQ,"Option Care Health, Inc. - Common Stock",Stock,True,2026-05-08,,,7feba12bc12e173fc88b
OPEG,NASDAQ,Leverage Shares 2X Long OPEN Daily ETF,ETF,True,2026-05-08,,,1422d6832b252dfa96a4
OPEN,NASDAQ,Opendoor Technologies Inc - Common Stock,Stock,True,2026-05-08,,,122707238879066c4fe8
OPENL,NASDAQ,"Opendoor Technologies Inc - Series A Warrants, each whole warrant exercisable to purchase one share of Common Stock at an exercise price of $13.00 per warrant",Stock,True,2026-05-08,,,e841381f3d3b1b3e857f
OPENW,NASDAQ,"Opendoor Technologies Inc - Series K Warrants, each whole warrant exercisable to purchase one share of Common Stock at an exercise price of $9.00 per warrant",Stock,True,2026-05-08,,,bb591744ab50130bd1f8
OPENZ,NASDAQ,"Opendoor Technologies Inc - Series Z Warrants, each whole warrant exercisable to purchase one share of Common Stock at an exercise price of $17.00 per warrant",Stock,True,2026-05-08,,,59601d8d2639b8bfc9f7
OPI,NASDAQ,Office Properties Income Trust - Common shares of beneficial interest,Stock,True,2026-06-18,,,b0f199a449ed60363c34
OPK,NASDAQ,"Opko Health, Inc. - Common Stock",Stock,True,2026-05-08,,,ecef345672a5a1b9328f
OPPJ,NASDAQ,WisdomTree Japan Opportunities Fund,ETF,True,2026-05-08,,,2bafe00ccbbfd196a20e
OPRA,NASDAQ,Opera Limited - American Depositary Shares,Stock,True,2026-05-08,,,0fc71d7059eab5026dfe
OPRT,NASDAQ,Oportun Financial Corporation - common stock,Stock,True,2026-05-08,,,7e72e243144fc7ba8045
OPRX,NASDAQ,OptimizeRx Corporation - Common Stock,Stock,True,2026-05-08,,,a32fbb0dfbce10bbea2a
OPTH,NASDAQ,Optimi Health Corp. - Common Shares,Stock,True,2026-05-20,,,4019b9edcc5e1fe460a7
OPTX,NASDAQ,"Syntec Optics Holdings, Inc. - Class A Common Stock",Stock,True,2026-05-08,,,45b0677c1e679ca483e3
OPTXW,NASDAQ,"Syntec Optics Holdings, Inc. - Warrant",Stock,True,2026-05-08,,,c2685804b2801392fee4
OPTZ,NASDAQ,Optimize Strategy Index ETF,ETF,True,2026-05-08,,,e7a847f68614e8f86e00
OPXS,NASDAQ,"Optex Systems Holdings, Inc. - Common Stock",Stock,True,2026-05-08,,,5eecfafeb00e41a1c073
ORBS,NASDAQ,Eightco Holdings Inc. - Common Stock,Stock,True,2026-05-08,,,3f4bded246b0f334ca79
ORBX,NASDAQ,Global X Space Tech ETF,ETF,True,2026-05-08,,,74968604f4320f25aad7
ORCS,NASDAQ,Direxion Daily ORCL Bear 1X ETF,ETF,True,2026-05-08,,,e90875308c356abb2a38
ORCU,NASDAQ,Direxion Daily ORCL Bull 2X ETF,ETF,True,2026-05-08,,,e30b222ec9b7cd05103a
ORCX,NASDAQ,Defiance Daily Target 2X Long ORCL ETF,ETF,True,2026-05-08,,,dc6bc12e82fc31346e7a
ORGN,NASDAQ,"Origin Materials, Inc. - Class A Common Stock",Stock,False,2026-05-08,2026-07-02,Missing from current NASDAQ source snapshot; reason unavailable,5ca2cce02891532f66f3
ORGNW,NASDAQ,"Origin Materials, Inc. - Warrant",Stock,False,2026-05-08,2026-06-24,Missing from current NASDAQ source snapshot; reason unavailable,fabd31e81594c0f50cd1
ORGO,NASDAQ,Organogenesis Holdings Inc. - Class A,Stock,True,2026-05-08,,,d1f72ac4bdcf03e88233
ORIC,NASDAQ,"Oric Pharmaceuticals, Inc. - Common Stock",Stock,True,2026-05-08,,,e2076c636f3bb58ffdc0
ORIO,NASDAQ,Orion Digital Corp. - Common Shares,Stock,True,2026-05-08,,,33f384faba38895c4233
ORIQ,NASDAQ,Origin Investment Corp I - Ordinary Shares,Stock,True,2026-05-08,,,b12eb69d1794b226915d
ORIQU,NASDAQ,Origin Investment Corp I - Units,Stock,True,2026-05-08,,,8bd4a4b5c727a605babb
ORIQW,NASDAQ,Origin Investment Corp I - Redeemable Warrant,Stock,True,2026-05-08,,,416e73ffe7d67ab8983f
ORIS,NASDAQ,Oriental Rise Holdings Limited - Ordinary Shares,Stock,False,2026-05-08,2026-06-24,Missing from current NASDAQ source snapshot; reason unavailable,64b9714ae3998831f1ef
ORKA,NASDAQ,"Oruka Therapeutics, Inc. - Common Stock",Stock,True,2026-05-08,,,709d8d21224bccac120c
ORKT,NASDAQ,Orangekloud Technology Inc. - Class A Ordinary Shares,Stock,True,2026-05-08,,,8cf464658174e7d084d7
ORLG,NASDAQ,Leverage Shares 2X Long ORLY Daily ETF,ETF,True,2026-05-08,,,f3ac6f3412274c4f64f9
ORLY,NASDAQ,"O'Reilly Automotive, Inc. - Common Stock",Stock,True,2026-05-08,,,0d9ffd10ab7802f0daeb
ORMP,NASDAQ,Oramed Pharmaceuticals Inc. - Common Stock,Stock,True,2026-05-08,,,edf4659671028957ba34
ORR,NASDAQ,Militia Long/Short Equity ETF,ETF,True,2026-05-08,,,07ffd8397e00143487ed
ORRF,NASDAQ,"Orrstown Financial Services, Inc. - Common Stock",Stock,True,2026-05-08,,,3bb067e0a173713bd53f
OSBC,NASDAQ,"Old Second Bancorp, Inc. - Common Stock",Stock,True,2026-05-08,,,d65c1edf0726e65b3eb1
OSCG,NASDAQ,Leverage Shares 2X Long OSCR Daily ETF,ETF,True,2026-05-08,,,a36159c2a31583875981
OSCX,NASDAQ,Defiance Daily Target 2x Long OSCR ETF,ETF,True,2026-05-08,,,9b055e9f63ee5bfb0648
OSIS,NASDAQ,"OSI Systems, Inc. - Common Stock",Stock,True,2026-05-08,,,b6c0335d121b53be1cf6
OSPN,NASDAQ,OneSpan Inc. - Common Stock,Stock,True,2026-05-08,,,945169c7344cb6396850
OSPRU,NASDAQ,Osprey Acquisition Corp. III - Units,Stock,True,2026-07-01,,,2cb77a20dd40da505023
OSRH,NASDAQ,"OSR Holdings, Inc. - Common Stock",Stock,False,2026-05-08,2026-06-23,Listing metadata changed,627d25c7c145245f3c34
OSRH,NASDAQ,"OSR Health, Inc. - Common Stock",Stock,True,2026-06-23,,,3f561cf3b4ba4ee0fd4a
OSRHW,NASDAQ,"OSR Holdings, Inc. - Warrant",Stock,False,2026-05-08,2026-06-23,Listing metadata changed,6286bd99800d338377f6
OSRHW,NASDAQ,"OSR Health, Inc. - Warrant",Stock,True,2026-06-23,,,b53418a3a15780faa1dd
OSS,NASDAQ,"One Stop Systems, Inc. - Common Stock",Stock,True,2026-05-08,,,d2e122eef7a83335f19b
OST,NASDAQ,"Ostin Technology Group Co., Ltd. - Class A Ordinary Shares",Stock,True,2026-05-08,,,4fe1e3ec4913cd403754
OSUR,NASDAQ,"OraSure Technologies, Inc. - Common Stock",Stock,True,2026-05-08,,,ed68eb17df3490a49255
OSW,NASDAQ,OneSpaWorld Holdings Limited - Common Shares,Stock,True,2026-05-08,,,c5735aa639a95195e15d
OTEX,NASDAQ,Open Text Corporation - Common Shares,Stock,True,2026-05-08,,,962710ee036af6990026
OTGA,NASDAQ,OTG Acquisition Corp. I - Class A Ordinary Share,Stock,True,2026-05-08,,,d71c629675fd22742ecc
OTGAU,NASDAQ,OTG Acquisition Corp. I - Unit,Stock,True,2026-05-08,,,102efd05429c00d9df18
OTGAW,NASDAQ,OTG Acquisition Corp. I - Warrants,Stock,True,2026-05-08,,,8301be678a7e1821dca0
OTGL,NASDAQ,OTG Latin America ETF,ETF,True,2026-05-08,,,ab9adb04a9071d700220
OTLK,NASDAQ,"Outlook Therapeutics, Inc. - Common Stock",Stock,True,2026-05-08,,,6cad073fee466d8adb64
OTLY,NASDAQ,Oatly Group AB - American Depositary Shares,Stock,True,2026-05-08,,,1f64565ba6d833753acd
OTTR,NASDAQ,Otter Tail Corporation - Common Stock,Stock,True,2026-05-08,,,3dbed5edf49854521fd1
OUST,NASDAQ,"Ouster, Inc. - Common Stock",Stock,True,2026-05-08,,,ec737d7e765ebea3ca8e
OVBC,NASDAQ,Ohio Valley Banc Corp. - Common Stock,Stock,True,2026-05-08,,,7492f39fc94f38cb1868
OVID,NASDAQ,Ovid Therapeutics Inc. - Common Stock,Stock,True,2026-05-08,,,590cc11a7d6504b22c81
OVLY,NASDAQ,Oak Valley Bancorp (CA) - Common Stock,Stock,True,2026-05-08,,,a2ac463ae16a648070b3
OWLS,NASDAQ,OBOOK Holdings Inc. - Class A Common Shares,Stock,True,2026-05-08,,,8736bd1d78200b803d20
OXBR,NASDAQ,Oxbridge Re Holdings Limited - Ordinary Shares,Stock,True,2026-05-08,,,4025b5b3fca005a6ca86
OXBRW,NASDAQ,Oxbridge Re Holdings Limited - Warrant,Stock,True,2026-05-08,,,66f393c6f31a5ce4332c
OXLC,NASDAQ,Oxford Lane Capital Corp. - Closed End Fund,Stock,True,2026-05-08,,,b6d7487955bf6633d185
OXLCG,NASDAQ,Oxford Lane Capital Corp. - 7.95% Notes due 2032,Stock,True,2026-05-08,,,43b7e371ba0df11b7686
OXLCI,NASDAQ,Oxford Lane Capital Corp. - 8.75% Notes due 2030,Stock,True,2026-05-08,,,fc0bf4a34d20b62d6223
OXLCL,NASDAQ,Oxford Lane Capital Corp. - 6.75% Notes due 2031,Stock,True,2026-05-08,,,ebc73b321a42dcddc680
OXLCM,NASDAQ,"Oxford Lane Capital Corp. - Preferred Stock Shares, 8.25% Series 2031",Stock,True,2026-05-08,,,c797479712b6c741f41b
OXLCN,NASDAQ,Oxford Lane Capital Corp. - 7.125% Series 2029 Term Preferred Stock,Stock,True,2026-05-08,,,b45f55acf798aac34f5b
OXLCO,NASDAQ,"Oxford Lane Capital Corp. - Preferred Stock Shares, 6.00% Series 2029",Stock,True,2026-05-08,,,84eea3832d10c297679f
OXLCP,NASDAQ,Oxford Lane Capital Corp. - 6.25% Series 2027 Term Preferred Shares,Stock,False,2026-05-08,2026-06-01,Missing from current NASDAQ source snapshot; reason unavailable,4b17a846918865801a44
OXLCZ,NASDAQ,Oxford Lane Capital Corp. - 5.00% Notes due 2027,Stock,True,2026-05-08,,,dce45fa999623a2dccc7
OXSQ,NASDAQ,Oxford Square Capital Corp. - Closed End Fund,Stock,True,2026-05-08,,,d51a7db34ec8d0ff5a2e
OXSQG,NASDAQ,Oxford Square Capital Corp. - 5.50% Notes due 2028,Stock,True,2026-05-08,,,04f579e54e2cd0cd48b2
OXSQH,NASDAQ,Oxford Square Capital Corp. - 7.75% Notes due 2030,Stock,True,2026-05-08,,,df0e1622b65f6f139b26
OYSE,NASDAQ,Oyster Enterprises II Acquisition Corp - Class A Ordinary Shares,Stock,True,2026-05-08,,,8570586d7c05e0d583b5
OYSER,NASDAQ,Oyster Enterprises II Acquisition Corp - Rights,Stock,True,2026-05-08,,,47a6e6e0f6ea4d180d4c
OYSEU,NASDAQ,Oyster Enterprises II Acquisition Corp - Units,Stock,True,2026-05-08,,,f1fb40b6290d623d2b6f
OZEM,NASDAQ,Roundhill GLP-1 & Weight Loss ETF,ETF,True,2026-05-08,,,29633082853213e2918c
OZK,NASDAQ,Bank OZK - Common Stock,Stock,True,2026-05-08,,,b6e58c1eb65518fd0fd9
OZKAP,NASDAQ,Bank OZK - 4.625% Series A Non-Cumulative Perpetual Preferred Stock,Stock,True,2026-05-08,,,3823150d55db1ef26ea8
PAA,NASDAQ,"Plains All American Pipeline, L.P. - Common Units representing Limited Partner Interests",Stock,True,2026-05-08,,,d3ab7a898bb65f7c3e61
PAAC,NASDAQ,Proem Acquisition Corp I - Ordinary Shares,Stock,True,2026-05-08,,,6a5828d0a9c60f0ebdda
PAACU,NASDAQ,Proem Acquisition Corp I - Units,Stock,True,2026-05-08,,,31a18119e833f3983816
PAACW,NASDAQ,Proem Acquisition Corp I - Warrants,Stock,True,2026-05-08,,,5695980319559ab1271e
PABD,NASDAQ,iShares Paris-Aligned Climate Optimized MSCI World ex USA ETF,ETF,True,2026-05-08,,,7d7e3eca47780503c054
PABU,NASDAQ,iShares Paris-Aligned Climate Optimized MSCI USA ETF,ETF,True,2026-05-08,,,ec12204502dc2d08b067
PACB,NASDAQ,"Pacific Biosciences of California, Inc. - Common Stock",Stock,True,2026-05-08,,,7c4a25998412a9932599
PACH,NASDAQ,Pioneer Acquisition I Corp - Class A Ordinary Shares,Stock,True,2026-05-08,,,80743815bc208654d190
PACHU,NASDAQ,Pioneer Acquisition I Corp - Units,Stock,True,2026-05-08,,,f554a4be134e2f2b9e80
PACHW,NASDAQ,Pioneer Acquisition I Corp - Warrants,Stock,True,2026-05-08,,,0825f77ab2c318ee78d7
PAGP,NASDAQ,"Plains GP Holdings, L.P. - Class A Shares representing limited partner interests",Stock,True,2026-05-08,,,81226da16104d38eae01
PAHC,NASDAQ,Phibro Animal Health Corporation - Class A Common Stock,Stock,True,2026-05-08,,,ff1a7a7d34134b3d7539
PAL,NASDAQ,"Proficient Auto Logistics, Inc. - Common Stock",Stock,True,2026-05-08,,,f1a4ddd924fa58b43a79
PALD,NASDAQ,Direxion Daily PANW Bear 1X ETF,ETF,True,2026-05-08,,,81124fcf7c834293d5e8
PALI,NASDAQ,"Palisade Bio, Inc. - Common Stock",Stock,True,2026-05-08,,,20bc6fe86d6ab2eb2f1e
PALO,NASDAQ,Paloma Acquisition Corp I - Class A Ordinary Shares,Stock,True,2026-05-08,,,bc7a6ca8c33f2ac741a7
PALOU,NASDAQ,Paloma Acquisition Corp I - Units,Stock,True,2026-05-08,,,5e8d6ed5bece3ab74709
PALOW,NASDAQ,Paloma Acquisition Corp I - Warrants,Stock,True,2026-05-08,,,72c0073b46fcc8a6f7b5
PALU,NASDAQ,Direxion Daily PANW Bull 2X ETF,ETF,True,2026-05-08,,,6aee9c7c77e1ced178db
PAMT,NASDAQ,PAMT CORP - Common Stock,Stock,True,2026-05-08,,,4ccaee67dd7ff903b7d1
PANG,NASDAQ,Leverage Shares 2X Long PANW Daily ETF,ETF,True,2026-05-08,,,4bd685df826a5b09b0a7
PANL,NASDAQ,Pangaea Logistics Solutions Ltd. - Common Stock,Stock,True,2026-05-08,,,a99689c0e790f949be0e
PANW,NASDAQ,"Palo Alto Networks, Inc. - Common Stock",Stock,True,2026-05-08,,,0777629d6b0f4aa319ab
PARK,NASDAQ,"Park Dental Partners, Inc. - Common Stock",Stock,True,2026-05-08,,,2df6a6d0970b07e1ffc9
PASG,NASDAQ,"Passage Bio, Inc. - Common Stock",Stock,True,2026-05-08,,,cb9f211f294dfd1774f2
PASW,NASDAQ,"Ping An Biomedical Co., Ltd. - Ordinary Shares",Stock,False,2026-05-08,2026-06-09,Listing metadata changed,7f27c18439bfbfb5c8c3
PASW,NASDAQ,"Ping An Biomedical Co., Ltd. - Class A Ordinary Shares",Stock,True,2026-06-09,,,c3ca8ebe66f2a5054ad6
PATK,NASDAQ,"Patrick Industries, Inc. - Common Stock",Stock,True,2026-05-08,,,ff204af0773c9994ee6e
PATN,NASDAQ,Pacer Nasdaq International Patent Leaders ETF,ETF,True,2026-05-08,,,f158e75ef8728eac24c3
PAVM,NASDAQ,PAVmed Inc. - Common Stock,Stock,True,2026-05-08,,,f13726dc9f1ab9468889
PAVS,NASDAQ,Paranovus Entertainment Technology Ltd. - Class A Ordinary Shares,Stock,True,2026-05-08,,,36c5d929f116569f8fdb
PAX,NASDAQ,Patria Investments Limited - Class A Common Shares,Stock,True,2026-05-08,,,6ab71b1519b30b6a24d5
PAYO,NASDAQ,Payoneer Global Inc. - Common Stock,Stock,True,2026-05-08,,,e2a8af5d15b9e4ba6b77
PAYP,NASDAQ,PayPay Corporation - American Depository Shares,Stock,True,2026-05-08,,,1159487fb724694e844e
PAYS,NASDAQ,"Paysign, Inc. - Common Stock",Stock,True,2026-05-08,,,c46582d0b7460b0248e1
PAYX,NASDAQ,"Paychex, Inc. - Common Stock",Stock,True,2026-05-08,,,7c7e2added74afdd567e
PBEU,NASDAQ,Portfolio Building Block European Banks Index ETF,ETF,True,2026-05-08,,,416cdc4b364b7e0ee082
PBFS,NASDAQ,"Pioneer Bancorp, Inc. - Common Stock",Stock,True,2026-05-08,,,ba94f2b286a39a60fcd3
PBHC,NASDAQ,"Pathfinder Bancorp, Inc. - Common Stock",Stock,True,2026-05-08,,,ff28498c60b01c03e4c8
PBK,NASDAQ,PowerBank Corporation - Common Stock,Stock,True,2026-06-03,,,f03a28abf1e12b3e23a3
PBLS,NASDAQ,"Parabilis Medicines, Inc. - Common Stock",Stock,True,2026-06-10,,,3ecfdbc1ac6db0b8597d
PBM,NASDAQ,Psyence Biomedical Ltd. - Common Shares,Stock,True,2026-05-08,,,10701fc3a7eb767f0e60
PBMWW,NASDAQ,Psyence Biomedical Ltd. - Warrant,Stock,True,2026-05-08,,,9eea21e54e2b2b57b11b
PBOG,NASDAQ,Portfolio Building Block Integrated Oil and Gas and Exploration and Production Index ETF,ETF,True,2026-05-08,,,2f513d7ad955bd9d53e8
PBPH,NASDAQ,Portfolio Building Block World Pharma and Biotech Index ETF,ETF,True,2026-05-08,,,5127b7301719716f2dfa
PBQQ,NASDAQ,PGIM Laddered Nasdaq-100 Buffer 12 ETF,ETF,True,2026-05-08,,,7bcc497a1bf712d3be66
PBRG,NASDAQ,Leverage Shares 2X Long PBR Daily ETF,ETF,True,2026-05-08,,,f285e3c02d67ec3ddbc2
PBSC,NASDAQ,Pacer Barings Secured Credit Flex ETF,ETF,True,2026-06-23,,,b337377439f457a1c786
PBYI,NASDAQ,Puma Biotechnology Inc - Common Stock,Stock,True,2026-05-08,,,aa046bd27b3b16e095e9
PC,NASDAQ,Premium Catering (Holdings) Limited - Ordinary Shares,Stock,True,2026-05-08,,,876b39cb9aa927057333
PCAP,NASDAQ,ProCap Acquisition Corp - Class A Ordinary Shares,Stock,True,2026-05-08,,,d2ebd09a58e257f1837b
PCAPU,NASDAQ,ProCap Acquisition Corp - Unit,Stock,True,2026-05-08,,,d3b535bd41b66de8a87f
PCAPW,NASDAQ,ProCap Acquisition Corp - Warrant,Stock,True,2026-05-08,,,97b687ef451bf9fc5a64
PCAR,NASDAQ,PACCAR Inc. - Common Stock,Stock,True,2026-05-08,,,cbea93c7838775398d52
PCB,NASDAQ,PCB Bancorp - Common Stock,Stock,True,2026-05-08,,,875c3eb18e8a8b5707f4
PCLA,NASDAQ,PicoCELA Inc. - American Depositary Shares,Stock,True,2026-05-08,,,33cea1913662de2ead0b
PCMM,NASDAQ,BondBloxx Private Credit CLO ETF,ETF,True,2026-05-08,,,ff6e7b7e1553eff74ca5
PCPI,NASDAQ,PIMCO Inflation PLUS Active Exchange-Traded Fund,ETF,True,2026-05-08,,,05fc22486d8177fb4056
PCRX,NASDAQ,"Pacira BioSciences, Inc. - Common Stock",Stock,True,2026-05-08,,,36e3669ef1e84e2620e1
PCSA,NASDAQ,"Processa Pharmaceuticals, Inc. - Common Stock",Stock,True,2026-05-08,,,3a65af1d0bda04a589c9
PCSC,NASDAQ,Perceptive Capital Solutions Corp - Class A Ordinary Shares,Stock,False,2026-05-08,2026-07-21,Missing from current NASDAQ source snapshot; reason unavailable,67b083dd8031a2ccc089
PCT,NASDAQ,"PureCycle Technologies, Inc. - Common stock",Stock,True,2026-05-08,,,dea0c86dd55b711b8000
PCTTU,NASDAQ,"PureCycle Technologies, Inc. - Unit",Stock,True,2026-05-08,,,4f5c5c02ea745cdb0322
PCTTW,NASDAQ,"PureCycle Technologies, Inc. - Warrant",Stock,True,2026-05-08,,,7ebdef91c195a93db22d
PCTY,NASDAQ,Paylocity Holding Corporation - Common Stock,Stock,True,2026-05-08,,,67964e2c813945ee66ed
PCVX,NASDAQ,"Vaxcyte, Inc. - Common Stock",Stock,True,2026-05-08,,,da7dd96a7980e36f53d6
PCYO,NASDAQ,Pure Cycle Corporation - Common Stock,Stock,True,2026-05-08,,,71d21c8559a6209c7403
PDBA,NASDAQ,Invesco Agriculture Commodity Strategy No K-1 ETF,ETF,True,2026-05-08,,,e2bffdf3687411f020ec
PDBC,NASDAQ,Invesco Optimum Yield Diversified Commodity Strategy No K-1 ETF,ETF,True,2026-05-08,,,585fa1432752f0330b79
PDC,NASDAQ,Perpetuals.com Ltd - American Depositary Shares,Stock,True,2026-05-08,,,c16f40863dac113f0b63
PDD,NASDAQ,PDD Holdings Inc. - American Depositary Shares,Stock,True,2026-05-08,,,78cfa17c371ca1e6126f
PDDL,NASDAQ,GraniteShares 2x Long PDD Daily ETF,ETF,True,2026-05-08,,,8774db9e6a38e173bd75
PDEX,NASDAQ,"Pro-Dex, Inc. - Common Stock",Stock,True,2026-05-08,,,4ce3e1d7a39af9e52643
PDFS,NASDAQ,"PDF Solutions, Inc. - Common Stock",Stock,True,2026-05-08,,,3a1aa05d32f385726d75
PDLB,NASDAQ,"Ponce Financial Group, Inc. - Common Stock",Stock,True,2026-05-08,,,21b78d96eb14369614d5
PDP,NASDAQ,Invesco Dorsey Wright Momentum ETF,ETF,True,2026-05-08,,,f30461613f4a4978eb38
PDSB,NASDAQ,PDS Biotechnology Corporation - Common Stock,Stock,True,2026-05-08,,,5f73cfc57bbfbc3c1729
PDYN,NASDAQ,Palladyne AI Corp. - Common stock,Stock,True,2026-05-08,,,79f318ac99ddca0d4b52
PDYNW,NASDAQ,Palladyne AI Corp. - Warrant,Stock,True,2026-05-08,,,532b7112abd336154336
PEBK,NASDAQ,"Peoples Bancorp of North Carolina, Inc. - Common Stock",Stock,True,2026-05-08,,,94cd005226d1843bd620
PEBO,NASDAQ,Peoples Bancorp Inc. - Common Stock,Stock,True,2026-05-08,,,63028230b2e2bae59075
PECE,NASDAQ,Peace Acquisition Corp - Ordinary Shares,Stock,True,2026-06-04,,,a2a95627a1919ba0b984
PECER,NASDAQ,Peace Acquisition Corp - Right,Stock,True,2026-06-04,,,42e0c5a5101d256d400d
PECEU,NASDAQ,Peace Acquisition Corp - Units,Stock,True,2026-05-22,,,23f57e9e22ec41743616
PECEW,NASDAQ,Peace Acquisition Corp - Warrant,Stock,True,2026-06-04,,,fd3523a38d167ed1f43b
PECO,NASDAQ,"Phillips Edison & Company, Inc. - Common Stock",Stock,True,2026-05-08,,,1b59d13c21175e0f8db0
PEGA,NASDAQ,Pegasystems Inc. - Common Stock,Stock,True,2026-05-08,,,b0f6a1058277b1704ccd
PENG,NASDAQ,"Penguin Solutions, Inc. - Common Stock",Stock,True,2026-05-08,,,2f08d417bd2c9ae49875
PENN,NASDAQ,"PENN Entertainment, Inc. - Common Stock",Stock,True,2026-05-08,,,ff061b99049eea6c4d2e
PEP,NASDAQ,"PepsiCo, Inc. - Common Stock",Stock,True,2026-05-08,,,f32c83da952f2d3acf7f
PEPG,NASDAQ,PepGen Inc. - Common Stock,Stock,True,2026-05-08,,,592aff6e4ce1abd77f02
PEPS,NASDAQ,Parametric Equity Plus ETF,ETF,True,2026-05-08,,,ef586add4520a75b0b76
PERI,NASDAQ,Perion Network Ltd - Ordinary Shares,Stock,True,2026-05-08,,,dcf66227b33feda3a9f8
PESI,NASDAQ,"Perma-Fix Environmental Services, Inc. - Common Stock",Stock,True,2026-05-08,,,19b4af336b53c6786859
PETS,NASDAQ,"PetMed Express, Inc. - Common Stock",Stock,True,2026-05-08,,,f33c35da63418d26e25d
PETZ,NASDAQ,"TDH Holdings, Inc. - Common Shares",Stock,True,2026-05-08,,,e7112b52ea086855df07
PEY,NASDAQ,Invesco High Yield Equity Dividend Achievers ETF,ETF,True,2026-05-08,,,dd20ecede7a249006e15
PEZ,NASDAQ,Invesco Dorsey Wright Consumer Cyclicals Momentum ETF,ETF,True,2026-05-08,,,732979a580b0c9827171
PFAI,NASDAQ,Pinnacle Food Group Limited - Class A Common Shares,Stock,True,2026-05-08,,,cb152f7289c0933ac508
PFBC,NASDAQ,Preferred Bank - Common Stock,Stock,True,2026-05-08,,,958a6ab959bdf47fac78
PFDE,NASDAQ,Pathfinder Disciplined US Equity ETF,ETF,True,2026-05-08,,,8db5aba9a5249a41087e
PFF,NASDAQ,iShares Preferred and Income Securities ETF,ETF,True,2026-05-08,,,dace026b003f2d4b9acb
PFG,NASDAQ,Principal Financial Group Inc - Common Stock,Stock,True,2026-05-08,,,6838f7cce8ff7a91e341
PFI,NASDAQ,Invesco Dorsey Wright Financial Momentum ETF,ETF,True,2026-05-08,,,246b0bede1c3550d088b
PFIS,NASDAQ,Peoples Financial Services Corp. - Common Stock,Stock,True,2026-05-08,,,b08a4bf0fe300bab9b7c
PFM,NASDAQ,Invesco Dividend Achievers ETF,ETF,True,2026-05-08,,,e84117a27d206aaf85fe
PFOE,NASDAQ,Pathfinder Focused Opportunities ETF,ETF,True,2026-05-08,,,bc228113a50677f121a5
PFSA,NASDAQ,"Profusa, Inc. - Common Stock",Stock,True,2026-05-08,,,f2adef8063f7d4f1e989
PFX,NASDAQ,PhenixFIN Corporation - Common Stock,Stock,True,2026-05-08,,,399adb14ef5889a57027
PFXNZ,NASDAQ,PhenixFIN Corporation - 5.25% Notes due 2028,Stock,True,2026-05-08,,,15f51e8e0c8656c87f1b
PGAC,NASDAQ,Pantages Capital Acquisition Corporation - Class A Ordinary Shares,Stock,True,2026-05-08,,,e5b3269dbdcd8b96c0df
PGACR,NASDAQ,Pantages Capital Acquisition Corporation - Right,Stock,True,2026-05-08,,,680f21a8de8d87a3c3c4
PGACU,NASDAQ,Pantages Capital Acquisition Corporation - Unit,Stock,True,2026-05-08,,,4279f7ac720bb393f57d
PGC,NASDAQ,Peapack-Gladstone Financial Corporation - Common Stock,Stock,True,2026-05-08,,,713f13ec8f3158600065
PGEN,NASDAQ,"Precigen, Inc. - Common Stock",Stock,True,2026-05-08,,,a2ce3a554bc8c4d3adda
PGJ,NASDAQ,Invesco Golden Dragon China ETF,ETF,True,2026-05-08,,,59fd564710870004ef49
PGNY,NASDAQ,"Progyny, Inc. - Common Stock",Stock,True,2026-05-08,,,468359f404b867dc2091
PGY,NASDAQ,Pagaya Technologies Ltd. - Class A Ordinary Shares,Stock,True,2026-05-08,,,ffe29337b740c1085a4c
PGYWW,NASDAQ,Pagaya Technologies Ltd. - Warrants,Stock,True,2026-05-08,,,5911ba2577e9004ddac7
PHAR,NASDAQ,"Pharming Group N.V. - ADS, each representing 10 ordinary shares",Stock,True,2026-05-08,,,843c33df2b56d456cf3d
PHAT,NASDAQ,"Phathom Pharmaceuticals, Inc. - Common Stock",Stock,True,2026-05-08,,,9afb05e36d740f7ac30e
PHIO,NASDAQ,Phio Pharmaceuticals Corp. - Common Stock,Stock,True,2026-05-08,,,986b9ac28276bf098529
PHO,NASDAQ,Invesco Water Resources ETF,ETF,True,2026-05-08,,,812caacaff3c91ff763b
PHOE,NASDAQ,Phoenix Asia Holdings Limited - Ordinary Shares,Stock,True,2026-05-08,,,00bcb873ea0e01c4687c
PHUN,NASDAQ,"Phunware, Inc. - Common Stock",Stock,True,2026-05-08,,,8cece775bc469fa2a1b9
PHVS,NASDAQ,Pharvaris N.V. - Ordinary Shares,Stock,True,2026-05-08,,,89f6761949dd8ac8814d
PI,NASDAQ,"Impinj, Inc. - Common Stock",Stock,True,2026-05-08,,,0f01860987eb6b06aab3
PICS,NASDAQ,PicS N.V. - Class A Common Shares,Stock,True,2026-05-08,,,f4e21fa73e4019d9609e
PID,NASDAQ,Invesco International Dividend Achievers ETF,ETF,True,2026-05-08,,,39c4ae9223c94d1a5ef0
PIE,NASDAQ,Invesco Dorsey Wright Emerging Markets Momentum ETF,ETF,True,2026-05-08,,,cdc3917be2ab4b9aca96
PIII,NASDAQ,P3 Health Partners Inc. - Class A Common Stock,Stock,True,2026-05-08,,,4c808858f062ab430885
PIIIW,NASDAQ,P3 Health Partners Inc. - Warrant,Stock,True,2026-05-08,,,6cf635d048dcca8cc7e3
PIO,NASDAQ,Invesco Global Water ETF,ETF,True,2026-05-08,,,032acd6d3d46296f8c20
PIZ,NASDAQ,Invesco Dorsey Wright Developed Markets Momentum ETF,ETF,True,2026-05-08,,,b41869ad7f9a9d1a7ee5
PKBK,NASDAQ,"Parke Bancorp, Inc. - Common Stock",Stock,True,2026-05-08,,,711b0441df1369964861
PKOH,NASDAQ,Park-Ohio Holdings Corp. - Common Stock,Stock,True,2026-05-08,,,4486cfe90a7a7f9ae0b0
PKW,NASDAQ,Invesco BuyBack Achievers ETF,ETF,True,2026-05-08,,,98c84bec05dcfdfc8c57
PLA,NASDAQ,GraniteShares Autocallable PLTR ETF,ETF,True,2026-05-19,,,dfdd07c19b723af458ae
PLAB,NASDAQ,"Photronics, Inc. - Common Stock",Stock,True,2026-05-08,,,388a6e3199ee7b984634
PLAY,NASDAQ,"Dave & Buster's Entertainment, Inc. - Common Stock",Stock,True,2026-05-08,,,67e02960f4536aea6879
PLBC,NASDAQ,Plumas Bancorp - Common Stock,Stock,True,2026-05-08,,,cc194dc8dad9e1eb9b1d
PLBL,NASDAQ,Polibeli Group Ltd - Class A Ordinary Shares,Stock,True,2026-05-08,,,a3129e6748feedb6317e
PLBY,NASDAQ,"Playboy, Inc. - Common Stock",Stock,True,2026-05-08,,,8104d943bd4f4d70f2ff
PLCE,NASDAQ,"Children's Place, Inc. (The) - Common Stock",Stock,True,2026-05-08,,,7fa9404d42535b56eb3b
PLMK,NASDAQ,Plum Acquisition Corp. IV - Class A Ordinary Shares,Stock,True,2026-05-08,,,bd2b9f3e784118abc320
PLMKU,NASDAQ,Plum Acquisition Corp. IV - Unit,Stock,True,2026-05-08,,,6e53e3a1040bb2260cd5
PLMKW,NASDAQ,Plum Acquisition Corp. IV - Warrants,Stock,True,2026-05-08,,,6312e6fdf964d60a1e3e
PLMR,NASDAQ,"Palomar Holdings, Inc. - Common stock",Stock,True,2026-05-08,,,9be39ae56d1baa80b7d3
PLPC,NASDAQ,Preformed Line Products Company - Common Stock,Stock,True,2026-05-08,,,d457d4109a9c6cb18898
PLRX,NASDAQ,"Pliant Therapeutics, Inc. - Common Stock",Stock,True,2026-05-08,,,65c0c2e076bf53fd0e8b
PLRZ,NASDAQ,Polyrizon Ltd. - Ordinary Shares,Stock,True,2026-05-08,,,aeacc88c6278b6d00123
PLSE,NASDAQ,"Pulse Biosciences, Inc - Common Stock",Stock,True,2026-05-08,,,894ceacf9e7f4b0388c0
PLSM,NASDAQ,Pulsenmore Ltd. - Ordinary Shares,Stock,True,2026-05-08,,,1ac2449d3200513f0838
PLTD,NASDAQ,Direxion Daily PLTR Bear 1X ETF,ETF,True,2026-05-08,,,1a4bc07393f548aac85c
PLTG,NASDAQ,Leverage Shares 2X Long PLTR Daily ETF,ETF,True,2026-05-08,,,5353ee5688be7ec1a1c2
PLTK,NASDAQ,Playtika Holding Corp. - Common Stock,Stock,True,2026-05-08,,,e1e6fe91828132d93e15
PLTR,NASDAQ,Palantir Technologies Inc. - Class A Common Stock,Stock,True,2026-05-08,,,df067e5a2f339c1fdc2a
PLTS,NASDAQ,Platinum Analytics Cayman Limited - Class A Ordinary Shares,Stock,True,2026-05-08,,,8a5a562329989497b9fb
PLTU,NASDAQ,Direxion Daily PLTR Bull 2X ETF,ETF,True,2026-05-08,,,70815ee50caa8374dcfc
PLTZ,NASDAQ,Defiance Daily Target 2x Short PLTR ETF,ETF,True,2026-05-08,,,9b24e84402d835fe7612
PLUG,NASDAQ,"Plug Power, Inc. - Common Stock",Stock,True,2026-05-08,,,9c0e63f2af16691363d7
PLUL,NASDAQ,Leverage Shares 2X Long PLUG Daily ETF,ETF,True,2026-05-08,,,c42198509a4d7b54938f
PLUR,NASDAQ,Pluri Inc. - Common Stock,Stock,True,2026-05-08,,,9c41b56d630e23e19366
PLUS,NASDAQ,ePlus inc. - Common Stock,Stock,True,2026-05-08,,,90562d5b630f46d91927
PLUT,NASDAQ,Plutus Financial Group Limited - Ordinary Shares,Stock,True,2026-05-08,,,18180b8c57a21d7c4040
PLXS,NASDAQ,Plexus Corp. - Common Stock,Stock,True,2026-05-08,,,514a40571a5001b95207
PLYX,NASDAQ,"Polaryx Therapeutics, Inc. - Common Stock",Stock,True,2026-05-08,,,00dab765edcc898583ab
PLYY,NASDAQ,GraniteShares YieldBOOST PLTR ETF,ETF,True,2026-05-08,,,12f3629c5f1ee548fbfd
PMA,NASDAQ,Ming Shing Group Holdings Limited - Ordinary Shares,Stock,True,2026-07-09,,,71a7dea87a013964383f
PMAX,NASDAQ,Powell Max Limited - Class A Ordinary Shares,Stock,True,2026-05-08,,,09753f67bc5de4ac75a0
PMBS,NASDAQ,PIMCO Mortgage-Backed Securities Active Exchange-Traded Fund,ETF,True,2026-05-08,,,200cc77235e2486069cb
PMCB,NASDAQ,"PharmaCyte Biotech, Inc. - Common Stock",Stock,True,2026-05-08,,,89bedcc49a4b29f0fb99
PMEC,NASDAQ,Primech Holdings Ltd. - Ordinary Shares,Stock,True,2026-05-08,,,e5a4e78286b692211a97
PMN,NASDAQ,ProMIS Neurosciences Inc. - Common Shares,Stock,True,2026-05-08,,,58238df0e1b825cc5ad6
PMTR,NASDAQ,Perimeter Acquisition Corp. I - Class A Ordinary Shares,Stock,True,2026-05-08,,,a16ed98562774bb2a167
PMTRU,NASDAQ,Perimeter Acquisition Corp. I - Unit,Stock,True,2026-05-08,,,170e27467077fb90dcb0
PMTRW,NASDAQ,Perimeter Acquisition Corp. I - Warrant,Stock,True,2026-05-08,,,b66786a811e4d0746487
PMTS,NASDAQ,CPI Card Group Inc. - Common Stock,Stock,True,2026-05-08,,,5a585d99e4ead1221494
PMVP,NASDAQ,"PMV Pharmaceuticals, Inc. - Common Stock",Stock,True,2026-05-08,,,8f4fc5a41b3caa42d7ab
PN,NASDAQ,Skycorp Solar Group Limited - Class A Ordinary Shares,Stock,False,2026-05-08,2026-06-18,Listing metadata changed,db1f32da2f6b0deca676
PN,NASDAQ,PN Smart Energy Limited - Class A Ordinary Shares,Stock,True,2026-06-18,,,643c161cd08230572578
PNBK,NASDAQ,Patriot National Bancorp Inc. - Common Stock,Stock,True,2026-05-08,,,3d18ec7bfa92d695ca5e
PNQI,NASDAQ,Invesco Nasdaq Internet ETF,ETF,True,2026-05-08,,,9a054db8fa32ac4e229b
PNRG,NASDAQ,PrimeEnergy Resources Corporation - Common Stock,Stock,True,2026-05-08,,,a21d1cb9ed9bb8a3bb2c
PNTG,NASDAQ,"The Pennant Group, Inc. - Common Stock",Stock,True,2026-05-08,,,46332fdfd1dd21a1a2c8
POCI,NASDAQ,"Precision Optics Corporation, Inc. - Common stock",Stock,True,2026-05-08,,,a1c8fb5fdc3abfcfc855
PODC,NASDAQ,"PodcastOne, Inc. - Common Stock",Stock,True,2026-05-08,,,88a529503300d4e7b80b
PODD,NASDAQ,Insulet Corporation - Common Stock,Stock,True,2026-05-08,,,83d603665039c9d7e7c9
POET,NASDAQ,POET Technologies Inc. - Common Shares,Stock,True,2026-05-08,,,56e658e3532da0e9f4e5
POLA,NASDAQ,"Polar Power, Inc. - Common Stock",Stock,True,2026-05-08,,,6e75b6ee0d8fc49b521b
POLE,NASDAQ,Andretti Acquisition Corp. II - Class A Ordinary Shares,Stock,True,2026-05-08,,,37349af2f4dd33333ae0
POLEU,NASDAQ,Andretti Acquisition Corp. II - Unit,Stock,True,2026-05-08,,,5371716b7a4ba465806c
POLEW,NASDAQ,Andretti Acquisition Corp. II - Warrant,Stock,True,2026-05-08,,,55d6cdc43191d5be5080
POM,NASDAQ,POMDOCTOR LIMITED - American Depositary Shares,Stock,True,2026-05-08,,,34808b1f5432f78e507f
PONO,NASDAQ,"Pono Capital Four, Inc. - Class A Ordinary Shares",Stock,True,2026-05-08,,,fb7937a452e0eab557b5
PONOR,NASDAQ,"Pono Capital Four, Inc. - Rights",Stock,True,2026-05-08,,,9f4d30a2ca5a1b06ba30
PONOU,NASDAQ,"Pono Capital Four, Inc. - Units",Stock,True,2026-05-08,,,84d53de8fe184051a728
PONY,NASDAQ,Pony AI Inc. - American Depositary Shares,Stock,True,2026-05-08,,,91b2484548a25edfd66f
POOL,NASDAQ,Pool Corporation - Common Stock,Stock,True,2026-05-08,,,1d7471b49c64e9e5e44e
POWI,NASDAQ,"Power Integrations, Inc. - Common Stock",Stock,True,2026-05-08,,,5a8206dad7780be5a117
POWL,NASDAQ,"Powell Industries, Inc. - Common Stock",Stock,True,2026-05-08,,,6157e1c9416afb782dde
POWW,NASDAQ,Outdoor Holding Company - Common Stock,Stock,True,2026-05-08,,,70d62df2b36a40c870ee
POWWP,NASDAQ,Outdoor Holding Company - 8.75% Series A Cumulative Redeemable Perpetual Preferred Stock,Stock,True,2026-05-08,,,c3228ac4dbb3df7c13ff
PPBT,NASDAQ,Purple Biotech Ltd. - American Depositary Shares,Stock,True,2026-05-08,,,bd4f19772884f2de315e
PPC,NASDAQ,Pilgrim's Pride Corporation - Common Stock,Stock,True,2026-05-08,,,5ca34ba0d825f3a56f7f
PPCB,NASDAQ,"Propanc Biopharma, Inc. - Common Stock",Stock,True,2026-05-08,,,0b1b362ff9dab84af3ce
PPH,NASDAQ,VanEck Pharmaceutical ETF,ETF,True,2026-05-08,,,ba04909102d152a2b545
PPHC,NASDAQ,"Public Policy Holding Company, Inc. - Common Stock",Stock,True,2026-05-08,,,b08d7e8d993530c82761
PPI,NASDAQ,Astoria Real Assets ETF,ETF,True,2026-05-08,,,f7c28c6058f731e1afe4
PPIH,NASDAQ,"Perma-Pipe International Holdings, Inc. - Common Stock",Stock,True,2026-05-08,,,24d0893fe0ac851bed81
PPLI,NASDAQ,People Incorporated - Common Stock,Stock,True,2026-06-04,,,b600e41415d0d7390973
PPSI,NASDAQ,"Pioneer Power Solutions, Inc. - Common Stock",Stock,True,2026-05-08,,,18ce6c203c4dca959b3a
PPTA,NASDAQ,Perpetua Resources Corp. - Common Shares,Stock,True,2026-05-08,,,f2bf58720fcecd6ae3f2
PQAP,NASDAQ,PGIM Nasdaq-100 Buffer 12 ETF - April,ETF,True,2026-05-08,,,a97b2f9d5335ed292dbe
PQJA,NASDAQ,PGIM Nasdaq-100 Buffer 12 ETF - January,ETF,True,2026-05-08,,,7f0f7afec3ed1b3a5688
PQJL,NASDAQ,PGIM Nasdaq-100 Buffer 12 ETF - July,ETF,True,2026-05-08,,,5fb71d2716cda4e3dc91
PQOC,NASDAQ,PGIM Nasdaq-100 Buffer 12 ETF - October,ETF,True,2026-05-08,,,23f51e4a91ce6ce91a8f
PRAA,NASDAQ,"PRA Group, Inc. - Common Stock",Stock,True,2026-05-08,,,6663a0185d87dc076750
PRAX,NASDAQ,"Praxis Precision Medicines, Inc. - Common Stock",Stock,True,2026-05-08,,,faa9898c8a9a027acf2b
PRCH,NASDAQ,"Porch Group, Inc. - Common Stock",Stock,True,2026-05-08,,,5727878737faf5a595cb
PRCT,NASDAQ,PROCEPT BioRobotics Corporation - Common Stock,Stock,True,2026-05-08,,,0f43b0cf9f8d1b4d3596
PRDO,NASDAQ,Perdoceo Education Corporation - Common Stock,Stock,True,2026-05-08,,,a9e62508fa9c01e5880e
PRE,NASDAQ,Prenetics Global Limited - Class A Ordinary Share,Stock,True,2026-05-08,,,1ae895cc1ccc058a198f
PRENW,NASDAQ,Prenetics Global Limited - Warrant,Stock,True,2026-05-08,,,e95d3d425473e3c0772f
PRFX,NASDAQ,PRF Technologies Ltd. - Ordinary Shares,Stock,True,2026-05-08,,,f31820b8c03a4494d61d
PRFZ,NASDAQ,Invesco RAFI US 1500 Small-Mid ETF,ETF,True,2026-05-08,,,32e04fc4a4dcadd67152
PRGS,NASDAQ,Progress Software Corporation - Common Stock,Stock,True,2026-05-08,,,2f90b8d1ebf593a22b0b
PRHI,NASDAQ,"Presurance Holdings, Inc. - Common Stock",Stock,True,2026-05-08,,,ddb7b4459ca80c2f0554
PRHIZ,NASDAQ,"Presurance Holdings, Inc. - 9.75% Senior Unsecured Notes due 2028",Stock,True,2026-05-08,,,6f4a114f734ddeccfa2b
PRLD,NASDAQ,Prelude Therapeutics Incorporated - Common Stock,Stock,True,2026-05-08,,,ff5b39f70be7e0fe7b28
PRME,NASDAQ,"Prime Medicine, Inc. - Common Stock",Stock,True,2026-05-08,,,03e3cda306dc34bfdf52
PRMR,NASDAQ,PeakShares RMR Prime Equity ETF,ETF,True,2026-05-08,,,02471d3da5ff22e9109c
PRN,NASDAQ,Invesco Dorsey Wright Industrials Momentum ETF,ETF,True,2026-05-08,,,c8a51272c7e99e8d19d8
PROF,NASDAQ,Profound Medical Corp. - common stock,Stock,True,2026-05-08,,,c8eff82af2769553ae70
PROK,NASDAQ,ProKidney Corp. - Class A Ordinary Shares,Stock,True,2026-05-08,,,c68df22d685b076b4625
PROP,NASDAQ,Prairie Operating Co. - Common Stock,Stock,True,2026-05-08,,,00fe770add7da88b7727
PROV,NASDAQ,"Provident Financial Holdings, Inc. - Common Stock",Stock,True,2026-05-08,,,7fe5b468eb2f6aff03ad
PRPL,NASDAQ,"Purple Innovation, Inc. - Common Stock",Stock,True,2026-05-08,,,a00977f1f7e788ad94a1
PRPO,NASDAQ,"Precipio, Inc. - Common Stock",Stock,True,2026-05-08,,,52b3cb8c01efac27cab0
PRQR,NASDAQ,ProQR Therapeutics N.V. - Ordinary Shares,Stock,True,2026-05-08,,,c5a02e5c7a2e4ff951ce
PRSO,NASDAQ,Peraso Inc. - Common Stock,Stock,True,2026-05-08,,,d93618a04867a52dcf67
PRTA,NASDAQ,Prothena Corporation plc - Ordinary Shares,Stock,True,2026-05-08,,,e1b76fbadd905cbcafbd
PRTC,NASDAQ,PureTech Health plc - American Depositary Shares,Stock,False,2026-05-08,2026-05-21,Missing from current NASDAQ source snapshot; reason unavailable,0b338b6453199002c187
PRTH,NASDAQ,"Priority Technology Holdings, Inc. - Common Stock",Stock,True,2026-05-08,,,51aa54706aeac7c33afa
PRTS,NASDAQ,"CarParts.com, Inc. - Common Stock",Stock,True,2026-05-08,,,04e514486c46f88e2df2
PRVA,NASDAQ,"Privia Health Group, Inc. - Common Stock",Stock,True,2026-05-08,,,7033fd19dbe11ac3b46d
PRZO,NASDAQ,ParaZero Technologies Ltd. - Ordinary Shares,Stock,True,2026-05-08,,,8ac9f2b56552becdcfdb
PSC,NASDAQ,Principal U.S. Small-Cap ETF,ETF,True,2026-05-08,,,9d6fc6e526a1725a9a74
PSCC,NASDAQ,Invesco S&P SmallCap Consumer Staples ETF,ETF,True,2026-05-08,,,02d12b188d39ec4ecb4d
PSCD,NASDAQ,Invesco S&P SmallCap Consumer Discretionary ETF,ETF,True,2026-05-08,,,82416b37cc6419aaf617
PSCE,NASDAQ,Invesco S&P SmallCap Energy ETF,ETF,True,2026-05-08,,,47adcf20f97c873c6f4d
PSCF,NASDAQ,Invesco S&P SmallCap Financials ETF,ETF,True,2026-05-08,,,f2ed2057617edf73aeb0
PSCH,NASDAQ,Invesco S&P SmallCap Health Care ETF,ETF,True,2026-05-08,,,26401cd9679e02062a84
PSCI,NASDAQ,Invesco S&P SmallCap Industrials ETF,ETF,True,2026-05-08,,,df73a4abe97e727d7a37
PSCM,NASDAQ,Invesco S&P SmallCap Materials ETF,ETF,True,2026-05-08,,,659d22e532ad3e3aa857
PSCT,NASDAQ,Invesco S&P SmallCap Information Technology ETF,ETF,True,2026-05-08,,,8f6c56ebc511d64a47db
PSCU,NASDAQ,Invesco S&P SmallCap Utilities & Communication Services ETF,ETF,True,2026-05-08,,,ca1e1691e099ec5eecb3
PSEC,NASDAQ,Prospect Capital Corporation - Closed End Fund,Stock,True,2026-05-08,,,75af2c903c3649d304e3
PSET,NASDAQ,Principal Quality ETF,ETF,True,2026-05-08,,,607bb85e1907c58d5a4e
PSHG,NASDAQ,Performance Shipping Inc. - Common Shares,Stock,True,2026-05-08,,,ca667170d5c13bf4a85c
PSIG,NASDAQ,PS International Group Ltd. - Ordinary Shares,Stock,True,2026-05-08,,,7780c1946a3bac717af1
PSIX,NASDAQ,"Power Solutions International, Inc. - Common Stock",Stock,True,2026-05-08,,,971d58aa26f6bc80755a
PSKY,NASDAQ,Paramount Skydance Corporation - Class B Common Stock,Stock,True,2026-05-08,,,900290b1df15978d95ba
PSL,NASDAQ,Invesco Dorsey Wright Consumer Staples Momentum ETF,ETF,True,2026-05-08,,,61a0c394420589de433c
PSMT,NASDAQ,"PriceSmart, Inc. - Common Stock",Stock,True,2026-05-08,,,bbf45e020832961a99c2
PSNL,NASDAQ,"Personalis, Inc. - Common Stock",Stock,True,2026-05-08,,,b502f1ea08bcb4c54282
PSNY,NASDAQ,Polestar Automotive Holding UK Limited - Class A ADS,Stock,True,2026-05-08,,,329501972ece135ea971
PSNYW,NASDAQ,Polestar Automotive Holding UK Limited - Class C-1 ADS (ADW),Stock,True,2026-05-08,,,a595bf5873d3e7a36733
PSTR,NASDAQ,PeakShares Sector Rotation ETF,ETF,True,2026-05-08,,,f46b1eec484cfc763700
PSTV,NASDAQ,"PLUS THERAPEUTICS, Inc. - Common Stock",Stock,True,2026-05-08,,,a1df20756265d59b7ecd
PSWD,NASDAQ,Xtrackers Cybersecurity Select Equity ETF,ETF,True,2026-05-08,,,370be3979646385aab23
PTAC,NASDAQ,Patriot Acquisition Corp. - Class A Ordinary Shares,Stock,True,2026-07-06,,,ed43ffe05b587a31d0c2
PTACU,NASDAQ,Patriot Acquisition Corp. - Units,Stock,True,2026-05-15,,,73dd4780b5e030345061
PTACW,NASDAQ,Patriot Acquisition Corp. - Warrants,Stock,True,2026-07-06,,,d84feeb055cd76b0c569
PTC,NASDAQ,PTC Inc. - Common Stock,Stock,True,2026-05-08,,,528fcc847cf90ad33b56
PTCT,NASDAQ,"PTC Therapeutics, Inc. - Common Stock",Stock,True,2026-05-08,,,4f861317aae0836c70e2
PTEN,NASDAQ,"Patterson-UTI Energy, Inc. - Common Stock",Stock,True,2026-05-08,,,70a37711798daf60ad09
PTF,NASDAQ,Invesco Dorsey Wright Technology Momentum ETF,ETF,True,2026-05-08,,,5d3d64c46ef2a92839e7
PTGX,NASDAQ,"Protagonist Therapeutics, Inc. - Common Stock",Stock,True,2026-05-08,,,d91e977eda6963ea64b2
PTH,NASDAQ,Invesco Dorsey Wright Healthcare Momentum ETF,ETF,True,2026-05-08,,,4b1d0246a114fb8d7d5d
PTIR,NASDAQ,GraniteShares 2x Long PLTR Daily ETF,ETF,True,2026-05-08,,,b2819f40868c6255db3c
PTLE,NASDAQ,PTL LTD - Class A Ordinary Shares,Stock,True,2026-05-08,,,8b70778342cca3aa6251
PTLO,NASDAQ,Portillo's Inc. - Class A Common Stock,Stock,True,2026-05-08,,,aa2ceeaff555122f9c59
PTN,NASDAQ,"Palatin Technologies, Inc. - Common Stock",Stock,True,2026-05-29,,,c40289083c0a407d9d69
PTNM,NASDAQ,Pitanium Limited - Class A Ordinary Shares,Stock,False,2026-05-08,2026-07-16,Missing from current NASDAQ source snapshot; reason unavailable,f00a812028c31c47685d
PTNQ,NASDAQ,Pacer Trendpilot 100 ETF,ETF,True,2026-05-08,,,25e189dd2f4d38d3521c
PTON,NASDAQ,"Peloton Interactive, Inc. - Common Stock",Stock,True,2026-05-08,,,2ac75595693c7753e595
PTOR,NASDAQ,Praetorian Acquisition Corp. - Class A Ordinary Shares,Stock,True,2026-05-08,,,a61e5731092e802cd738
PTORU,NASDAQ,Praetorian Acquisition Corp. - Units,Stock,True,2026-05-08,,,2bc3c9948935b79fa28d
PTORW,NASDAQ,Praetorian Acquisition Corp. - Warrant,Stock,True,2026-05-08,,,52b23fe496889487c6bf
PTRN,NASDAQ,Pattern Group Inc. - Series A Common Stock,Stock,True,2026-05-08,,,d4ccb94a29de44d4b503
PUBM,NASDAQ,"PubMatic, Inc. - Class A Common Stock",Stock,True,2026-05-08,,,95ca9a70c4d2ef8d8c8d
PUI,NASDAQ,Invesco Dorsey Wright Utilities Momentum ETF,ETF,True,2026-05-08,,,4bd91d1d8ae1bdac093d
PUL,NASDAQ,GraniteShares 2x Long P Daily ETF,ETF,True,2026-07-07,,,0bfdeb40fb1e4d9b14b6
PULM,NASDAQ,"Pulmatrix, Inc. - Common Stock",Stock,True,2026-05-08,,,180d330e7a6bee774968
PUR,NASDAQ,Defiance Daily Target 2X Long PURR ETF,ETF,True,2026-07-08,,,81a48c777eb1b6fa8dc7
PURR,NASDAQ,Hyperliquid Strategies Inc - Common Stock,Stock,True,2026-05-08,,,059bb6b3f7058454a605
PUSA,NASDAQ,Aureus Greenway Holdings Inc. - Common Stock,Stock,True,2026-05-18,,,52e1a9b10577e7785adc
PVLA,NASDAQ,"Palvella Therapeutics, Inc. - Common Stock",Stock,True,2026-05-08,,,1865a13c7d3d3953dce5
PWCM,NASDAQ,"PowerCompute, Inc. - Common Stock",Stock,True,2026-07-22,,,572356a30fb9c10a11bd
PWP,NASDAQ,Perella Weinberg Partners - Class A Common Stock,Stock,True,2026-05-08,,,9a00eb986c019c598917
PWRD,NASDAQ,TCW Transform Systems ETF,ETF,True,2026-05-08,,,5c59d2bb5ecd355110ee
PWRL,NASDAQ,Powerlaw Corp. - Common Stock,Stock,True,2026-05-27,,,90efd7a1a2396714e7c3
PXI,NASDAQ,Invesco Dorsey Wright Energy Momentum ETF,ETF,True,2026-05-08,,,d4f8114d713519fb8558
PXLW,NASDAQ,"Pixelworks, Inc. - Common Stock",Stock,True,2026-05-08,,,e650e68184bfa5d47431
PXS,NASDAQ,Pyxis Tankers Inc. - Common Stock,Stock,True,2026-05-08,,,35325904372cbcfe4f38
PY,NASDAQ,Principal Value ETF,ETF,True,2026-05-08,,,adf52084e84ffaab3f50
PYPD,NASDAQ,PolyPid Ltd. - Ordinary Shares,Stock,True,2026-05-08,,,1c83fd9b8e5c7fc482da
PYPG,NASDAQ,Leverage Shares 2X Long PYPL Daily ETF,ETF,True,2026-05-08,,,0118a3cf37caf3414425
PYPL,NASDAQ,"PayPal Holdings, Inc. - Common Stock",Stock,True,2026-05-08,,,b552fd11075e3af1fe7c
PYXS,NASDAQ,"Pyxis Oncology, Inc. - Common Stock",Stock,True,2026-05-08,,,a5784f0fdb485c0d2595
PYZ,NASDAQ,Invesco Dorsey Wright Basic Materials Momentum ETF,ETF,True,2026-05-08,,,8a50413bdd6fec6c143f
PZZA,NASDAQ,"Papa John's International, Inc. - Common Stock",Stock,True,2026-05-08,,,b382cbbbaa0cd813fd6d
QABA,NASDAQ,First Trust NASDAQ ABA Community Bank Index Fund,ETF,True,2026-05-08,,,75114d3bc27e53bd3373
QADR,NASDAQ,QDRO Acquisition Corp. - Class A Ordinary Shares,Stock,True,2026-05-20,,,5a752ef55abe82203d9e
QADRU,NASDAQ,QDRO Acquisition Corp. - Units,Stock,True,2026-05-08,,,5204e5214216a414eb58
QADRW,NASDAQ,QDRO Acquisition Corp. - Warrant,Stock,True,2026-05-20,,,1665d9edc0ce7aace935
QALT,NASDAQ,SEI DBi Multi-Strategy Alternative ETF,ETF,True,2026-05-08,,,bb4a981b6cca1e834b40
QAT,NASDAQ,iShares MSCI Qatar ETF,ETF,True,2026-05-08,,,a3d147607ac9f3bc39a2
QB,NASDAQ,ProShares Nasdaq-100 Dynamic Buffer ETF,ETF,True,2026-05-08,,,e06a88be602f6024a53f
QBIG,NASDAQ,Invesco Top QQQ ETF,ETF,True,2026-05-08,,,01114b25b097bdead037
QBTZ,NASDAQ,Defiance Daily Target 2x Short QBTS ETF,ETF,True,2026-05-08,,,5baa883067aae0a47301
QBUF,NASDAQ,Innovator Nasdaq-100 10 Buffer ETF Quarterly,ETF,True,2026-05-08,,,562feda893dafa49cb09
QBY,NASDAQ,GraniteShares YieldBoost QBTS ETF,ETF,True,2026-05-08,,,75afb867d06f84f756d9
QCLN,NASDAQ,First Trust NASDAQ Clean Edge Green Energy Index Fund,ETF,True,2026-05-08,,,43679e2fdb8a989a8eeb
QCLR,NASDAQ,Global X NASDAQ 100 Collar 95-110 ETF,ETF,True,2026-05-08,,,417f0a6ac913cd46da8f
QCLS,NASDAQ,"Q/C Technologies, Inc. - Common Stock",Stock,True,2026-05-08,,,20542779f8b5f404e06d
QCMD,NASDAQ,Direxion Daily QCOM Bear 1X ETF,ETF,True,2026-05-08,,,c35c7215112666781d82
QCML,NASDAQ,GraniteShares 2x Long QCOM Daily ETF,ETF,True,2026-05-08,,,2a04fcad323502be7f51
QCMU,NASDAQ,Direxion Daily QCOM Bull 2X ETF,ETF,True,2026-05-08,,,2e11f99811dafd2870ef
QCOM,NASDAQ,QUALCOMM Incorporated - Common Stock,Stock,True,2026-05-08,,,5daa279b3a4933b875cb
QCRH,NASDAQ,"QCR Holdings, Inc. - Common Stock",Stock,True,2026-05-08,,,df5bfb06421cf226b0fa
QDEL,NASDAQ,QuidelOrtho Corporation - Common Stock,Stock,True,2026-05-08,,,190d8568223439e66470
QDTY,NASDAQ,YieldMax Nasdaq 100 0DTE Covered Call Strategy ETF,ETF,True,2026-05-08,,,6cd4aefbcf2bcbc18da1
QETA,NASDAQ,Quetta Acquisition Corporation - Common Stock,Stock,True,2026-05-08,,,df468c44ce7595fdaa11
QETAR,NASDAQ,Quetta Acquisition Corporation - Right,Stock,True,2026-05-08,,,13753206a45e20284cc5
QETAU,NASDAQ,Quetta Acquisition Corporation - Unit,Stock,True,2026-05-08,,,e37ae34b5d1fe2356a95
QEW,NASDAQ,Invesco QQQ Equal Weight ETF,ETF,True,2026-05-08,,,bda23d71734a42a3d47a
QFF,NASDAQ,Qualivian Focus Fund ETF,ETF,True,2026-07-14,,,41999ccaeb9a3569eac8
QFIN,NASDAQ,"Qfin Holdings, Inc. - American Depositary Shares",Stock,True,2026-05-08,,,3dee61d521db16cac9a4
QGRD,NASDAQ,Horizon Nasdaq-100 Defined Risk ETF,ETF,True,2026-05-08,,,3701f5952a5c1271c413
QH,NASDAQ,Quhuo Limited - American Depository Shares,Stock,False,2026-05-29,2026-07-17,Listing metadata changed,0030815cddf6f0dafafd
QH,NASDAQ,Quhuo Limited - Class A Ordinary Shares,Stock,True,2026-07-17,,,07d8e0e4a1d7eaedf102
QHDG,NASDAQ,Innovator Hedged Nasdaq-100 ETF,ETF,False,2026-05-08,2026-07-13,Missing from current NASDAQ source snapshot; reason unavailable,6b7699acce99a1c10067
QLDY,NASDAQ,Defiance Nasdaq 100 LightningSpread Income ETF,ETF,True,2026-05-08,,,3bdf228ca957225a9251
QLYS,NASDAQ,"Qualys, Inc. - Common Stock",Stock,True,2026-05-08,,,717c13b95aa233551d74
QMCO,NASDAQ,Quantum Corporation - Common Stock,Stock,True,2026-05-08,,,d05996b9d7116fd83a16
QMID,NASDAQ,WisdomTree U.S. MidCap Quality Growth Fund,ETF,True,2026-05-08,,,ada131342988380f281d
QMLS,NASDAQ,"QumulusAI, Inc. - Common Stock",Stock,True,2026-07-16,,,2e573793c1bcf669dc47
QMMM,NASDAQ,QMMM Holdings Limited - Class A Ordinary Shares,Stock,True,2026-05-08,,,3de66dd79f4ad24b1e42
QMOM,NASDAQ,Alpha Architect U.S. Quantitative Momentum ETF,ETF,True,2026-05-08,,,bba14e310381abb69794
QNCX,NASDAQ,"Quince Therapeutics, Inc. - Common Stock",Stock,True,2026-05-08,,,98930c4fa884732ca20d
QNDX,NASDAQ,State Street SPDR Portfolio Nasdaq 100 ETF,ETF,True,2026-06-24,,,c29313f776cad68052e0
QNRX,NASDAQ,"Quoin Pharmaceuticals, Ltd. - American Depositary Shares",Stock,True,2026-05-08,,,fc30cc7c7f116ac8ffaa
QNST,NASDAQ,"QuinStreet, Inc. - Common Stock",Stock,True,2026-05-08,,,43ade2961cbf4e511cc6
QNT,NASDAQ,Quantinuum Inc. - Class A Common Stock,Stock,True,2026-06-04,,,8a4cd5b33d3c7a4c8334
QNTM,NASDAQ,Quantum Biopharma Ltd. - Class B Subordinate Voting Shares,Stock,True,2026-05-08,,,da93c2e644f75a96df2f
QNXT,NASDAQ,iShares Nasdaq-100 ex Top 30 ETF,ETF,True,2026-05-08,,,7cd3f54acaa946a9c37c
QOWZ,NASDAQ,Invesco Nasdaq Free Cash Flow Achievers ETF,ETF,True,2026-05-08,,,6112f4440464ac878c4a
QPUX,NASDAQ,Defiance 2X Daily Long Pure Quantum ETF,ETF,True,2026-05-08,,,2e641297eb85808cef79
QQA,NASDAQ,Invesco QQQ Income Advantage ETF,ETF,True,2026-05-08,,,4b421e2d058f0aa88188
QQDN,NASDAQ,ProShares UltraShort QQQ Mega,ETF,True,2026-05-08,,,39a7c1bc9218e4d05393
QQEW,NASDAQ,First Trust Nasdaq-100 Select Equal Weight ETF,ETF,True,2026-05-08,,,d44713fc8ffc6eb0c063
QQHG,NASDAQ,Invesco QQQ Hedged Advantage ETF,ETF,True,2026-05-08,,,c190800be32e8be41ff3
QQLV,NASDAQ,Invesco QQQ Low Volatility ETF,ETF,True,2026-05-08,,,726d82df33b70f9f255d
QQMG,NASDAQ,Invesco ESG NASDAQ 100 ETF,ETF,True,2026-05-08,,,8be88470ca5b8ec9e1a0
QQQ,NASDAQ,"Invesco QQQ Trust, Series 1",ETF,True,2026-05-08,,,4220721d9fd4d6208c51
QQQA,NASDAQ,ProShares Nasdaq-100 Dorsey Wright Momentum ETF,ETF,True,2026-05-08,,,600345c4c5ca616ed982
QQQE,NASDAQ,Direxion NASDAQ-100 Equal Weighted Index ETF,ETF,True,2026-05-08,,,707e411357568aeff7a5
QQQG,NASDAQ,Pacer Nasdaq 100 Top 50 Cash Cows Growth Leaders ETF,ETF,True,2026-05-08,,,e41ed30d6d1f9722a0d9
QQQH,NASDAQ,NEOS Nasdaq-100 Hedged Equity Income ETF,ETF,True,2026-05-08,,,8100151cfd609ccb1a95
QQQI,NASDAQ,NEOS Nasdaq 100 High Income ETF,ETF,True,2026-05-08,,,7504e421ac15e8c0a21c
QQQJ,NASDAQ,Invesco NASDAQ Next Gen 100 ETF,ETF,True,2026-05-08,,,c216e5e226c86898ce26
QQQM,NASDAQ,Invesco NASDAQ 100 ETF,ETF,True,2026-05-08,,,ff7746647796c4286705
QQQP,NASDAQ,Tradr 2X Long Innovation 100 Quarterly ETF,ETF,True,2026-05-08,,,5b55e3e497dfb4b021c8
QQQS,NASDAQ,Invesco NASDAQ Future Gen 200 ETF,ETF,True,2026-05-08,,,12cc6d12ae38bbb09b7c
QQQT,NASDAQ,Defiance Nasdaq 100 Income Target ETF,ETF,True,2026-05-08,,,418886589cb5fc90ca0c
QQQX,NASDAQ,Nuveen NASDAQ 100 Dynamic Overwrite Fund - Closed End Fund,Stock,True,2026-05-08,,,0149233eac9ab44482e3
QQQY,NASDAQ,Defiance Nasdaq 100 Weekly Distribution ETF,ETF,True,2026-05-08,,,a2f5c4974d1dff5aff69
QQUP,NASDAQ,ProShares Ultra QQQ Mega,ETF,True,2026-05-08,,,1cbf07229fd55dca170c
QQWZ,NASDAQ,Pacer Cash COWZ 100-Nasdaq 100 Rotator ETF,ETF,True,2026-05-08,,,63f76fd97109bb63e339
QQXL,NASDAQ,ProShares Ultra QQQ Top 30,ETF,True,2026-05-08,,,e2435d2dae2135551c4a
QQXT,NASDAQ,First Trust NASDAQ-100 Ex-Technology Sector Index Fund,ETF,True,2026-05-08,,,7a76e5fcb73e397bf832
QRHC,NASDAQ,Quest Resource Holding Corporation - Common Stock,Stock,True,2026-05-08,,,c15c01ced5a1b8e17cbf
QRMI,NASDAQ,Global X NASDAQ 100 Risk Managed Income ETF,ETF,True,2026-05-08,,,bbf4d6eeb920569db0e8
QRVO,NASDAQ,"Qorvo, Inc. - Common Stock",Stock,True,2026-05-08,,,d922f2f86e13fd3dcd54
QS,NASDAQ,QuantumScape Corporation - Common Stock,Stock,True,2026-05-08,,,63b84a334bd4fa8b85b8
QSEA,NASDAQ,Quartzsea Acquisition Corporation - Ordinary Shares,Stock,True,2026-05-08,,,058214d08d90da563fb3
QSEAR,NASDAQ,Quartzsea Acquisition Corporation - Rights,Stock,True,2026-05-08,,,2ad8cb5a80245ce69013
QSEAU,NASDAQ,Quartzsea Acquisition Corporation - Units,Stock,True,2026-05-08,,,9d7efbe3d7b74065b149
QSI,NASDAQ,Quantum-Si Incorporated - Class A Common Stock,Stock,True,2026-05-08,,,dc9fcf4b7fd7b363b299
QSIAW,NASDAQ,Quantum-Si Incorporated - Warrant,Stock,False,2026-05-08,2026-06-11,Missing from current NASDAQ source snapshot; reason unavailable,144ac91845f48542023a
QSIX,NASDAQ,Pacer Metaurus Nasdaq 100 Dividend Multiplier 600 ETF,ETF,True,2026-05-08,,,de6fe4eea5d9bd4b71ac
QSML,NASDAQ,WisdomTree U.S. SmallCap Quality Growth Fund,ETF,True,2026-05-08,,,c6e8b59dcbf43b158c3e
QTEC,NASDAQ,First Trust NASDAQ-100-Technology Sector Index Fund,ETF,True,2026-05-08,,,bfb0c831ade1de0efa92
QTEX,NASDAQ,QTREX Quantum Ltd. - Ordinary Shares,Stock,True,2026-05-20,,,633568eeeb0261914f7e
QTEXW,NASDAQ,QTREX Quantum Ltd. - Warrant,Stock,False,2026-05-20,2026-07-16,Missing from current NASDAQ source snapshot; reason unavailable,c787441073ff57369699
QTI,NASDAQ,"QT Imaging Holdings, Inc. - Common Stock",Stock,True,2026-05-08,,,3dc259e1526b92f945b0
QTOP,NASDAQ,iShares Nasdaq Top 30 Stocks ETF,ETF,True,2026-05-08,,,e0a4dd9417546ea2eccb
QTR,NASDAQ,Global X NASDAQ 100 Tail Risk ETF,ETF,True,2026-05-08,,,56644a2cfda9031d8a3a
QTRX,NASDAQ,Quanterix Corporation - Common Stock,Stock,True,2026-05-08,,,e0cca21b35480066df95
QTTB,NASDAQ,Q32 Bio Inc. - Common Stock,Stock,True,2026-05-08,,,c3b04dbcc09a59d4b84b
QTUM,NASDAQ,Defiance Quantum ETF,ETF,True,2026-05-08,,,2f8fce425a8ff82e5029
QUBT,NASDAQ,Quantum Computing Inc. - Common Stock,Stock,True,2026-05-08,,,56faa34586272d712dcf
QUCY,NASDAQ,Quantum Cyber N.V. - Ordinary Shares,Stock,True,2026-05-08,,,96770325794b13a4865f
QUIK,NASDAQ,QuickLogic Corporation - Common Stock,Stock,True,2026-05-08,,,1df5fe59c25d93ac4931
QUMS,NASDAQ,Quantumsphere Acquisition Corp. - Ordinary Shares,Stock,True,2026-05-08,,,47a409531615d5a76f6c
QUMSR,NASDAQ,Quantumsphere Acquisition Corp. - Rights,Stock,True,2026-05-08,,,030e45cf6864e6cf6483
QUMSU,NASDAQ,Quantumsphere Acquisition Corp. - Units,Stock,True,2026-05-08,,,2fc1029d063e4845b38f
QURE,NASDAQ,uniQure N.V. - Ordinary Shares,Stock,True,2026-05-08,,,e91072e5717639926042
QVAL,NASDAQ,Alpha Architect U.S. Quantitative Value ETF,ETF,True,2026-05-08,,,abc2a70de655618ecd4f
QVOL,NASDAQ,Infrastructure Capital Nasdaq Option Income ETF,ETF,True,2026-05-12,,,cf212bf2b0165ad42304
QXL,NASDAQ,Quantum X Labs Inc. - Common Stock,Stock,True,2026-05-08,,,1d3058103c933e55a98b
QXQ,NASDAQ,SGI Enhanced Nasdaq-100 ETF,ETF,True,2026-05-08,,,7395a4b55e48ab2d7125
QYLD,NASDAQ,Global X NASDAQ 100 Covered Call ETF,ETF,True,2026-05-08,,,ecc2aa1c25c2902f71dc
QYLG,NASDAQ,Global X Nasdaq 100 Covered Call & Growth ETF,ETF,True,2026-05-08,,,6834862e687c62c2c2a6
RAA,NASDAQ,SMI 3Fourteen REAL Asset Allocation ETF,ETF,True,2026-05-08,,,e52d30d5f9e305020247
RAAQ,NASDAQ,Real Asset Acquisition Corp. - Class A Ordinary Share,Stock,False,2026-05-08,2026-07-02,Missing from current NASDAQ source snapshot; reason unavailable,b167179c0aadcca85c89
RAAQU,NASDAQ,Real Asset Acquisition Corp. - Unit,Stock,False,2026-05-08,2026-07-02,Missing from current NASDAQ source snapshot; reason unavailable,a25b2845e96ebc19ff1a
RAAQW,NASDAQ,Real Asset Acquisition Corp. - Warrants,Stock,False,2026-05-08,2026-07-02,Missing from current NASDAQ source snapshot; reason unavailable,913d7ddc0f943d6493a4
RACC,NASDAQ,Research Alliance Corporation III - Class A Ordinary Shares,Stock,True,2026-05-20,,,1bf14e315f8a71ec761b
RACD,NASDAQ,Research Alliance Corporation IV - Class A Ordinary Shares,Stock,True,2026-07-13,,,ef272bb9dcc24210cdcd
RADX,NASDAQ,Radiopharm Theranostics Limited - American Depositary Shares,Stock,True,2026-05-08,,,d3422b00f3af21053771
RAIL,NASDAQ,"Freightcar America, Inc. - Common Stock",Stock,True,2026-05-08,,,d4b7d82736bf54d0fa42
RAIN,NASDAQ,"Rain Enhancement Technologies Holdco, Inc. - Class A Common Stock",Stock,True,2026-05-08,,,f5f77efcfef7cb9f2af0
RAINW,NASDAQ,"Rain Enhancement Technologies Holdco, Inc. - Warrants",Stock,True,2026-05-08,,,ea5f1e07f14956c5e557
RAND,NASDAQ,Rand Capital Corporation - Closed End Fund,Stock,True,2026-05-08,,,ee711071ba9a0835c296
RANG,NASDAQ,Range Capital Acquisition Corp. - Ordinary Shares,Stock,True,2026-05-08,,,24a852cf6c157d0557c4
RANGR,NASDAQ,Range Capital Acquisition Corp. - Rights,Stock,True,2026-05-08,,,c72295ede4ff7cf0a866
RANGU,NASDAQ,Range Capital Acquisition Corp. - Units,Stock,True,2026-05-08,,,3eb8140feb87ceb3b1bc
RANI,NASDAQ,"Rani Therapeutics Holdings, Inc. - Class A Common Stock",Stock,True,2026-05-08,,,598f7b11c9854f292826
RAPP,NASDAQ,"Rapport Therapeutics, Inc. - Common Stock",Stock,True,2026-05-08,,,470adf3cdebc73a710ad
RARE,NASDAQ,Ultragenyx Pharmaceutical Inc. - Common Stock,Stock,True,2026-05-08,,,27739c65ce2bd5c6d393
RAUS,NASDAQ,RACWI US ETF,ETF,True,2026-05-08,,,b85cf3609a224f563036
RAVE,NASDAQ,"Rave Restaurant Group, Inc. - Common Stock",Stock,True,2026-05-08,,,fe5f3fdeb96b9bd50930
RAY,NASDAQ,Raytech Holding Limited - Ordinary Shares,Stock,True,2026-05-08,,,163331a9715285c7c0a6
RAYA,NASDAQ,Erayak Power Solution Group Inc. - Class A Ordinary Shares,Stock,True,2026-05-08,,,d807ed94c4df7da6efb2
RBB,NASDAQ,RBB Bancorp - Common Stock,Stock,True,2026-05-08,,,ac37df50cb72cc4bf3c8
RBBN,NASDAQ,Ribbon Communications Inc. - Common Stock,Stock,True,2026-05-08,,,e69a2462605b02d3b986
RBCAA,NASDAQ,"Republic Bancorp, Inc. - Class A Common Stock",Stock,True,2026-05-08,,,e7e83f4eec7245a19b39
RBIL,NASDAQ,F/m Ultrashort Treasury Inflation-Protected Security (TIPS) ETF,ETF,True,2026-05-08,,,89edf03421419426e424
RBKB,NASDAQ,"Rhinebeck Bancorp, Inc. - Common Stock",Stock,True,2026-05-08,,,07bc779c378320fa7d55
RBNE,NASDAQ,Robin Energy Ltd. - Common Stock,Stock,True,2026-05-08,,,dcfa7cc1e31343802bd5
RCAT,NASDAQ,"Red Cat Holdings, Inc. - Common Stock",Stock,True,2026-05-08,,,c58075cc80c6ef33ca9c
RCAX,NASDAQ,Defiance Daily Target 2x Long RCAT ETF,ETF,True,2026-05-08,,,4c4277ff140d642acbf5
RCEL,NASDAQ,"Avita Medical, Inc. - Common Stock",Stock,True,2026-05-08,,,5ea5918e471d99ad9b01
RCGE,NASDAQ,RockCreek Global Equality ETF,ETF,True,2026-05-08,,,e99c62e9838e5db6764f
RCKT,NASDAQ,"Rocket Pharmaceuticals, Inc. - Common Stock",Stock,True,2026-05-08,,,a30a5e7d64417609d5ee
RCKTW,NASDAQ,"Rocket Pharmaceuticals, Inc. - Warrant",Stock,True,2026-05-08,,,c7dcbbbd436246be8171
RCKY,NASDAQ,"Rocky Brands, Inc. - Common Stock",Stock,True,2026-05-08,,,2711fc50fe050d9e826d
RCMT,NASDAQ,"RCM Technologies, Inc. - Common Stock",Stock,True,2026-05-08,,,700343e1ca48fb20416b
RCON,NASDAQ,"Recon Technology, Ltd. - Class A Ordinary Shares",Stock,True,2026-05-08,,,f2c54e0cea1b52ddd13c
RCT,NASDAQ,RedCloud Holdings plc - Ordinary Shares,Stock,True,2026-05-08,,,501bed6f10523d62035e
RDAC,NASDAQ,Rising Dragon Acquisition Corp. - Ordinary Shares,Stock,True,2026-05-08,,,372d853213b42952ff2c
RDACR,NASDAQ,Rising Dragon Acquisition Corp. - Rights,Stock,True,2026-05-08,,,7997e36d83844771aa56
RDACU,NASDAQ,Rising Dragon Acquisition Corp. - Unit,Stock,True,2026-05-08,,,1996ebb105a8ab90f821
RDAG,NASDAQ,Republic Digital Acquisition Company - Class A Ordinary Shares,Stock,True,2026-05-08,,,01863c7ae3b6b89ddc89
RDAGU,NASDAQ,Republic Digital Acquisition Company - Unit,Stock,True,2026-05-08,,,f28a6b8ae60899de45ef
RDAGW,NASDAQ,Republic Digital Acquisition Company - Warrants,Stock,True,2026-05-08,,,1af0a231d63803f301e4
RDCM,NASDAQ,Radcom Ltd. - Ordinary Shares,Stock,True,2026-05-08,,,7172bf0a131180077738
RDGT,NASDAQ,"Ridgetech, Inc. - Ordinary Shares",Stock,True,2026-05-08,,,49380e6b9cda516fba31
RDHL,NASDAQ,Redhill Biopharma Ltd. - American Depositary Shares,Stock,True,2026-05-08,,,b8c5e1a7d661941b49f7
RDI,NASDAQ,Reading International Inc - Class A Non-voting Common Stock,Stock,True,2026-05-08,,,a6147b6b332397c0e090
RDIB,NASDAQ,Reading International Inc - Class B Voting Common Stock,Stock,True,2026-05-08,,,8e8521df94a7c4d8accf
RDNT,NASDAQ,"RadNet, Inc. - Common Stock",Stock,True,2026-05-08,,,69f56453e7268f3b316b
RDNW,NASDAQ,"RideNow Group, Inc. - Class B Common Stock",Stock,True,2026-05-08,,,1e8582181f789c7899cd
RDTL,NASDAQ,GraniteShares 2x Long RDDT Daily ETF,ETF,True,2026-05-08,,,7b5afd3f46ee7940d7c7
RDTY,NASDAQ,YieldMax R2000 0DTE Covered Strategy ETF,ETF,True,2026-05-08,,,565c93913a944a678f3f
RDVT,NASDAQ,"Red Violet, Inc. - Common Stock",Stock,True,2026-05-08,,,370ba583cfc07c208601
RDVY,NASDAQ,First Trust Rising Dividend Achievers ETF,ETF,True,2026-05-08,,,76aeb3e713fcbd2b32b7
RDWR,NASDAQ,Radware Ltd. - Ordinary Shares,Stock,True,2026-05-08,,,6280c9c6ff92bfd528b0
RDZN,NASDAQ,"Roadzen, Inc. - Ordinary Shares",Stock,True,2026-05-08,,,39644e2deae1642718bf
RDZNW,NASDAQ,"Roadzen, Inc. - Warrants",Stock,True,2026-05-08,,,6f92b682e478c0a8c724
REAI,NASDAQ,Intelligent Real Estate ETF,ETF,True,2026-05-08,,,a780b6d4a0cb99a4ea56
REAL,NASDAQ,"The RealReal, Inc. - Common Stock",Stock,True,2026-05-08,,,0c3389d30f6b7441cdc7
REAX,NASDAQ,"The Real Brokerage, Inc. - Common Shares",Stock,True,2026-05-08,,,feb1658ff510b5b39d7a
REBN,NASDAQ,"Reborn Coffee, Inc. - Common Stock",Stock,True,2026-05-08,,,ec2bedcc168cfe41f206
RECT,NASDAQ,Rectitude Holdings Ltd - Ordinary Shares,Stock,True,2026-05-08,,,8a28ad047560cd98912b
REE,NASDAQ,REE Automotive Ltd. - Class A Ordinary Shares,Stock,False,2026-05-08,2026-07-07,Missing from current NASDAQ source snapshot; reason unavailable,b73ea61da643d251dc02
REFI,NASDAQ,"Chicago Atlantic Real Estate Finance, Inc. - Common Stock",Stock,True,2026-05-08,,,4a7d771b0e8cf4665743
REFR,NASDAQ,Research Frontiers Incorporated - Common Stock,Stock,True,2026-05-08,,,9514b2b7a4a7f49ad45c
REG,NASDAQ,Regency Centers Corporation - Common Stock,Stock,True,2026-05-08,,,7cfdc2926caea5bd0f49
REGCO,NASDAQ,Regency Centers Corporation - 5.875% Series B Cumulative Redeemable Preferred Stock,Stock,True,2026-05-08,,,02a3b2991b8b2a53f7ab
REGCP,NASDAQ,Regency Centers Corporation - 6.25% Series A Cumulative Redeemable Preferred Stock,Stock,True,2026-05-08,,,645c473eeb58e669abed
REGN,NASDAQ,"Regeneron Pharmaceuticals, Inc. - Common Stock",Stock,True,2026-05-08,,,a5cf5fc194e0c2ee17cb
REIT,NASDAQ,ALPS Active REIT ETF,ETF,True,2026-05-08,,,bb9a983c28e8fa12c790
REKR,NASDAQ,"Rekor Systems, Inc. - Common Stock",Stock,True,2026-05-08,,,9e2a1eef54ef4008b59a
RELL,NASDAQ,"Richardson Electronics, Ltd. - Common Stock",Stock,True,2026-05-08,,,d03c325a84f87f0eece7
RELY,NASDAQ,"Remitly Global, Inc. - Common stock",Stock,True,2026-05-08,,,bd7903dcea4aae87f49d
REMG,NASDAQ,Russell Investments Emerging Markets Equity ETF,ETF,True,2026-05-08,,,03c705b3ea4c181e7129
RENT,NASDAQ,"Rent the Runway, Inc. - Class A Common Stock",Stock,True,2026-05-08,,,ac32221ff483dab8bf28
RENX,NASDAQ,RenX Enterprises Corp. - Common Stock,Stock,True,2026-05-08,,,5eabe7fc04a318ae89ff
REPL,NASDAQ,"Replimune Group, Inc. - Common Stock",Stock,True,2026-05-08,,,891a9bf765d3e9269045
RETO,NASDAQ,"ReTo Eco-Solutions, Inc. - Class A Shares",Stock,True,2026-05-08,,,e4cbafda24305109f182
REVB,NASDAQ,"Revelation Biosciences, Inc. - Common Stock",Stock,True,2026-05-08,,,cbcedf426e519b4051ee
REVBW,NASDAQ,"Revelation Biosciences, Inc. - Warrant",Stock,True,2026-05-08,,,e26ee56c7a102e23f222
REXC,NASDAQ,Sprott Rare Earths Ex-China ETF,ETF,True,2026-05-08,,,9f4f8fa7b6eca341a1a2
REYN,NASDAQ,Reynolds Consumer Products Inc. - Common Stock,Stock,True,2026-05-08,,,081fe620968e356b7b25
RFAI,NASDAQ,RF Acquisition Corp II - Ordinary Shares,Stock,True,2026-05-08,,,fd09828480041f07fcdb
RFAIR,NASDAQ,RF Acquisition Corp II - Right,Stock,True,2026-05-08,,,cb9453e3eee16a71646f
RFAIU,NASDAQ,RF Acquisition Corp II - Unit,Stock,True,2026-05-08,,,e148c88000d8c0db3768
RFAM,NASDAQ,RF Acquisition Corp III - Ordinary Shares,Stock,True,2026-05-08,,,dda27a8e310d5b01d58d
RFAMR,NASDAQ,RF Acquisition Corp III - Rights,Stock,True,2026-05-08,,,39da2510ccd97f203bbe
RFAMU,NASDAQ,RF Acquisition Corp III - Units,Stock,True,2026-05-08,,,55ff3df3486716f66686
RFDI,NASDAQ,First Trust RiverFront Dynamic Developed International ETF,ETF,True,2026-05-08,,,e814cf54b7ceb22df51b
RFEM,NASDAQ,First Trust RiverFront Dynamic Emerging Markets ETF,ETF,True,2026-05-08,,,9d3ffafe261e0eecab0a
RFIL,NASDAQ,"RF Industries, Ltd. - Common Stock",Stock,True,2026-05-08,,,2a42a0c4cf72a9eeb32d
RGC,NASDAQ,Regencell Bioscience Holdings Limited - Ordinary Shares,Stock,True,2026-05-08,,,0cd8bc106ca11abc80a0
RGCO,NASDAQ,RGC Resources Inc. - Common Stock,Stock,True,2026-05-08,,,daa958109cfa36add262
RGEN,NASDAQ,Repligen Corporation - Common Stock,Stock,True,2026-05-08,,,f98cf8d1df2ebe6dc7f0
RGLD,NASDAQ,"Royal Gold, Inc. - Common Stock",Stock,True,2026-05-08,,,b7470dc1bc3d089e86d8
RGLO,NASDAQ,Russell Investments Global Equity ETF,ETF,True,2026-05-08,,,414bba35d08a3d251728
RGNX,NASDAQ,REGENXBIO Inc. - Common Stock,Stock,True,2026-05-08,,,195df8b918104a26ae12
RGP,NASDAQ,"Resources Connection, Inc. - Common Stock",Stock,True,2026-05-08,,,cf33a537b6b9e6e5fcfb
RGS,NASDAQ,Regis Corporation - Common Stock,Stock,True,2026-05-08,,,607b1b597d60986bb052
RGTI,NASDAQ,"Rigetti Computing, Inc. - Common stock",Stock,True,2026-05-08,,,3608c7a4b1cb7e223fde
RGTIW,NASDAQ,"Rigetti Computing, Inc. - Redeemable warrants, each whole warrant exercisable for one Class A ordinary share at an exercise price of $11.50",Stock,True,2026-05-08,,,c7cddfab1f9592a0dd6c
RGTX,NASDAQ,Defiance Daily Target 2X Long RGTI ETF,ETF,True,2026-05-08,,,23d1ed09182f7b197831
RGTZ,NASDAQ,Defiance Daily Target 2x Short RGTI ETF,ETF,True,2026-05-08,,,47e33fcbf8a7c6d79fb2
RGYY,NASDAQ,GraniteShares YieldBoost RGTI ETF,ETF,True,2026-05-08,,,1dbf0cb6189d538301bc
RIBB,NASDAQ,Ribbon Acquisition Corp - Class A Ordinary Shares,Stock,True,2026-05-08,,,4701d2b70e3717d0b9d0
RIBBR,NASDAQ,Ribbon Acquisition Corp - Rights,Stock,True,2026-05-08,,,539e55c416e5af2e6036
RIBBU,NASDAQ,Ribbon Acquisition Corp - Unit,Stock,True,2026-05-08,,,74faa22139bd97501716
RICK,NASDAQ,"RCI Hospitality Holdings, Inc. - Common Stock",Stock,True,2026-05-08,,,918796269eea5ba761ad
RIFR,NASDAQ,Russell Investments Global Infrastructure ETF,ETF,True,2026-05-08,,,267417da03d53ccded59
RIGL,NASDAQ,"Rigel Pharmaceuticals, Inc. - Common Stock",Stock,True,2026-05-08,,,c9f50896924b3303e5f2
RILY,NASDAQ,"BRC Group Holdings, Inc. - Common Stock",Stock,True,2026-05-08,,,80471eb00ddee51fce0c
RILYG,NASDAQ,"BRC Group Holdings, Inc. - 5.00% Senior Notes due 2026",Stock,True,2026-05-08,,,0752c2ebdbd2aab6c64f
RILYL,NASDAQ,"BRC Group Holdings, Inc. - Depositary Shares, each representing a 1/1000th fractional interest in a share of Series B Cumulative Perpetual Preferred Stock",Stock,True,2026-05-08,,,dacf8bc50aeb74d0b498
RILYN,NASDAQ,"BRC Group Holdings, Inc. - 6.50% Senior Notes Due 2026",Stock,True,2026-05-08,,,2a84c4f22385f965e816
RILYP,NASDAQ,"BRC Group Holdings, Inc. - Depositary Shares, each representing a 1/1000th fractional interest in a share of Series A Cumulative Perpetual Preferred Stock",Stock,True,2026-05-08,,,4c86dc325f56de2aef6e
RILYT,NASDAQ,"BRC Group Holdings, Inc. - 6.00% Senior Notes Due 2028",Stock,True,2026-05-08,,,750401bbe36b682180e6
RILYZ,NASDAQ,"BRC Group Holdings, Inc. - 5.25% Senior Notes due 2028",Stock,True,2026-05-08,,,84025d0a7aaf65f43ea5
RIME,NASDAQ,"Algorhythm Holdings, Inc. - Common Stock",Stock,True,2026-05-08,,,10de7819634470d53e77
RING,NASDAQ,iShares MSCI Global Gold Miners ETF,ETF,True,2026-05-08,,,390c44659f380989683a
RINT,NASDAQ,Russell Investments International Developed Equity ETF,ETF,True,2026-05-08,,,1e91888644148c9c2bf1
RIOT,NASDAQ,"Riot Platforms, Inc. - Common Stock",Stock,True,2026-05-08,,,bd6b55eb5ccf97dfb891
RITR,NASDAQ,Reitar Logtech Holdings Limited - Ordinary shares,Stock,True,2026-05-08,,,dcfca599d136057db5cf
RIVN,NASDAQ,"Rivian Automotive, Inc. - Class A Common Stock",Stock,True,2026-05-08,,,ea8418d369f3203b9c41
RJET,NASDAQ,Republic Airways Holdings Inc. - Common Stock,Stock,True,2026-05-08,,,887b9f985529c778d849
RKDA,NASDAQ,"Arcadia Biosciences, Inc. - Common Stock",Stock,True,2026-05-08,,,0516ead56f9f697ebcbe
RKLB,NASDAQ,Rocket Lab Corporation - Common Stock,Stock,True,2026-05-08,,,3c67f1774e3f0fdd9ee1
RKLX,NASDAQ,Defiance Daily Target 2X Long RKLB ETF,ETF,True,2026-05-08,,,c315d959dbec6b4b8a05
RKLZ,NASDAQ,Defiance Daily Target 2x Short RKLB ETF,ETF,True,2026-05-08,,,455a1e4c737506e24efc
RKNG,NASDAQ,Defiance Retail Kings ETF,ETF,True,2026-05-08,,,ad38aa1d5af09949e06d
RKTO,NASDAQ,Rocket One Inc. - Common Stock,Stock,True,2026-05-28,,,aed80925a706002da4e2
RLAY,NASDAQ,"Relay Therapeutics, Inc. - Common Stock",Stock,True,2026-05-08,,,36066301f1ef5c36e333
RLMD,NASDAQ,"Relmada Therapeutics, Inc. - Common Stock",Stock,True,2026-05-08,,,59916d0e1ff762b2d68a
RLYB,NASDAQ,Rallybio Corporation - Common Stock,Stock,True,2026-05-08,,,87fd9ca4134c08d71efa
RMBI,NASDAQ,"Richmond Mutual Bancorporation, Inc. - Common Stock",Stock,True,2026-05-08,,,870ee7082fbf0072a58f
RMBS,NASDAQ,"Rambus, Inc. - Common Stock",Stock,True,2026-05-08,,,0968c0c87e720dc64abf
RMCF,NASDAQ,"Rocky Mountain Chocolate Factory, Inc. - Common Stock",Stock,True,2026-05-08,,,3e7eb62482c2e9febaa1
RMCO,NASDAQ,Royalty Management Holding Corporation - Class A Common Stock,Stock,True,2026-05-08,,,f570b3922a9d4819607d
RMCOW,NASDAQ,Royalty Management Holding Corporation - Warrant,Stock,True,2026-05-08,,,13171c5a42cffa7af2f5
RMIX,NASDAQ,"Suncrete, Inc. - Class A Common Stock",Stock,True,2026-05-08,,,d5f540465eeead0ce47c
RMNI,NASDAQ,"Rimini Street, Inc. - Common Stock",Stock,True,2026-05-08,,,f2baf6f653b054a3aea5
RMR,NASDAQ,The RMR Group Inc. - Class A Common Stock,Stock,True,2026-05-08,,,154659b86164d9a8a80b
RMSG,NASDAQ,Real Messenger Corporation - Ordinary Shares,Stock,True,2026-05-08,,,f4c1bb9c5ff6d6f010d8
RMSGW,NASDAQ,Real Messenger Corporation - Warrants,Stock,True,2026-05-08,,,b4fb45461e3f5093f446
RMTI,NASDAQ,"Rockwell Medical, Inc. - Common Stock",Stock,True,2026-05-08,,,113ba508ea4966f41296
RNA,NASDAQ,"Atrium Therapeutics, Inc. - Common Stock",Stock,True,2026-05-08,,,538ec890e2e0bb3478fa
RNAC,NASDAQ,"Cartesian Therapeutics, Inc. - Common Stock",Stock,True,2026-05-08,,,3f9c86c0b5f8aa990a82
RNAZ,NASDAQ,"TransCode Therapeutics, Inc. - Common Stock",Stock,True,2026-05-08,,,9d87d554c571efc1ee4e
RNEM,NASDAQ,Emerging Markets Equity Select ETF,ETF,True,2026-05-08,,,bd16a37d20dc7c043d66
RNGT,NASDAQ,Range Capital Acquisition Corp II - Class A Ordinary Shares,Stock,True,2026-05-08,,,496235aa103ab720353b
RNGTU,NASDAQ,Range Capital Acquisition Corp II - Units,Stock,True,2026-05-08,,,a7fb9db4142bdd1b220b
RNGTW,NASDAQ,Range Capital Acquisition Corp II - Warrants,Stock,True,2026-05-08,,,6cc73ac8868590442444
RNIN,NASDAQ,Bushido Capital US SMID Cap Equity ETF,ETF,True,2026-05-08,,,3fbc79ee094ef9059dc5
RNRG,NASDAQ,Global X Renewable Energy Producers ETF,ETF,True,2026-05-08,,,07e6b84073e4326331d0
RNTX,NASDAQ,"Rein Therapeutics, Inc. - Common Stock",Stock,True,2026-05-08,,,befdbc8f144eb9b7c61f
RNW,NASDAQ,ReNew Energy Global plc - Class A Shares,Stock,True,2026-05-08,,,5aaeb27ee53adb07c958
RNWWW,NASDAQ,ReNew Energy Global plc - Warrant,Stock,True,2026-05-08,,,c48d6bd79ff3ea951029
RNXT,NASDAQ,"RenovoRx, Inc. - Common Stock",Stock,True,2026-05-08,,,e07766b3d8d135414eaa
ROAD,NASDAQ,"Construction Partners, Inc. - Common Stock",Stock,True,2026-05-08,,,0186bb3fb1bb96015c48
ROBT,NASDAQ,First Trust Nasdaq Artificial Intelligence and Robotics ETF,ETF,True,2026-05-08,,,848e317514d8486022ca
ROC,NASDAQ,Rank One Computing Corporation - Common stock,Stock,True,2026-05-08,,,e01f06a53f42b15c6f67
ROCK,NASDAQ,"Gibraltar Industries, Inc. - Common Stock",Stock,True,2026-05-08,,,ef1d4a78a3b8c3c552b9
ROCQ,NASDAQ,JPMorgan Nasdaq Equity Premium Yield ETF,ETF,True,2026-05-08,,,3b53a6f0b5206a6981b9
ROCY,NASDAQ,JPMorgan Equity Premium Yield ETF,ETF,True,2026-05-08,,,59821314aa9a02f67125
ROE,NASDAQ,Astoria US Equal Weight Quality Kings ETF,ETF,True,2026-05-08,,,ca2003b0cfc7142ad9ae
ROIV,NASDAQ,Roivant Sciences Ltd. - Common Shares,Stock,True,2026-05-08,,,cf26f8a6c3cf33679ccc
ROKU,NASDAQ,"Roku, Inc. - Class A Common Stock",Stock,True,2026-05-08,,,468e72d0e9a69174e03c
ROMA,NASDAQ,Roma Green Finance Limited - Class A Ordinary Shares,Stock,True,2026-05-08,,,1a3afe199151d3d2d077
ROOT,NASDAQ,"Root, Inc. - Common Stock",Stock,True,2026-05-08,,,ad76396580080484efd1
ROP,NASDAQ,"Roper Technologies, Inc. - Common Stock",Stock,True,2026-05-08,,,402531c07fcf29eac465
ROST,NASDAQ,"Ross Stores, Inc. - Common Stock",Stock,True,2026-05-08,,,afe0accff45481c9fa2b
RPAY,NASDAQ,Repay Holdings Corporation - Class A Common Stock,Stock,True,2026-05-08,,,77dfe327f2ccfd2116c1
RPD,NASDAQ,"Rapid7, Inc. - Common Stock",Stock,True,2026-05-08,,,1e5342f70a5e99c935d5
RPGL,NASDAQ,Republic Power Group Limited - Class A Ordinary Shares,Stock,True,2026-05-08,,,f4b4c1bbb95943951b9d
RPID,NASDAQ,"Rapid Micro Biosystems, Inc. - Class A Common Stock",Stock,True,2026-05-08,,,33c8d1563c30707dbeee
RPRX,NASDAQ,Royalty Pharma plc - Class A Ordinary Shares,Stock,True,2026-05-08,,,6820e15ba61e18921710
RR,NASDAQ,Richtech Robotics Inc. - Class B Common Stock,Stock,True,2026-05-08,,,04b63d12bd2c7830ba73
RRBI,NASDAQ,"Red River Bancshares, Inc. - Common Stock",Stock,True,2026-05-08,,,c82fa969d7e0bc6c0083
RREV,NASDAQ,RRE Ventures Acquisition Corp. - Class A Ordinary Shares,Stock,True,2026-05-20,,,888259a5c65a9972e39e
RREVU,NASDAQ,RRE Ventures Acquisition Corp. - Units,Stock,True,2026-05-08,,,b1abc0207b0e633806ad
RREVW,NASDAQ,RRE Ventures Acquisition Corp. - Warrants,Stock,True,2026-05-20,,,1f043ccd7d4f35afda21
RRGB,NASDAQ,"Red Robin Gourmet Burgers, Inc. - Common Stock",Stock,True,2026-05-08,,,12bf3e8aecf1f5d1f513
RRR,NASDAQ,"Red Rock Resorts, Inc. - Class A Common Stock",Stock,True,2026-05-08,,,7238ac4baadd5a1d60e6
RSSS,NASDAQ,"Research Solutions, Inc - Common Stock",Stock,True,2026-05-08,,,dcfe83cf39c97a191be0
RSVR,NASDAQ,"Reservoir Media, Inc.. - Common Stock",Stock,True,2026-05-08,,,4a9c05f5daf27b4fa3c6
RSVRW,NASDAQ,"Reservoir Media, Inc.. - Warrant",Stock,True,2026-05-08,,,5dfe52ef5f8a5a82a5d3
RTAC,NASDAQ,Renatus Tactical Acquisition Corp I - Class A Ordinary Shares,Stock,True,2026-05-08,,,ca1f2d2f51880ebec8d3
RTACU,NASDAQ,Renatus Tactical Acquisition Corp I - Unit,Stock,True,2026-05-08,,,ffa6e6c3ef882d3d2bd9
RTACW,NASDAQ,Renatus Tactical Acquisition Corp I - Warrant,Stock,True,2026-05-08,,,c1c8c36ec65730d530ce
RTB,NASDAQ,"RTB Digital, Inc. - Common Stock",Stock,True,2026-05-13,,,71d2f76de6b9fd50227b
RTH,NASDAQ,VanEck Retail ETF,ETF,True,2026-05-08,,,25ba867522a4dab24130
RTXG,NASDAQ,Leverage Shares 2X Long RTX Daily ETF,ETF,True,2026-05-08,,,3d0e27cfb2ecc1255ed0
RTYY,NASDAQ,GraniteShares YieldBoost RIOT ETF,ETF,True,2026-05-08,,,ea53bad5dfc4d9ac8daf
RUBI,NASDAQ,Rubico Inc. - Common Stock,Stock,True,2026-05-08,,,faef87f3c719f17de6c6
RUM,NASDAQ,Rumble Inc. - Class A Common Stock,Stock,False,2026-05-08,2026-06-24,Listing metadata changed,495727349bf44cc85418
RUM,NASDAQ,RUM Group Inc. - Class A Common Stock,Stock,True,2026-06-24,,,df61abc4635cc970f3c0
RUMBW,NASDAQ,Rumble Inc. - Warrant,Stock,False,2026-05-08,2026-06-24,Listing metadata changed,04d63edba2ad1697af8e
RUMBW,NASDAQ,RUM Group Inc. - Warrant,Stock,True,2026-06-24,,,b42636dd1e368ac9a9ee
RUN,NASDAQ,Sunrun Inc. - Common Stock,Stock,True,2026-05-08,,,0ef01c18cd83845c0dba
RUNN,NASDAQ,Running Oak Efficient Growth ETF,ETF,True,2026-05-08,,,a43995947aee04d11540
RUSC,NASDAQ,Russell Investments U.S. Small Cap Equity ETF,ETF,True,2026-05-08,,,b8e143c96d485237b734
RUSHA,NASDAQ,"Rush Enterprises, Inc. - Class A Common Stock",Stock,True,2026-05-08,,,73946ea3e28fea131623
RUSHB,NASDAQ,"Rush Enterprises, Inc. - Class B Common Stock",Stock,True,2026-05-08,,,ecb6b08492492358970a
RVMD,NASDAQ,"Revolution Medicines, Inc. - Common Stock",Stock,True,2026-05-08,,,992dcd908065012ff32d
RVMDW,NASDAQ,"Revolution Medicines, Inc. - Warrant",Stock,True,2026-05-08,,,6142266fab381c32fe2f
RVNL,NASDAQ,GraniteShares 2x Long RIVN Daily ETF,ETF,True,2026-05-08,,,645ed5a5181057dee8eb
RVPH,NASDAQ,"Reviva Pharmaceuticals Holdings, Inc. - Common Stock",Stock,False,2026-05-08,2026-05-14,Missing from current NASDAQ source snapshot; reason unavailable,07da070281cc6f6c1c23
RVSB,NASDAQ,Riverview Bancorp Inc - Common Stock,Stock,True,2026-05-08,,,2748dde0a198b39bc53b
RVSN,NASDAQ,Rail Vision Ltd. - Ordinary Shares,Stock,True,2026-05-08,,,db3d6f8fc9766d9a6623
RVSNW,NASDAQ,Rail Vision Ltd. - Warrant,Stock,True,2026-05-08,,,1dbfd7763ef35cac631e
RVYL,NASDAQ,Ryvyl Inc. - Common Stock,Stock,False,2026-05-08,2026-05-13,Missing from current NASDAQ source snapshot; reason unavailable,7b3a1d9326a37aee71f7
RWAY,NASDAQ,Runway Growth Finance Corp. - Common Stock,Stock,True,2026-05-08,,,a23802a4b57ad8e5e3e1
RWAYI,NASDAQ,Runway Growth Finance Corp. - 7.25% Notes due 2031,Stock,True,2026-05-08,,,da3972ef62399af298f9
RWAYL,NASDAQ,Runway Growth Finance Corp. - 7.50% Notes due 2027,Stock,True,2026-05-08,,,431761ae8c85fc5fd1ba
RWIN,NASDAQ,Rayliant NxtGen Multifactor International Equity ETF,ETF,True,2026-05-08,,,ddfe1edbcce2edb019b0
RXRX,NASDAQ,"Recursion Pharmaceuticals, Inc. - Class A Common Stock",Stock,True,2026-05-08,,,6e6b032813628773e6ba
RXST,NASDAQ,"RxSight, Inc. - Common Stock",Stock,True,2026-05-08,,,f327f604ba8274f4ccb0
RXT,NASDAQ,"Rackspace Technology, Inc. - Common Stock",Stock,True,2026-05-08,,,1d97df47ab7bfcf38db4
RYAAY,NASDAQ,"Ryanair Holdings plc - American Depositary Shares, each representing five Ordinary Shares",Stock,True,2026-05-08,,,037a768c8b6c10c7a382
RYET,NASDAQ,Ruanyun Edai Technology Inc. - Ordinary shares,Stock,True,2026-05-08,,,c94e76ce892782517888
RYM,NASDAQ,"RYTHM, Inc. - Common Stock",Stock,True,2026-05-08,,,c92f0900d290490e4c75
RYOJ,NASDAQ,"rYojbaba Co., Ltd. - Common Shares",Stock,True,2026-05-08,,,32ea9f9a8ddb3f0403cb
RYTM,NASDAQ,"Rhythm Pharmaceuticals, Inc. - Common Stock",Stock,True,2026-05-08,,,2eff2ba776c73c39d555
RZLT,NASDAQ,"Rezolute, Inc. - Common Stock (NV)",Stock,True,2026-05-08,,,20e1548e0dbea9c1aa00
RZLV,NASDAQ,Rezolve AI PLC - Ordinary Shares,Stock,True,2026-05-08,,,8418ce59cac983fa9db3
RZLVW,NASDAQ,Rezolve AI PLC - Warrants,Stock,True,2026-05-08,,,ab22f304db9c363436e2
SAAQ,NASDAQ,Space Asset Acquisition Corp. - Class A Ordinary Shares,Stock,True,2026-05-08,,,c77564a7431afa57e38d
SAAQU,NASDAQ,Space Asset Acquisition Corp. - Units,Stock,True,2026-05-08,,,8d4e9e23e970d2f9d07d
SAAQW,NASDAQ,Space Asset Acquisition Corp. - Warrants,Stock,True,2026-05-08,,,80e4e375ecc26193a80a
SABR,NASDAQ,Sabre Corporation - Common Stock,Stock,True,2026-05-08,,,1d8cf57a82125c3fe938
SABS,NASDAQ,"SAB Biotherapeutics, Inc. - Common Stock",Stock,True,2026-05-08,,,88a7cf38656747cb9d8c
SABSW,NASDAQ,"SAB Biotherapeutics, Inc. - Warrant",Stock,True,2026-05-08,,,e0d9b3846e96d7d3d625
SAFT,NASDAQ,"Safety Insurance Group, Inc. - Common Stock",Stock,True,2026-05-08,,,8904093f736230f03f99
SAFX,NASDAQ,"XCF Global, Inc. - Class A Common Stock",Stock,True,2026-05-08,,,192f789bcd84fed9ed29
SAGT,NASDAQ,SAGTEC GLOBAL LIMITED - Class A Ordinary shares,Stock,True,2026-05-08,,,b03679d67df0de018eee
SAIA,NASDAQ,"Saia, Inc. - Common Stock",Stock,True,2026-05-08,,,666c523f03134af31f2e
SAIC,NASDAQ,Science Applications International Corporation - Common Stock,Stock,True,2026-05-08,,,d34746929c68140c3b4e
SAIH,NASDAQ,SAIHEAT Limited - Class A Ordinary Shares,Stock,True,2026-05-08,,,8547210cebecd61c70f9
SAIHW,NASDAQ,SAIHEAT Limited - Warrant,Stock,True,2026-05-08,,,3d9e57d2921cd8c25f23
SAIL,NASDAQ,"SailPoint, Inc. - Common Stock",Stock,True,2026-05-08,,,0efc8701e6ebfb64c7a8
SAMG,NASDAQ,Silvercrest Asset Management Group Inc. - Common Stock,Stock,True,2026-05-08,,,6a17d50b8ec3f04c75e0
SANA,NASDAQ,"Sana Biotechnology, Inc. - Common Stock",Stock,True,2026-05-08,,,cae902820ceb801a63a8
SANG,NASDAQ,Sangoma Technologies Corporation - Common Shares,Stock,True,2026-05-08,,,cf6dcea19b69735619bb
SANM,NASDAQ,Sanmina Corporation - Common Stock,Stock,True,2026-05-08,,,eec6736b97f6b560d890
SARK,NASDAQ,Tradr 1X Short Innovation Daily ETF,ETF,True,2026-05-08,,,cdd9205220b7ff3912ab
SATA,NASDAQ,"Strive, Inc. - Variable Rate Series A Perpetual Preferred Stock",Stock,True,2026-05-08,,,8254a4ddb1920ce709f9
SATG,NASDAQ,Leverage Shares 2X Long SATS Daily ETF,ETF,False,2026-05-08,2026-07-01,Other delisting reason: Details unavailable (source: FMP Delisted API),9be21530d6d5b952f9fa
SATL,NASDAQ,Satellogic Inc. - Class A Common Stock,Stock,True,2026-05-08,,,562aba107736cf81cc7b
SATLW,NASDAQ,Satellogic Inc. - Warrant,Stock,True,2026-05-08,,,a4c80a98321056fa38d5
SATS,NASDAQ,EchoStar Corporation - Common stock,Stock,False,2026-05-08,2026-06-24,Missing from current NASDAQ source snapshot; reason unavailable,638a3878c55ca5111e3e
SBAC,NASDAQ,SBA Communications Corporation - Class A Common Stock,Stock,True,2026-05-08,,,e278aebd9fb4056f8786
SBC,NASDAQ,SBC Medical Group Holdings Incorporated - Common Stock,Stock,True,2026-05-08,,,46cb31820909901b9c44
SBCF,NASDAQ,Seacoast Banking Corporation of Florida - Common Stock,Stock,True,2026-05-08,,,b6327a4df3ebfd05794f
SBCWW,NASDAQ,SBC Medical Group Holdings Incorporated - Warrants,Stock,True,2026-05-08,,,56a0a32fe9c2185f9b54
SBET,NASDAQ,"Sharplink, Inc. - Common Stock",Stock,True,2026-05-08,,,bb191e955a34962f311d
SBFG,NASDAQ,"SB Financial Group, Inc. - Common Stock",Stock,True,2026-05-08,,,e312bfb5c622bd468fe8
SBFM,NASDAQ,Sunshine Biopharma Inc. - Common stock,Stock,True,2026-05-08,,,bbefef9fe747e8991979
SBFMW,NASDAQ,Sunshine Biopharma Inc. - Warrant,Stock,True,2026-05-08,,,3c6e9cd0df68c025995b
SBGI,NASDAQ,"Sinclair, Inc. - Class A Common Stock",Stock,True,2026-05-08,,,e5516d5341c33723037e
SBLK,NASDAQ,Star Bulk Carriers Corp. - Common Shares,Stock,True,2026-05-08,,,1ee24ead4e72fcb99b6c
SBRA,NASDAQ,"Sabra Health Care REIT, Inc. - Common Stock",Stock,True,2026-05-08,,,938c136776a62379bf9e
SBU,NASDAQ,Leverage Shares 2X Long SBUX Daily ETF,ETF,True,2026-05-08,,,937c43ce3d7fd2504850
SBUX,NASDAQ,Starbucks Corporation - Common Stock,Stock,True,2026-05-08,,,98523903274f5e10fa6c
SCA,NASDAQ,GraniteShares Autocallable SMCI ETF,ETF,True,2026-05-27,,,cda6d513de6070035960
SCAG,NASDAQ,Scage Future - American Depositary Shares,Stock,True,2026-05-08,,,37f410f7b977c73dcf57
SCAGW,NASDAQ,Scage Future - Warrants,Stock,True,2026-05-08,,,075d6678fe2bc92ea18d
SCDS,NASDAQ,JPMorgan Fundamental Data Science Small Core ETF,ETF,True,2026-05-08,,,312b4bece8ace8204cd2
SCHL,NASDAQ,Scholastic Corporation - Common Stock,Stock,True,2026-05-08,,,8dee371ae70c699762b7
SCII,NASDAQ,SC II Acquisition Corp. - Class A ordinary share,Stock,True,2026-05-08,,,e5489a25c6968b98e07f
SCIIR,NASDAQ,SC II Acquisition Corp. - Rights,Stock,True,2026-05-08,,,89481cded12f8b71db95
SCIIU,NASDAQ,SC II Acquisition Corp. - Units,Stock,True,2026-05-08,,,945aab492bb662a24285
SCKT,NASDAQ,"Socket Mobile, Inc. - Common Stock",Stock,True,2026-05-08,,,a93b6cea7d9ac2c4efc3
SCLS,NASDAQ,Stoneport Advisors Commodity Long Short ETF,ETF,False,2026-05-08,2026-06-17,Missing from current NASDAQ source snapshot; reason unavailable,f7b30ebbb2b1e6dbd5cd
SCLX,NASDAQ,Scilex Holding Company - Common Stock,Stock,True,2026-05-08,,,b1cbff9c7d8815ae0ea4
SCLXW,NASDAQ,Scilex Holding Company - Warrant,Stock,True,2026-05-08,,,e2139e102f035a0b6b94
SCNI,NASDAQ,Scinai Immunotherapeutics Ltd. - American Depositary Shares,Stock,True,2026-05-08,,,33580cfef2f6b570b1e7
SCNX,NASDAQ,"Scienture Holdings, Inc. - Common Stock",Stock,True,2026-05-08,,,26c482d8c6bbc9e0da4d
SCOR,NASDAQ,"comScore, Inc. - Common Stock",Stock,True,2026-05-08,,,24b161451ac42cf12eb7
SCPQ,NASDAQ,Social Commerce Partners Corporation - Class A Ordinary Shares,Stock,True,2026-05-08,,,e5b677eced5b9fe728fd
SCPQU,NASDAQ,Social Commerce Partners Corporation - Unit,Stock,True,2026-05-08,,,afecf1b914de9986f286
SCPQW,NASDAQ,Social Commerce Partners Corporation - Warrant,Stock,True,2026-05-08,,,13ac438e6123c0abfd48
SCSC,NASDAQ,"ScanSource, Inc. - Common Stock",Stock,True,2026-05-08,,,b0c269a9f9d8f876ff4b
SCVL,NASDAQ,"Shoe Carnival, Inc. - Common Stock",Stock,False,2026-05-08,2026-06-12,Missing from current NASDAQ source snapshot; reason unavailable,23931a76221403d66467
SCWO,NASDAQ,374Water Inc. - common stock,Stock,True,2026-05-08,,,83c64b582f90409f68cf
SCYX,NASDAQ,"SCYNEXIS, Inc. - Common Stock",Stock,True,2026-05-08,,,f5e7e6fb06bccca80358
SCZ,NASDAQ,iShares MSCI EAFE Small-Cap ETF,ETF,True,2026-05-08,,,4dceb27cc81d3f660277
SCZM,NASDAQ,Santacruz Silver Mining Ltd. - Common Shares,Stock,True,2026-05-08,,,a976ecd9da19233834f1
SDA,NASDAQ,SunCar Technology Group Inc. - Ordinary Shares,Stock,True,2026-05-08,,,07507665fb4658624c3a
SDAWW,NASDAQ,SunCar Technology Group Inc. - Warrant,Stock,True,2026-05-08,,,bca4e8f7d8052439de35
SDG,NASDAQ,iShares MSCI Global Sustainable Development Goals ETF,ETF,True,2026-05-08,,,7ce4e948a39084e516e9
SDGR,NASDAQ,"Schrodinger, Inc. - Common Stock",Stock,True,2026-05-08,,,c33e05cbff4e5a4da5fc
SDHI,NASDAQ,Siddhi Acquisition Corp - Class A Common stock,Stock,True,2026-05-08,,,74f5c117f151079097f7
SDHIR,NASDAQ,Siddhi Acquisition Corp - Right,Stock,True,2026-05-08,,,6868ddfb2e8c6e8578a5
SDHIU,NASDAQ,Siddhi Acquisition Corp - Unit,Stock,True,2026-05-08,,,e78822d2f6b8487f6a01
SDM,NASDAQ,Smart Digital Group Limited - Ordinary Shares,Stock,False,2026-05-08,2026-06-26,Missing from current NASDAQ source snapshot; reason unavailable,8af4a4bf4ffcfad5f6cb
SDOT,NASDAQ,Sadot Group Inc. - Common Stock,Stock,True,2026-05-08,,,5d09cd9061a157b666a2
SDSI,NASDAQ,American Century Short Duration Strategic Income ETF,ETF,True,2026-05-08,,,e7da8457c11587bef5e1
SDST,NASDAQ,Stardust Power Inc. - Common Stock,Stock,True,2026-05-08,,,645de463182fcd6276ec
SDSTW,NASDAQ,Stardust Power Inc. - Warrant,Stock,True,2026-05-08,,,2e5e02496898be591d9c
SDTY,NASDAQ,YieldMax S&P 500 0DTE Covered Call Strategy ETF,ETF,True,2026-05-08,,,5931d3f983cb90e6050c
SDVY,NASDAQ,First Trust SMID Cap Rising Dividend Achievers ETF,ETF,True,2026-05-08,,,b09bfb0efff1c8e98245
SEAT,NASDAQ,Vivid Seats Inc. - Class A common stock,Stock,True,2026-05-08,,,08df915e87a52aa335c0
SEATW,NASDAQ,Vivid Seats Inc. - Warrant,Stock,True,2026-05-08,,,4dc67f75f6b8e94e7ebb
SEDG,NASDAQ,"SolarEdge Technologies, Inc. - Common Stock",Stock,True,2026-05-08,,,d103104ae26a47c5c949
SEED,NASDAQ,Origin Agritech Limited - Ordinary Shares,Stock,True,2026-05-08,,,4a917d002e96a9d241a1
SEEM,NASDAQ,SEI Select Emerging Markets Equity ETF,ETF,True,2026-05-08,,,154c1fdbaa0765212b6a
SEER,NASDAQ,"Seer, Inc. - Class A Common Stock",Stock,True,2026-05-08,,,ad3865cb2193df48c904
SEGG,NASDAQ,Sports Entertainment Gaming Global Corporation - Common Stock,Stock,True,2026-05-08,,,1211e365e7b73acac5a2
SEIC,NASDAQ,SEI Investments Company - Common Stock,Stock,True,2026-05-08,,,a549024b892bcb22ef7c
SEIE,NASDAQ,SEI Select International Equity ETF,ETF,True,2026-05-08,,,80777c6488dee56e6920
SEIS,NASDAQ,SEI Select Small Cap ETF,ETF,True,2026-05-08,,,d4837fc17a53f967c027
SELF,NASDAQ,"Global Self Storage, Inc. - Common Stock",Stock,True,2026-05-08,,,46bf6abcdaa700852f41
SELX,NASDAQ,Semilux International Ltd. - Ordinary Shares,Stock,False,2026-05-08,2026-06-08,Missing from current NASDAQ source snapshot; reason unavailable,eee1c3cf2e3e18f1f516
SEMY,NASDAQ,GraniteShares YieldBOOST Semiconductor ETF,ETF,True,2026-05-08,,,b03ff68b57000262e6d3
SENEA,NASDAQ,Seneca Foods Corp. - Class A Common Stock,Stock,True,2026-05-08,,,dcd855aefbeb616c0443
SENEB,NASDAQ,Seneca Foods Corp. - Class B Common Stock,Stock,True,2026-05-08,,,8c03bd738ad1c12c33a7
SENS,NASDAQ,"Senseonics Holdings, Inc. - Common Stock",Stock,True,2026-05-08,,,8060a7a235065555477d
SEPN,NASDAQ,"Septerna, Inc. - Common Stock",Stock,True,2026-05-08,,,ca6e8507fe7c5530d38e
SERA,NASDAQ,"Sera Prognostics, Inc. - Class A Common Stock",Stock,True,2026-05-08,,,92cfe844028a6109bb9c
SERV,NASDAQ,Serve Robotics Inc. - Common Stock,Stock,True,2026-05-08,,,f66ed1f78679598b6cd7
SETM,NASDAQ,Sprott Critical Materials ETF,ETF,True,2026-05-08,,,62dac6a609186a8145ed
SEUS,NASDAQ,SEI QiM U.S. Equity Factor Allocation Active ETF,ETF,True,2026-07-14,,,45cc437a87d9b698a3e0
SEV,NASDAQ,Aptera Motors Corp. - Class B Common Stock,Stock,True,2026-05-08,,,f9caba682881712213be
SEVN,NASDAQ,Seven Hills Realty Trust - Common Stock,Stock,True,2026-05-08,,,09a4cbe285ab95e5e6f6
SEZL,NASDAQ,Sezzle Inc. - Common Stock,Stock,True,2026-05-08,,,fa62d06afd4899425aa9
SFBC,NASDAQ,"Sound Financial Bancorp, Inc. - Common Stock",Stock,True,2026-05-08,,,e2bda364561a1bd0feaa
SFD,NASDAQ,"Smithfield Foods, Inc. - Common Stock",Stock,True,2026-05-08,,,3dc702d07266aa27dec4
SFHG,NASDAQ,Samfine Creation Holdings Group Limited - Class A Ordinary Share,Stock,True,2026-05-08,,,35e6fd37bf0ac0685ba4
SFIX,NASDAQ,"Stitch Fix, Inc. - Class A Common Stock",Stock,True,2026-05-08,,,4c72f832668d23ece025
SFLO,NASDAQ,VictoryShares Small Cap Free Cash Flow ETF,ETF,True,2026-05-08,,,55ea03574972cd03790a
SFM,NASDAQ,"Sprouts Farmers Market, Inc. - Common Stock",Stock,True,2026-05-08,,,59c828cfe54f9e82fcf0
SFNC,NASDAQ,Simmons First National Corporation - Common Stock,Stock,True,2026-05-08,,,76d7ddbf9760e4e1b8f7
SFST,NASDAQ,"Southern First Bancshares, Inc. - Common Stock",Stock,True,2026-05-08,,,f6e135348fbff0e502e8
SFWL,NASDAQ,Shengfeng Development Limited - Class A Ordinary Shares,Stock,True,2026-05-08,,,93f030e2839c8c6f0528
SGA,NASDAQ,"Saga Communications, Inc. - Class A Common Stock",Stock,True,2026-05-08,,,9fe2922e4d33f2287a80
SGC,NASDAQ,"Superior Group of Companies, Inc. - Common Stock",Stock,True,2026-05-08,,,4a143f233310fdc5870f
SGHT,NASDAQ,"Sight Sciences, Inc. - Common Stock",Stock,True,2026-05-08,,,84f0f4b7b9f7c7f87d4f
SGLY,NASDAQ,Singularity Future Technology Ltd. - Common Stock,Stock,True,2026-05-08,,,c3a283acde8e849e6056
SGML,NASDAQ,Sigma Lithium Corporation - common shares,Stock,True,2026-05-08,,,16e42074222b4c00dccf
SGMT,NASDAQ,Sagimet Biosciences Inc. - Series A Common Stock,Stock,True,2026-05-08,,,9e274eeca28fa98fc35b
SGP,NASDAQ,"SpyGlass Pharma, Inc. - Common Stock",Stock,True,2026-05-08,,,da7aeaee338060061ed6
SGRP,NASDAQ,"SPAR Group, Inc. - Common Stock",Stock,False,2026-05-08,2026-07-23,Missing from current NASDAQ source snapshot; reason unavailable,71f3dd271743f7f0e21d
SGRY,NASDAQ,"Surgery Partners, Inc. - Common Stock",Stock,True,2026-05-08,,,6c93c8c21585e77328df
SGVA,NASDAQ,F/m Accumulator Ultrashort Treasury Fund,ETF,True,2026-06-11,,,08ec668378049f257343
SHAZ,NASDAQ,"SharonAI Holdings, Inc. - Class A Common Stock",Stock,True,2026-05-08,,,451441c7fc4380d2209d
SHBI,NASDAQ,"Shore Bancshares, Inc. - Common Stock",Stock,True,2026-05-08,,,da24296ac89229c12c7e
SHC,NASDAQ,Sotera Health Company - Common Stock,Stock,True,2026-05-08,,,cd965cb316bd88066ffc
SHEN,NASDAQ,Shenandoah Telecommunications Co - Common Stock,Stock,True,2026-05-08,,,bc834327ad4bdbd00a7e
SHFS,NASDAQ,"SHF Holdings, Inc. - Class A Common Stock",Stock,True,2026-05-08,,,601e60659e572c7c4f72
SHFSW,NASDAQ,"SHF Holdings, Inc. - Warrants",Stock,True,2026-05-08,,,02567c253cc9a99d1f9e
SHIM,NASDAQ,Shimmick Corporation - Common Stock,Stock,True,2026-05-08,,,fa7713420e2bc9b080d6
SHIP,NASDAQ,Seanergy Maritime Holdings Corp. - Common Stock,Stock,True,2026-05-08,,,5a9d724fbbeaa79b08e3
SHLS,NASDAQ,"Shoals Technologies Group, Inc. - Class A Common Stock",Stock,True,2026-05-08,,,02675046e0ce9216efa5
SHMD,NASDAQ,SCHMID Group N.V. - Class A Ordinary Shares,Stock,True,2026-05-08,,,e01ab6db88387b0ea56a
SHMDW,NASDAQ,SCHMID Group N.V. - Warrants,Stock,True,2026-05-08,,,4200c7171aaa4781d412
SHOE,NASDAQ,"Shoe Station Group, Inc. - Common Stock",Stock,True,2026-06-12,,,394b337bc467a7161aa0
SHOO,NASDAQ,"Steven Madden, Ltd. - Common Stock",Stock,True,2026-05-08,,,879682098905131d7655
SHOP,NASDAQ,Shopify Inc. - Class A Subordinate Voting Shares,Stock,True,2026-05-08,,,d5e266395d013a679ba7
SHOT,NASDAQ,RMG ML Sports Holdings - Class A Ordinary Shares,Stock,True,2026-07-17,,,87e01aadad7b4fa2116e
SHOTR,NASDAQ,RMG ML Sports Holdings - Rights,Stock,True,2026-07-17,,,20848364911cc3d11d7a
SHOTU,NASDAQ,RMG ML Sports Holdings - Unit,Stock,True,2026-06-10,,,d57f3345a0a574f7b4cd
SHPH,NASDAQ,"Shuttle Pharmaceuticals Holdings, Inc. - common stock",Stock,True,2026-05-08,,,8e1241c9a9926c972f6e
SHPU,NASDAQ,Direxion Daily SHOP Bull 2X ETF,ETF,True,2026-05-08,,,adf5f46fe4d41d1e4903
SHRY,NASDAQ,First Trust Bloomberg Shareholder Yield ETF,ETF,True,2026-05-08,,,557f0eba08142c93eadf
SHY,NASDAQ,iShares 1-3 Year Treasury Bond ETF,ETF,True,2026-05-08,,,d144e7a33cc45268b8f6
SIBN,NASDAQ,"SI-BONE, Inc. - Common Stock",Stock,True,2026-05-08,,,cb51d7159a245e3e11c2
SIDU,NASDAQ,"Sidus Space, Inc. - Class A Common Stock",Stock,True,2026-05-08,,,a6c99bcb9dbf9de53548
SIEB,NASDAQ,Siebert Financial Corp. - Common Stock,Stock,True,2026-05-08,,,066008ca7f2f3e86c7f3
SIFY,NASDAQ,Sify Technologies Limited - American Depository Shares,Stock,True,2026-05-08,,,90b7f76b942ff1e42c66
SIGA,NASDAQ,SIGA Technologies Inc. - Common Stock,Stock,True,2026-05-08,,,27570a8491202330eb7c
SIGI,NASDAQ,"Selective Insurance Group, Inc. - Common Stock",Stock,True,2026-05-08,,,010b103a8aa3b6d2637d
SIGIP,NASDAQ,"Selective Insurance Group, Inc. - Depositary Shares, each representing a 1/1,000th interest in a share of 4.60% Non-Cumulative Preferred Stock, Series B",Stock,True,2026-05-08,,,28f4ac5a64ec1fe79c46
SILC,NASDAQ,Silicom Ltd - Ordinary Shares,Stock,True,2026-05-08,,,89dc3553b2baceee5532
SILO,NASDAQ,"Silo Pharma, Inc. - Common Stock",Stock,True,2026-05-08,,,ec6e23ea43f9251cf202
SIMA,NASDAQ,SIM Acquisition Corp. I - Class A Ordinary Shares,Stock,True,2026-05-08,,,fb7db73af23a116ff702
SIMAU,NASDAQ,SIM Acquisition Corp. I - Unit,Stock,True,2026-05-08,,,34557f880f9aabe1f78a
SIMAW,NASDAQ,SIM Acquisition Corp. I - Warrant,Stock,True,2026-05-08,,,adc997964e397b1a26ca
SIMO,NASDAQ,"Silicon Motion Technology Corporation - American Depositary Shares, each representing four ordinary shares",Stock,True,2026-05-08,,,1bc4c3384ac45906b508
SINT,NASDAQ,"SiNtx Technologies, Inc. - Common Stock",Stock,True,2026-05-08,,,7966475361121debc6e1
SION,NASDAQ,"Sionna Therapeutics, Inc. - Common Stock",Stock,True,2026-05-08,,,7c84715e9a6bec471262
SIRI,NASDAQ,SiriusXM Holdings Inc. - Common Stock,Stock,True,2026-05-08,,,f653d420532355ed50a9
SITM,NASDAQ,SiTime Corporation - Common Stock,Stock,True,2026-05-08,,,075f7cea2bf0003d3e93
SJ,NASDAQ,Scienjoy Holding Corporation - Class A Ordinary Shares,Stock,True,2026-05-08,,,42a4b18f2a3ff8535e99
SJCP,NASDAQ,SanJac Alpha Core Plus Bond ETF,ETF,True,2026-05-08,,,67daaa1b660b96523bed
SJLD,NASDAQ,SanJac Alpha Low Duration ETF,ETF,True,2026-05-08,,,77521566266bce0138c6
SKBL,NASDAQ,Skyline Builders Group Holding Limited - Class A Ordinary Shares,Stock,False,2026-05-08,2026-06-17,Other delisting reason: Details unavailable (source: FMP Delisted API),4877ace68b66bfd40e09
SKDD,NASDAQ,GraniteShares 2x Short SK Hynix Daily ETF,ETF,True,2026-07-14,,,195bc7a5c386b0b7b2c0
SKHY,NASDAQ,SK hynix Inc. - American Depositary Shares,Stock,True,2026-07-13,,,d0b805847341c22d0e12
SKHYV,NASDAQ,SK hynix Inc. - American Depository Shares,Stock,False,2026-07-10,2026-07-13,Missing from current NASDAQ source snapshot; reason unavailable,5d52cc059efe59775c85
SKIN,NASDAQ,SkinHealth Systems Inc. - Class A Common Stock,Stock,True,2026-05-08,,,413da9f80912b1a4efaf
SKK,NASDAQ,SKK Holdings Limited - Class A Ordinary Shares,Stock,True,2026-05-08,,,e6d732b9136c032b0f13
SKOR,NASDAQ,FlexShares Credit-Scored US Corporate Bond Index Fund,ETF,True,2026-05-08,,,d50356e268e0c605ef4f
SKRE,NASDAQ,Tuttle Capital Daily 2X Inverse Regional Banks ETF,ETF,True,2026-05-08,,,f12240ea5aa4dc88d80e
SKUU,NASDAQ,GraniteShares 2x Long SK Hynix Daily ETF,ETF,True,2026-07-14,,,66728af4b2792a00b54c
SKWD,NASDAQ,"Skyward Specialty Insurance Group, Inc. - Common Stock",Stock,True,2026-05-08,,,eecee428cc8bb0675199
SKYA,NASDAQ,"SkyAI, Inc. - Common Stock",Stock,True,2026-05-28,,,3cd3c7869a54c7577a85
SKYAW,NASDAQ,"SkyAI, Inc. - Warrant",Stock,True,2026-05-28,,,3f946a01f20259e4a584
SKYE,NASDAQ,"Skye Bioscience, Inc. - Common Stock",Stock,True,2026-05-08,,,00ad2b1959a3a4f5f968
SKYQ,NASDAQ,Sky Quarry Inc. - Common Stock,Stock,True,2026-05-08,,,7198b76d15cf9ace9c9f
SKYT,NASDAQ,"SkyWater Technology, Inc. - Common Stock",Stock,True,2026-05-08,,,13e87f9e3bf7ba1af350
SKYU,NASDAQ,ProShares Ultra Cloud Computing,ETF,True,2026-05-08,,,735ca68fc7fa0c1abce1
SKYW,NASDAQ,"SkyWest, Inc. - Common Stock",Stock,True,2026-05-08,,,587a4c869c2c557ba1b9
SKYX,NASDAQ,SKYX Platforms Corp. - Common Stock,Stock,True,2026-05-08,,,4bd560ed0c64864ebf4a
SKYY,NASDAQ,First Trust Cloud Computing ETF,ETF,True,2026-05-08,,,d709f7f70bdc5a977529
SLAB,NASDAQ,"Silicon Laboratories, Inc. - Common Stock",Stock,True,2026-05-08,,,706477d8dffef33b03f1
SLBT,NASDAQ,SL Science Holding Limited - Ordinary Shares,Stock,True,2026-06-15,,,d04593cf795fcfdfbf98
SLDB,NASDAQ,Solid Biosciences Inc. - Common Stock,Stock,True,2026-05-08,,,9a1bec93785480b0c210
SLDE,NASDAQ,"Slide Insurance Holdings, Inc. - Common Stock",Stock,True,2026-05-08,,,09f7f2f8f3c4f3f145cf
SLDP,NASDAQ,"Solid Power, Inc. - Class A Common Stock",Stock,True,2026-05-08,,,b5988d8f6e4b4d63eeb1
SLDPW,NASDAQ,"Solid Power, Inc. - Warrant",Stock,True,2026-05-08,,,7a83a0a89faa65e1f3d8
SLE,NASDAQ,"Super League Enterprise, Inc. - Common Stock",Stock,True,2026-05-08,,,d0f1a46f52bcd9eedf52
SLGB,NASDAQ,Smart Logistics Global Limited - Ordinary Shares,Stock,False,2026-05-08,2026-07-10,Listing metadata changed,774a5a9c182b9775d56f
SLGB,NASDAQ,Smart Logistics Global Limited - Class A Ordinary Shares,Stock,True,2026-07-10,,,e11798a39ae903ea8159
SLGL,NASDAQ,Sol-Gel Technologies Ltd. - Ordinary Shares,Stock,True,2026-05-08,,,33af98e68b56355aae4c
SLM,NASDAQ,SLM Corporation - Common Stock,Stock,True,2026-05-08,,,7ac9b7a3846ad059e614
SLMBP,NASDAQ,"SLM Corporation - Floating Rate Non-Cumulative Preferred Stock, Series B",Stock,True,2026-05-08,,,0a6ad8eb34448fa884ad
SLMT,NASDAQ,Brera Holdings PLC - Class B Ordinary Shares,Stock,True,2026-05-08,,,c048a36e3d478cf08a8b
SLN,NASDAQ,Silence Therapeutics Plc - American Depository Share,Stock,True,2026-05-08,,,e54182c8f7a0ad63021b
SLNG,NASDAQ,"Stabilis Solutions, Inc. - Common Stock",Stock,True,2026-05-08,,,e757984118464ad4434a
SLNH,NASDAQ,"Soluna Holdings, Inc. - Common Stock",Stock,True,2026-05-08,,,b453929c2b50930d3523
SLNHP,NASDAQ,"Soluna Holdings, Inc. - 9.0% Series A Cumulative Perpetual Preferred Stock",Stock,True,2026-05-08,,,2d6278450866d7860b86
SLNO,NASDAQ,"Soleno Therapeutics, Inc. - Common Stock",Stock,False,2026-05-08,2026-05-19,Missing from current NASDAQ source snapshot; reason unavailable,f882f7bd860167922099
SLP,NASDAQ,"Simulations Plus, Inc. - Common Stock",Stock,True,2026-05-08,,,64c1588579aa202f11df
SLQD,NASDAQ,iShares 0-5 Year Investment Grade Corporate Bond ETF,ETF,True,2026-05-08,,,f0eff4da0072b3af0388
SLRC,NASDAQ,SLR Investment Corp. - Closed End Fund,Stock,True,2026-05-08,,,7636e68349fd1d73ec36
SLS,NASDAQ,"SELLAS Life Sciences Group, Inc. - Common Stock",Stock,True,2026-05-08,,,95fc4b471bf27fa2eeee
SLSN,NASDAQ,"Solesence, Inc. - Common stock",Stock,True,2026-05-08,,,797ecd5ca68841de51d8
SLVO,NASDAQ,"ETRACS Silver Shares Covered Call ETNs due April 21, 2033",ETF,True,2026-05-08,,,5d80de90a37763a3b6e2
SLVR,NASDAQ,Sprott Silver Miners & Physical Silver ETF,ETF,True,2026-05-08,,,b89c0e5ed1256041bc73
SLXN,NASDAQ,Silexion Therapeutics Corp - Ordinary Shares,Stock,True,2026-05-08,,,9b310be339a189824078
SLXNW,NASDAQ,Silexion Therapeutics Corp - Warrant,Stock,True,2026-05-08,,,67a4fd9029021d386260
SMBC,NASDAQ,"Southern Missouri Bancorp, Inc. - Common Stock",Stock,True,2026-05-08,,,efbd5af4ace3830e743d
SMCF,NASDAQ,Themes US Small Cap Cash Flow Champions ETF,ETF,True,2026-05-08,,,3c7dbc285e2ee3e9a254
SMCI,NASDAQ,"Super Micro Computer, Inc. - Common Stock",Stock,True,2026-05-08,,,866966112cbae18de61e
SMCIP,NASDAQ,"Super Micro Computer, Inc. - Depositary Shares Each Representing a 1/20th Interest in a Share of 7% Series A Mandatory Convertible Preferred Stock",Stock,True,2026-06-16,,,2d774115d681cb1fb5ea
SMCL,NASDAQ,GraniteShares 2x Long SMCI Daily ETF,ETF,True,2026-05-08,,,21f7c57a018077b13563
SMCO,NASDAQ,Hilton Small-MidCap Opportunity ETF,ETF,True,2026-05-08,,,99e8ff52c022b0ea3219
SMCX,NASDAQ,Defiance Daily Target 2X Long SMCI ETF,ETF,True,2026-05-08,,,0e1218b6306734c3d295
SMCZ,NASDAQ,Defiance Daily Target 2X Short SMCI ETF,ETF,True,2026-05-08,,,21352f52ccd12d3f746c
SMH,NASDAQ,VanEck Semiconductor ETF,ETF,True,2026-05-08,,,438cb8193ffddc489da1
SMHC,NASDAQ,VanEck China Semiconductor ETF,ETF,True,2026-06-24,,,f779955b77e3c223ead2
SMHX,NASDAQ,VanEck Fabless Semiconductor ETF,ETF,True,2026-05-08,,,5e15c1fc1dfaed395f36
SMID,NASDAQ,Smith-Midland Corporation - Common Stock,Stock,True,2026-05-08,,,b4c9e748311e52756797
SMMT,NASDAQ,Summit Therapeutics Inc. - Common Stock,Stock,True,2026-05-08,,,8d40bf931c6187e5bf5f
SMOM,NASDAQ,Symmetry Panoramic Sector Momentum ETF,ETF,True,2026-05-08,,,b996e665cabf89c772ba
SMPL,NASDAQ,The Simply Good Foods Company - Common Stock,Stock,True,2026-05-08,,,32b0b27b3db7d80a368a
SMRI,NASDAQ,Bushido Capital US Equity ETF,ETF,True,2026-05-08,,,e3e9a2c4d85c49c897be
SMSI,NASDAQ,"Smith Micro Software, Inc. - Common Stock",Stock,True,2026-05-08,,,9e702ccc460833962bad
SMST,NASDAQ,Defiance Daily Target 2x Short MSTR ETF,ETF,True,2026-05-08,,,08355a87a6034fd232f1
SMTC,NASDAQ,Semtech Corporation - Common Stock,Stock,True,2026-05-08,,,cb0a3d66b0f5b5c45749
SMTI,NASDAQ,Sanara MedTech Inc. - Common Stock,Stock,True,2026-05-08,,,353bc5f76acbe3cef380
SMTK,NASDAQ,"SmartKem, Inc. - Common Stock",Stock,True,2026-05-08,,,0b90be39d3a3ec78c197
SMX,NASDAQ,SMX (Security Matters) Public Limited Company - Ordinary Shares,Stock,True,2026-05-08,,,c1bbe99319a34e1ff0ca
SMXT,NASDAQ,Solarmax Technology Inc. - Common Stock,Stock,True,2026-05-08,,,af61bc3ba6e743d0a588
SMXWW,NASDAQ,SMX (Security Matters) Public Limited Company - Warrant,Stock,True,2026-05-08,,,cd918134c3d99af010e7
SMYY,NASDAQ,GraniteShares YieldBOOST SMCI ETF,ETF,True,2026-05-08,,,c5de383000cc42ccc2f9
SNAG,NASDAQ,Leverage Shares 2x Long SNAP Daily ETF,ETF,True,2026-05-08,,,246fa40a6f64db17752f
SNAL,NASDAQ,"Snail, Inc. - Class A Common Stock",Stock,True,2026-05-08,,,18d1b308b08c22aa2da3
SNBR,NASDAQ,Sleep Number Corporation - Common Stock,Stock,False,2026-05-08,2026-06-23,Missing from current NASDAQ source snapshot; reason unavailable,4fe6b54bf51563d86b9b
SNCY,NASDAQ,"Sun Country Airlines Holdings, Inc. - Common Stock",Stock,False,2026-05-08,2026-05-14,Missing from current NASDAQ source snapshot; reason unavailable,80290f171c930ead3a80
SND,NASDAQ,"Smart Sand, Inc. - Common Stock",Stock,True,2026-05-08,,,520e8cac735db022a5d1
SNDK,NASDAQ,Sandisk Corporation - Common Stock When-Issued,Stock,True,2026-05-08,,,d711d5c966c16b32258b
SNDL,NASDAQ,SNDL Inc. - Common Shares,Stock,True,2026-05-08,,,82edf4a2dc9ff6b04d60
SNDX,NASDAQ,"Syndax Pharmaceuticals, Inc. - Common Stock",Stock,True,2026-05-08,,,792c8d034937a769c6e3
SNES,NASDAQ,"SenesTech, Inc. - Common Stock",Stock,True,2026-05-08,,,ec3015cc1a8f9001abcf
SNEX,NASDAQ,StoneX Group Inc. - Common Stock,Stock,True,2026-05-08,,,d1f7499818dc319f9e2d
SNFCA,NASDAQ,Security National Financial Corporation - Class A Common Stock,Stock,True,2026-05-08,,,bc6e972b63255ae8a604
SNGX,NASDAQ,"Soligenix, Inc. - Common Stock",Stock,True,2026-05-08,,,e6865e478785fbabf91b
SNOA,NASDAQ,"Sonoma Pharmaceuticals, Inc. - Common Stock",Stock,True,2026-05-08,,,55745916ae3aee2a17fa
SNPS,NASDAQ,"Synopsys, Inc. - Common Stock",Stock,True,2026-05-08,,,3d20f96fd27782148db8
SNSE,NASDAQ,"Sensei Biotherapeutics, Inc. - Common Stock",Stock,False,2026-05-08,2026-06-16,Missing from current NASDAQ source snapshot; reason unavailable,98771d3108feb8223296
SNSR,NASDAQ,Global X Internet of Things ETF,ETF,True,2026-05-08,,,f33dbafff26ec9bd9bb5
SNT,NASDAQ,Senstar Technologies Corporation - Common Shares,Stock,True,2026-05-08,,,d9c93a10b8a697026667
SNTG,NASDAQ,Sentage Holdings Inc. - Class A Ordinary Shares,Stock,True,2026-05-08,,,c71de95f0686b97c985c
SNTI,NASDAQ,"Senti Biosciences Holdings, Inc. - Common Stock",Stock,True,2026-05-08,,,eae7ebb37b12c47c760c
SNWV,NASDAQ,"SANUWAVE Health, Inc. - Common Stock",Stock,True,2026-05-08,,,812fe65fa19a0f6e2c4c
SNY,NASDAQ,Sanofi - American Depositary Shares,Stock,True,2026-05-08,,,1cc884bff9c7f5a02555
SNYR,NASDAQ,Synergy CHC Corp. - Common Stock,Stock,True,2026-05-08,,,bc0d11e6a86a0d2f9d33
SOBR,NASDAQ,"SOBR Safe, Inc. - Common Stock",Stock,True,2026-05-08,,,d2cb769d3e3751f6b9a0
SOCA,NASDAQ,Solarius Capital Acquisition Corp. - Class A Ordinary Share,Stock,True,2026-05-08,,,8d082a8e996b61cbfb0e
SOCAU,NASDAQ,Solarius Capital Acquisition Corp. - Units,Stock,True,2026-05-08,,,f98b7d3c84935bdad341
SOCAW,NASDAQ,Solarius Capital Acquisition Corp. - Warrant,Stock,True,2026-05-08,,,8b553d71eda4ca473753
SOCL,NASDAQ,Global X Social Media ETF,ETF,True,2026-05-08,,,c30278038d3b873fb27a
SOFA,NASDAQ,Direxion Daily SOFI Bull 2X ETF,ETF,True,2026-05-08,,,aeefd8d3640479b37d3f
SOFI,NASDAQ,"SoFi Technologies, Inc. - Common Stock",Stock,True,2026-05-08,,,2671be8a97417f9c6aa0
SOFX,NASDAQ,Defiance Daily Target 2X Long SOFI ETF,ETF,True,2026-05-08,,,0e756e0408d8e5130c10
SOGP,NASDAQ,Sound Group Inc. - American Depositary Shares,Stock,True,2026-05-08,,,cd13d345f4312b99cbd8
SOHU,NASDAQ,Sohu.com Limited - American Depositary Shares,Stock,True,2026-05-08,,,a74ef87a7092886f275d
SOLC,NASDAQ,Canary Marinade Solana ETF,ETF,True,2026-05-08,,,8a2fe2771e76a3b329a9
SOLS,NASDAQ,Solstice Advanced Materials Inc. - Common Stock,Stock,True,2026-05-08,,,b094b39eac032986dbc5
SOLT,NASDAQ,2x Solana ETF,ETF,True,2026-05-08,,,476eeb627ab3ce8a5f82
SOLZ,NASDAQ,Solana ETF,ETF,True,2026-05-08,,,7d46174bef8036806406
SONM,NASDAQ,"DNA X, Inc. - Common Stock",Stock,True,2026-05-08,,,812d34e75d8551122964
SONO,NASDAQ,"Sonos, Inc. - Common Stock",Stock,True,2026-05-08,,,92bbd502a2809c05394b
SOPA,NASDAQ,Society Pass Incorporated - Common Stock,Stock,False,2026-05-08,2026-05-21,Missing from current NASDAQ source snapshot; reason unavailable,2d3da945db86ec4fcb42
SOPH,NASDAQ,SOPHiA GENETICS SA - Ordinary Shares,Stock,True,2026-05-08,,,6f0eda4dbcbd2970b966
SORA,NASDAQ,AsiaStrategy - Ordinary Shares,Stock,True,2026-05-08,,,0839491f1ca7dfa1b83e
SORN,NASDAQ,Soren Acquisition Corp. - Class A Ordinary Shares,Stock,True,2026-05-08,,,49de15ebfb931f530e0e
SORNU,NASDAQ,Soren Acquisition Corp. - Unit,Stock,True,2026-05-08,,,5e17f00c8cf7498ff586
SORNW,NASDAQ,Soren Acquisition Corp. - Warrant,Stock,True,2026-05-08,,,ff1aad53b1ef20b2c836
SOTK,NASDAQ,Sono-Tek Corporation - Common Stock,Stock,True,2026-05-08,,,12747b29e6feb2adbeed
SOUN,NASDAQ,"SoundHound AI, Inc. - Class A Common Stock",Stock,True,2026-05-08,,,08b1536ff57aebb6114f
SOUNW,NASDAQ,"SoundHound AI, Inc. - Warrant",Stock,True,2026-05-08,,,2652a2cbbf52dbc29b64
SOUX,NASDAQ,Defiance Daily Target 2X Long SOUN ETF,ETF,True,2026-05-08,,,bde6ed5cc7adb3e664f4
SOWG,NASDAQ,Sow Good Inc. - Common Stock,Stock,True,2026-05-08,,,7138d5d218ec07a45b21
SOXQ,NASDAQ,Invesco PHLX Semiconductor ETF,ETF,True,2026-05-08,,,83842ebb63b838ed2805
SOXX,NASDAQ,iShares PHLX SOX Semiconductor Sector Index Fund,ETF,True,2026-05-08,,,b08b974d589caad258d8
SPAI,NASDAQ,Safe Pro Group Inc. - Common Stock,Stock,True,2026-05-08,,,23ca3b8932b27830d2f8
SPAM,NASDAQ,Themes Cybersecurity ETF,ETF,True,2026-05-08,,,9152bf72641538818baf
SPAQ,NASDAQ,Horizon Kinetics SPAC Active ETF,ETF,True,2026-05-08,,,a0e18eae50ed17d08bdd
SPBC,NASDAQ,Simplify US Equity PLUS Bitcoin Strategy ETF,ETF,True,2026-05-08,,,7533d59a5c0748575f4d
SPCB,NASDAQ,"SuperCom, Ltd. - Ordinary Shares",Stock,True,2026-05-08,,,6422e6156226a48646b9
SPCK,NASDAQ,SPAC and New Issue ETF,ETF,True,2026-05-08,,,ab9fcc19cc04bfd29d3c
SPCT,NASDAQ,Liberty One Spectrum ETF,ETF,True,2026-05-08,,,7c071fad38666fc52d81
SPCX,NASDAQ,Space Exploration Technologies Corp. - Class A Common Stock,Stock,True,2026-06-12,,,ae550ac5e06fd0ccb954
SPEG,NASDAQ,Silver Pegasus Acquisition Corp - Class A Ordinary Shares,Stock,True,2026-05-08,,,1328923a3a281795a4e7
SPEGR,NASDAQ,Silver Pegasus Acquisition Corp - Rights,Stock,True,2026-05-08,,,401d3b16628f18c1d5cf
SPEGU,NASDAQ,Silver Pegasus Acquisition Corp - Unit,Stock,True,2026-05-08,,,2507a6f1a6c6b26f9aa7
SPFI,NASDAQ,"South Plains Financial, Inc. - Common Stock",Stock,True,2026-05-08,,,a7c9dab0415b5c5bd2a9
SPHL,NASDAQ,Springview Holdings Ltd - Ordinary shares,Stock,True,2026-05-08,,,c9ef088ce4e1412fc24b
SPIT,NASDAQ,F/m Emerald Special Situations ETF,ETF,True,2026-05-08,,,d0208cddfdc880a0d1f9
SPKL,NASDAQ,Spark I Acquisition Corp. - Class A Ordinary Share,Stock,True,2026-05-08,,,fd39c661dbe62749472d
SPKLU,NASDAQ,Spark I Acquisition Corp. - Unit,Stock,True,2026-05-08,,,203ce3418e00091d02b3
SPKLW,NASDAQ,Spark I Acquisition Corp. - Warrant,Stock,True,2026-05-08,,,bca7d983dd286f3f1c38
SPOG,NASDAQ,Leverage Shares 2X Long SPOT Daily ETF,ETF,True,2026-05-08,,,84a309a822d29c7960db
SPOK,NASDAQ,"Spok Holdings, Inc. - Common Stock",Stock,True,2026-05-08,,,ea3caa40786d82c49194
SPPL,NASDAQ,SIMPPLE LTD. - Ordinary Shares,Stock,True,2026-05-08,,,7966276194e19cb5a928
SPRB,NASDAQ,"Spruce Biosciences, Inc. - Common Stock",Stock,True,2026-05-08,,,a277da9b9fb064b5427e
SPRC,NASDAQ,SciSparc Ltd. - Ordinary Shares,Stock,True,2026-05-08,,,31a6da4b22e150841aaf
SPRO,NASDAQ,"Spero Therapeutics, Inc. - Common Stock",Stock,True,2026-05-08,,,4d8e917ff33530d6384b
SPRX,NASDAQ,Spear Alpha ETF,ETF,True,2026-05-08,,,a9538f40fbe2000f2005
SPRY,NASDAQ,"ARS Pharmaceuticals, Inc. - Common Stock",Stock,True,2026-05-08,,,e2c92eb299aa9922117d
SPSC,NASDAQ,"SPS Commerce, Inc. - Common Stock",Stock,True,2026-05-08,,,d229017810f156fb1c75
SPT,NASDAQ,"Sprout Social, Inc - Class A Common Stock",Stock,True,2026-05-08,,,347d640a3e8ea9407a22
SPTX,NASDAQ,"Seaport Therapeutics, Inc. - Common Stock",Stock,True,2026-05-08,,,0c551be0f3cf44433350
SPWH,NASDAQ,"Sportsman's Warehouse Holdings, Inc. - Common Stock",Stock,True,2026-05-08,,,96896bd9fcf703caacd3
SPWR,NASDAQ,SunPower Inc. - Common Stock,Stock,True,2026-05-08,,,d96c4c8822e4265508cd
SPWRW,NASDAQ,SunPower Inc. - Warrant,Stock,True,2026-05-08,,,f3c951d9f1776f46fca3
SPXD,NASDAQ,Xtrackers S&P 500 Diversified Sector Weight ETF,ETF,True,2026-05-08,,,b9e780dc3d0b1606eedd
SPYQ,NASDAQ,Tradr 2X Long SPY Quarterly ETF,ETF,True,2026-05-08,,,d6b938c46e7cdefff1f9
SQFT,NASDAQ,"Presidio Property Trust, Inc. - Class A Common Stock",Stock,True,2026-05-08,,,e383901022a97257ec61
SQFTP,NASDAQ,"Presidio Property Trust, Inc. - 9.375% Series D Cumulative Redeemable Perpetual Preferred Stock, $0.01 par value per share",Stock,True,2026-05-08,,,383b04255cf85afe4c64
SQFTW,NASDAQ,"Presidio Property Trust, Inc. - Series A Common Stock Purchase Warrants",Stock,True,2026-05-08,,,38d4cbb404064b96d1a1
SQLV,NASDAQ,Royce Quant Small-Cap Quality Value ETF,ETF,True,2026-05-08,,,d8b0f2db5b8e1346fd2f
SQQQ,NASDAQ,ProShares UltraPro Short QQQ,ETF,True,2026-05-08,,,66173023a89cc246ea56
SQS,NASDAQ,Sapient Quality Select ETF,ETF,True,2026-05-08,,,d24f786d9d83f8457da5
SRAD,NASDAQ,Sportradar Group AG - Class A Ordinary Shares,Stock,True,2026-05-08,,,f8734965db0719a7c4b7
SRBK,NASDAQ,"SR Bancorp, Inc. - Common stock",Stock,True,2026-05-08,,,0c99a705439aa1430540
SRCE,NASDAQ,1st Source Corporation - Common Stock,Stock,True,2026-05-08,,,27075a74d6c1519746e8
SRET,NASDAQ,Global X SuperDividend REIT ETF,ETF,True,2026-05-08,,,c419b8a7dfa4598433b5
SRPT,NASDAQ,"Sarepta Therapeutics, Inc. - Common Stock",Stock,True,2026-05-08,,,633da238809be56ed30c
SRRK,NASDAQ,Scholar Rock Holding Corporation - Common Stock,Stock,True,2026-05-08,,,65ec586d8bbb96fe1475
SRTA,NASDAQ,"Strata Critical Medical, Inc. - Class A Common Stock",Stock,True,2026-05-08,,,5187115792d01903e9a0
SRTS,NASDAQ,"Sensus Healthcare, Inc. - Common Stock",Stock,True,2026-05-08,,,faeff40f75633351230b
SRZN,NASDAQ,"Surrozen, Inc. - Common Stock",Stock,True,2026-05-08,,,11b1dc1fe6ee2199672d
SRZNW,NASDAQ,"Surrozen, Inc. - Warrant",Stock,True,2026-05-08,,,1d49557f9f92dfa01488
SSAC,NASDAQ,SPACSphere Acquisition Corp. - Class A Ordinary Shares,Stock,True,2026-05-08,,,25255e5808c241a7b344
SSACR,NASDAQ,SPACSphere Acquisition Corp. - Rights,Stock,True,2026-05-08,,,5ab06b1d6b3b79885f72
SSACU,NASDAQ,SPACSphere Acquisition Corp. - Unit,Stock,True,2026-05-08,,,c36b6126027d693cbaa8
SSACW,NASDAQ,SPACSphere Acquisition Corp. - Warrant,Stock,True,2026-05-08,,,94b7357dd5b22f8fa3ca
SSBI,NASDAQ,Summit State Bank - Common Stock,Stock,True,2026-05-08,,,595ead9b8b7365450b44
SSEA,NASDAQ,Starry Sea Acquisition Corp - Ordinary Shares,Stock,True,2026-05-08,,,a966e47406cb4084f185
SSEAR,NASDAQ,Starry Sea Acquisition Corp - Rights,Stock,True,2026-05-08,,,0648293c2872ad5ab04a
SSEAU,NASDAQ,Starry Sea Acquisition Corp - Unit,Stock,True,2026-05-08,,,aaf1b463b4e2dd75f6d3
SSII,NASDAQ,SS Innovations International Inc. - Common Stock,Stock,True,2026-05-08,,,019aea6b1f0de3c5ebad
SSM,NASDAQ,Sono Group N.V. - Ordinary Shares,Stock,True,2026-05-08,,,d13506ecc862d4e13afb
SSNC,NASDAQ,"SS&C Technologies Holdings, Inc. - Common Stock",Stock,True,2026-05-08,,,260e422a16208ba23843
SSP,NASDAQ,E.W. Scripps Company (The) - Class A Common Stock,Stock,True,2026-05-08,,,e3c5a71a5f26aad98886
SSRM,NASDAQ,SSR Mining Inc. - Common Stock,Stock,True,2026-05-08,,,7220e19412ae98273a8e
SSS,NASDAQ,CYBER HORNET S&P 500 and Solana 75/25 Strategy ETF,ETF,True,2026-05-08,,,73607c766ddfa210f34d
SSSS,NASDAQ,SuRo Capital Corp. - Closed End Fund,Stock,False,2026-05-08,2026-07-01,Missing from current NASDAQ source snapshot; reason unavailable,8e0513912a39d72c7df0
SSSSL,NASDAQ,SuRo Capital Corp. - 6.00% Notes due 2026,Stock,False,2026-05-08,2026-07-01,Missing from current NASDAQ source snapshot; reason unavailable,f9f93d73b450832949d8
SSTI,NASDAQ,"SoundThinking, Inc. - Common Stock",Stock,True,2026-05-08,,,39b9fdad6a8629847e6a
SSYS,NASDAQ,"Stratasys, Ltd. - Common Stock",Stock,True,2026-05-08,,,84475fdf94debc3c5c07
STAA,NASDAQ,STAAR Surgical Company - Common Stock,Stock,True,2026-05-08,,,f9a0c980e5dcb3a22de4
STAK,NASDAQ,STAK Inc. - Class A Ordinary Shares,Stock,True,2026-05-08,,,5c946a0f81627d4f0c4a
STBA,NASDAQ,"S&T Bancorp, Inc. - Common Stock",Stock,True,2026-05-08,,,4960c7a7f4a6ca3f0ada
STEP,NASDAQ,StepStone Group Inc. - Class A Common Stock,Stock,True,2026-05-08,,,5e7d563dcf88f4a519c2
STEX,NASDAQ,Streamex Corp. - Common Stock,Stock,True,2026-05-08,,,b6b05b8845a685c94af3
STFS,NASDAQ,Star Fashion Culture Holdings Limited - Class A Ordinary Shares,Stock,True,2026-05-08,,,bcb6d8faa70b887eedee
STGW,NASDAQ,Stagwell Inc. - Class A Common Stock,Stock,True,2026-05-08,,,1aa983cca4f4dfafe453
STHO,NASDAQ,Star Holdings - Shares of Beneficial Interest,Stock,True,2026-05-08,,,9244f283433fc7fbc69a
STI,NASDAQ,"Solidion Technology, Inc. - Common Stock",Stock,True,2026-05-08,,,98bad213dbdf72f4a775
STIM,NASDAQ,"Neuronetics, Inc. - Common Stock",Stock,True,2026-05-08,,,c0700e0ed344f7b5b486
STKE,NASDAQ,Sol Strategies Inc. - Common Shares,Stock,True,2026-05-08,,,e16742761e76f37660e8
STKH,NASDAQ,Steakholder Foods Ltd. - American Depositary Shares,Stock,True,2026-05-08,,,8dcf185a1b10b028b104
STKS,NASDAQ,"The ONE Group Hospitality, Inc. - Common Stock",Stock,True,2026-05-08,,,c2df322ff62716236185
STLD,NASDAQ,"Steel Dynamics, Inc. - Common Stock",Stock,True,2026-05-08,,,cf362cc74d6e161faa19
STNC,NASDAQ,Hennessy Sustainable ETF,ETF,True,2026-05-08,,,0a11457c49124df2895a
STNE,NASDAQ,StoneCo Ltd. - Class A Common Share,Stock,True,2026-05-08,,,986f4585ad3b0c4babe6
STOK,NASDAQ,"Stoke Therapeutics, Inc. - Common Stock",Stock,True,2026-05-08,,,4f4b499f1e9ea4b4f699
STRA,NASDAQ,"Strategic Education, Inc. - Common Stock",Stock,True,2026-05-08,,,3e864e6acea02b7e2dfe
STRC,NASDAQ,Strategy Inc - Variable Rate Series A Perpetual Stretch Preferred Stock,Stock,True,2026-05-08,,,b9d6fac7b483fb8294c0
STRD,NASDAQ,Strategy Inc - 10.00% Series A Perpetual Stride Preferred Stock,Stock,True,2026-05-08,,,bff23e65ab6679c30f06
STRF,NASDAQ,Strategy Inc - 10.00% Series A Perpetual Strife Preferred Stock,Stock,True,2026-05-08,,,6ca0ae543e1b49024c40
STRK,NASDAQ,Strategy Inc - 8.00% Series A Perpetual Strike Preferred Stock,Stock,True,2026-05-08,,,8a11b6913da102a9612d
STRL,NASDAQ,"Sterling Infrastructure, Inc. - Common Stock",Stock,True,2026-05-08,,,8cc6e8793c90a4d50103
STRO,NASDAQ,"Sutro Biopharma, Inc. - Common Stock",Stock,True,2026-05-08,,,ce9a28d88cdd5928d773
STRR,NASDAQ,"Star Equity Holdings, Inc. - Common Stock",Stock,True,2026-05-08,,,f63bd5d5bf7d20eb0670
STRRP,NASDAQ,"Star Equity Holdings, Inc. - 10% Series A Cumulative Perpetual Preferred Stock",Stock,True,2026-05-08,,,2928208060a445bfa18b
STRS,NASDAQ,Stratus Properties Inc. - Common Stock,Stock,True,2026-05-08,,,0f6fb443dcfe84266ac8
STRT,NASDAQ,STRATTEC SECURITY CORPORATION - Common Stock,Stock,True,2026-05-08,,,3e9804f6c689ad9daa23
STRZ,NASDAQ,Starz Entertainment Corp. - Common Shares,Stock,True,2026-05-08,,,e952147d3c8c22a8623a
STSS,NASDAQ,Sharps Technology Inc. - Common Stock,Stock,False,2026-05-08,2026-05-28,Missing from current NASDAQ source snapshot; reason unavailable,c934c518c8ba3f7a521a
STSSW,NASDAQ,Sharps Technology Inc. - Warrant,Stock,False,2026-05-08,2026-05-28,Missing from current NASDAQ source snapshot; reason unavailable,26bdc20d885d8223fdc7
STTK,NASDAQ,"Shattuck Labs, Inc. - Common Stock",Stock,True,2026-05-08,,,f4be8559c47c926460cd
STX,NASDAQ,Seagate Technology Holdings PLC - Ordinary Shares (Ireland),Stock,True,2026-05-08,,,fb4e0bc5ba26f9410044
SUGP,NASDAQ,SU Group Holdings Limited - Class A Ordinary Shares,Stock,True,2026-05-08,,,8cec3b0405bd94c5260f
SUIG,NASDAQ,Sui Group Holdings Limited - Common Stock,Stock,True,2026-05-08,,,90ffff3e0cfda725bd82
SUIS,NASDAQ,Canary Staked SUI ETF,ETF,True,2026-05-08,,,4a37e4164301f6c3e507
SUJA,NASDAQ,"Suja Life, Inc. - Class A Common Stock",Stock,True,2026-05-08,,,db2a4cd6a1907363bf69
SUMA,NASDAQ,SUMA Acquisition Corporation - Class A Ordinary Shares,Stock,True,2026-05-08,,,4a0f85236e9f0423ff33
SUMAR,NASDAQ,SUMA Acquisition Corporation - Rights,Stock,True,2026-05-08,,,c249fa4a06a818aae70e
SUMAU,NASDAQ,SUMA Acquisition Corporation - Units,Stock,True,2026-05-08,,,ad00e4aa83f216317cd5
SUNE,NASDAQ,"SUNation Energy, Inc. - Common Stock",Stock,True,2026-05-08,,,29c6592ca1d0b2bd5cbf
SUNS,NASDAQ,"Sunrise Realty Trust, Inc. - Common Stock",Stock,True,2026-05-08,,,7e69f33ea06e9a8c3900
SUPN,NASDAQ,"Supernus Pharmaceuticals, Inc. - Common Stock",Stock,True,2026-05-08,,,9c135d1d8a8b1b928328
SUPP,NASDAQ,TCW Transform Supply Chain ETF,ETF,True,2026-05-08,,,e3c931aec0ca704d96a1
SUPX,NASDAQ,SuperX AI Technology Limited - Ordinary Shares,Stock,True,2026-05-08,,,a7432a7addc6d2ac58c5
SURG,NASDAQ,"SurgePays, Inc. - Common Stock",Stock,True,2026-05-08,,,3f379144aa19a980a95f
SUSB,NASDAQ,iShares ESG Aware 1-5 Year USD Corporate Bond ETF,ETF,True,2026-05-08,,,6d23e54c9b97bca0a642
SUSC,NASDAQ,iShares ESG Aware USD Corporate Bond ETF,ETF,True,2026-05-08,,,83020e532df689d56bcf
SUSL,NASDAQ,iShares ESG MSCI USA Leaders ETF,ETF,True,2026-05-08,,,d36ab72e9368ed7c7e8e
SUUN,NASDAQ,PowerBank Corporation - Common Stock,Stock,False,2026-05-08,2026-06-03,Missing from current NASDAQ source snapshot; reason unavailable,f03a28abf1e12b3e23a3
SVA,NASDAQ,"Sinovac Biotech, Ltd. - Ordinary Shares (Antigua/Barbudo)",Stock,True,2026-05-08,,,89c4e647cda56895dd14
SVAC,NASDAQ,Spring Valley Acquisition Corp. III - Class A Ordinary Shares,Stock,False,2026-05-08,2026-07-13,Missing from current NASDAQ source snapshot; reason unavailable,7767d47e0bda4c6f7a0a
SVACU,NASDAQ,Spring Valley Acquisition Corp. III - Unit,Stock,False,2026-05-08,2026-07-13,Missing from current NASDAQ source snapshot; reason unavailable,21a26b356978cff5ecbf
SVACW,NASDAQ,Spring Valley Acquisition Corp. III - Warrant,Stock,False,2026-05-08,2026-07-13,Missing from current NASDAQ source snapshot; reason unavailable,c5d0e136196d4f76b28f
SVAQ,NASDAQ,Silicon Valley Acquisition Corp. - Class A Ordinary Shares,Stock,True,2026-05-08,,,14b0eef4b1454c58bdac
SVAQU,NASDAQ,Silicon Valley Acquisition Corp. - Units,Stock,True,2026-05-08,,,18663584ca7fc623d9c7
SVAQW,NASDAQ,Silicon Valley Acquisition Corp. - Warrants,Stock,True,2026-05-08,,,470d139b04e2cb9c7aa4
SVC,NASDAQ,Service Properties Trust - Shares of Beneficial Interest,Stock,False,2026-05-08,2026-07-06,Listing metadata changed,852142200988a11322df
SVC,NASDAQ,Service Properties Trust - Common Shares of Beneficial Interest,Stock,True,2026-07-06,,,c4239161fd4c3f94e63c
SVCC,NASDAQ,Stellar V Capital Corp. - Class A Ordinary Shares,Stock,True,2026-05-08,,,ad3cfb0308bd4158d66e
SVCCU,NASDAQ,Stellar V Capital Corp. - Unit,Stock,True,2026-05-08,,,37bf5bb141315dcfc394
SVCCW,NASDAQ,Stellar V Capital Corp. - Warrant,Stock,True,2026-05-08,,,51cbe9e43f331f0a40c9
SVCO,NASDAQ,"Silvaco Group, Inc. - Common Stock",Stock,True,2026-05-08,,,2e847735c9921034b278
SVIV,NASDAQ,Spring Valley Acquisition Corp. IV - Class A Ordinary Shares,Stock,True,2026-05-08,,,f3de8672c7213202e2db
SVIVU,NASDAQ,Spring Valley Acquisition Corp. IV - Units,Stock,True,2026-05-08,,,67027c13c05313e724bb
SVIVW,NASDAQ,Spring Valley Acquisition Corp. IV - Warrants,Stock,True,2026-05-08,,,8041bd11aeb6ad31da83
SVRA,NASDAQ,"Savara, Inc. - Common Stock",Stock,True,2026-05-08,,,95265ea33336a9b3de14
SVRE,NASDAQ,SaverOne 2014 Ltd. - American Depositary Shares,Stock,True,2026-05-08,,,5c8fee3b489ffb9c6ebb
SVREW,NASDAQ,SaverOne 2014 Ltd. - Warrant,Stock,True,2026-05-08,,,fe34415f6343a0c5ffd8
SVRN,NASDAQ,OceanPal Inc. - Common Stock,Stock,True,2026-05-08,,,8049f26d4b65c81bdce2
SWAG,NASDAQ,"Stran & Company, Inc. - Common Stock",Stock,True,2026-05-08,,,6ceacaca1180b7168699
SWAGW,NASDAQ,"Stran & Company, Inc. - Warrant",Stock,True,2026-05-08,,,8ceb8cb74e01ba014d95
SWBI,NASDAQ,"Smith & Wesson Brands, Inc. - Common Stock",Stock,True,2026-05-08,,,4e5e63979b4b71249cb2
SWIM,NASDAQ,"Latham Group, Inc. - Common Stock",Stock,True,2026-05-08,,,97faf7643a7a3eed5a29
SWKHL,NASDAQ,SWK Holdings Corporation - 9.00% Senior Notes due 2027,Stock,True,2026-05-08,,,89977c2b65385d252707
SWKS,NASDAQ,"Skyworks Solutions, Inc. - Common Stock",Stock,True,2026-05-08,,,6c195a8e50305e5721ca
SWMR,NASDAQ,"Swarmer, Inc - common stock",Stock,True,2026-05-08,,,b7f7e1013e08c29ee383
SWP,NASDAQ,SWP Growth & Income ETF,ETF,True,2026-05-08,,,c9c0f77cbde5fb724c53
SWVL,NASDAQ,Swvl Holdings Corp - Ordinary Shares,Stock,True,2026-05-08,,,44fb6f75c4730bb68966
SWVLW,NASDAQ,Swvl Holdings Corp - Warrant,Stock,True,2026-05-08,,,a0a73b1ce4d17ca4ce83
SXTC,NASDAQ,"China SXT Pharmaceuticals, Inc. - Class A Ordinary Shares",Stock,True,2026-05-08,,,200dcd2a96da702b7aa4
SXTP,NASDAQ,"60 Degrees Pharmaceuticals, Inc. - Common Stock",Stock,True,2026-05-08,,,5f55e1d0166c262bbb1b
SXTPW,NASDAQ,"60 Degrees Pharmaceuticals, Inc. - Warrant",Stock,True,2026-05-08,,,74685c16f11f67ad4460
SY,NASDAQ,So-Young International Inc. - American Depository Shares,Stock,True,2026-05-08,,,9178199293a20b07717c
SYBT,NASDAQ,"Stock Yards Bancorp, Inc. - Common Stock",Stock,True,2026-05-08,,,6dd8eb0348d77264d0b9
SYM,NASDAQ,Symbotic Inc. - Class A Common Stock,Stock,True,2026-05-08,,,61996595a63272ee29a3
SYNA,NASDAQ,Synaptics Incorporated - Common Stock,Stock,True,2026-05-08,,,aa161bdd866da856fd3d
SYPR,NASDAQ,"Sypris Solutions, Inc. - Common Stock",Stock,True,2026-05-08,,,b4d75b95767ec9b6019c
SYRE,NASDAQ,"Spyre Therapeutics, Inc. - Common Stock",Stock,True,2026-05-08,,,8ef68d2f4492fcc438d6
SYZ,NASDAQ,Lazard US Systematic Small Cap Equity ETF,ETF,True,2026-05-08,,,1a2a21c2f3d0c34f0782
SZZL,NASDAQ,Sizzle Acquisition Corp. II - Class A ordinary shares,Stock,True,2026-05-08,,,ad7af996c5ff782182f5
SZZLR,NASDAQ,Sizzle Acquisition Corp. II - Right,Stock,True,2026-05-08,,,b2ae892b9e75f1f8395e
SZZLU,NASDAQ,Sizzle Acquisition Corp. II - Unit,Stock,True,2026-05-08,,,403d55ba1c293e018d86
TACH,NASDAQ,Titan Acquisition Corp. - Class A Ordinary Shares,Stock,True,2026-05-08,,,e663e40f7f63aabb2340
TACHU,NASDAQ,Titan Acquisition Corp. - Units,Stock,True,2026-05-08,,,4a6b569719834c461f3e
TACHW,NASDAQ,Titan Acquisition Corp. - Warrants,Stock,True,2026-05-08,,,6a84769ce1e701e01d37
TACO,NASDAQ,Berto Acquisition Corp. - Ordinary Shares,Stock,True,2026-05-08,,,bdf964a0428f244945c2
TACOU,NASDAQ,Berto Acquisition Corp. - unit,Stock,True,2026-05-08,,,89aaae54ec0dd034fd2d
TACOW,NASDAQ,Berto Acquisition Corp. - Warrant,Stock,True,2026-05-08,,,24e41b752cc39ab3f7e9
TACT,NASDAQ,TransAct Technologies Incorporated - Common Stock,Stock,True,2026-05-08,,,cc5dff2010fbc6df505c
TALK,NASDAQ,"Talkspace, Inc. - Common Stock",Stock,True,2026-05-08,,,e4d9df546cfa1fd31e25
TALKW,NASDAQ,"Talkspace, Inc. - Warrant",Stock,False,2026-05-08,2026-06-23,Missing from current NASDAQ source snapshot; reason unavailable,9fbe2e7b75faa453fe22
TANH,NASDAQ,Tantech Holdings Ltd. - Class A Common Shares,Stock,True,2026-05-08,,,46a17785b51fcf4eada4
TAOP,NASDAQ,Taoping Inc. - Ordinary Shares,Stock,True,2026-05-08,,,e06d41dd9f37971f8ec9
TAOX,NASDAQ,Tao Synergies Inc. - Common Stock,Stock,True,2026-05-08,,,ab1aae5897be33fbc4d1
TAOZ,NASDAQ,Thornburg American Opportunities Fund,ETF,True,2026-05-08,,,0978c1ae75512126a75a
TARA,NASDAQ,"Protara Therapeutics, Inc. - Common Stock",Stock,True,2026-05-08,,,d62056783bc8002b8e3f
TARK,NASDAQ,Tradr 2X Long Innovation ETF,ETF,True,2026-05-08,,,b4e31df7044934a59dd9
TARS,NASDAQ,"Tarsus Pharmaceuticals, Inc. - Common Stock",Stock,True,2026-05-08,,,898ff3c8ac622def9f99
TASK,NASDAQ,"TaskUs, Inc. - Class A Common Stock",Stock,True,2026-05-08,,,c267a5006f04e49aca35
TATT,NASDAQ,TAT Technologies Ltd. - Ordinary Shares,Stock,True,2026-05-08,,,627a6f65d49968afc8c2
TAVI,NASDAQ,Tavia Acquisition Corp. - Ordinary Shares,Stock,True,2026-05-08,,,b882e42f125a719a5a7f
TAVIR,NASDAQ,Tavia Acquisition Corp. - Right,Stock,True,2026-05-08,,,d111db397d722c8e50d4
TAVIU,NASDAQ,Tavia Acquisition Corp. - Unit,Stock,True,2026-05-08,,,5fca631e1962cf9be7ed
TAX,NASDAQ,Cambria Tax Aware ETF,ETF,True,2026-05-08,,,0dae39c6ee30dc3ca402
TAXE,NASDAQ,Intermediate Municipal Income ETF,ETF,True,2026-05-08,,,126b7a65421ef5e88fad
TAXI,NASDAQ,Northern Trust Intermediate Tax-Exempt Bond ETF,ETF,True,2026-05-08,,,58d36b5df2cf9b0bfe1c
TAXS,NASDAQ,Northern Trust Short-Term Tax-Exempt Bond ETF,ETF,True,2026-05-08,,,9b279cd66bc6dfa1bd3b
TAXT,NASDAQ,Northern Trust Tax-Exempt Bond ETF,ETF,True,2026-05-08,,,20ca5d5afab3e77bbfd3
TAYD,NASDAQ,"Taylor Devices, Inc. - Common Stock",Stock,True,2026-05-08,,,46cb97729f6f57820760
TBBK,NASDAQ,"The Bancorp, Inc. - Common Stock",Stock,True,2026-05-08,,,03de663580fdde82be48
TBCH,NASDAQ,Turtle Beach Corporation - Common Stock,Stock,True,2026-05-08,,,9508538bfb7352aef28e
TBH,NASDAQ,"Brag House Holdings, Inc. - Common Stock",Stock,False,2026-05-08,2026-07-01,Missing from current NASDAQ source snapshot; reason unavailable,b268a782cd25ff1ed7f9
TBIL,NASDAQ,F/m US Treasury 3 Month Bill Fund,ETF,True,2026-05-08,,,1932aca36eca88650e76
TBLA,NASDAQ,Taboola.com Ltd. - Ordinary Shares,Stock,True,2026-05-08,,,ea9400e7476fbdf6eb44
TBLAW,NASDAQ,Taboola.com Ltd. - Warrant,Stock,False,2026-05-08,2026-06-30,Missing from current NASDAQ source snapshot; reason unavailable,a76fd2c2c4655faf2526
TBLD,NASDAQ,Thornburg Income Builder Opportunities Trust - Closed End Fund,Stock,True,2026-05-08,,,67888cc2b2cf8fc88c88
TBPH,NASDAQ,"Theravance Biopharma, Inc. - Ordinary Shares",Stock,True,2026-05-08,,,f3bb8d4bf3e6eeb4c5f7
TBRG,NASDAQ,"TruBridge, Inc. - Common Stock",Stock,False,2026-05-08,2026-07-10,Other delisting reason: Details unavailable (source: FMP Delisted API),0d9412552b2468f73ecb
TC,NASDAQ,Token Cat Limited - American Depositary Shares,Stock,True,2026-05-08,,,04c5e8c14a3df1a4746d
TCAN,NASDAQ,21Shares Canton Network ETF,ETF,True,2026-05-08,,,b3958830b6a18e49daa6
TCBI,NASDAQ,"Texas Capital Bancshares, Inc. - Common Stock",Stock,True,2026-05-08,,,4eef02a69d96d0f3de0e
TCBIO,NASDAQ,"Texas Capital Bancshares, Inc. - Depositary Shares 5.75% Fixed Rate Non-Cumulative Perpetual Preferred Stock Series B",Stock,True,2026-05-08,,,11ef8816d1a674d73ef0
TCBK,NASDAQ,TriCo Bancshares - Common Stock,Stock,True,2026-05-08,,,cc132239ac54233fc160
TCBS,NASDAQ,"Texas Community Bancshares, Inc. - Common Stock",Stock,True,2026-05-08,,,bf2d54df55dbbc027504
TCHI,NASDAQ,iShares MSCI China Multisector Tech ETF,ETF,True,2026-05-08,,,953f070851dd32542a49
TCMD,NASDAQ,"Tactile Systems Technology, Inc. - Common Stock",Stock,True,2026-05-08,,,169bb83b28d112235cb6
TCOM,NASDAQ,Trip.com Group Limited - American Depositary Shares,Stock,True,2026-05-08,,,28d539aa9d665daec458
TCPC,NASDAQ,BlackRock TCP Capital Corp. - Closed End Fund,Stock,True,2026-05-08,,,40ac939e0b4b95df860d
TCRT,NASDAQ,"Alaunos Therapeutics, Inc. - Common Stock",Stock,True,2026-05-08,,,8b476a810d166b479df7
TCRX,NASDAQ,"TScan Therapeutics, Inc. - Common Stock",Stock,True,2026-05-08,,,83dced217c5204befee0
TCX,NASDAQ,Tucows Inc. - Common Stock,Stock,True,2026-05-08,,,879e6c52b5ec8e70afd0
TDAC,NASDAQ,Translational Development Acquisition Corp. - Ordinary Shares,Stock,True,2026-05-08,,,c3284a7e6c2e4a7ec91a
TDACU,NASDAQ,Translational Development Acquisition Corp. - Units,Stock,True,2026-05-08,,,3230ed21e7e785c78898
TDACW,NASDAQ,Translational Development Acquisition Corp. - Warrants,Stock,True,2026-05-08,,,dea495fb2f2caf378e3f
TDCL,NASDAQ,GraniteShares 2x Long TDC Daily ETF,ETF,True,2026-07-14,,,83b53c9d387a095d5cbe
TDI,NASDAQ,Touchstone Dynamic International ETF,ETF,True,2026-05-08,,,238fa1580e6eb1ff1a13
TDIC,NASDAQ,Dreamland Limited - Class A Ordinary Shares,Stock,True,2026-05-08,,,38d72180f1b50bcde11f
TDIV,NASDAQ,First Trust NASDAQ Technology Dividend Index Fund,ETF,True,2026-05-08,,,0ecd82132a47a7c41459
TDOG,NASDAQ,21shares Dogecoin ETF,ETF,True,2026-05-08,,,688755123885daf75fee
TDOT,NASDAQ,21shares Polkadot ETF,ETF,True,2026-05-08,,,519474d6c02d7888a54e
TDSB,NASDAQ,ETC Cabana Target Beta ETF,ETF,True,2026-05-08,,,f3e7eddb2f13993e96af
TDSC,NASDAQ,ETC Cabana Target Drawdown 10 ETF,ETF,True,2026-05-08,,,e1156abd2a3c3ed4a040
TDTH,NASDAQ,Trident Digital Tech Holdings Ltd - American Depository Shares,Stock,False,2026-05-08,2026-07-15,Listing metadata changed,b8556faa3ee0ba0fe88f
TDTH,NASDAQ,Trident Digital Tech Holdings Ltd - Class B Ordinary Shares,Stock,True,2026-07-15,,,179cd6b35f112c5b2cc0
TDUP,NASDAQ,ThredUp Inc. - Class A Common Stock,Stock,True,2026-05-08,,,a4da8e1bef1326a5b6a1
TDWD,NASDAQ,Tailwind 2.0 Acquisition Corp. - Class A Ordinary Shares,Stock,True,2026-05-08,,,6e35517d3d409aaf80d7
TDWDR,NASDAQ,Tailwind 2.0 Acquisition Corp. - Rights,Stock,True,2026-05-08,,,86bb5f3bf41468814b57
TDWDU,NASDAQ,Tailwind 2.0 Acquisition Corp. - Unit,Stock,True,2026-05-08,,,205cbb1bf6e98f85488d
TEAD,NASDAQ,Teads Holding Co. - Common Stock,Stock,True,2026-05-08,,,a6e8428349fc932ff0c4
TEAM,NASDAQ,Atlassian Corporation - Class A Common Stock,Stock,True,2026-05-08,,,372788e8eb81e668fc2c
TECH,NASDAQ,Bio-Techne Corp - Common Stock,Stock,True,2026-05-08,,,d597db76e85e56464938
TECX,NASDAQ,"Tectonic Therapeutic, Inc. - Common Stock",Stock,True,2026-05-08,,,ab128502b956d666d127
TECY,NASDAQ,GraniteShares YieldBOOST Technology ETF,ETF,True,2026-05-08,,,1e21670e642792e53917
TEKX,NASDAQ,State Street Galaxy Transformative Tech Accelerators ETF,ETF,True,2026-05-08,,,e2d3d6aef13e7dafa06f
TEKY,NASDAQ,Lazard Next Gen Technologies ETF,ETF,True,2026-05-08,,,5b79fdca929c91ae976c
TELA,NASDAQ,"TELA Bio, Inc. - Common stock",Stock,True,2026-05-08,,,dc44a17cc840e0cf149c
TELO,NASDAQ,"Telomir Pharmaceuticals, Inc. - Common Stock",Stock,True,2026-05-08,,,caeb01aa930c3e8ed3cb
TEM,NASDAQ,"Tempus AI, Inc. - Class A Common Stock",Stock,True,2026-05-08,,,a8096c9fe75a8b5518e1
TENB,NASDAQ,"Tenable Holdings, Inc. - Common Stock",Stock,True,2026-05-08,,,cf720f510e60f6e09082
TENX,NASDAQ,"Tenax Therapeutics, Inc. - Common Stock",Stock,True,2026-05-08,,,8fbeefff7210f8398846
TER,NASDAQ,"Teradyne, Inc. - Common Stock",Stock,True,2026-05-08,,,1ef4d908e1772cc633d9
TERG,NASDAQ,Leverage Shares 2X Long TER Daily ETF,ETF,True,2026-05-08,,,26a667234eeae12f2cc0
TEXN,NASDAQ,iShares Texas Equity ETF,ETF,True,2026-05-08,,,0eec63a088ad0d9e0a0b
TEXX,NASDAQ,Horizon Kinetics Texas ETF,ETF,True,2026-05-08,,,c548693efc2766df6d03
TFGZ,NASDAQ,Thornburg Focus Growth Fund,ETF,True,2026-05-08,,,d225859e0b8855858ce7
TFNS,NASDAQ,T. Rowe Price Financials ETF,ETF,True,2026-05-08,,,fd9937ae8e10864fe06f
TFSL,NASDAQ,TFS Financial Corporation - Common Stock,Stock,True,2026-05-08,,,1a5982451cfd60f7dc4d
TGHL,NASDAQ,The GrowHub Limited - Class A Ordinary Shares,Stock,True,2026-05-08,,,5f366363fc0bc2bfb6a4
TGL,NASDAQ,Treasure Global Inc. - Common Stock,Stock,True,2026-05-08,,,64d3dc02246e3d71d735
TGTX,NASDAQ,"TG Therapeutics, Inc. - Common Stock",Stock,True,2026-05-08,,,1a7b4c5d98ce7fb85257
TH,NASDAQ,Target Hospitality Corp. - Common Stock,Stock,True,2026-05-08,,,8f4c7234283263427bca
THCH,NASDAQ,TH International Limited - Ordinary shares,Stock,True,2026-05-08,,,115ae54ba29e45cf7b42
THFF,NASDAQ,First Financial Corporation - Common Stock,Stock,True,2026-05-08,,,de361219c172573e2a52
THH,NASDAQ,TryHard Holdings Limited - Ordinary Shares,Stock,True,2026-05-08,,,110e3afad9b16b66def2
THMZ,NASDAQ,Lazard Equity Megatrends ETF,ETF,True,2026-05-08,,,09d87a1a2bfffb33d485
THRM,NASDAQ,Gentherm Inc - Common Stock,Stock,True,2026-05-08,,,40280286d0e67aef850b
THRV,NASDAQ,Prospera Income ETF,ETF,True,2026-05-08,,,361c123215c229f24e50
THRY,NASDAQ,"Thryv Holdings, Inc. - Common Stock",Stock,True,2026-05-08,,,aa9237fa21c8171d62d8
THYM,NASDAQ,T. Rowe Price High Income Municipal ETF,ETF,True,2026-05-08,,,4bf79c17df9e4f338f08
THYP,NASDAQ,21shares Hyperliquid ETF,ETF,True,2026-05-12,,,e8fb25bc367e4db21bbd
TIGO,NASDAQ,Millicom International Cellular S.A. - Common Stock,Stock,True,2026-05-08,,,cf67174f5633ccd9c69a
TIGR,NASDAQ,UP Fintech Holding Limited - American Depositary Shares representing fifteen Class A Ordinary Shares,Stock,True,2026-05-08,,,bbb9c81262c97023ee21
TIL,NASDAQ,"Instil Bio, Inc. - Common Stock",Stock,True,2026-05-08,,,ede2796470852b731716
TILC,NASDAQ,Thrivent International Large Cap ETF,ETF,True,2026-06-15,,,1cd3de99dd9e5676bcfb
TILE,NASDAQ,"Interface, Inc. - Common Stock",Stock,True,2026-05-08,,,e1f8d80b5036ce5bcd70
TIPT,NASDAQ,Tiptree Inc. - Common Stock,Stock,True,2026-05-08,,,5bbf2c721bae70a8cfc3
TISC,NASDAQ,Thrivent International Small Cap ETF,ETF,True,2026-06-15,,,4703a5c9f6112e1f6bed
TITN,NASDAQ,Titan Machinery Inc. - Common Stock,Stock,True,2026-05-08,,,99581d13698404912cf3
TJGC,NASDAQ,TJGC Group Limited - ordinary shares,Stock,True,2026-05-08,,,150f3e92dab7efacd5f2
TKLF,NASDAQ,"Tokyo Lifestyle Co., Ltd. - American Depositary Shares",Stock,True,2026-05-08,,,c883c69efb086e896f81
TKNO,NASDAQ,"Alpha Teknova, Inc. - Common Stock",Stock,True,2026-05-08,,,3f2d3f38fe62ecb13f77
TKNS,NASDAQ,21Shares Active Crypto ETF,ETF,True,2026-05-14,,,2057e99454c177ccfddd
TLA,NASDAQ,GraniteShares Autocallable TSLA ETF,ETF,True,2026-05-08,,,216d69bfae76e87d7251
TLF,NASDAQ,"Tandy Leather Factory, Inc. - common stock",Stock,True,2026-05-08,,,c305ba52567d8b740bc0
TLG,NASDAQ,Touchstone Large Company Growth ETF,ETF,True,2026-05-08,,,d29751ce9435a13f8251
TLIH,NASDAQ,Ten-League International Holdings Limited - Ordinary Shares,Stock,True,2026-05-08,,,e82a5d4a38d61f05b933
TLN,NASDAQ,Talen Energy Corporation - Common Stock,Stock,True,2026-05-08,,,1628e9d0648790fa3c2f
TLNC,NASDAQ,Talon Capital Corp. - Class A Ordinary Shares,Stock,True,2026-05-08,,,44f765ab6adcfd2ed0d2
TLNCU,NASDAQ,Talon Capital Corp. - Units,Stock,True,2026-05-08,,,6cef1b1e6b90093fcb24
TLNCW,NASDAQ,Talon Capital Corp. - Warrants,Stock,True,2026-05-08,,,cc807781219f64c93506
TLPH,NASDAQ,"Talphera, Inc. - Common Stock",Stock,True,2026-05-08,,,90945a3e3b3c048fb795
TLRY,NASDAQ,"Tilray Brands, Inc. - Common Stock",Stock,True,2026-05-08,,,518797d52aefd8d0685f
TLS,NASDAQ,Telos Corporation - Common Stock,Stock,True,2026-05-08,,,f11ae72717db9da13a49
TLSA,NASDAQ,Tiziana Life Sciences Ltd - Common Shares,Stock,True,2026-05-08,,,60aa5d3b6fb1c2ffc0ec
TLSI,NASDAQ,"TriSalus Life Sciences, Inc. - Common Stock",Stock,True,2026-05-08,,,84b85d92082c136495c4
TLSIW,NASDAQ,"TriSalus Life Sciences, Inc. - Warrant",Stock,True,2026-05-08,,,12ebcbb4fd9e8c8284a0
TLT,NASDAQ,iShares 20+ Year Treasury Bond ETF,ETF,True,2026-05-08,,,79bd93c970094444e386
TLX,NASDAQ,Telix Pharmaceuticals Limited - American Depositary Shares,Stock,True,2026-05-08,,,a500e38367e3f7b10d40
TMB,NASDAQ,Thornburg Multi Sector Bond ETF,ETF,True,2026-05-08,,,dc094d4b893a14ec101d
TMC,NASDAQ,TMC the metals company Inc. - Common Stock,Stock,True,2026-05-08,,,9c651d81972083d2bd07
TMCI,NASDAQ,"Treace Medical Concepts, Inc. - Common Stock",Stock,True,2026-05-08,,,4c0a83ea5b72950852bc
TMCR,NASDAQ,The Metals Royalty Company Inc. - Common Stock,Stock,True,2026-05-08,,,ecae9789e407db2e7422
TMCWW,NASDAQ,TMC the metals company Inc. - Warrant,Stock,True,2026-05-08,,,77e1e63c2956fddd070f
TMDX,NASDAQ,"TransMedics Group, Inc. - Common Stock",Stock,True,2026-05-08,,,d557f0be8c2ab529a023
TMED,NASDAQ,T. Rowe Price Health Care ETF,ETF,True,2026-05-08,,,0a22cead50a662cd1db3
TMET,NASDAQ,iShares Transition-Enabling Metals ETF,ETF,False,2026-05-08,2026-05-29,Missing from current NASDAQ source snapshot; reason unavailable,25515727c52e4c88d8ae
TMNL,NASDAQ,T. Rowe Price Long Municipal Income ETF,ETF,True,2026-05-08,,,6e1965e05cc5337f7f4a
TMNS,NASDAQ,T. Rowe Price Short Municipal Income ETF,ETF,True,2026-05-08,,,3747993b6918660830bb
TMS,NASDAQ,Teamshares Inc. - Common Stock,Stock,True,2026-06-23,,,81b455ddcd9bcaa74a7d
TMSF,NASDAQ,T. Rowe Price Multi-Sector Income ETF,ETF,True,2026-05-08,,,5320117d3091835628c0
TMSWW,NASDAQ,Teamshares Inc. - Warrants,Stock,True,2026-06-23,,,d18ca8a9296478bd5949
TMTS,NASDAQ,Spartacus Acquisition Corp. II - Class A Ordinary Shares,Stock,True,2026-05-08,,,14917e39e7e5409a7750
TMTSU,NASDAQ,Spartacus Acquisition Corp. II - Unit,Stock,True,2026-05-08,,,02cdd2f27c23205cf36b
TMTSW,NASDAQ,Spartacus Acquisition Corp. II - Warrants,Stock,True,2026-05-08,,,1184bd4fc00240943343
TMUS,NASDAQ,"T-Mobile US, Inc. - Common Stock",Stock,True,2026-05-08,,,4b9fe208407c5053de86
TMUSI,NASDAQ,"T-Mobile US, Inc. - 5.500% Senior Notes due June 2070",Stock,True,2026-05-08,,,e3aa0d27a0c6586ecff6
TMUSL,NASDAQ,"T-Mobile US, Inc. - 6.250% Senior Notes due 2069",Stock,True,2026-05-08,,,0982b8f025e378c2e1df
TMUSZ,NASDAQ,"T-Mobile US, Inc. - 5.500% Senior Notes due March 2070",Stock,True,2026-05-08,,,5df9590468fd50790432
TMYY,NASDAQ,GraniteShares YieldBOOST TSM ETF,ETF,True,2026-05-08,,,442b93deab84d8372fd6
TNDM,NASDAQ,"Tandem Diabetes Care, Inc. - Common Stock",Stock,True,2026-05-08,,,a62830edfb0c175df070
TNGX,NASDAQ,"Tango Therapeutics, Inc. - Common Stock",Stock,True,2026-05-08,,,4eca1922e37a99afca6a
TNMG,NASDAQ,TNL Mediagene - Ordinary Shares,Stock,True,2026-05-08,,,8bd01596c76c77e5abaa
TNON,NASDAQ,"Tenon Medical, Inc. - Common Stock",Stock,True,2026-05-08,,,0e35288fa804a493ef33
TNONW,NASDAQ,"Tenon Medical, Inc. - Warrant",Stock,True,2026-05-08,,,393adb1ffbffb39cf0e0
TNXP,NASDAQ,Tonix Pharmaceuticals Holding Corp. - Common Stock,Stock,True,2026-05-08,,,fa26fb0eed20540d5cd2
TNXT,NASDAQ,T. Rowe Price Innovation Leaders ETF,ETF,True,2026-05-08,,,44edb1b9487211668f95
TNYA,NASDAQ,"Tenaya Therapeutics, Inc. - Common Stock",Stock,True,2026-05-08,,,9ad3885cda677b4c5510
TOI,NASDAQ,"The Oncology Institute, Inc. - Common Stock",Stock,True,2026-05-08,,,cff052e9ff52bb44d0ad
TOIIW,NASDAQ,"The Oncology Institute, Inc. - Warrant",Stock,True,2026-05-08,,,e0a3047fc1d5144efa64
TOMZ,NASDAQ,"TOMI Environmental Solutions, Inc. - Common Stock",Stock,True,2026-05-08,,,5c11432e7ed90072c70f
TONX,NASDAQ,TON Strategy Company - Common Stock,Stock,True,2026-05-08,,,59465dd2d5512c38c8cd
TOP,NASDAQ,TOP Financial Group Limited - Class A Ordinary Shares,Stock,True,2026-05-08,,,56b1ecc0b3f3a346f612
TORO,NASDAQ,Toro Corp. - Common stock,Stock,True,2026-05-08,,,a5e25472487b3e3cfc19
TOUR,NASDAQ,Tuniu Corporation - American Depositary Shares,Stock,True,2026-05-08,,,ae082cc531f891d14797
TOWN,NASDAQ,Towne Bank - Common Stock,Stock,True,2026-05-08,,,d4ce833865a8e19f261f
TOYO,NASDAQ,"TOYO Co., Ltd - Ordinary Shares",Stock,True,2026-05-08,,,d51194e799dbbefa5912
TPCS,NASDAQ,TechPrecision Corporation - Common stock,Stock,True,2026-05-08,,,af15c67a2ec4fed5834d
TPG,NASDAQ,TPG Inc. - Class A Common Stock,Stock,True,2026-05-08,,,6ef25f28c5f191a60419
TPGXL,NASDAQ,TPG Inc. - 6.950% Fixed-Rate Junior Subordinated Notes due 2064,Stock,True,2026-05-08,,,32b38fad69ff1646177c
TPLS,NASDAQ,Thornburg Core Plus Bond ETF,ETF,True,2026-05-08,,,3c8a58956bd2cce93b79
TPST,NASDAQ,"Tempest Therapeutics, Inc. - Common Stock",Stock,True,2026-05-08,,,970850168aa638f21e8e
TQQQ,NASDAQ,ProShares UltraPro QQQ,ETF,True,2026-05-08,,,e28499cf355eda7d9a44
TQQY,NASDAQ,GraniteShares YieldBOOST QQQ ETF,ETF,True,2026-05-08,,,819b37566d73e7476273
TRAW,NASDAQ,"Traws Pharma, Inc. - Common Stock",Stock,True,2026-05-08,,,de41e6c424ddb8115ebe
TRAX,NASDAQ,"First Tracks Biotherapeutics, Inc. - Ordinary Shares",Stock,True,2026-05-08,,,7a034ffb4a5b6a537881
TRBF,NASDAQ,Angel Oak Total Return ETF,ETF,True,2026-05-08,,,44f79b1995ac62b2000f
TRDA,NASDAQ,"Entrada Therapeutics, Inc. - Common Stock",Stock,True,2026-05-08,,,85e27fd85832ba4d0b5d
TREE,NASDAQ,"LendingTree, Inc. - Common Stock",Stock,True,2026-05-08,,,b9b863ff687e6da6d59e
TRGS,NASDAQ,TRG Latin America Acquisitions Corp. - Class A Ordinary Shares,Stock,True,2026-05-08,,,aab9d382c80ba7202c40
TRGSR,NASDAQ,TRG Latin America Acquisitions Corp. - Rights,Stock,True,2026-05-08,,,114521a9f80f2e6bce17
TRGSU,NASDAQ,TRG Latin America Acquisitions Corp. - Units,Stock,True,2026-05-08,,,854d42676df436982b4e
TRI,NASDAQ,Thomson Reuters Corp - Common Shares,Stock,True,2026-05-08,,,567bf27843b42494ed0e
TRIB,NASDAQ,Trinity Biotech plc - American Depositary Shares,Stock,True,2026-05-08,,,679a15d38f4f8ede60ac
TRIN,NASDAQ,Trinity Capital Inc. - Common Stock,Stock,True,2026-05-08,,,a52cc6ebfac100cfe37c
TRINI,NASDAQ,Trinity Capital Inc. - 7.875% Notes Due 2029,Stock,True,2026-05-08,,,d797c86345e09a6c98f0
TRINZ,NASDAQ,Trinity Capital Inc. - 7.875% Notes due 2029,Stock,True,2026-05-08,,,d797c86345e09a6c98f0
TRIP,NASDAQ,"TripAdvisor, Inc. - Common Stock",Stock,True,2026-05-08,,,0a1555de889fa176e825
TRMB,NASDAQ,Trimble Inc. - Common Stock,Stock,True,2026-05-08,,,6d0d9eca26631111a9b4
TRMD,NASDAQ,TORM plc - Class A Common Stock,Stock,True,2026-05-08,,,52a1d61eda70ce6f8784
TRMK,NASDAQ,Trustmark Corporation - Common Stock,Stock,True,2026-05-08,,,555a580a9f8136e4d7d2
TRNR,NASDAQ,Interactive Strength Inc. - Common Stock,Stock,True,2026-05-08,,,49218d87f9e9e8805cc1
TRNS,NASDAQ,"Transcat, Inc. - Common Stock",Stock,True,2026-05-08,,,427835fd781f7429a4d3
TRON,NASDAQ,Tron Inc. - Common Stock,Stock,True,2026-05-08,,,9fd057fc6562723faa9c
TROO,NASDAQ,"TROOPS, Inc. - Ordinary Shares",Stock,True,2026-05-08,,,fe8cf858134486d73e7e
TROW,NASDAQ,"T. Rowe Price Group, Inc. - Common Stock",Stock,True,2026-05-08,,,8ff6a1a3c7141e9612a2
TRS,NASDAQ,TriMas Corporation - Common Stock,Stock,True,2026-05-08,,,2a1f49858747cb59d68f
TRSG,NASDAQ,Tungray Technologies Inc - Class A Ordinary Shares,Stock,True,2026-05-08,,,f89dd6fd4d3430d92ea0
TRST,NASDAQ,TrustCo Bank Corp NY - Common Stock,Stock,True,2026-05-08,,,5b6824bab665f1b9062f
TRUC,NASDAQ,VanEck Communication Services TruSector ETF,ETF,True,2026-05-08,,,330dbd84907d1f60c4be
TRUD,NASDAQ,VanEck Consumer Discretionary TruSector ETF,ETF,True,2026-05-08,,,cab9d1dc1b6c9ce4ecff
TRUF,NASDAQ,VanEck Financials TruSector ETF,ETF,True,2026-05-08,,,23600c15bcdd80d13ef7
TRUG,NASDAQ,"TruGolf Holdings, Inc. - Class A Common Stock",Stock,True,2026-05-08,,,9353b978f4bcc5a0e6cb
TRUH,NASDAQ,VanEck Healthcare TruSector ETF,ETF,True,2026-05-08,,,e8cda0ba4ffaf20ca139
TRUI,NASDAQ,VanEck Industrials TruSector ETF,ETF,True,2026-06-03,,,874cb9ec23ad65f00443
TRUM,NASDAQ,VanEck Materials TruSector ETF,ETF,True,2026-07-08,,,bd75c1eb06d7df4cacb4
TRUN,NASDAQ,VanEck Energy TruSector ETF,ETF,True,2026-07-08,,,4523263d6494a073e47c
TRUO,NASDAQ,VanEck Consumer Staples TruSector ETF,ETF,True,2026-06-03,,,44286e1e564df1e6d1e1
TRUP,NASDAQ,"Trupanion, Inc. - Common Stock",Stock,True,2026-05-08,,,b4cc06895462b4ca705d
TRUR,NASDAQ,VanEck Real Estate TruSector ETF,ETF,True,2026-07-08,,,19140c0bd58467a7616f
TRUT,NASDAQ,VanEck Technology TruSector ETF,ETF,True,2026-05-08,,,e00c99ce40123681930b
TRUU,NASDAQ,VanEck Utilities TruSector ETF,ETF,True,2026-07-08,,,2f0bda0f0e1a0a6115a1
TRVG,NASDAQ,trivago N.V. - American Depositary Shares,Stock,True,2026-05-08,,,b83329123b7ed7cb6698
TRVI,NASDAQ,"Trevi Therapeutics, Inc. - Common Stock",Stock,True,2026-05-08,,,68e7ce765e9e31a4297d
TSAT,NASDAQ,Telesat Corporation - Class A Common Shares and Class B Variable Voting Shares,Stock,True,2026-05-08,,,4aee22e062b32068160a
TSBK,NASDAQ,"Timberland Bancorp, Inc. - Common Stock",Stock,True,2026-05-08,,,8e45397fa156ddc612a5
TSCM,NASDAQ,TimesSquare Quality Mid Cap Growth ETF,ETF,True,2026-05-08,,,3cb0574a3573c1c481a5
TSCO,NASDAQ,Tractor Supply Company - Common Stock,Stock,True,2026-05-08,,,c870bd527ef083f29fc1
TSDD,NASDAQ,GraniteShares 2x Short TSLA Daily ETF,ETF,True,2026-05-08,,,0d2f6d67b30a5ae77aa3
TSEL,NASDAQ,Touchstone Sands Capital US Select Growth ETF,ETF,True,2026-05-08,,,c24c944b905b8b00f2e4
TSEM,NASDAQ,Tower Semiconductor Ltd. - Ordinary Shares,Stock,True,2026-05-08,,,f0e1261a88e84fdc1432
TSHA,NASDAQ,"Taysha Gene Therapies, Inc. - Common Stock",Stock,True,2026-05-08,,,b0bc811b221406af643d
TSL,NASDAQ,GraniteShares 1.25x Long TSLA Daily ETF,ETF,True,2026-05-08,,,0fdee2f8b963c235ce62
TSLA,NASDAQ,"Tesla, Inc. - Common Stock",Stock,True,2026-05-08,,,789a4d21782bdd3eafdf
TSLG,NASDAQ,Leverage Shares 2X Long TSLA Daily ETF,ETF,True,2026-05-08,,,e9fd1fd32e649e66ebb4
TSLL,NASDAQ,Direxion Daily TSLA Bull 2X ETF,ETF,True,2026-05-08,,,9fe64e493940c83b7b4b
TSLQ,NASDAQ,Tradr 2X Short TSLA Daily ETF,ETF,True,2026-05-08,,,9f753680b70563a32d48
TSLR,NASDAQ,GraniteShares 2x Long TSLA Daily ETF,ETF,True,2026-05-08,,,56808fced95ba55073ae
TSLS,NASDAQ,Direxion Daily TSLA Bear 1X ETF,ETF,True,2026-05-08,,,3bbbf8df50e70e8cfe44
TSMG,NASDAQ,Leverage Shares 2X Long TSM Daily ETF,ETF,True,2026-05-08,,,0782b26d66e1efbf752f
TSMU,NASDAQ,GraniteShares 2x Long TSM Daily ETF,ETF,True,2026-05-08,,,041101c6d8d88ac7f95c
TSMX,NASDAQ,Direxion Daily TSM Bull 2X ETF,ETF,True,2026-05-08,,,3bb74e97586db266b9ec
TSMZ,NASDAQ,Direxion Daily TSM Bear 1X ETF,ETF,True,2026-05-08,,,ae87d884daf0db17edc7
TSPY,NASDAQ,TappAlpha S&P 500 Growth & Daily Income ETF,ETF,True,2026-05-08,,,7d180453405c7f235b7b
TSSI,NASDAQ,"TSS, Inc. - Common Stock",Stock,True,2026-05-08,,,67a1f92ae1cacd5d049e
TSUI,NASDAQ,21Shares Sui ETF,ETF,True,2026-05-08,,,654cacbddaf5b97cbedf
TSYX,NASDAQ,TSPY Lift ETF,ETF,True,2026-05-08,,,31e487296abc84279edb
TSYY,NASDAQ,GraniteShares YieldBOOST TSLA ETF,ETF,True,2026-05-08,,,bec26b856e3c33bdb60e
TTAN,NASDAQ,"ServiceTitan, Inc. - Class A Common Stock",Stock,True,2026-05-08,,,d21e984bbfffe9906e97
TTD,NASDAQ,"The Trade Desk, Inc. - Class A Common Stock",Stock,True,2026-05-08,,,7572caaec50ffabc60c2
TTEC,NASDAQ,"TTEC Holdings, Inc. - Common Stock",Stock,True,2026-05-08,,,c266f58708058c454261
TTEK,NASDAQ,"Tetra Tech, Inc. - Common Stock",Stock,True,2026-05-08,,,d3b5919552cfce1d61e3
TTEQ,NASDAQ,T. Rowe Price Technology ETF,ETF,True,2026-05-08,,,809e1ef4c012ba4520a7
TTGT,NASDAQ,"TechTarget, Inc. - Common Stock",Stock,True,2026-05-08,,,9a2ea42b44528869984e
TTMI,NASDAQ,"TTM Technologies, Inc. - Common Stock",Stock,True,2026-05-08,,,90e1544f6d5eed4fb7d1
TTRX,NASDAQ,Turn Therapeutics Inc. - Common Stock,Stock,True,2026-05-08,,,712e5b7805e3fadc5354
TTWO,NASDAQ,"Take-Two Interactive Software, Inc. - Common Stock",Stock,True,2026-05-08,,,53a81484262ed8a2073c
TUG,NASDAQ,STF Tactical Growth ETF,ETF,True,2026-05-08,,,c95bdb899095378272e0
TUGN,NASDAQ,STF Tactical Growth & Income ETF,ETF,True,2026-05-08,,,547b2f065b1b1da9353e
TULP,NASDAQ,"Bloomia Holdings, Inc. - Common Stock",Stock,True,2026-05-08,,,0c0c72f722113ebe972c
TUR,NASDAQ,iShares MSCI Turkey ETF,ETF,True,2026-05-08,,,3b23ae6ef57583bee2bf
TURB,NASDAQ,"Turbo Energy, S.A. - American Depositary Shares",Stock,True,2026-05-08,,,ea6d1dad1946a688c755
TURF,NASDAQ,T. Rowe Price Natural Resources ETF,ETF,True,2026-05-08,,,9f0ad775f73dddda569b
TUSK,NASDAQ,"Mammoth Energy Services, Inc. - Common Stock",Stock,True,2026-05-08,,,f8342888fa7774cdacdf
TVA,NASDAQ,Texas Ventures Acquisition III Corp - Class A Ordinary Share,Stock,True,2026-05-08,,,5ae7bc6722bb16a7de59
TVACU,NASDAQ,Texas Ventures Acquisition III Corp - Unit,Stock,True,2026-05-08,,,c033c261b12fdee89100
TVACW,NASDAQ,Texas Ventures Acquisition III Corp - Warrants,Stock,True,2026-05-08,,,5db516d4224d57ec2907
TVAI,NASDAQ,Thayer Ventures Acquisition Corporation II - Class A Ordinary Shares,Stock,True,2026-05-08,,,ffdd280faaf0440cdbac
TVAIR,NASDAQ,Thayer Ventures Acquisition Corporation II - Rights,Stock,True,2026-05-08,,,b6e7574ddf3455bdf270
TVAIU,NASDAQ,Thayer Ventures Acquisition Corporation II - Unit,Stock,True,2026-05-08,,,56324312ae601a004442
TVGN,NASDAQ,Tevogen Bio Holdings Inc. - Common Stock,Stock,True,2026-05-08,,,df03fbf206545290cdb6
TVGNW,NASDAQ,Tevogen Bio Holdings Inc. - Warrant,Stock,True,2026-05-08,,,97367a90b3f8575b5180
TVIV,NASDAQ,Texas Ventures Acquisition IV Corp - Class A Ordinary Shares,Stock,True,2026-07-13,,,140ed11139fa9e8f4a52
TVIVU,NASDAQ,Texas Ventures Acquisition IV Corp - Units,Stock,True,2026-06-18,,,80f7e9509b97c4cc281c
TVIVW,NASDAQ,Texas Ventures Acquisition IV Corp - Warrant,Stock,True,2026-07-13,,,f7c89fb613469079ac4c
TVRD,NASDAQ,"Tvardi Therapeutics, Inc. - Common Stock",Stock,True,2026-05-08,,,28493471bda1e2093b84
TVTX,NASDAQ,"Travere Therapeutics, Inc. - Common Stock",Stock,True,2026-05-08,,,141bc9317c094f73fbb3
TW,NASDAQ,Tradeweb Markets Inc. - Class A Common Stock,Stock,True,2026-05-08,,,ebfe20fdb7fdc9918464
TWAV,NASDAQ,"TaoWeave, Inc. - Common Stock",Stock,True,2026-05-08,,,50c891c1f9f6ff8c6463
TWFG,NASDAQ,"TWFG, Inc. - Common Stock",Stock,True,2026-05-08,,,7846e1e9a305728c69f1
TWG,NASDAQ,Top Wealth Group Holding Limited - Class A Ordinary Shares,Stock,True,2026-05-08,,,19f8b418b83fd0f69175
TWIN,NASDAQ,"Twin Disc, Incorporated - Common Stock",Stock,True,2026-05-08,,,4b2f98d12dd244f23d7d
TWLV,NASDAQ,Twelve Seas Investment Company III - Class A Ordinary Shares,Stock,True,2026-05-08,,,71ea1868d95433a08bdf
TWLVR,NASDAQ,Twelve Seas Investment Company III - Rights,Stock,True,2026-05-08,,,4aa338bbd77805c2526f
TWLVU,NASDAQ,Twelve Seas Investment Company III - Units,Stock,True,2026-05-08,,,04485cac6d10262813db
TWST,NASDAQ,Twist Bioscience Corporation - Common Stock,Stock,True,2026-05-08,,,46d6ab5db16fa6b08972
TXG,NASDAQ,"10x Genomics, Inc. - Common Stock",Stock,True,2026-05-08,,,ae5136332814760a441a
TXMD,NASDAQ,"TherapeuticsMD, Inc. - Common Stock",Stock,True,2026-05-08,,,9561c7db8b6c9f8baa6d
TXN,NASDAQ,Texas Instruments Incorporated - Common Stock,Stock,True,2026-05-08,,,3807f9d8c7e52861add8
TXRH,NASDAQ,"Texas Roadhouse, Inc. - Common Stock",Stock,True,2026-05-08,,,8f6ac8cdd4b02f698f48
TXUE,NASDAQ,Thornburg International Equity ETF,ETF,True,2026-05-08,,,c6f7d2542ff485d0c786
TXUG,NASDAQ,Thornburg International Growth Fund ETF,ETF,True,2026-05-08,,,7e9d5ef20b247bcfc4b8
TXXD,NASDAQ,21Shares 2x Long Dogecoin ETF,ETF,True,2026-05-08,,,0f047393953afbe99eee
TXXH,NASDAQ,21Shares 2x Long HYPE ETF,ETF,True,2026-05-08,,,08f2eb8560eea70d2a02
TXXS,NASDAQ,21Shares 2x Long Sui ETF,ETF,True,2026-05-08,,,3fe095073c4e2f2d01f2
TYGO,NASDAQ,"Tigo Energy, Inc. - Common Stock",Stock,True,2026-05-08,,,3cf2c6e5ea92b00fe0c4
TYRA,NASDAQ,"Tyra Biosciences, Inc. - Common Stock",Stock,True,2026-05-08,,,e5331421a7bb9dd35afd
TZOO,NASDAQ,Travelzoo - Common Stock,Stock,True,2026-05-08,,,f4068e9f1d4b7f33a70e
UAE,NASDAQ,iShares MSCI UAE ETF,ETF,True,2026-05-08,,,863067e071b9dd2c93c4
UAL,NASDAQ,"United Airlines Holdings, Inc. - Common Stock",Stock,True,2026-05-08,,,3612940f84780605a0b6
UBCP,NASDAQ,"United Bancorp, Inc. - Common Stock",Stock,True,2026-05-08,,,0ac56a465b979b70e6fe
UBND,NASDAQ,VictoryShares Core Plus Bond ETF,ETF,True,2026-05-08,,,c825da7f05b48a383fd6
UBRL,NASDAQ,GraniteShares 2x Long UBER Daily ETF,ETF,True,2026-05-08,,,9fa06924941a845b800c
UBSI,NASDAQ,"United Bankshares, Inc. - Common Stock",Stock,True,2026-05-08,,,e27ebf4a0bf718fc71d8
UBXG,NASDAQ,U-BX Technology Ltd. - Class A Ordinary Shares,Stock,False,2026-05-08,2026-07-20,Missing from current NASDAQ source snapshot; reason unavailable,02a9a30279cbdcb648f6
UCAR,NASDAQ,U Power Limited - Class A Ordinary Shares,Stock,True,2026-05-08,,,b7461a93887290d8b4ae
UCFI,NASDAQ,CN Healthy Food Tech Group Corp. - Common Stock,Stock,True,2026-05-08,,,478ea835737a8175c540
UCFIW,NASDAQ,CN Healthy Food Tech Group Corp. - Warrant,Stock,True,2026-05-08,,,a93b9fecce32ca2e91b6
UCL,NASDAQ,uCloudlink Group Inc. - American Depositary Shares,Stock,True,2026-05-08,,,95ce951aca0a88c78514
UCRD,NASDAQ,VictoryShares Corporate Bond ETF,ETF,True,2026-05-08,,,f69bea90c4c65ec20187
UCTT,NASDAQ,"Ultra Clean Holdings, Inc. - Common Stock",Stock,True,2026-05-08,,,043fc1a4e6f2e34c06a0
UCYB,NASDAQ,ProShares Ultra Nasdaq Cybersecurity,ETF,True,2026-05-08,,,b658fc0b61dae5411df5
UDMY,NASDAQ,"Udemy, Inc. - Common Stock",Stock,False,2026-05-08,2026-05-12,Missing from current NASDAQ source snapshot; reason unavailable,91d19b80480b3aecf43f
UECG,NASDAQ,Leverage Shares 2x Long UEC Daily ETF,ETF,True,2026-05-08,,,6c7166f53d2dc719cc8e
UEIC,NASDAQ,Universal Electronics Inc. - Common Stock,Stock,True,2026-05-08,,,5e35abc06d6b0ac0b676
UEVM,NASDAQ,VictoryShares Emerging Markets Value Momentum ETF,ETF,True,2026-05-08,,,c4741edcd2d3fc31df14
UFCS,NASDAQ,"United Fire Group, Inc - Common Stock",Stock,True,2026-05-08,,,51508cd55e7f2bc10f00
UFG,NASDAQ,Uni-Fuels Holdings Limited - Class A Ordinary Shares,Stock,True,2026-05-08,,,d8ea90d46d8aed2f4db9
UFIV,NASDAQ,US Treasury 5 Year Note ETF,ETF,True,2026-05-08,,,7ec20c71a56950263d3b
UFO,NASDAQ,Procure Space ETF,ETF,True,2026-05-08,,,e23ace38e40851188fef
UFOX,NASDAQ,Defiance Connective Technologies ETF,ETF,False,2026-05-08,2026-06-29,Listing metadata changed,e7969e408feedad475f0
UFOX,NASDAQ,Defiance Space and Connective Tech ETF,ETF,True,2026-06-29,,,5c32d9e0c8921153e6ee
UFPI,NASDAQ,"UFP Industries, Inc. - Common Stock",Stock,True,2026-05-08,,,c9527dc49ee4ad7ace49
UFPT,NASDAQ,"UFP Technologies, Inc. - Common Stock",Stock,True,2026-05-08,,,49ec9b600a4ace9d2106
UG,NASDAQ,"United-Guardian, Inc. - Common Stock",Stock,True,2026-05-08,,,815d3e0ec0aaf81c6825
UGRO,NASDAQ,"urban-gro, Inc. - Common Stock",Stock,False,2026-05-08,2026-06-16,Missing from current NASDAQ source snapshot; reason unavailable,b40221c42998cbee0a88
UITB,NASDAQ,VictoryShares Core Intermediate Bond ETF,ETF,True,2026-05-08,,,0fc678420499c122c6da
UIVM,NASDAQ,VictoryShares International Value Momentum ETF,ETF,True,2026-05-08,,,b79c407c736f2460e40e
UK,NASDAQ,Ucommune International Ltd - Class A Ordinary Shares,Stock,True,2026-05-08,,,24098d9012a8955b9df3
ULBI,NASDAQ,Ultralife Corporation - Common Stock,Stock,True,2026-05-08,,,0d2721af3e5968ba67a3
ULCC,NASDAQ,"Frontier Group Holdings, Inc. - Common Stock",Stock,True,2026-05-08,,,e1e7e0dc2d2a366d6ca8
ULH,NASDAQ,"Universal Logistics Holdings, Inc. - Common Stock",Stock,True,2026-05-08,,,c0f8910ca43850826aa3
ULTA,NASDAQ,"Ulta Beauty, Inc. - Common Stock",Stock,True,2026-05-08,,,f28f761fefb57c86c3c0
ULTI,NASDAQ,REX IncomeMax Option Strategy ETF,ETF,True,2026-05-08,,,c25f802d5bddee12bffa
ULVM,NASDAQ,VictoryShares US Value Momentum ETF,ETF,True,2026-05-08,,,ec638de693a22fb1924c
UMBF,NASDAQ,UMB Financial Corporation - Common Stock,Stock,True,2026-05-08,,,5bed54bbecf956ef5a5e
UMBFO,NASDAQ,"UMB Financial Corporation - Depositary Shares Each Representing a 1/400th Interest in a Share of 7.750% Fixed-Rate Reset Non-Cumulative Perpetual Preferred Stock, Series B",Stock,True,2026-05-08,,,62534ffcf1ef89d7883f
UMMA,NASDAQ,Wahed Dow Jones Islamic World ETF,ETF,True,2026-05-08,,,9501f03e98792e163a39
UNB,NASDAQ,"Union Bankshares, Inc. - Common Stock",Stock,True,2026-05-08,,,2617b1b78b1baa025daa
UNCY,NASDAQ,"Unicycive Therapeutics, Inc. - Common Stock",Stock,True,2026-05-08,,,441c647ea166973069f8
UNHG,NASDAQ,Leverage Shares 2X Long UNH Daily ETF,ETF,True,2026-05-08,,,0daad4fcf1a61abeef37
UNIT,NASDAQ,Uniti Group Inc. - Common Stock,Stock,True,2026-05-08,,,c31f51c2fff56e2f9883
UNIY,NASDAQ,WisdomTree Voya Yield Enhanced USD Universal Bond Fund,ETF,True,2026-05-08,,,6f78a25182a7244f1e0b
UNTY,NASDAQ,"Unity Bancorp, Inc. - Common Stock",Stock,True,2026-05-08,,,1d42370db4f1db33f7f8
UONE,NASDAQ,"Urban One, Inc. - Class A Common Stock",Stock,True,2026-05-08,,,e803987a733e89e1fe13
UONEK,NASDAQ,"Urban One, Inc. - Class D Common Stock",Stock,True,2026-05-08,,,85cf6c6448b11d4eb7a9
UPB,NASDAQ,"Upstream Bio, Inc. - Common Stock",Stock,True,2026-05-08,,,203e8f72bb91ee195c26
UPBD,NASDAQ,"Upbound Group, Inc. - Common Stock",Stock,True,2026-05-08,,,147d6e05df4a432127d4
UPC,NASDAQ,Universe Pharmaceuticals Inc - Class A Ordinary Shares,Stock,True,2026-05-08,,,dd8df388915925b0450a
UPGR,NASDAQ,Xtrackers US Green Infrastructure Select Equity ETF,ETF,True,2026-05-08,,,fcb1e9e88476c689e9c8
UPLD,NASDAQ,"Upland Software, Inc. - Common Stock",Stock,True,2026-05-08,,,ea478b0bff92a361410f
UPSG,NASDAQ,Leverage Shares 2X Long UPS Daily ETF,ETF,True,2026-05-08,,,fc848b1c72e610c1a9e2
UPST,NASDAQ,"Upstart Holdings, Inc. - Common stock",Stock,True,2026-05-08,,,527540d248bb5b1e3133
UPWK,NASDAQ,Upwork Inc. - Common Stock,Stock,True,2026-05-08,,,3d12442651e33b306437
UPXI,NASDAQ,"Upexi, Inc. - Common Stock",Stock,True,2026-05-08,,,67d8f3c83b13bad5ce6c
URBN,NASDAQ,"Urban Outfitters, Inc. - Common Stock",Stock,True,2026-05-08,,,5a113392273c35cb9f20
URGN,NASDAQ,UroGen Pharma Ltd. - Ordinary Shares,Stock,True,2026-05-08,,,c4d0d66bda30d33d3403
URNJ,NASDAQ,Sprott Junior Uranium Miners ETF,ETF,True,2026-05-08,,,9e140dccb5841210299e
UROY,NASDAQ,Uranium Royalty Corp. - Common Stock,Stock,True,2026-05-08,,,9fed51cc2a710915d04d
USAF,NASDAQ,Atlas America Fund,ETF,True,2026-05-08,,,5255ee83d9385d19bdf6
USAR,NASDAQ,"USA Rare Earth, Inc. - Common Stock",Stock,True,2026-05-08,,,dcec20cec87a5ad81212
USAU,NASDAQ,U.S. Gold Corp. - Common Stock,Stock,True,2026-05-08,,,f3f99a5a39e543552a6e
USCB,NASDAQ,"USCB Financial Holdings, Inc. - Class A Common Stock",Stock,True,2026-05-08,,,78de429c8af157cf73e7
USCL,NASDAQ,iShares Climate Conscious & Transition MSCI USA ETF,ETF,True,2026-05-08,,,40378aaf9a014954b3bb
USDE,NASDAQ,StablecoinX Inc. - Class A Common Stock,Stock,True,2026-06-26,,,87897519ce92fb425564
USDEW,NASDAQ,StablecoinX Inc. - Warrants,Stock,True,2026-06-26,,,7216b3e827c650ddd24e
USDX,NASDAQ,SGI Enhanced Core ETF,ETF,True,2026-05-08,,,11b5d40fa252ca37f8e2
USEA,NASDAQ,United Maritime Corporation - Common Stock,Stock,True,2026-05-08,,,cd293946cdeab3f74a97
USEG,NASDAQ,U.S. Energy Corp. - Common Stock,Stock,False,2026-05-08,2026-06-08,Missing from current NASDAQ source snapshot; reason unavailable,d0cb5caf0a404b97ca80
USFI,NASDAQ,BrandywineGLOBAL - U.S. Fixed Income ETF,ETF,True,2026-05-08,,,46ac036d7bc267e3a1ad
USGG,NASDAQ,Leverage Shares 2X Long USAR Daily ETF,ETF,True,2026-05-08,,,b5583e6133e1f922882a
USGO,NASDAQ,U.S. GoldMining Inc. - Common stock,Stock,True,2026-05-08,,,094524067cda98939e51
USGOW,NASDAQ,U.S. GoldMining Inc. - Warrant,Stock,False,2026-05-08,2026-05-26,Missing from current NASDAQ source snapshot; reason unavailable,dfeefd98a114b1ebb946
USIG,NASDAQ,iShares Broad USD Investment Grade Corporate Bond ETF,ETF,True,2026-05-08,,,eeacdc36e68b8da0da8d
USIN,NASDAQ,WisdomTree 7-10 Year Laddered Treasury Fund,ETF,True,2026-05-08,,,c320fd02bbc756ad3aa6
USIO,NASDAQ,"Usio, Inc. - Common Stock",Stock,True,2026-05-08,,,26990de09ef9331866d3
USLM,NASDAQ,"United States Lime & Minerals, Inc. - Common Stock",Stock,True,2026-05-08,,,2a6d39bc476506ab98c1
USMC,NASDAQ,Principal U.S. Mega-Cap ETF,ETF,True,2026-05-08,,,ac8fd4a18859286cac45
USOI,NASDAQ,"ETRACS Crude Oil Shares Covered Call ETNs due April 24, 2037",ETF,True,2026-05-08,,,b97778e0f68a573906c3
USOY,NASDAQ,Defiance Oil Enhanced Options Income ETF,ETF,True,2026-05-08,,,c87ddf2f9467745da618
USRD,NASDAQ,Themes US R&D Champions ETF,ETF,True,2026-05-08,,,48b7ab7b16a11e62702e
USSH,NASDAQ,WisdomTree 1-3 Year Laddered Treasury Fund,ETF,True,2026-05-08,,,c63aa189c361c287fc9c
USTB,NASDAQ,VictoryShares Short-Term Bond ETF,ETF,True,2026-05-08,,,b18362bd0d5e0af07ccb
USVM,NASDAQ,VictoryShares US Small Mid Cap Value Momentum ETF,ETF,True,2026-05-08,,,bc417d36835e2dcce160
USVN,NASDAQ,US Treasury 7 Year Note ETF,ETF,True,2026-05-08,,,415f99bd97f22ca07c24
USXF,NASDAQ,iShares ESG Advanced MSCI USA ETF,ETF,True,2026-05-08,,,923a76ffaabcfcdfc0c5
UTEN,NASDAQ,US Treasury 10 Year Note ETF,ETF,True,2026-05-08,,,8d58bf35fee0de98eb08
UTHR,NASDAQ,United Therapeutics Corporation - Common Stock,Stock,True,2026-05-08,,,8b5387efa6422efd82f0
UTHY,NASDAQ,US Treasury 30 Year Bond ETF,ETF,True,2026-05-08,,,80070b0979727f1fe2c8
UTMD,NASDAQ,"Utah Medical Products, Inc. - Common Stock",Stock,True,2026-05-08,,,fa04623f94e5490a8a4f
UTRE,NASDAQ,US Treasury 3 Year Note ETF,ETF,True,2026-05-08,,,0a882b65fa65b3067606
UTSI,NASDAQ,UTStarcom Holdings Corp - Ordinary Shares,Stock,True,2026-05-08,,,7e9e28cf2dafe548057b
UTWO,NASDAQ,US Treasury 2 Year Note ETF,ETF,True,2026-05-08,,,977ded364bda9af2c3db
UTWY,NASDAQ,US Treasury 20 Year Bond ETF,ETF,True,2026-05-08,,,a6141f0823d82ce23f69
UUUG,NASDAQ,Leverage Shares 2X Long UUUU Daily ETF,ETF,True,2026-05-08,,,746bba11c380af3ffe0e
UVSP,NASDAQ,Univest Financial Corporation - Common Stock,Stock,True,2026-05-08,,,cf921100319a54f48e5b
UXIN,NASDAQ,Uxin Limited - American Depositary Shares,Stock,True,2026-05-08,,,982697d9be25ea6e4444
UYLD,NASDAQ,Angel Oak UltraShort Income ETF,ETF,True,2026-05-08,,,639897728193cc9497f4
UYSC,NASDAQ,UY Scuti Acquisition Corp. - Ordinary Shares,Stock,True,2026-05-08,,,82bd659dc7b02a48445d
UYSCR,NASDAQ,UY Scuti Acquisition Corp. - Rights,Stock,True,2026-05-08,,,a095bb14f0c82d0ef560
UYSCU,NASDAQ,UY Scuti Acquisition Corp. - Units,Stock,True,2026-05-08,,,669f6468a3a84211fb47
UZX,NASDAQ,Linkage Global Inc - Class A Ordinary Shares,Stock,True,2026-05-18,,,627b3794d2e8a7eaab50
VABK,NASDAQ,Virginia National Bankshares Corporation - Common Stock,Stock,True,2026-05-08,,,426508d63ed1f2081d21
VACH,NASDAQ,Voyager Acquisition Corp - Class A Ordinary Shares,Stock,False,2026-05-08,2026-06-11,Missing from current NASDAQ source snapshot; reason unavailable,2460d086bbca75e8759a
VACHU,NASDAQ,Voyager Acquisition Corp - Unit,Stock,False,2026-05-08,2026-06-11,Missing from current NASDAQ source snapshot; reason unavailable,51e233d04bbff61b81c5
VACHW,NASDAQ,Voyager Acquisition Corp - Warrants,Stock,False,2026-05-08,2026-06-11,Missing from current NASDAQ source snapshot; reason unavailable,57a5c6bcac1ecb65bfeb
VALG,NASDAQ,Leverage Shares 2X Long VALE Daily ETF,ETF,True,2026-05-08,,,0aded5e39c1ca286fdf1
VALN,NASDAQ,Valneva SE - American Depositary Shares,Stock,True,2026-05-08,,,f9063ee0738a7874e176
VALU,NASDAQ,"Value Line, Inc. - Common Stock",Stock,True,2026-05-08,,,1e0087f061dbfd3f9c2a
VANI,NASDAQ,"Vivani Medical, Inc. - Common Stock",Stock,True,2026-05-08,,,b3090e7b5a7195da7c85
VAVX,NASDAQ,VanEck Avalanche ETF,ETF,True,2026-05-08,,,aac5da7ad2b28d5f40d8
VBCA,NASDAQ,Vanguard Target Maturity 2027 Corporate Bond ETF,ETF,True,2026-05-08,,,a45d290df0da6075464b
VBCB,NASDAQ,Vanguard Target Maturity 2028 Corporate Bond ETF,ETF,True,2026-05-08,,,f652f6c820278c21f205
VBCC,NASDAQ,Vanguard Target Maturity 2029 Corporate Bond ETF,ETF,True,2026-05-08,,,aa4bbb041476a062b002
VBCD,NASDAQ,Vanguard Target Maturity 2030 Corporate Bond ETF,ETF,True,2026-05-08,,,4b91ab5fa02233880d10
VBCE,NASDAQ,Vanguard Target Maturity 2031 Corporate Bond ETF,ETF,True,2026-05-08,,,f84e42f4d15d77cc9650
VBCF,NASDAQ,Vanguard Target Maturity 2032 Corporate Bond ETF,ETF,True,2026-05-08,,,7aecc049bee35c2c6785
VBCG,NASDAQ,Vanguard Target Maturity 2033 Corporate Bond ETF,ETF,True,2026-05-08,,,7f3555fc10b1e5cf30aa
VBCH,NASDAQ,Vanguard Target Maturity 2034 Corporate Bond ETF,ETF,True,2026-05-08,,,4783d3b2235602f1ee3d
VBCI,NASDAQ,Vanguard Target Maturity 2035 Corporate Bond ETF,ETF,True,2026-05-08,,,819f3961847e1577e489
VBCJ,NASDAQ,Vanguard Target Maturity 2036 Corporate Bond ETF,ETF,True,2026-05-08,,,73cbd6f519c93e002e6f
VBIL,NASDAQ,Vanguard 0-3 Month Treasury Bill ETF,ETF,True,2026-05-08,,,8083bcff4cd78799adc9
VBIO,NASDAQ,"Valion Bio, Inc. - Common stock",Stock,True,2026-05-08,,,fbb9e45ba43748d3fef3
VBNB,NASDAQ,VanEck BNB ETF,ETF,True,2026-05-29,,,72d1f19f8929c3747317
VBNK,NASDAQ,VersaBank - Common Shares,Stock,True,2026-05-08,,,282c732c5453bc66bd43
VC,NASDAQ,Visteon Corporation - Common Stock,Stock,True,2026-05-08,,,67c5159b36b0e63dce11
VCEL,NASDAQ,Vericel Corporation - Common Stock,Stock,True,2026-05-08,,,db3b9361cd0596a7eee4
VCIG,NASDAQ,VCI Global Limited - Ordinary Share,Stock,True,2026-05-08,,,943542a20da2a4960b2c
VCIT,NASDAQ,Vanguard Intermediate-Term Corporate Bond ETF,ETF,True,2026-05-08,,,e60db0756dd576d8bdea
VCLT,NASDAQ,Vanguard Long-Term Corporate Bond ETF,ETF,True,2026-05-08,,,38417734b07a2ca580d3
VCRB,NASDAQ,Vanguard Core Bond ETF,ETF,True,2026-05-08,,,b43ead05a9ad80ccc787
VCRE,NASDAQ,Vicore Pharma Holding AB - American Depositary Shares,Stock,True,2026-07-02,,,2013eefa14adf9be661d
VCSH,NASDAQ,Vanguard Short-Term Corporate Bond ETF,ETF,True,2026-05-08,,,307a4b5b4da0c909daa0
VCTR,NASDAQ,"Victory Capital Holdings, Inc. - Common Stock",Stock,True,2026-05-08,,,f2703375314c196bc4fe
VCYT,NASDAQ,"Veracyte, Inc. - Common Stock",Stock,True,2026-05-08,,,2afddd7e0a0b1dcc8f05
VECO,NASDAQ,Veeco Instruments Inc. - Common Stock,Stock,True,2026-05-08,,,369f0b28bff3868b603c
VEEA,NASDAQ,Veea Inc. - Common Stock,Stock,True,2026-05-08,,,2ffa8319f4b14dea24b2
VEEAW,NASDAQ,Veea Inc. - Warrant,Stock,True,2026-05-08,,,aa53bff4b0998d932691
VEEE,NASDAQ,Twin Vee PowerCats Co. - Common Stock,Stock,True,2026-05-08,,,28297eec23d69aa52ea2
VEFA,NASDAQ,VanEck MSCI EAFE Analyst Sentiment ETF,ETF,True,2026-05-08,,,1b9e837c349b157de357
VELO,NASDAQ,"Velo3D, Inc. - Common stock",Stock,True,2026-05-08,,,610112641dba47ac93ea
VEON,NASDAQ,VEON Ltd. - American Depositary Shares,Stock,True,2026-05-08,,,628139ef22d99ff9e249
VERA,NASDAQ,"Vera Therapeutics, Inc. - Class A Common Stock",Stock,True,2026-05-08,,,9df82309ea9c45f1ad2d
VERI,NASDAQ,"Veritone, Inc. - Common Stock",Stock,True,2026-05-08,,,24dde1c6a6f368e3f9f7
VERU,NASDAQ,Veru Inc. - Common Stock,Stock,True,2026-05-08,,,c3f32c25f3ea4a6dae28
VERX,NASDAQ,"Vertex, Inc. - Class A Common Stock",Stock,True,2026-05-08,,,28756d770e02838287ef
VFF,NASDAQ,"Village Farms International, Inc. - Common Shares",Stock,True,2026-05-08,,,2ca0c226d28a1f2fa930
VFLO,NASDAQ,VictoryShares Free Cash Flow ETF,ETF,True,2026-05-08,,,23bc6d96452a074dd9cf
VFS,NASDAQ,VinFast Auto Ltd. - Ordinary Shares,Stock,True,2026-05-08,,,78016570cdc6ad9c92cc
VFSWW,NASDAQ,VinFast Auto Ltd. - Warrant,Stock,True,2026-05-08,,,1eb6a2428ff33547bcf4
VGAS,NASDAQ,"Verde Clean Fuels, Inc. - Class A Common Stock",Stock,True,2026-05-08,,,eac204e6cdc5ede96c04
VGASW,NASDAQ,"Verde Clean Fuels, Inc. - Warrant",Stock,True,2026-05-08,,,ac56c6b0b7f1d411a8d6
VGIT,NASDAQ,Vanguard Intermediate-Term Treasury ETF,ETF,True,2026-05-08,,,159085f1e0976c9be76d
VGLT,NASDAQ,Vanguard Long-Term Treasury ETF,ETF,True,2026-05-08,,,ea14c9be7b560f3d87cc
VGSH,NASDAQ,Vanguard Short-Term Treasury ETF,ETF,True,2026-05-08,,,8c9641e484b269e834f7
VGSR,NASDAQ,Vert Global Sustainable Real Estate ETF,ETF,True,2026-05-08,,,8aa4a1720cbc38f495d1
VGUS,NASDAQ,Vanguard Ultra-Short Treasury ETF,ETF,True,2026-05-08,,,88b1c8ef7578e54e35ed
VHC,NASDAQ,VirnetX Holding Corp - Common Stock,Stock,True,2026-05-08,,,0d81d6957e1e2f68375a
VHCP,NASDAQ,Vine Hill Capital Investment Corp. II - Class A Ordinary Shares,Stock,True,2026-05-08,,,0d69c7c8cae991c9a4d5
VHCPU,NASDAQ,Vine Hill Capital Investment Corp. II - Units,Stock,True,2026-05-08,,,4ab8adabec5e59d53415
VHCPW,NASDAQ,Vine Hill Capital Investment Corp. II - Warrants,Stock,True,2026-05-08,,,eb19ee07ddb9d7a07c95
VHUB,NASDAQ,"VenHub Global, Inc. - Common Stock",Stock,True,2026-05-08,,,301967ec2018784a0e3a
VIASP,NASDAQ,"Via Renewables, Inc. - 8.75% Series A Fixed-to-Floating Rate Cumulative Redeemable Perpetual Preferred Stock",Stock,False,2026-05-08,2026-07-01,Missing from current NASDAQ source snapshot; reason unavailable,1cf33a4a24ddbdb4b09a
VIAV,NASDAQ,Viavi Solutions Inc. - Common Stock,Stock,True,2026-05-08,,,5f4a98f8acfb6a94129f
VICR,NASDAQ,Vicor Corporation - Common Stock,Stock,True,2026-05-08,,,e22dc0c22392b1dbc144
VIGI,NASDAQ,Vanguard International Dividend Appreciation ETF,ETF,True,2026-05-08,,,8ca29feb3cedb1221958
VINP,NASDAQ,Vinci Compass Investments Ltd. - Class A Common Shares,Stock,True,2026-05-08,,,66ca0473662e2aa06359
VIOT,NASDAQ,"Viomi Technology Co., Ltd - American Depositary Shares",Stock,True,2026-05-08,,,f1036e4fdbb979c51edd
VIR,NASDAQ,"Vir Biotechnology, Inc. - Common Stock",Stock,True,2026-05-08,,,bf6f2058b5e4aeae0854
VIRC,NASDAQ,Virco Manufacturing Corporation - Common Stock,Stock,True,2026-05-08,,,3c539b1d16bdbd388564
VISN,NASDAQ,"Vistance Networks, Inc. - Common Stock",Stock,True,2026-05-08,,,7f72f62fa20fb781021b
VITL,NASDAQ,"Vital Farms, Inc. - Common Stock",Stock,True,2026-05-08,,,0c9ec7dc174505ae818e
VIVK,NASDAQ,"Vivakor, Inc. - Common Stock",Stock,True,2026-05-08,,,0cec9038fca38f20e277
VIVO,NASDAQ,VivoPower PLC - Ordinary Shares,Stock,False,2026-05-08,2026-06-26,Listing metadata changed,0d3a804333047664d78f
VIVO,NASDAQ,VivoPower PLC - Class A Ordinary Shares,Stock,True,2026-06-26,,,390735c016203a1c7ae1
VIVS,NASDAQ,"VivoSim Labs, Inc. - Common Stock",Stock,True,2026-05-08,,,6e68d89c5fd5661b10ca
VKTX,NASDAQ,"Viking Therapeutics, Inc. - Common Stock",Stock,True,2026-05-08,,,5c027af448de77389d38
VLGEA,NASDAQ,"Village Super Market, Inc. - Class A Common Stock",Stock,True,2026-05-08,,,103c04de355be96a5ae4
VLOS,NASDAQ,Velos Acquisition I Corp. - Class A Ordinary shares,Stock,True,2026-07-23,,,c1fba490c578e7397c8e
VLOSU,NASDAQ,Velos Acquisition I Corp. - Units,Stock,True,2026-07-23,,,be502a7c0369ad0bab98
VLOSW,NASDAQ,Velos Acquisition I Corp. - Warrant,Stock,True,2026-07-23,,,dc1b193c9254e84a04da
VLY,NASDAQ,Valley National Bancorp - Common Stock,Stock,True,2026-05-08,,,3d43b5e8dc5b745b4b37
VLYPN,NASDAQ,"Valley National Bancorp - 8.250% Fixed-Rate Reset Non-Cumulative Perpetual Preferred Stock, Series C",Stock,True,2026-05-08,,,71a4f73458ad47356ee5
VLYPO,NASDAQ,Valley National Bancorp - 5.5% Fixed to Floating Rate Series B Non-Cumulative Perpetual Preferred Stock,Stock,True,2026-05-08,,,955dcdaa49dfa741b9f1
VLYPP,NASDAQ,Valley National Bancorp - 6.25% Fixed-to-Floating Rate Series A Non-Cumulative Perpetual Preferred Stock,Stock,True,2026-05-08,,,b85eb7fcd1387a967b77
VMAR,NASDAQ,Vision Marine Technologies Inc. - Common Shares,Stock,True,2026-05-08,,,8b5a107b89d675e9ad39
VMBS,NASDAQ,Vanguard Mortgage-Backed Securities ETF,ETF,True,2026-05-08,,,c769b72dcf7294d06f80
VMD,NASDAQ,"Viemed Healthcare, Inc. - Common Shares",Stock,True,2026-05-08,,,1451644319207f52c77c
VMET,NASDAQ,Versamet Royalties Corporation - Common Stock,Stock,True,2026-05-08,,,569d92cd52bf4a1c7a0a
VNCE,NASDAQ,Vince Holding Corp. - Common Stock,Stock,True,2026-05-08,,,52d3a8a0b921f08f9ccf
VNDA,NASDAQ,Vanda Pharmaceuticals Inc. - Common Stock,Stock,True,2026-05-08,,,54391706bf0e0f81399a
VNET,NASDAQ,"VNET Group, Inc. - American Depositary Shares",Stock,True,2026-05-08,,,5b10ba4f034d97a9a4d6
VNME,NASDAQ,Vendome Acquisition Corporation I - Class A Ordinary Shares,Stock,True,2026-05-08,,,9b9884b94d25c666e0d9
VNMEU,NASDAQ,Vendome Acquisition Corporation I - Unit,Stock,True,2026-05-08,,,7475cb53424b9661d822
VNMEW,NASDAQ,Vendome Acquisition Corporation I - Warrant,Stock,True,2026-05-08,,,02d089fdd61054c693a9
VNOM,NASDAQ,"Viper Energy, Inc. - Class A Common Stock",Stock,True,2026-05-08,,,1eb3a9ac71a4ea645260
VNQI,NASDAQ,Vanguard Global ex-U.S. Real Estate ETF,ETF,True,2026-05-08,,,83405169b6d256ef8601
VOD,NASDAQ,Vodafone Group Plc - American Depositary Shares each representing ten Ordinary Shares,Stock,True,2026-05-08,,,18591878326700860e0c
VOLT,NASDAQ,Tema Electrification ETF,ETF,True,2026-05-08,,,25ef2da340f725fb939a
VONE,NASDAQ,Vanguard Russell 1000 ETF,ETF,True,2026-05-08,,,849ee71018ec5c2aa892
VONG,NASDAQ,Vanguard Russell 1000 Growth ETF,ETF,True,2026-05-08,,,ab3df4e5010adb884b7f
VONV,NASDAQ,Vanguard Russell 1000 Value ETF,ETF,True,2026-05-08,,,56d66b5c712ab0d6a9c0
VOR,NASDAQ,Vor Biopharma Inc. - Common Stock,Stock,True,2026-05-08,,,bf0e0af6d63c6b0365d1
VOTE,NASDAQ,TCW Transform 500 ETF,ETF,True,2026-05-08,,,58a764139f7a027b9187
VOXR,NASDAQ,Vox Royalty Corp. - common stock,Stock,True,2026-05-08,,,82aa54fc7eb784c2d0d2
VPLS,NASDAQ,Vanguard Core Plus Bond ETF,ETF,True,2026-05-08,,,2cb2ecd98f6f36813240
VRA,NASDAQ,"Vera Bradley, Inc. - Common Stock",Stock,True,2026-05-08,,,32f4f624b6985abf4cac
VRAX,NASDAQ,Virax Biolabs Group Limited - Ordinary Shares,Stock,True,2026-05-08,,,f24464860fc6170bd5dd
VRCA,NASDAQ,Verrica Pharmaceuticals Inc. - Common Stock,Stock,True,2026-05-08,,,6f454d88319376211206
VRDN,NASDAQ,"Viridian Therapeutics, Inc. - Common Stock",Stock,True,2026-05-08,,,c0489646ac01d56fef0f
VREX,NASDAQ,Varex Imaging Corporation - Common Stock,Stock,True,2026-05-08,,,0a43b16472ad7ff0dbf0
VRIG,NASDAQ,Invesco Variable Rate Investment Grade ETF,ETF,True,2026-05-08,,,23b44ec612597d695751
VRM,NASDAQ,"Vroom, Inc. - Common Stock",Stock,True,2026-05-08,,,a30fbcfa2851b030846c
VRME,NASDAQ,"VerifyMe, Inc. - Common Stock",Stock,True,2026-05-08,,,c54bfeb22e5de7ca2d74
VRNS,NASDAQ,"Varonis Systems, Inc. - Common Stock",Stock,True,2026-05-08,,,9fc404fcf61f5716e1d3
VRRM,NASDAQ,Verra Mobility Corporation - Class A Common Stock,Stock,True,2026-05-08,,,e5677353c0fa5645760f
VRSK,NASDAQ,"Verisk Analytics, Inc. - Common Stock",Stock,True,2026-05-08,,,c51bb63a076f2d79dbb0
VRSN,NASDAQ,"VeriSign, Inc. - Common Stock",Stock,True,2026-05-08,,,55249e495f463a2edcfe
VRTL,NASDAQ,GraniteShares 2x Long VRT Daily ETF,ETF,True,2026-05-08,,,26526a7a93566bda8299
VRTX,NASDAQ,Vertex Pharmaceuticals Incorporated - Common Stock,Stock,True,2026-05-08,,,61d8fc0aea34ff2ba34d
VRXA,NASDAQ,Veraxa Biotech AG - Ordinary Shares,Stock,True,2026-06-11,,,5ee14264115c8a216b09
VRXAW,NASDAQ,Veraxa Biotech AG - Warrants,Stock,True,2026-06-11,,,1f7f81e9a6e56356e9a1
VS,NASDAQ,Versus Systems Inc. - Common Stock,Stock,True,2026-05-08,,,1880e42de11934ad9378
VSA,NASDAQ,VisionSys AI Inc. - American Depositary Shares,Stock,True,2026-05-08,,,a04d130781405ecefbab
VSAT,NASDAQ,"ViaSat, Inc. - Common Stock",Stock,True,2026-05-08,,,3d773646c7009e303043
VSDA,NASDAQ,VictoryShares Dividend Accelerator ETF,ETF,True,2026-05-08,,,a41c011aa8abbb79c3a0
VSEC,NASDAQ,VSE Corporation - Common Stock,Stock,True,2026-05-08,,,9b6ca434a0a617b06447
VSECU,NASDAQ,VSE Corporation - Tangible Equity Units,Stock,True,2026-05-08,,,252816aae584ed943217
VSEE,NASDAQ,"VSee Health, Inc. - Common Stock",Stock,True,2026-05-08,,,3f77d76b299c06fd784c
VSEEW,NASDAQ,"VSee Health, Inc. - Warrant",Stock,True,2026-05-08,,,04428f265381f77edac7
VSME,NASDAQ,VS Media Holdings Limited - Class A Ordinary Shares,Stock,True,2026-05-08,,,442150b11b1c5c73ac1c
VSMV,NASDAQ,VictoryShares US Multi-Factor Minimum Volatility ETF,ETF,True,2026-05-08,,,992c005dbc4153796eda
VSNT,NASDAQ,"Versant Media Group, Inc. - Class A Common Stock",Stock,True,2026-05-08,,,1859c228f445e316da14
VSOL,NASDAQ,VanEck Solana ETF,ETF,True,2026-05-08,,,e4ecc288a30d5dd8d55f
VSTD,NASDAQ,Vestand Inc. - Class A Common Stock,Stock,True,2026-05-08,,,ac1495da2fcbce5f0a6f
VSTL,NASDAQ,Defiance Daily Target 2X Long VST ETF,ETF,True,2026-05-08,,,f6a4e711115b8b55c70b
VSTM,NASDAQ,"Verastem, Inc. - Common Stock",Stock,True,2026-05-08,,,0783723df833ede80603
VTC,NASDAQ,Vanguard Total Corporate Bond ETF,ETF,True,2026-05-08,,,1d421b22ce0a431348b7
VTGN,NASDAQ,"Vistagen Therapeutics, Inc. - Common Stock",Stock,True,2026-05-08,,,61869954b56714e7a23a
VTHR,NASDAQ,Vanguard Russell 3000 ETF,ETF,True,2026-05-08,,,df13899d4c18d9968750
VTIP,NASDAQ,Vanguard Short-Term Inflation-Protected Securities Index Fund ETF Shares,ETF,True,2026-05-08,,,f161af51a658e9c24d93
VTIX,NASDAQ,Virtuix Holdings Inc. - Class A Common Stock,Stock,True,2026-05-08,,,174af53dde339f7b7c3c
VTRS,NASDAQ,Viatris Inc. - Common Stock,Stock,True,2026-05-08,,,0ff5bb913739baf958ae
VTSI,NASDAQ,"VirTra, Inc. - Common Stock",Stock,True,2026-05-08,,,8bb0e9307b75f68f4876
VTVT,NASDAQ,vTv Therapeutics Inc. - Class A Common Stock,Stock,True,2026-05-08,,,a0495c14984b314636e5
VTWG,NASDAQ,Vanguard Russell 2000 Growth ETF,ETF,True,2026-05-08,,,05b2f6811333eabf5fcd
VTWO,NASDAQ,Vanguard Russell 2000 ETF,ETF,True,2026-05-08,,,5ee40e8f4c063e043879
VTWV,NASDAQ,Vanguard Russell 2000 Value ETF,ETF,True,2026-05-08,,,8eb44dbd749cd57b415c
VUZI,NASDAQ,Vuzix Corporation - Common Stock,Stock,True,2026-05-08,,,a52b8d61197d02ba6d9d
VVOS,NASDAQ,"Vivos Therapeutics, Inc. - Common Stock",Stock,True,2026-05-08,,,561c07da2faaf1e6bb18
VWAV,NASDAQ,"VisionWave Holdings, Inc. - Common Stock",Stock,True,2026-05-08,,,e4ce1994282d6bd6fd65
VWAVW,NASDAQ,"VisionWave Holdings, Inc. - Warrant",Stock,True,2026-05-08,,,0b575892fe8c95dba6ad
VWOB,NASDAQ,Vanguard Emerging Markets Government Bond ETF,ETF,True,2026-05-08,,,d3bacb5132d4ed4f59ba
VXUS,NASDAQ,Vanguard Total International Stock ETF,ETF,True,2026-05-08,,,6f671a258079f19a360b
VYGR,NASDAQ,"Voyager Therapeutics, Inc. - Common Stock",Stock,True,2026-05-08,,,e0209b6922e38d6d0ed4
VYMI,NASDAQ,Vanguard International High Dividend Yield ETF,ETF,True,2026-05-08,,,d6069408f095c52fc4df
VYNE,NASDAQ,VYNE Therapeutics Inc. - Common Stock,Stock,True,2026-05-08,,,d601983f7ed0c7cbbc83
WABC,NASDAQ,Westamerica Bancorporation - Common Stock,Stock,True,2026-05-08,,,3fbaf855300abc3f7db1
WABF,NASDAQ,Western Asset Bond ETF,ETF,True,2026-05-08,,,6fd01c08431cf21bf972
WAFD,NASDAQ,"WaFd, Inc. - Common Stock",Stock,True,2026-05-08,,,a7aafef41dce29cd839c
WAFDP,NASDAQ,"WaFd, Inc. - Depositary Shares",Stock,True,2026-05-08,,,b9a0f41d355e2194d4c1
WAFU,NASDAQ,Wah Fu Education Group Limited - Ordinary Shares,Stock,True,2026-05-08,,,155f3e2f9c9bfe54e7f9
WAI,NASDAQ,Top KingWin Ltd - Class A Ordinary Shares,Stock,False,2026-05-08,2026-07-16,Missing from current NASDAQ source snapshot; reason unavailable,4ddc362701d5f8a60db3
WALD,NASDAQ,Waldencast plc - Class A Ordinary Share,Stock,True,2026-05-08,,,6b22e54f176528f000b3
WALDW,NASDAQ,Waldencast plc - Warrant,Stock,True,2026-05-08,,,d323bc244c8391a826ba
WAMA,NASDAQ,WisdomTree US Adaptive Moving Average Fund,ETF,True,2026-05-08,,,4763c86868db8c428df5
WARP,NASDAQ,VanEck Space ETF,ETF,True,2026-05-08,,,1231d9d36fbcc7c01e87
WASH,NASDAQ,"Washington Trust Bancorp, Inc. - Common Stock",Stock,True,2026-05-08,,,a3f2da47f14289bfbe15
WATT,NASDAQ,Energous Corporation - Common Stock,Stock,True,2026-05-08,,,1b5c3f88eece34c81624
WAVE,NASDAQ,Eco Wave Power Global AB (publ) - American Depositary Shares,Stock,True,2026-05-08,,,4661585f99f897ceaf8d
WAY,NASDAQ,Waystar Holding Corp. - Common Stock,Stock,True,2026-05-08,,,c2985169b7ec0fac3b62
WB,NASDAQ,Weibo Corporation - American Depositary Shares,Stock,True,2026-05-08,,,d70016f7f98a8fd542d3
WBD,NASDAQ,"Warner Bros. Discovery, Inc. - Series A Common Stock",Stock,True,2026-05-08,,,6784aa459641939e7043
WBTN,NASDAQ,WEBTOON Entertainment Inc. - Common stock,Stock,True,2026-05-08,,,b2fae5c9a90431633963
WBUY,NASDAQ,WEBUY GLOBAL LTD. - Class A Ordinary Shares,Stock,True,2026-05-08,,,7baf98c240e74c0b7ed9
WCBR,NASDAQ,WisdomTree Cybersecurity Fund,ETF,True,2026-05-08,,,76c3741771250604e5fa
WCLD,NASDAQ,WisdomTree Cloud Computing Fund,ETF,True,2026-05-08,,,a31e42c273a471a4ee71
WCT,NASDAQ,Wellchange Holdings Company Limited - Class A Ordinary shares,Stock,True,2026-05-08,,,dd4bf6bf35cbff9d2e5d
WDAF,NASDAQ,WisdomTree Asia Defense Fund,ETF,True,2026-05-08,,,d8eb34f6f2159e414d40
WDAY,NASDAQ,"Workday, Inc. - Class A Common Stock",Stock,True,2026-05-08,,,506d9eba92776bbda28d
WDC,NASDAQ,Western Digital Corporation - Common Stock,Stock,True,2026-05-08,,,9e0456de8137ab6f5a7d
WDFC,NASDAQ,WD-40 Company - Common Stock,Stock,True,2026-05-08,,,95ef65dd42c0ee2cc1e7
WDGF,NASDAQ,WisdomTree Global Defense Fund,ETF,True,2026-05-08,,,af2ab14a4289a252bee5
WEEI,NASDAQ,Westwood Salient Enhanced Energy Income ETF,ETF,True,2026-05-08,,,081b78b636a8f794314b
WEN,NASDAQ,Wendy's Company (The) - Common Stock,Stock,True,2026-05-08,,,4793b2a1fa24621435fd
WENN,NASDAQ,Wen Acquisition Corp - Class A Ordinary Shares,Stock,True,2026-05-08,,,273d446fa1c85b0aa19a
WENNU,NASDAQ,Wen Acquisition Corp - Unit,Stock,True,2026-05-08,,,1944ceaf466fe0baec78
WENNW,NASDAQ,Wen Acquisition Corp - Warrant,Stock,True,2026-05-08,,,666bf32aae7ea833fa87
WERN,NASDAQ,"Werner Enterprises, Inc. - Common Stock",Stock,True,2026-05-08,,,9d42d114c0a6df25bbb0
WEST,NASDAQ,Westrock Coffee Company - Common Stock,Stock,True,2026-05-08,,,3fd50448106047738189
WETH,NASDAQ,Wetouch Technology Inc. - Common Stock,Stock,True,2026-05-08,,,675adcf01c283af0eefd
WETO,NASDAQ,Wetour Robotics Limited - Ordinary Shares,Stock,True,2026-05-08,,,103c258faa198a75b4eb
WEYS,NASDAQ,"Weyco Group, Inc. - Common Stock",Stock,True,2026-05-08,,,1335fe7c9e075c89aa4a
WFCF,NASDAQ,"Where Food Comes From, Inc. - Common Stock",Stock,True,2026-05-08,,,308a51d84d64d0ab3892
WFF,NASDAQ,WF Holding Limited - Ordinary Shares,Stock,True,2026-05-08,,,98232a6d6f12b7a9a827
WFRD,NASDAQ,Weatherford International plc - Ordinary shares,Stock,True,2026-05-08,,,59c0691eb0a1ece2ea1d
WGMI,NASDAQ,CoinShares Bitcoin Mining ETF,ETF,True,2026-05-08,,,0cf8ee4003ec4bd8b7bf
WGRX,NASDAQ,"Wellgistics Health, Inc. - Common Stock",Stock,False,2026-05-08,2026-07-22,Missing from current NASDAQ source snapshot; reason unavailable,ba90b741c5077dcdd203
WGS,NASDAQ,GeneDx Holdings Corp. - Class A Common Stock,Stock,True,2026-05-08,,,1cfd5efc9f7e4fe0b33d
WGSWW,NASDAQ,GeneDx Holdings Corp. - Warrant,Stock,False,2026-05-08,2026-07-22,Missing from current NASDAQ source snapshot; reason unavailable,0c50ace724e4d9789fbc
WHF,NASDAQ,"WhiteHorse Finance, Inc. - Closed End Fund",Stock,True,2026-05-08,,,4d72cb75cc866e6408b5
WHFCL,NASDAQ,"WhiteHorse Finance, Inc. - 7.875% Notes due 2028",Stock,True,2026-05-08,,,83ce46d3e01c1f62d494
WHLR,NASDAQ,"Wheeler Real Estate Investment Trust, Inc. - Common Stock",Stock,True,2026-05-08,,,c2902faffd7b7bcdf121
WHLRD,NASDAQ,"Wheeler Real Estate Investment Trust, Inc. - Series D Cumulative Preferred Stock",Stock,True,2026-05-08,,,b838abf7d4e9d6a735f9
WHLRL,NASDAQ,"Wheeler Real Estate Investment Trust, Inc. - 7.00% Senior Subordinated Convertible Notes Due 2031",Stock,True,2026-05-08,,,38b92333bcd9c99c2e0f
WHLRP,NASDAQ,"Wheeler Real Estate Investment Trust, Inc. - Series B Preferred Stock",Stock,True,2026-05-08,,,10d005ee330970923f03
WHWK,NASDAQ,"Whitehawk Therapeutics, Inc. - Common Stock",Stock,True,2026-05-08,,,b34455f50ff22c71c086
WILC,NASDAQ,"G. Willi-Food International, Ltd. - Ordinary Shares",Stock,True,2026-05-08,,,84c96d7595fe35aa8f82
WIMA,NASDAQ,WisdomTree International Adaptive Moving Average Fund,ETF,True,2026-05-08,,,c1845c81f7f5804d8aa3
WIMI,NASDAQ,WiMi Hologram Cloud Inc. - Class B Ordinary Shares,Stock,True,2026-05-08,,,4047185a6b7f18af24fe
WINA,NASDAQ,Winmark Corporation - Common Stock,Stock,True,2026-05-08,,,66b3c73345b50a0a1fe7
WING,NASDAQ,Wingstop Inc. - Common Stock,Stock,True,2026-05-08,,,22244d9163826b306b0b
WISE,NASDAQ,Themes Generative Artificial Intelligence ETF,ETF,True,2026-05-08,,,c245a8fc55dc005f0ef4
WIX,NASDAQ,Wix.com Ltd. - Ordinary Shares,Stock,True,2026-05-08,,,5b13aa65ae83e8083efb
WKEY,NASDAQ,WISeKey International Holding Ltd - American Depositary Shares,Stock,True,2026-05-08,,,858c0b031447c80eacee
WKHS,NASDAQ,"Workhorse Group, Inc. - Common Stock",Stock,True,2026-05-08,,,70a71b06cd62065d5dcb
WKSP,NASDAQ,"Worksport, Ltd. - Common Stock",Stock,True,2026-05-08,,,1416c024d5c1378d9b9f
WLAC,NASDAQ,Willow Lane Acquisition Corp. - Class A Ordinary Shares,Stock,False,2026-05-08,2026-05-11,Missing from current NASDAQ source snapshot; reason unavailable,cf1b17885e08e5162941
WLACU,NASDAQ,Willow Lane Acquisition Corp. - Unit,Stock,False,2026-05-08,2026-05-11,Missing from current NASDAQ source snapshot; reason unavailable,e1e320a7e1b025d31c00
WLACW,NASDAQ,Willow Lane Acquisition Corp. - Warrants,Stock,False,2026-05-08,2026-05-11,Missing from current NASDAQ source snapshot; reason unavailable,9233a5038916587ea404
WLCOU,NASDAQ,Wilco 63 Corporation - Units,Stock,True,2026-06-18,,,a66640d2745fbd9a8063
WLDN,NASDAQ,"Willdan Group, Inc. - Common Stock",Stock,True,2026-05-08,,,0dd2f15510cda0ad6df9
WLDS,NASDAQ,Wearable Devices Ltd. - Ordinary Share,Stock,True,2026-05-08,,,b3cd94eeb70735d63ccb
WLDSW,NASDAQ,Wearable Devices Ltd. - Warrant,Stock,True,2026-05-08,,,2c9f25e85a15904d629b
WLFC,NASDAQ,Willis Lease Finance Corporation - Common Stock,Stock,True,2026-05-08,,,a8c0c44fe72b8b13f24c
WLII,NASDAQ,Willow Lane Acquisition Corp. II - Class A Ordinary Shares,Stock,True,2026-05-08,,,368d679e7e67fc001b14
WLIIU,NASDAQ,Willow Lane Acquisition Corp. II - Unit,Stock,True,2026-05-08,,,7e653373343af722767c
WLIIW,NASDAQ,Willow Lane Acquisition Corp. II - Warrants,Stock,True,2026-05-08,,,111d95ea519aa8b443fc
WLTH,NASDAQ,Wealthfront Corporation - Common Stock,Stock,True,2026-05-08,,,e2696c4e69702bb09268
WMG,NASDAQ,Warner Music Group Corp. - Class A Common Stock,Stock,True,2026-05-08,,,f1364a3b3bc1314370fd
WMT,NASDAQ,Walmart Inc. - Common Stock,Stock,True,2026-05-08,,,e601975f509285cdea94
WNEB,NASDAQ,"Western New England Bancorp, Inc. - Common Stock",Stock,True,2026-05-08,,,ed813ecab34fc61fca87
WNW,NASDAQ,Meiwu Technology Company Limited - Ordinary Shares,Stock,True,2026-05-08,,,31eec3174d4b60a824e1
WOK,NASDAQ,WORK Medical Technology Group LTD - Class A Ordinary Shares,Stock,True,2026-05-08,,,f6753848b54acc670cf7
WOOD,NASDAQ,iShares Global Timber & Forestry ETF,ETF,True,2026-05-08,,,d558726d03ecbf116887
WOOF,NASDAQ,"Petco Health and Wellness Company, Inc. - Class A Common Stock",Stock,True,2026-05-08,,,f187dd356ecc8cb48a32
WPRT,NASDAQ,Westport Fuel Systems Inc - Common Shares,Stock,True,2026-05-08,,,ef33dbaed966fcf700aa
WRAP,NASDAQ,"Wrap Technologies, Inc. - Common Stock",Stock,True,2026-05-08,,,594d5089d45e7ebcf72b
WRD,NASDAQ,WeRide Inc. - American Depositary Shares,Stock,True,2026-05-08,,,660cf62d72c6af0a75ed
WRLD,NASDAQ,World Acceptance Corporation - Common Stock,Stock,True,2026-05-08,,,9aeeb800751c552d4257
WRND,NASDAQ,NYLI Global Equity R&D Leaders ETF,ETF,True,2026-05-08,,,24fc6d642769c33b22fa
WRTH,NASDAQ,Worth Charting Options Income ETF,ETF,True,2026-05-08,,,408c78dc005fbd1990eb
WSBC,NASDAQ,"WesBanco, Inc. - Common Stock",Stock,True,2026-05-08,,,f166387084bdd81886a0
WSBCO,NASDAQ,"WesBanco, Inc. - Depositary Shares each representing 1/40th interest in a share of 7.375% Fixed-Rate Reset Non-Cumulative Perpetual Preferred Stock, Series B",Stock,True,2026-05-08,,,e966f10f4252b4f23a77
WSBF,NASDAQ,"Waterstone Financial, Inc. - Common Stock",Stock,True,2026-05-08,,,6c6a89e5f14f45e3373f
WSBK,NASDAQ,"Winchester Bancorp, Inc. - Common Stock",Stock,True,2026-05-08,,,c2c0d8faf8d9149be529
WSC,NASDAQ,WillScot Holdings Corporation - Class A Common Stock,Stock,True,2026-05-08,,,4b9943dfe535d30d1971
WSE,NASDAQ,Wise Group plc - Class A Ordinary Shares,Stock,True,2026-05-11,,,24546d599fb7ba6084c9
WSFS,NASDAQ,WSFS Financial Corporation - Common Stock,Stock,True,2026-05-08,,,27472a83db98a0fc8ffe
WSGE,NASDAQ,Warren Street Global Equity ETF,ETF,True,2026-05-08,,,dc68c097073394bcbfd1
WSHP,NASDAQ,WeShop Holdings Limited - Class A Ordinary Shares,Stock,True,2026-05-08,,,d04981707edc8963a8bb
WSML,NASDAQ,iShares MSCI World Small-Cap ETF,ETF,True,2026-05-08,,,8ef9b8eeaf51d7c817c8
WSPC,NASDAQ,WisdomTree Space Economy Fund,ETF,True,2026-07-09,,,a89ee9c71c29d3c563aa
WSTN,NASDAQ,Westin Acquisition Corp - Class A Ordinary Share,Stock,True,2026-05-08,,,acc1483578c912694a32
WSTNR,NASDAQ,Westin Acquisition Corp - Right,Stock,True,2026-05-08,,,9118bad4b3a0631a90e6
WSTNU,NASDAQ,Westin Acquisition Corp - Units,Stock,True,2026-05-08,,,6908134ef342e4842bee
WTBA,NASDAQ,West Bancorporation - Common Stock,Stock,True,2026-05-08,,,ee60cd14bb402a9e44ee
WTBN,NASDAQ,WisdomTree Bianco Total Return Fund,ETF,True,2026-05-08,,,d6a578f393b54aac7c54
WTF,NASDAQ,Waton Financial Limited - Ordinary Shares,Stock,True,2026-05-08,,,1a1b5dac6b1764dd8c60
WTFC,NASDAQ,Wintrust Financial Corporation - Common Stock,Stock,True,2026-05-08,,,cc40d4e76b41827cfbb7
WTFCN,NASDAQ,"Wintrust Financial Corporation - Depositary Shares, Each Representing a 1/1,000th Interest in a Share of 7.875% Fixed-Rate Reset Non-Cumulative Perpetual Preferred Stock, Series F, no par value, with a liquidation preference of $25,000 per share",Stock,True,2026-05-08,,,717f59d9c0a85ffd3bb6
WTG,NASDAQ,Wintergreen Acquisition Corp. - Ordinary Shares,Stock,True,2026-05-08,,,efe7b07f685776312001
WTGUR,NASDAQ,Wintergreen Acquisition Corp. - Rights,Stock,True,2026-05-08,,,734134fe49a3739de396
WTGUU,NASDAQ,Wintergreen Acquisition Corp. - Unit,Stock,True,2026-05-08,,,bb93de8439e3ed403407
WTIP,NASDAQ,WisdomTree Inflation Plus Fund,ETF,True,2026-05-08,,,bc1d5ff16489277a5606
WTMU,NASDAQ,WisdomTree Core Laddered Municipal Fund,ETF,True,2026-05-08,,,ee2f1ae7ca495aa6c3b4
WTMY,NASDAQ,WisdomTree High Income Laddered Municipal Fund,ETF,True,2026-05-08,,,05e4eeed5bf344e228ee
WTO,NASDAQ,UTime Limited - Class A Ordinary Shares,Stock,False,2026-05-08,2026-07-02,Missing from current NASDAQ source snapshot; reason unavailable,e5fa4f940b08c7776937
WTW,NASDAQ,Willis Towers Watson Public Limited Company - Ordinary Shares,Stock,True,2026-05-08,,,ddfecea03f764cc6fb7b
WULF,NASDAQ,TeraWulf Inc. - Common Stock,Stock,True,2026-05-08,,,a7cb26d3ff159724319a
WVE,NASDAQ,Wave Life Sciences Ltd. - Ordinary Shares,Stock,True,2026-05-08,,,54ee4faf318b5d22852d
WVVI,NASDAQ,"Willamette Valley Vineyards, Inc. - Common Stock",Stock,True,2026-05-08,,,1d74314894a62024cbb8
WVVIP,NASDAQ,"Willamette Valley Vineyards, Inc. - Series A Redeemable Preferred Stock",Stock,True,2026-05-08,,,e6b3cde462e566e0406b
WW,NASDAQ,"WW International, Inc. - Common Stock",Stock,True,2026-05-08,,,79d85fbc8966004a7412
WWD,NASDAQ,"Woodward, Inc. - Common Stock",Stock,True,2026-05-08,,,55d3a8a14dca0341df08
WXM,NASDAQ,WF International Limited - Ordinary Shares,Stock,True,2026-05-08,,,40b98e802e807029b7a6
WYFI,NASDAQ,"WhiteFiber, Inc. - Ordinary Shares",Stock,True,2026-05-08,,,a63eeed2142f5101c527
WYHG,NASDAQ,Wing Yip Food Holdings Group Limited - American Depositary Shares,Stock,True,2026-05-08,,,16ec112e4c6f82065ae0
WYNN,NASDAQ,"Wynn Resorts, Limited - Common Stock",Stock,True,2026-05-08,,,ba2d1729eee2e3f85719
XAIR,NASDAQ,"Beyond Air, Inc. - Common Stock",Stock,True,2026-05-08,,,5649d4b2638af5400435
XAIX,NASDAQ,Xtrackers Artificial Intelligence and Big Data ETF,ETF,True,2026-05-08,,,c984bd7bc24b4207bee0
XBCI,NASDAQ,NEOS Boosted Bitcoin High Income ETF,ETF,True,2026-05-08,,,34899c8bd867dfd2bc96
XBIL,NASDAQ,US Treasury 6 Month Bill ETF,ETF,True,2026-05-08,,,26002f80aa53b3363ba1
XBIO,NASDAQ,"Xenetic Biosciences, Inc. - Common Stock",Stock,True,2026-05-08,,,f263ed0a1fc31d587fde
XBIT,NASDAQ,XBiotech Inc. - Common Stock,Stock,True,2026-05-08,,,084f2b15aa45045575f9
XBP,NASDAQ,"XBP Global Holdings, Inc. - Common Stock",Stock,True,2026-05-08,,,ab9a17d477b32709bb7f
XBPEW,NASDAQ,"XBP Global Holdings, Inc. - Warrant",Stock,True,2026-05-08,,,1604c67bfab4c083a620
XBTY,NASDAQ,GraniteShares YieldBOOST Bitcoin ETF,ETF,True,2026-05-08,,,63277199a27f4b913517
XCBE,NASDAQ,X3 Acquisition Corp. Ltd. - Class A Ordinary Shares,Stock,True,2026-05-08,,,6dff94fdd375d955e17f
XCBEU,NASDAQ,X3 Acquisition Corp. Ltd. - Unit,Stock,True,2026-05-08,,,9b95e5030178e07d1606
XCBEW,NASDAQ,X3 Acquisition Corp. Ltd. - Warrant,Stock,True,2026-05-08,,,6a2d66db511217c99ab8
XCH,NASDAQ,XCHG Limited - ADS,Stock,True,2026-05-08,,,9e422f3f7b0611cb91a6
XCNY,NASDAQ,State Street SPDR S&P Emerging Markets ex-China ETF,ETF,True,2026-05-08,,,2db40d26c8e70e16a45b
XCUR,NASDAQ,"Exicure, Inc. - Common Stock",Stock,True,2026-05-08,,,3ad0f16ff416e7d6a05e
XDEF,NASDAQ,Xtrackers Europe Defense Technologies ETF,ETF,True,2026-05-08,,,748bc6afe02aee3e21e5
XE,NASDAQ,"X-Energy, Inc. - Class A Common Stock",Stock,True,2026-05-08,,,4d39de1b26cf7731cfed
XEL,NASDAQ,Xcel Energy Inc. - Common Stock,Stock,True,2026-05-08,,,e9dc73de26d2a0714989
XELB,NASDAQ,"Xcel Brands, Inc - Common Stock",Stock,True,2026-05-08,,,2fef9fa518000daf3515
XELLL,NASDAQ,"Xcel Energy Inc. - 6.25% Junior Subordinated Notes, Series due 2085",Stock,True,2026-05-08,,,925a556da5cb07a5d57d
XENE,NASDAQ,Xenon Pharmaceuticals Inc. - Common Shares,Stock,True,2026-05-08,,,a792ffade03b01e2ccd8
XERS,NASDAQ,"Xeris Biopharma Holdings, Inc. - Common Stock",Stock,True,2026-05-08,,,3f1de77a4659e7c8ba88
XEY,NASDAQ,GraniteShares YieldBOOST Ether ETF,ETF,True,2026-05-08,,,0815fd64defc62e5c4ab
XFOR,NASDAQ,"X4 Pharmaceuticals, Inc. - Common Stock",Stock,True,2026-05-08,,,546930255676a3ef3a30
XGN,NASDAQ,Exagen Inc. - Common Stock,Stock,True,2026-05-08,,,bb928abf294be5854cdc
XHG,NASDAQ,XChange TEC.INC - American Depositary Shares,Stock,True,2026-05-08,,,b7c03bc9dd1c9d46c31c
XHLD,NASDAQ,"TEN Holdings, Inc. - Common Stock",Stock,True,2026-05-08,,,1ad185287ace2163b18c
XLO,NASDAQ,"Xilio Therapeutics, Inc. - Common Stock",Stock,True,2026-05-08,,,1d0ed649ca26f7c71d48
XMAG,NASDAQ,Defiance Large Cap ex-Mag 7 ETF,ETF,True,2026-05-08,,,2441237bc0f499a0579a
XMAX,NASDAQ,"XMAX, Inc. - Common Stock",Stock,True,2026-05-18,,,bd000c9990e597856a26
XMTR,NASDAQ,"Xometry, Inc. - Class A Common Stock",Stock,True,2026-05-08,,,04b18c3c004367dcbdf3
XNCR,NASDAQ,"Xencor, Inc. - Common Stock",Stock,True,2026-05-08,,,6aacb977dc666757ce8d
XNDU,NASDAQ,Xanadu Quantum Technologies Limited - Class B Subordinate Voting Shares,Stock,True,2026-05-08,,,d617881e422faae7b3c2
XNET,NASDAQ,Xunlei Limited - American Depositary Shares,Stock,True,2026-05-08,,,1ddac7da7d273bb67d57
XOMA,NASDAQ,XOMA Royalty Corporation - Common Stock,Stock,False,2026-05-08,2026-07-15,Other delisting reason: Details unavailable (source: FMP Delisted API),0e44b2b9aab77824d492
XOMAO,NASDAQ,XOMA Royalty Corporation - Depositary Shares Rep Series B 8.375% Cumulative Preferred Stock,Stock,False,2026-05-08,2026-07-15,Missing from current NASDAQ source snapshot; reason unavailable,7d01ddb2429654832f82
XOMAP,NASDAQ,XOMA Royalty Corporation - 8.625% Series A Cumulative Perpetual Preferred Stock,Stock,False,2026-05-08,2026-07-15,Missing from current NASDAQ source snapshot; reason unavailable,f8a846ebf823596f2bfc
XOMX,NASDAQ,Direxion Daily XOM Bull 2X ETF,ETF,True,2026-05-08,,,9b882ee33edb4d40ff74
XOS,NASDAQ,"Xos, Inc. - Common Stock",Stock,True,2026-05-08,,,9eb433e1c7580d12ce7e
XOSWW,NASDAQ,"Xos, Inc. - Warrants",Stock,True,2026-05-08,,,b30dc5aad1ff9dd5a6cd
XOVR,NASDAQ,ERShares Private-Public Crossover ETF,ETF,True,2026-05-08,,,6b5e0dce50df08907475
XP,NASDAQ,XP Inc. - Class A Common Stock,Stock,True,2026-05-08,,,b465bddd6b814ac4ffb2
XPEG,NASDAQ,Leverage Shares 2X Long XPEV Daily ETF,ETF,True,2026-05-08,,,f9056955005d5e9e8a5e
XPEL,NASDAQ,"XPEL, Inc. - Common Stock",Stock,True,2026-05-08,,,170bd676c89aae2b4587
XPON,NASDAQ,Expion360 Inc. - Common Stock,Stock,True,2026-05-08,,,ac87aef6442baa796daa
XQQI,NASDAQ,NEOS Boosted Nasdaq-100 High Income ETF,ETF,True,2026-05-08,,,1c0158405ea36d940d24
XRAY,NASDAQ,DENTSPLY SIRONA Inc. - Common Stock,Stock,True,2026-05-08,,,d76e4d089c9cd4694a85
XRPC,NASDAQ,Canary XRP ETF,ETF,True,2026-05-08,,,137dcb3ed287b4be5a95
XRPI,NASDAQ,Volatility Shares Trust XRP ETF,ETF,True,2026-05-08,,,44e2a2773e2ec312b900
XRPN,NASDAQ,Armada Acquisition Corp. II - Class A Ordinary Shares,Stock,True,2026-05-08,,,bf2704e19dc6f83ccd3d
XRPNU,NASDAQ,Armada Acquisition Corp. II - Units,Stock,True,2026-05-08,,,33499bdb5d8c67a7babf
XRPNW,NASDAQ,Armada Acquisition Corp. II - Warrant,Stock,True,2026-05-08,,,8f5e18ad77a2b7bde713
XRPT,NASDAQ,Volatility Shares Trust XRP 2X ETF,ETF,True,2026-05-08,,,2a352ea4f4c39edebe9a
XRTX,NASDAQ,XORTX Therapeutics Inc. - Common Shares,Stock,True,2026-05-08,,,4d3ca06d2137d2de87e5
XRX,NASDAQ,Xerox Holdings Corporation - Common Stock,Stock,True,2026-05-08,,,6ecc56205c9feb5f68d0
XRXDW,NASDAQ,Xerox Holdings Corporation - Warrants,Stock,True,2026-05-08,,,30f939e4a083c1df9fe7
XSLL,NASDAQ,Xsolla SPAC 1 - Class A Ordinary Shares,Stock,True,2026-05-08,,,9b0513aae20a1627d931
XSLLU,NASDAQ,Xsolla SPAC 1 - Units,Stock,True,2026-05-08,,,25686bc6da466239a576
XSLLW,NASDAQ,Xsolla SPAC 1 - Warrants,Stock,True,2026-05-08,,,69f7edfaefa8cf8e1b89
XSPC,NASDAQ,VegaShares SpaceX & Beyond Earth ETF,ETF,True,2026-06-16,,,b83e259f3ed71e0a7b88
XSPI,NASDAQ,NEOS Boosted S&P 500 High Income ETF,ETF,True,2026-05-08,,,afd8f6483d39a5f06c27
XT,NASDAQ,iShares Future Exponential Technologies ETF,ETF,True,2026-05-08,,,951d797de7c3f5779c56
XTIA,NASDAQ,"XTI Aerospace, Inc. Common Stock - Common Stock",Stock,True,2026-05-08,,,beacf6126bc864c586ab
XTLB,NASDAQ,XTL Biopharmaceuticals Ltd. - American Depositary Shares,Stock,True,2026-05-08,,,88ce26e95572b8654a73
XWEL,NASDAQ,"XWELL, Inc. - Common Stock",Stock,True,2026-05-08,,,d25d51e4fafc630614f5
XWIN,NASDAQ,"XMAX, Inc. - Common Stock",Stock,False,2026-05-08,2026-05-18,Missing from current NASDAQ source snapshot; reason unavailable,bd000c9990e597856a26
XXII,NASDAQ,"22nd Century Group, Inc - Common Stock",Stock,True,2026-05-08,,,f45a5eb592c429858784
XXX,NASDAQ,CYBER HORNET S&P 500 and XRP 75/25 Strategy ETF,ETF,True,2026-05-08,,,6b9e608e637cc0b49d85
XYZG,NASDAQ,Leverage Shares 2X Long XYZ Daily ETF,ETF,True,2026-05-08,,,1547c5e3e6f5f1330664
YAAS,NASDAQ,Youxin Technology Ltd - Class A Ordinary shares,Stock,True,2026-05-08,,,099fb2e04771de49994c
YB,NASDAQ,Yuanbao Inc. - American Depositary Shares,Stock,True,2026-05-08,,,46bda2693ddffea89834
YBMN,NASDAQ,Defiance BMNR Option Income ETF,ETF,True,2026-05-08,,,cf06f3cc46ad144aec95
YBST,NASDAQ,GraniteShares YieldBoost Single Stock Universe ETF,ETF,True,2026-05-08,,,0390b12bfcfbbd15f6cf
YBTY,NASDAQ,GraniteShares YieldBoost TopYielders ETF,ETF,True,2026-05-08,,,0c88ae713afe9f8bb6e1
YDDL,NASDAQ,One and One Green Technologies. INC - Class A Ordinary Shares,Stock,True,2026-05-08,,,cfcc2db6ced8bef950a5
YDES,NASDAQ,YD Bio Limited - Ordinary Shares,Stock,True,2026-05-08,,,0b5dcd3d582da01dff66
YDESW,NASDAQ,YD Bio Limited - Warrants,Stock,True,2026-05-08,,,51429d4c78eefbb40ff3
YDKG,NASDAQ,Yueda Digital Holding - Class A Ordinary Share,Stock,True,2026-05-08,,,10feffd726a90875dcdb
YHC,NASDAQ,LQR House Inc. - Common Stock,Stock,True,2026-05-08,,,d1e0e9fb7eb82ca70503
YHGJ,NASDAQ,Yunhong Green CTI Ltd. - Common Stock,Stock,True,2026-05-08,,,023d9cb6b06d857a72ef
YHNA,NASDAQ,YHN Acquisition I Limited - Ordinary Shares,Stock,True,2026-05-08,,,ad18db4361ef82b70d78
YHNAR,NASDAQ,YHN Acquisition I Limited - Right,Stock,True,2026-05-08,,,cfab82f8fb596629eaba
YHNAU,NASDAQ,YHN Acquisition I Limited - Unit,Stock,True,2026-05-08,,,26aff278d54ae88a1403
YI,NASDAQ,"111, Inc. - American Depositary Shares",Stock,True,2026-05-08,,,c3e058715d0d9c00de05
YIBO,NASDAQ,Planet Image International Limited - Class A Ordinary Shares,Stock,True,2026-05-08,,,97abf485fd8ac0e398fa
YICC,NASDAQ,Yorkville International Capital Corp. - Class A Ordinary Shares,Stock,True,2026-07-13,,,e04e68be05a2d6b67113
YICCU,NASDAQ,Yorkville International Capital Corp. - Units,Stock,True,2026-06-16,,,ff39ad59454ed103d468
YICCW,NASDAQ,Yorkville International Capital Corp. - Warrants,Stock,True,2026-07-13,,,97db453847be424fea93
YJ,NASDAQ,Yunji Inc. - American Depository Shares,Stock,True,2026-05-08,,,8f27ceeea468e827d4b8
YLDE,NASDAQ,Franklin ClearBridge Enhanced Income ETF,ETF,True,2026-05-08,,,20f7f37b4af4727ce1bc
YMAT,NASDAQ,"J-Star Holding Co., Ltd. - Class A Ordinary Shares",Stock,True,2026-05-08,,,db829cd8f898ca4e82a7
YMT,NASDAQ,Yimutian Inc. - American Depositary Shares; each representing 25 Class A ordinary shares,Stock,True,2026-05-08,,,2afdb240c282acc359fa
YNOT,NASDAQ,Horizon Digital Frontier ETF,ETF,True,2026-05-08,,,7e89b7102729feec4e05
YOKE,NASDAQ,YOKE Core ETF,ETF,True,2026-05-08,,,5322598b4354f79df005
YOOV,NASDAQ,Concorde International Group Ltd - Class A Ordinary Shares,Stock,False,2026-05-08,2026-07-21,Other delisting reason: Details unavailable (source: FMP Delisted API),0d7f663d210b0ea4c949
YORW,NASDAQ,The York Water Company - Common Stock,Stock,True,2026-05-08,,,83c215b531ec0124b5d3
YOUL,NASDAQ,Youlife Group Inc. - American Depositary Shares,Stock,True,2026-05-08,,,de8ca03d663b6efaea96
YQ,NASDAQ,17 Education & Technology Group Inc. - American Depositary Shares,Stock,True,2026-05-08,,,08aeb4755dbdfe0702d2
YQQQ,NASDAQ,YieldMax Short N100 Option Income Strategy ETF,ETF,True,2026-05-08,,,7c9dca9364d5116bbb74
YSAG,NASDAQ,Y'all Street Physical Silver ETF,ETF,True,2026-07-15,,,77068a801187b09836e3
YSAU,NASDAQ,Y'all Street Physical Gold ETF,ETF,True,2026-07-15,,,9e6ceb32dfc42b18b105
YSPY,NASDAQ,GraniteShares YieldBOOST SPY ETF,ETF,True,2026-05-08,,,ebd82f2e0e7cbb2afbb5
YSWY,NASDAQ,"Yesway, Inc. - Class A Common Stock",Stock,True,2026-05-08,,,f01293529088008ea21f
YSXT,NASDAQ,"YSX Tech. Co., Ltd - Class A Ordinary Shares",Stock,True,2026-05-08,,,e9587cb5a0151686d3f6
YTRA,NASDAQ,"Yatra Online, Inc. - Ordinary Shares",Stock,True,2026-05-08,,,2b773e3b5a8c9ce2fabf
YXT,NASDAQ,YXT.COM GROUP HOLDING LIMITED - American Depository Shares,Stock,True,2026-05-08,,,c25db7ccab05e4472ac0
YYAI,NASDAQ,AiRWA Inc. - Common Stock,Stock,True,2026-05-08,,,33480bafb41bc595ec04
YYGH,NASDAQ,YY Group Holding Limited - Class A Ordinary Shares,Stock,True,2026-05-08,,,f3cb0650a4ba0f0fcc4a
Z,NASDAQ,"Zillow Group, Inc. - Class C Capital Stock",Stock,True,2026-05-08,,,8f5edce84178aa942c37
ZAP,NASDAQ,Global X U.S. Electrification ETF,ETF,True,2026-05-08,,,d6deb139533a65b54e48
ZAZZT,NASDAQ,Tick Pilot Test Stock Class A Common Stock,Stock,True,2026-05-08,,,fabf06571d0da0a3d8c8
ZBAI,NASDAQ,ATIF Holdings Limited - Ordinary Shares,Stock,False,2026-05-08,2026-05-18,Missing from current NASDAQ source snapshot; reason unavailable,1210de168276fa56ce0e
ZBAO,NASDAQ,Zhibao Technology Inc. - Class A Ordinary Shares,Stock,True,2026-05-08,,,c87f14280291890e31ff
ZBIO,NASDAQ,"Zenas BioPharma, Inc. - Common Stock",Stock,True,2026-05-08,,,fd83bb61ab5c94a029f8
ZBRA,NASDAQ,Zebra Technologies Corporation - Class A Common Stock,Stock,True,2026-05-08,,,2f7a6d8250774a409354
ZBZZT,NASDAQ,Test Pilot Test Stock Class B Common Stock,Stock,True,2026-05-08,,,0e10f417d7ff0063dded
ZCMD,NASDAQ,Zhongchao Inc. - Class A Ordinary Shares,Stock,True,2026-05-08,,,ea3bd0d4873ec9338205
ZCZZT,NASDAQ,Tick Pilot Test Stock Class C,Stock,True,2026-05-08,,,deee0eaf9efb106a913d
ZD,NASDAQ,"Ziff Davis, Inc. - Common Stock",Stock,True,2026-05-08,,,b592f4a65d0d5244f836
ZDAI,NASDAQ,"DirectBooking Technology Co., Ltd. - Class A Ordinary Shares",Stock,True,2026-05-08,,,e4f348c219f40f03013d
ZENA,NASDAQ,"ZenaTech, Inc. - Common Stock",Stock,True,2026-05-08,,,17e40ddd1a3a45ae1bc3
ZEO,NASDAQ,Zeo Energy Corporation - Class A Common Stock,Stock,True,2026-05-08,,,f356432c4f0cf813a5df
ZEOWW,NASDAQ,Zeo Energy Corporation - Warrants,Stock,True,2026-05-08,,,3062e4ad590bb4dea65e
ZG,NASDAQ,"Zillow Group, Inc. - Class A Common Stock",Stock,True,2026-05-08,,,0691239279920881fec8
ZHOG,NASDAQ,F/m Opportunistic Income ETF,ETF,True,2026-05-08,,,8f75bffb75c348c91f3e
ZION,NASDAQ,Zions Bancorporation N.A. - Common Stock,Stock,True,2026-05-08,,,1276b9d3ef45399a794f
ZIONP,NASDAQ,Zions Bancorporation N.A. - Depositary Shares each representing a 1/40th ownership interest in a share of Series A Floating-Rate Non-Cumulative Perpetual Preferred Stock,Stock,True,2026-05-08,,,85ee32cc29faba0e65e7
ZJK,NASDAQ,"ZJK Industrial Co., Ltd. - Class A Ordinary Shares",Stock,True,2026-05-08,,,430c9d7b0923d1843edd
ZJYL,NASDAQ,JIN MEDICAL INTERNATIONAL LTD. - Class A Ordinary Shares,Stock,True,2026-05-08,,,774e7740197cd63e854d
ZJZZT,NASDAQ,NASDAQ TEST STOCK,Stock,True,2026-05-08,,,efd70b566d21ce30012a
ZKIN,NASDAQ,"ZK International Group Co., Ltd - Ordinary Share",Stock,True,2026-05-08,,,e036758e5933cee51582
ZKP,NASDAQ,Lafayette Digital Acquisition Corp. I - Class A Ordinary Shares,Stock,True,2026-05-08,,,fd01b48508d4b47133c1
ZKPU,NASDAQ,Lafayette Digital Acquisition Corp. I - Unit,Stock,True,2026-05-08,,,2edc526b332150649889
ZKPW,NASDAQ,Lafayette Digital Acquisition Corp. I - Warrant,Stock,True,2026-05-08,,,fab7e7c816cce5f32beb
ZLAB,NASDAQ,Zai Lab Limited - American Depositary Shares,Stock,True,2026-05-08,,,9583eaebdfdad7b6210c
ZM,NASDAQ,"Zoom Communications, Inc. - Class A Common Stock",Stock,True,2026-05-08,,,effa7b1715aed12b6f80
ZMUN,NASDAQ,F/m Ultrashort Tax-Free Municipal ETF,ETF,True,2026-05-08,,,1d46d9c9b487d34a9616
ZNB,NASDAQ,Zeta Network Group - Class A Ordinary Shares,Stock,True,2026-05-08,,,900468fcb72f8f7845ae
ZNTL,NASDAQ,"Zentalis Pharmaceuticals, Inc. - common stock",Stock,True,2026-05-08,,,d0ceea4f905964dbaeed
ZOOZ,NASDAQ,ZOOZ Strategy Ltd. - Ordinary Shares,Stock,True,2026-05-08,,,cf04363c42b2a5ea75af
ZOOZW,NASDAQ,ZOOZ Strategy Ltd. - Warrant,Stock,True,2026-05-08,,,8ec3566d85378cb8ec89
ZS,NASDAQ,"Zscaler, Inc. - Common Stock",Stock,True,2026-05-08,,,11fda8aa9791c2f8a802
ZSQR,NASDAQ,Z Squared Inc. - Common Stock,Stock,True,2026-05-08,,,61368f6bbefbc578329f
ZSTK,NASDAQ,ZeroStack Corp. - Common Stock,Stock,True,2026-05-08,,,bd5f294e4f151c353cab
ZTEK,NASDAQ,Zentek Ltd. - common stock,Stock,True,2026-05-08,,,9580a6ee67620adb0025
ZTEN,NASDAQ,F/m 10-Year Investment Grade Corporate Bond ETF,ETF,True,2026-05-08,,,c0f88ca5b0d0d2a60987
ZTG,NASDAQ,Zenta Group Company Limited - Class A Ordinary Shares,Stock,True,2026-05-08,,,58df7fbd2dad27e24481
ZTOP,NASDAQ,F/m High Yield 100 ETF,ETF,True,2026-05-08,,,9856608f2722209525c9
ZTRE,NASDAQ,F/m 3-Year Investment Grade Corporate Bond ETF,ETF,True,2026-05-08,,,0044ea466d06d27536b1
ZTWO,NASDAQ,F/m 2-Year Investment Grade Corporate Bond ETF,ETF,True,2026-05-08,,,18d953a5e3fed6a18be7
ZUMZ,NASDAQ,Zumiez Inc. - Common Stock,Stock,True,2026-05-08,,,72bf1a72328379ed3a03
ZURA,NASDAQ,Zura Bio Limited - Class A Ordinary shares,Stock,True,2026-05-08,,,2f5024df224c1712da42
ZVRA,NASDAQ,"Zevra Therapeutics, Inc. - Common Stock",Stock,True,2026-05-08,,,49e35b04168d37233658
ZVZZT,NASDAQ,NASDAQ TEST STOCK,Stock,True,2026-05-08,,,efd70b566d21ce30012a
ZWZZT,NASDAQ,NASDAQ TEST STOCK,Stock,True,2026-05-08,,,efd70b566d21ce30012a
ZXYZ.A,NASDAQ,Nasdaq Symbology Test Common Stock,Stock,True,2026-05-08,,,cad866903d26fa1127fb
ZXZZT,NASDAQ,NASDAQ TEST STOCK,Stock,True,2026-05-08,,,efd70b566d21ce30012a
ZYBT,NASDAQ,Zhengye Biotechnology Holding Limited - Class A Ordinary Shares,Stock,True,2026-05-08,,,a6d6ba36e12f6fde9a29
ZYME,NASDAQ,Zymeworks Inc. - Common Stock,Stock,True,2026-05-08,,,31502e4d1105beca52ab
A,NYSE,"Agilent Technologies, Inc. Common Stock",Stock,True,2026-05-08,,,d01e8cf537eac6e34990
AA,NYSE,Alcoa Corporation Common Stock,Stock,True,2026-05-08,,,af6ab8a6bd9068361d8a
AAC.U,NYSE,"Ares Acquisition Corporation III Units, each consisting of one Class A ordinary share and one-tenth of one redeemable warrant",Stock,True,2026-06-30,,,c47b7f8bdd5f06413219
AADX,NYSE,"Applied Aerospace & Defense, Inc. Common Stock",Stock,True,2026-06-03,,,b8694537fa15a560e332
AAMI,NYSE,Acadian Asset Management Inc. Common Stock,Stock,True,2026-05-08,,,0b580c1dd264d8142ebd
AAP,NYSE,Advance Auto Parts Inc.,Stock,True,2026-05-08,,,1682dd1923bbb67105d4
AAT,NYSE,"American Assets Trust, Inc. Common Stock",Stock,True,2026-05-08,,,138f7a2c7bbb42f6ac24
AAUC,NYSE,Allied Gold Corporation Common Shares,Stock,True,2026-05-08,,,b712437519f4baa4f1ae
AB,NYSE,AllianceBernstein Holding L.P. Units,Stock,True,2026-05-08,,,7500fc61e7d2c75c027d
ABBV,NYSE,AbbVie Inc. Common Stock,Stock,True,2026-05-08,,,cdaca72b748fe6708ac2
ABCB,NYSE,Ameris Bancorp Common Stock,Stock,True,2026-05-08,,,98291c995f6a1d34d7a5
ABEV,NYSE,Ambev S.A. American Depositary Shares (Each representing 1 Common Share),Stock,True,2026-05-08,,,10b08f71e8eec209edbb
ABG,NYSE,Asbury Automotive Group Inc Common Stock,Stock,True,2026-05-08,,,6c8f9497165ddfcb3c39
ABM,NYSE,ABM Industries Incorporated Common Stock,Stock,True,2026-05-08,,,b2126274ce1677159c7e
ABR,NYSE,Arbor Realty Trust Common Stock,Stock,True,2026-05-08,,,5977df5cb22b6b76c2e6
ABR$D,NYSE,"Arbor Realty Trust 6.375% Series D Cumulative Redeemable Preferred Stock, Liquidation Preference $25.00 per Share",Stock,True,2026-05-08,,,fab0891aa4272d167f9e
ABR$E,NYSE,Arbor Realty Trust 6.25% Series E Cumulative Redeemable Preferred Stock,Stock,True,2026-05-08,,,b346c29cfebbe4a16765
ABR$F,NYSE,"Arbor Realty Trust 6.25% Series F Fixed-to-Floating Rate Cumulative Redeemable Preferred Stock, Liquidation Preference $25.00 per share",Stock,True,2026-05-08,,,536c7f49c4a1cf8c5550
ABT,NYSE,Abbott Laboratories Common Stock,Stock,True,2026-05-08,,,f05a72058fbb0f52eec6
ABX,NYSE,"Abacus Global Management, Inc. Class A Common Stock",Stock,True,2026-05-08,,,9dee75749610493c72da
ABXL,NYSE,"Abacus Global Management, Inc. 9.875% Fixed Rate Senior Notes due 2028",Stock,True,2026-05-08,,,1885169941d474c8a2d1
ACA,NYSE,"Arcosa, Inc. Common Stock",Stock,True,2026-05-08,,,3f41923047b659ef600a
ACCO,NYSE,Acco Brands Corporation Common Stock,Stock,True,2026-05-08,,,faa347900c1adffdd674
ACEL,NYSE,"Accel Entertainment, Inc.",Stock,True,2026-05-08,,,9eed8f06276f7f70e4a9
ACH,NYSE,"Accendra Health, Inc. Common Stock",Stock,True,2026-05-08,,,8e9d0564021b3f76ff19
ACHR,NYSE,Archer Aviation Inc. Class A Common Stock,Stock,True,2026-05-08,,,f2a68d5b2a61d4199acd
ACHR.W,NYSE,"Archer Aviation Inc. Redeemable Warrants, each whole warrant exercisable for one Class A common stock at an exercise price of $11.50",Stock,True,2026-05-08,,,587bfa8ad2a90e4513e3
ACI,NYSE,"Albertsons Companies, Inc. Class A Common Stock",Stock,True,2026-05-08,,,9eed8a9025c975c70697
ACLO,NYSE,TCW AAA CLO ETF,ETF,True,2026-05-08,,,97d4dcba9854709e17fb
ACM,NYSE,AECOM Common Stock,Stock,True,2026-05-08,,,8dae4f9f6078de9440ea
ACN,NYSE,Accenture plc Class A Ordinary Shares (Ireland),Stock,True,2026-05-08,,,105eb791956eae073158
ACP,NYSE,abrdn Income Credit Strategies Fund Common Shares,Stock,True,2026-05-08,,,f4db8811738f0f4106e9
ACP$A,NYSE,abrdn Income Credit Strategies Fund 5.250% Series A Perpetual Preferred Stock,Stock,True,2026-05-08,,,8ea1c1b6a5e5237b1dce
ACR,NYSE,ACRES Commercial Realty Corp. Common Stock,Stock,True,2026-05-08,,,9df4910def64cec56a41
ACR$C,NYSE,ACRES Commercial Realty Corp. 8.625% Fixed-to-Floating Series C Cumulative Redeemable Preferred Stock,Stock,True,2026-05-08,,,ff87fa39cf63e6debfde
ACR$D,NYSE,ACRES Commercial Realty Corp. 7.875% Series D Cumulative Redeemable Preferred Stock,Stock,True,2026-05-08,,,969a8d282f0e5b19a887
ACRE,NYSE,Ares Commercial Real Estate Corporation Common Stock,Stock,True,2026-05-08,,,fed02f053b62253225ba
ACV,NYSE,Virtus Diversified Income & Convertible Fund Common Shares of Beneficial Interest,Stock,True,2026-05-08,,,a6d4b552d887c65ed7a3
ACVA,NYSE,ACV Auctions Inc. Class A Common Stock,Stock,True,2026-05-08,,,2205003c3c78145ecac6
AD,NYSE,"Array Digital Infrastructure, Inc. Common Shares",Stock,True,2026-05-08,,,c5ba0794fed91ace8f18
ADC,NYSE,Agree Realty Corporation Common Stock,Stock,True,2026-05-08,,,70213b56dbd404ec1ca7
ADC$A,NYSE,"Agree Realty Corporation Depositary Shares, each representing 1/1,000th of a 4.250% Series A Cumulative Redeemable Preferred Stock",Stock,True,2026-05-08,,,2d80316813f73688e859
ADCT,NYSE,ADC Therapeutics SA Common Shares,Stock,True,2026-05-08,,,3c039670bc11ec0eaa28
ADM,NYSE,Archer-Daniels-Midland Company Common Stock,Stock,True,2026-05-08,,,b38599545acec8b2aa7d
ADNT,NYSE,Adient plc Ordinary Shares,Stock,True,2026-05-08,,,d5c5d9ad5314f79e9c1f
ADT,NYSE,ADT Inc. Common Stock,Stock,True,2026-05-08,,,0bbbf1fee73c2d2525fa
ADX,NYSE,Adams Diversified Equity Fund Inc.,Stock,True,2026-05-08,,,3b91a13ee2052e164a44
AEE,NYSE,Ameren Corporation Common Stock,Stock,True,2026-05-08,,,4e752c70a14f8bc0a6d0
AEFC,NYSE,Aegon Funding Company LLC 5.10% Subordinated Notes due 2049,Stock,True,2026-05-08,,,269e8e688880551bf5d8
AEG,NYSE,Aegon Ltd. New York Registry Shares,Stock,True,2026-05-08,,,df88e5740aa1ae48abc8
AEM,NYSE,Agnico Eagle Mines Limited Common Stock,Stock,True,2026-05-08,,,64ef20166056a754249b
AEO,NYSE,"American Eagle Outfitters, Inc. Common Stock",Stock,True,2026-05-08,,,00eb5425b35f1259ddc9
AER,NYSE,AerCap Holdings N.V. Ordinary Shares,Stock,True,2026-05-08,,,162f6058cd48e819738a
AERO,NYSE,"Grupo Aeromexico, S.A.B. de C.V. American Depositary Shares (each representing ten (10) Common Shares)",Stock,True,2026-05-08,,,c1d98e4743ba12a0dbbc
AES,NYSE,The AES Corporation Common Stock,Stock,True,2026-05-08,,,4ab916956472350779b5
AESI,NYSE,Atlas Energy Solutions Inc. Common Stock,Stock,True,2026-05-08,,,02a1dae8b4835ab23dd1
AEXA,NYSE,American Exceptionalism Acquisition Corp. A Class A Ordinary Shares,Stock,True,2026-05-08,,,73681aac89a29496aff5
AFB,NYSE,AllianceBernstein National Municipal Income Fund Inc,Stock,True,2026-05-08,,,8fff6020751b4f31f5ec
AFG,NYSE,"American Financial Group, Inc. Common Stock",Stock,True,2026-05-08,,,0c2300528df7fefa0b89
AFGB,NYSE,"American Financial Group, Inc. 5.875% Subordinated Debentures due 2059",Stock,True,2026-05-08,,,5a5a08076c310e01d35f
AFGC,NYSE,"American Financial Group, Inc. 5.125% Subordinated Debentures due 2059",Stock,True,2026-05-08,,,5a5ce8c1489c84c6023f
AFGD,NYSE,"American Financial Group, Inc. 5.625% Subordinated Debentures due 2060",Stock,True,2026-05-08,,,a01a7a77c539d1d0f6bd
AFGE,NYSE,"American Financial Group, Inc. 4.500% Subordinated Debentures due 2060",Stock,True,2026-05-08,,,86483ce8af8c1b6f9e79
AFL,NYSE,AFLAC Incorporated Common Stock,Stock,True,2026-05-08,,,ab2336ad96fbee3a965a
AG,NYSE,First Majestic Silver Corp. Ordinary Shares (Canada),Stock,True,2026-05-08,,,f33dc4ffc7a6f48e36dd
AGBK,NYSE,AGI Inc Class A Common Shares,Stock,True,2026-05-08,,,8885643375754ac187a7
AGCO,NYSE,AGCO Corporation Common Stock,Stock,True,2026-05-08,,,4f323478fed66f6697ff
AGD,NYSE,abrdn Global Dynamic Dividend Fund Common Shares of Beneficial Interest,Stock,True,2026-05-08,,,4406ffe1ae8abb75f244
AGI,NYSE,Alamos Gold Inc. Class A Common Shares,Stock,True,2026-05-08,,,feb90de8dc13adb125ee
AGL,NYSE,"agilon health, inc. Common Stock",Stock,True,2026-05-08,,,87447e831a88f53b2a23
AGM,NYSE,Federal Agricultural Mortgage Corporation Common Stock,Stock,True,2026-05-08,,,0dc8e6e41d1b8bda6a18
AGM$D,NYSE,"Federal Agricultural Mortgage Corporation 5.700% Non-Cumulative Preferred Stock, Series D",Stock,True,2026-05-08,,,9b64caa6602db3157dd0
AGM$E,NYSE,"Federal Agricultural Mortgage Corporation 5.750% Non-Cumulative Preferred Stock, Series E",Stock,True,2026-05-08,,,d736cbac8aa6a44da72f
AGM$F,NYSE,"Federal Agricultural Mortgage Corporation 5.250% Non-Cumulative Preferred Stock, Series F",Stock,True,2026-05-08,,,40861f06fd6c217f009d
AGM$G,NYSE,"Federal Agricultural Mortgage Corporation 4.875% Non-Cumulative Preferred Stock, Series G",Stock,True,2026-05-08,,,7c148aabdf2f8dacf7d4
AGM$H,NYSE,"Federal Agricultural Mortgage Corporation 6.500% Non-Cumulative Preferred Stock, Series H",Stock,True,2026-05-08,,,55a483e816e8e3e391d0
AGM$I,NYSE,"Federal Agricultural Mortgage Corporation 6.875% Non-Cumulative Preferred Stock, Series I",Stock,True,2026-05-22,,,b3bf222e602ba1ba3ade
AGM.A,NYSE,Federal Agricultural Mortgage Corporation Common Stock,Stock,True,2026-05-08,,,0dc8e6e41d1b8bda6a18
AGO,NYSE,Assured Guaranty Ltd. Common Stock,Stock,True,2026-05-08,,,e18f307aa5a6dc93052b
AGRO,NYSE,Adecoagro S.A. Common Shares,Stock,True,2026-05-08,,,a073533afac94faadffc
AGX,NYSE,"Argan, Inc. Common Stock",Stock,True,2026-05-08,,,b1bddae5a08d835e9a45
AHL$D,NYSE,Aspen Insurance Holdings Limited 5.625% Perpetual Non-Cumulative Preference Shares,Stock,True,2026-05-08,,,f4e66f0d26027a63763f
AHL$E,NYSE,"Aspen Insurance Holdings Limited Depositary Shares, each representing a 1/1000th interest in a share of 5.625% Perpetual Non-Cumulative Preference Shares",Stock,True,2026-05-08,,,0229745ad4a931f273cd
AHL$F,NYSE,"Aspen Insurance Holdings Limited Depositary Shares, each representing a 1/1,000th Interest in a 7.00% Perpetual Non-Cumulative Preference Share",Stock,True,2026-05-08,,,7f0029f4f9ebe52a79f3
AHR,NYSE,"American Healthcare REIT, Inc. Common Stock",Stock,True,2026-05-08,,,b940114b25a1fba50ae8
AHRT,NYSE,"AH Realty Trust, Inc. Common Stock",Stock,True,2026-05-08,,,a7254becc7b233e65eda
AHRT$A,NYSE,"AH Realty Trust, Inc. 6.75% Series A Cumulative Redeemable Perpetual Preferred Stock",Stock,True,2026-05-08,,,ab084affc38e6c8e8733
AHT,NYSE,Ashford Hospitality Trust Inc Common Stock,Stock,True,2026-05-08,,,0a1f3036325c95795f51
AHT$D,NYSE,Ashford Hospitality Trust Inc 8.45% Series D Cumulative Preferred Stock,Stock,True,2026-05-08,,,f075d580c1e5e61ed5e4
AHT$F,NYSE,Ashford Hospitality Trust Inc 7.375% Series F Cumulative Preferred Stock,Stock,True,2026-05-08,,,9d7144930e24e922d22e
AHT$G,NYSE,Ashford Hospitality Trust Inc 7.375% Series G Cumulative Preferred Stock,Stock,True,2026-05-08,,,adb57ca690032e5b3d1a
AHT$H,NYSE,Ashford Hospitality Trust Inc 7.50% Series H Cumulative Preferred Stock,Stock,True,2026-05-08,,,2fdd1d496f8bb2c12601
AHT$I,NYSE,Ashford Hospitality Trust Inc 7.50% Series I Cumulative Preferred Stock,Stock,True,2026-05-08,,,68d2c4806ac0b534f5a7
AI,NYSE,"C3.ai, Inc. Class A Common Stock",Stock,True,2026-05-08,,,427f8784752f59a7c791
AIG,NYSE,"American International Group, Inc. New Common Stock",Stock,True,2026-05-08,,,7f7714b5bb8881b1a792
AII,NYSE,"American Integrity Insurance Group, Inc. Common Stock",Stock,True,2026-05-08,,,2a105399fae4bed0b077
AIIA,NYSE,AI Infrastructure Acquisition Corp. Class A Ordinary Shares,Stock,True,2026-05-08,,,95de20b0daeb9e02bb10
AIIA.R,NYSE,"AI Infrastructure Acquisition Corp. Rights, each entitling the holder to receive one-fifth (1/5) of one Class A Ordinary Share",Stock,True,2026-05-08,,,1b9349cff37588d253bf
AIIA.U,NYSE,"AI Infrastructure Acquisition Corp. Units, each consisting of one Class A Ordinary Share and one Right",Stock,True,2026-05-08,,,5a7f9c7f4a62c8cea294
AIN,NYSE,Albany International Corporation Common Stock,Stock,True,2026-05-08,,,4b1fff4c688ab88b1b0f
AIO,NYSE,Virtus Artificial Intelligence & Technology Opportunities Fund Common Shares of Beneficial Interest,Stock,True,2026-05-08,,,0a487a97727841c76f47
AIR,NYSE,AAR Corp. Common Stock,Stock,True,2026-05-08,,,d06620e1fed661a1b242
AIT,NYSE,"Applied Industrial Technologies, Inc. Common Stock",Stock,True,2026-05-08,,,2c4466b08d6b0ef71b25
AIV,NYSE,Apartment Investment and Management Company Common Stock,Stock,True,2026-05-08,,,a25e2639f6229775370a
AIZ,NYSE,"Assurant, Inc. Common Stock",Stock,True,2026-05-08,,,fd6cf9d9d6fcb3ed7cd5
AIZN,NYSE,"Assurant, Inc. 5.25% Subordinated Notes due 2061",Stock,True,2026-05-08,,,5bc65b2c67dd44910998
AJG,NYSE,Arthur J. Gallagher & Co. Common Stock,Stock,True,2026-05-08,,,c467c3608ff6d2eda201
AKA,NYSE,a.k.a. Brands Holding Corp. Common Stock,Stock,True,2026-05-08,,,6607ae28f09dbfc095e3
AKAF,NYSE,The Frontier Economic Fund,ETF,True,2026-05-08,,,88d1fe19f14424ddf1b0
AKO.A,NYSE,Embotelladora Andina S.A. Common Stock,Stock,True,2026-05-08,,,2f8055432dfe05d6d92c
AKO.B,NYSE,Embotelladora Andina S.A. Common Stock,Stock,True,2026-05-08,,,2f8055432dfe05d6d92c
AKR,NYSE,Acadia Realty Trust Common Stock,Stock,True,2026-05-08,,,acbdcfdc46dbc7ed62ee
ALB,NYSE,Albemarle Corporation Common Stock,Stock,True,2026-05-08,,,c759eb9012a6f1bee97f
ALB$A,NYSE,Albemarle Corporation Depositary Shares each representing a 1/20th of 7.25% Series A Mandatory Convertible Preferred Stock,Stock,True,2026-05-08,,,d1d8feb57b49ec116d8d
ALC,NYSE,Alcon Inc. Ordinary Shares,Stock,True,2026-05-08,,,fe34298b489e8f316006
ALG,NYSE,"Alamo Group, Inc. Common Stock",Stock,True,2026-05-08,,,5a1d49fc77ff60772413
ALH,NYSE,Alliance Laundry Holdings Inc. Common Stock,Stock,True,2026-05-08,,,1d278f40b2d84c1e9ba0
ALIT,NYSE,"Alight, Inc. Class A Common Stock",Stock,True,2026-05-08,,,986c996c575689ffd2d2
ALK,NYSE,"Alaska Air Group, Inc. Common Stock",Stock,True,2026-05-08,,,0cd31c54a1fa57fc16d2
ALL,NYSE,Allstate Corporation (The) Common Stock,Stock,True,2026-05-08,,,1bd7e34282c68127fef6
ALL$B,NYSE,Allstate Corporation (The) 5.100% Fixed-to-Floating Rate Subordinated Debentures due 2053,Stock,True,2026-05-08,,,7ca3a77c835ff6f28213
ALL$H,NYSE,"Allstate Corporation (The) Depositary Shares each representing a 1/1,000th interest in a share of Fixed Rate Noncumulative Perpetual Preferred Stock, Series H",Stock,True,2026-05-08,,,e04b6d2fe382756b0465
ALL$I,NYSE,"Allstate Corporation (The) Depositary Shares each representing a 1/1,000th interest in a share of Fixed Rate Noncumulative Perpetual Preferred Stock, Series I",Stock,True,2026-05-08,,,a7eada3a46c53a4d22a8
ALL$J,NYSE,"Allstate Corporation (The) Depositary Shares each representing a 1/1,000th interest in a share of Fixed Rate Noncumulative Perpetual Preferred Stock, Series J",Stock,True,2026-05-08,,,da32b0b62bb333ae32c4
ALLE,NYSE,Allegion plc Ordinary Shares,Stock,True,2026-05-08,,,2150b447cfa47dad866d
ALLY,NYSE,Ally Financial Inc. Common Stock,Stock,True,2026-05-08,,,b71674fb143495aa1264
ALSN,NYSE,"Allison Transmission Holdings, Inc. Common Stock",Stock,True,2026-05-08,,,0f2b6bfcd5bf28c361ca
ALTG,NYSE,Alta Equipment Group Inc. Class A Common Stock,Stock,True,2026-05-08,,,22a630d71de0c3248d72
ALTG$A,NYSE,Alta Equipment Group Inc. Depositary Shares (each representing 1/1000th in a share of 10% Series A Cumulative Perpetual Preferred Stock),Stock,True,2026-05-08,,,6599a73467a0ba90e73d
ALUB,NYSE,Alussa Energy Acquisition Corp. II Class A Ordinary Shares,Stock,True,2026-05-08,,,c2f89af712ef55826714
ALUB.U,NYSE,"Alussa Energy Acquisition Corp. II Units, each consisting of one Class A ordinary share and one-third of one redeemable warrant",Stock,True,2026-05-08,,,004c1c4eca47ab95269e
ALUB.W,NYSE,"Alussa Energy Acquisition Corp. II Redeemable Warrants, each whole warrant exercisable for one Class A ordinary share at an exercise price of $11.50 per share",Stock,True,2026-05-08,,,5ac53a6f97aeac3f7e5d
ALV,NYSE,"Autoliv, Inc. Common Stock",Stock,True,2026-05-08,,,1d10b16148ffb1c5186c
ALX,NYSE,"Alexander's, Inc. Common Stock",Stock,True,2026-05-08,,,0a3d01a378e1a9ceaa69
AM,NYSE,Antero Midstream Corporation Common Stock,Stock,True,2026-05-08,,,7dc7ec98f76dff6b58e4
AMBP,NYSE,Ardagh Metal Packaging S.A. Ordinary Shares,Stock,True,2026-05-08,,,df677e6c94c5560bb520
AMBQ,NYSE,"Ambiq Micro, Inc. Common Stock",Stock,True,2026-05-08,,,de68b8964e6a30869313
AMC,NYSE,"AMC Entertainment Holdings, Inc. Class A Common Stock",Stock,True,2026-05-08,,,9e1b973fd3c19d6d9eff
AMCR,NYSE,Amcor plc Ordinary Shares,Stock,True,2026-05-08,,,c05eed81f74149524ed5
AME,NYSE,"AMETEK, Inc.",Stock,True,2026-05-08,,,b5e1828f0362a04073ac
AMG,NYSE,"Affiliated Managers Group, Inc. Common Stock",Stock,True,2026-05-08,,,16045207119a9232f09c
AMH,NYSE,American Homes 4 Rent Common Shares of Beneficial Interest,Stock,True,2026-05-08,,,ed59e7f9da3c38ce17dc
AMH$G,NYSE,American Homes 4 Rent Series G cumulative redeemable perpetual preferred shares of beneficial interest,Stock,True,2026-05-08,,,0456e25a982c55f6bf15
AMH$H,NYSE,American Homes 4 Rent Series H cumulative redeemable perpetual Preferred Shares of Beneficial Interest,Stock,True,2026-05-08,,,45e077bf2dde04a67f3c
AMN,NYSE,AMN Healthcare Services Inc,Stock,True,2026-05-08,,,a504376ff378de1f1953
AMP,NYSE,"Ameriprise Financial, Inc. Common Stock",Stock,True,2026-05-08,,,6ead5f48065182152272
AMPX,NYSE,"Amprius Technologies, Inc. Common Stock",Stock,True,2026-05-08,,,fbfb721e59575813775f
AMPX.W,NYSE,"Amprius Technologies, Inc. Warrants to purchase one share of Common Stock at an exercise price of $11.50 per share",Stock,True,2026-05-08,,,a46a85dccb649f5d4bb2
AMPY,NYSE,Amplify Energy Corp. Common Stock,Stock,True,2026-05-08,,,3d27bfb31dec4c28d8e1
AMR,NYSE,"Alpha Metallurgical Resources, Inc. Common Stock",Stock,True,2026-05-08,,,60b372bc24dbc7730401
AMRC,NYSE,"Ameresco, Inc. Class A Common Stock",Stock,True,2026-05-08,,,bddecde9929bee4338c1
AMRZ,NYSE,Amrize Ltd Ordinary Shares,Stock,True,2026-05-08,,,1baaa2f8a42fe87be89c
AMT,NYSE,American Tower Corporation (REIT) Common Stock,Stock,True,2026-05-08,,,d569fd3dcbe2206e833b
AMTB,NYSE,Amerant Bancorp Inc. Class A Common Stock,Stock,True,2026-05-08,,,c37b18a782e39ee5ed58
AMTD,NYSE,"AMTD IDEA Group American Depositary Shares, each representing six (6) Class A Ordinary Shares",Stock,True,2026-05-08,,,d211ac72cac40c87d802
AMTM,NYSE,"Amentum Holdings, Inc. Common Stock",Stock,True,2026-05-08,,,a862bc9aaa8aa35b5d35
AMWL,NYSE,American Well Corporation Class A Common Stock,Stock,True,2026-05-08,,,f8cfae6c5b676a346f05
AMX,NYSE,"America Movil, S.A.B. de C.V. American Depositary Shares (each representing the right to receive twenty (20) Series B Shares",Stock,True,2026-05-08,,,2bb6f9483263fb9a39e1
AN,NYSE,"AutoNation, Inc. Common Stock",Stock,True,2026-05-08,,,179aec6c4f573a89a145
ANDG,NYSE,Andersen Group Inc. Class A Common Stock,Stock,True,2026-05-08,,,8873ebda1d48e688a35b
ANET,NYSE,"Arista Networks, Inc. Common Stock",Stock,True,2026-05-08,,,ce98b28cc09844ae25e1
ANF,NYSE,Abercrombie & Fitch Company Common Stock,Stock,True,2026-05-08,,,9cd5672aab86183e228c
ANG$D,NYSE,"American National Group Inc. Depositary Shares, each representing a 1/1000th interest in a share of 7.375% Fixed-Rate Non-Cumulative Preferred Stock, Series D",Stock,True,2026-05-08,,,4f406566649627377782
ANGX,NYSE,"Angel Studios, Inc. Class A Common Stock",Stock,True,2026-05-08,,,02c9b259bc2390b0fd03
ANRO,NYSE,"Alto Neuroscience, Inc. Common Stock",Stock,True,2026-05-08,,,c5c8918eecc6102c1be7
ANVS,NYSE,"Annovis Bio, Inc. Common Stock",Stock,True,2026-05-08,,,a03c5bd62b491fe09b25
AOD,NYSE,abrdn Total Dynamic Dividend Fund Common Shares of Beneficial Interest,Stock,True,2026-05-08,,,88f23bb5c53b7b2a5fa3
AOMD,NYSE,"Angel Oak Mortgage REIT, Inc. 9.750% Senior Notes due 2030",Stock,True,2026-05-08,,,c3f78c4be2c9e8a43dfe
AOMN,NYSE,"Angel Oak Mortgage REIT, Inc. 9.500% Senior Notes due 2029",Stock,True,2026-05-08,,,53608d54a29b59c8029c
AOMR,NYSE,"Angel Oak Mortgage REIT, Inc. Common Stock",Stock,True,2026-05-08,,,f19786a2607ae6b6f486
AON,NYSE,Aon plc Class A Ordinary Shares (Ireland),Stock,True,2026-05-08,,,2f71934a83a0a586d0ce
AORT,NYSE,"Artivion, Inc. Common Stock",Stock,True,2026-05-08,,,265f6f0800dd56088c58
AOS,NYSE,A.O. Smith Corporation Common Stock,Stock,True,2026-05-08,,,7416bd2f88b7d06bf03f
AP,NYSE,Ampco-Pittsburgh Corporation Common Stock,Stock,True,2026-05-08,,,05f8a1ae390f5d5cba1c
APAM,NYSE,Artisan Partners Asset Management Inc. Class A Common Stock,Stock,True,2026-05-08,,,20c8d47128e6384c9f5d
APD,NYSE,"Air Products and Chemicals, Inc. Common Stock",Stock,True,2026-05-08,,,610d26f102203c818ea1
APG,NYSE,APi Group Corporation Common Stock,Stock,True,2026-05-08,,,c575e9235b5a27470cfc
APH,NYSE,Amphenol Corporation Common Stock,Stock,True,2026-05-08,,,dffdbda24b1b24c0bf15
APLE,NYSE,"Apple Hospitality REIT, Inc. Common Shares",Stock,True,2026-05-08,,,58300d208ac0ad7cc9a4
APO,NYSE,"Apollo Global Management, Inc. (New) Common Stock",Stock,True,2026-05-08,,,80702407d80e039ddf80
APO$A,NYSE,"Apollo Global Management, Inc. 6.75% Series A Mandatory Convertible Preferred Stock",Stock,True,2026-05-08,,,f3d14df5193fb380f68d
APOS,NYSE,"Apollo Global Management, Inc. 7.625% Fixed-Rate Resettable Junior Subordinated Notes due 2053",Stock,True,2026-05-08,,,c809f6e4f7a2924f3484
APTV,NYSE,Aptiv PLC Ordinary Shares,Stock,True,2026-05-08,,,ef05702fa94a693e05cb
AQN,NYSE,Algonquin Power & Utilities Corp. Common Shares,Stock,True,2026-05-08,,,989c77cb4f8840de12a4
AQNB,NYSE,"Algonquin Power & Utilities Corp. 6.20% Fixed-to-Floating Subordinated Notes Series 2019-A due July 1, 2079",Stock,True,2026-05-08,,,a2b638a8eac5168f2b76
AR,NYSE,Antero Resources Corporation Common Stock,Stock,True,2026-05-08,,,f95f76a5084bb39779f0
ARCO,NYSE,Arcos Dorados Holdings Inc. Class A Shares,Stock,True,2026-05-08,,,01b43561914f98fc27dd
ARDC,NYSE,"Ares Dynamic Credit Allocation Fund, Inc. Common Shares",Stock,True,2026-05-08,,,7aa88d6adb075993fc91
ARDT,NYSE,"Ardent Health, Inc. Common Stock",Stock,True,2026-05-08,,,47d46ca799b5988c9f8e
ARE,NYSE,"Alexandria Real Estate Equities, Inc. Common Stock",Stock,True,2026-05-08,,,f4757bf753078d701231
ARES,NYSE,Ares Management Corporation Class A Common Stock,Stock,True,2026-05-08,,,88a767bed6cd34c38530
ARES$B,NYSE,Ares Management Corporation 6.75% Series B Mandatory Convertible Preferred Stock,Stock,True,2026-05-08,,,b541617106fe6742f0bf
ARI,NYSE,"Apollo Commercial Real Estate Finance, Inc",Stock,True,2026-05-08,,,288afb8c89ee6235577a
ARIS,NYSE,Aris Mining Corporation Common Shares,Stock,True,2026-05-08,,,68a6cd871c99a8a7f605
ARL,NYSE,"American Realty Investors, Inc. Common Stock",Stock,True,2026-05-08,,,fb2e45e5b07be4b81cc0
ARLO,NYSE,"Arlo Technologies, Inc. Common Stock",Stock,True,2026-05-08,,,1667dbd2113936e758d3
ARMK,NYSE,Aramark Common Stock,Stock,True,2026-05-08,,,5aa257067d35e8c8c066
AROC,NYSE,"Archrock, Inc. Common Stock",Stock,True,2026-05-08,,,96f9b84ba6cc211b6d9d
ARR,NYSE,"ARMOUR Residential REIT, Inc.",Stock,True,2026-05-08,,,7bb3567d28ca3f16185e
ARR$C,NYSE,"ARMOUR Residential REIT, Inc. 7% Series C Cumulative Redeemable Preferred Stock (liquidation preference $25.00 per share)",Stock,True,2026-05-08,,,3491973eb63219498557
ARW,NYSE,"Arrow Electronics, Inc. Common Stock",Stock,True,2026-05-08,,,1066ed13b38117386c74
ARX,NYSE,Accelerant Holdings Class A Common Shares,Stock,True,2026-05-08,,,bf4d5ff10658d1594517
AS,NYSE,"Amer Sports, Inc. Ordinary Shares",Stock,True,2026-05-08,,,423d1b1817fab1d10fb1
ASA,NYSE,ASA Gold and Precious Metals Limited,Stock,True,2026-05-08,,,3b081e6b5b37e38754dd
ASAN,NYSE,"Asana, Inc. Class A Common Stock",Stock,True,2026-05-08,,,de82175a76b2e7ff7428
ASB,NYSE,Associated Banc-Corp Common Stock,Stock,True,2026-05-08,,,7fd41728d6132c553656
ASB$E,NYSE,"Associated Banc-Corp Depositary Shares, each representing a 1/40th interest in a share of 5.875% Non-Cumulative Perpetual Preferred Stock, Series E",Stock,True,2026-05-08,,,241951b1920c5bef4ccb
ASB$F,NYSE,"Associated Banc-Corp Depositary Shares, each representing a 1/40th interest in a share of Associated Banc-Corp 5.625% Non-Cumulative Perpetual Preferred Stock, Series F",Stock,True,2026-05-08,,,63327fba1868336f2bd7
ASBA,NYSE,Associated Banc-Corp 6.625% Fixed-Rate Reset Subordinated Notes due 2033,Stock,True,2026-05-08,,,644e052584564e87e12b
ASC,NYSE,Ardmore Shipping Corporation Common Stock,Stock,True,2026-05-08,,,b931f5527dc623611087
ASG,NYSE,"Liberty All-Star Growth Fund, Inc.",Stock,True,2026-05-08,,,0d6eb68c5ca161196e1d
ASGI,NYSE,abrdn Global Infrastructure Income Fund Common Shares of Beneficial Interest,Stock,True,2026-05-08,,,1106101233ded60df50d
ASH,NYSE,Ashland Inc. Common Stock,Stock,True,2026-05-08,,,72c6a0a141585f7fe111
ASIC,NYSE,Ategrity Specialty Insurance Company Holdings Common Stock,Stock,True,2026-05-08,,,4b01ea837235ccc3cd3e
ASIX,NYSE,AdvanSix Inc. Common Stock,Stock,True,2026-05-08,,,9074b6c41f3b8002cfef
ASPN,NYSE,"Aspen Aerogels, Inc. Common Stock",Stock,True,2026-05-08,,,6916672098f3f65a6753
ASR,NYSE,"Grupo Aeroportuario del Sureste, S.A. de C.V. Common Stock",Stock,True,2026-05-08,,,d97e9562b73f17cb1143
ASX,NYSE,"ASE Technology Holding Co., Ltd. American Depositary Shares (each representing Two Common Shares)",Stock,True,2026-05-08,,,afeb75b759eb7be391ef
ATEN,NYSE,"A10 Networks, Inc. Common Stock",Stock,True,2026-05-08,,,625183582219f11656e0
ATH$A,NYSE,"Athene Holding Ltd. Depositary Shares, Each Representing a 1/1,000th Interest in a 6.35% Fixed-to-Floating Rate Perpetual Non-Cumulative Preference Share, Series A",Stock,True,2026-05-08,,,2d7e2501a15106de0694
ATH$B,NYSE,"Athene Holding Ltd. Depositary Shares, Each Representing a 1/1,000th Interest in a 5.625% Fixed Rate Perpetual Non- Cumulative Preference Share, Series B, par value $1.00 per share",Stock,True,2026-05-08,,,5b2d1805135556538fec
ATH$D,NYSE,"Athene Holding Ltd. Depositary Shares, Each Representing a 1/1,000th Interest in a 4.875% Fixed-Rate Perpetual Non-Cumulative Preference Share, Series D",Stock,True,2026-05-08,,,fba193ee8789bc86bad6
ATH$E,NYSE,"Athene Holding Ltd. Depositary Shares, Each Representing a 1/1,000th Interest in a 7.750% Fixed-Rate Reset Perpetual Non-Cumulative Preference Share, Series E",Stock,True,2026-05-08,,,a8fee026fbcda36e47f7
ATHM,NYSE,"Autohome Inc. American Depositary Shares, each representing four class A ordinary shares.",Stock,True,2026-05-08,,,de961b593629b3cadf2a
ATHS,NYSE,Athene Holding Ltd. 7.250% Fixed-Rate Reset Junior Subordinated Debentures due 2064,Stock,True,2026-05-08,,,bdc66952323a3f9ce269
ATI,NYSE,ATI Inc. Common Stock,Stock,True,2026-05-08,,,b15efc362c3f753859d4
ATKR,NYSE,Atkore Inc. Common Stock,Stock,True,2026-05-08,,,5b296ea016d2ade64e5e
ATMU,NYSE,Atmus Filtration Technologies Inc. Common Stock,Stock,True,2026-05-08,,,885d98edaf52f5df4ed7
ATO,NYSE,Atmos Energy Corporation Common Stock,Stock,True,2026-05-08,,,9121da830dfb548969d0
ATR,NYSE,"AptarGroup, Inc. Common Stock",Stock,True,2026-05-08,,,4b095f4200c1e0655514
ATS,NYSE,ATS Corporation Common Shares,Stock,True,2026-05-08,,,3a732251ef42749a3350
AU,NYSE,AngloGold Ashanti PLC Ordinary Shares,Stock,True,2026-05-08,,,09f43c6a7250855bc59f
AUB,NYSE,Atlantic Union Bankshares Corporation Common Stock,Stock,True,2026-05-08,,,47a739df874f946514a7
AUB$A,NYSE,"Atlantic Union Bankshares Corporation Depositary Shares each representing a 1/400th ownership interest in a share of 6.875% Perpetual Non-Cumulative Preferred Stock, Series A",Stock,True,2026-05-08,,,69845dbe749de621a394
AUNA,NYSE,Auna SA Class A Ordinary Shares,Stock,True,2026-05-08,,,a3e14098796158ba3527
AVA,NYSE,Avista Corporation Common Stock,Stock,True,2026-05-08,,,785aacf05a7dfd47deac
AVAL,NYSE,Grupo Aval Acciones y Valores S.A. ADR (Each representing 20 preferred shares),Stock,True,2026-05-08,,,09b640e924c99debe0f9
AVB,NYSE,"AvalonBay Communities, Inc. Common Stock",Stock,True,2026-05-08,,,51f60de4223925c73b16
AVBC,NYSE,"Avidia Bancorp, Inc. Common Stock",Stock,True,2026-05-08,,,0e960224ce3570300185
AVD,NYSE,American Vanguard Corporation Common Stock ($0.10 Par Value),Stock,True,2026-05-08,,,833661d92010223c7c72
AVEX,NYSE,AEVEX Corp. Class A Common Stock,Stock,True,2026-05-08,,,19d903adcd345ebdc209
AVK,NYSE,Advent Convertible and Income Fund,Stock,True,2026-05-08,,,d32894636571fa0a94b7
AVNS,NYSE,"Avanos Medical, Inc. Common Stock",Stock,True,2026-05-08,,,87e7558337ca021f0091
AVNT,NYSE,Avient Corporation Common Stock,Stock,True,2026-05-08,,,367603edc7956735c6e5
AVTR,NYSE,"Avantor, Inc. Common Stock",Stock,True,2026-05-08,,,2e9e8ef16a2516699997
AVY,NYSE,Avery Dennison Corporation Common Stock,Stock,True,2026-05-08,,,d4a9830fe72364a49f94
AWF,NYSE,Alliancebernstein Global High Income Fund,Stock,True,2026-05-08,,,2f18ab589403442b91d3
AWI,NYSE,Armstrong World Industries Inc Common Stock,Stock,True,2026-05-08,,,c161ff1afd524da4b6d6
AWK,NYSE,"American Water Works Company, Inc. Common Stock",Stock,True,2026-05-08,,,1fad9a003a180f7def4d
AWP,NYSE,abrdn Global Premier Properties Fund Common Shares of Beneficial Interest,Stock,True,2026-05-08,,,17cddf9df483e12a5842
AWR,NYSE,American States Water Company Common Stock,Stock,True,2026-05-08,,,b49f08b0e0ffc048959f
AX,NYSE,"Axos Financial, Inc. Common Stock",Stock,True,2026-05-08,,,0dba814449ac92e63b99
AXIA,NYSE,AXIA Energia American Depositary Shares (Each representing one Common Share),Stock,True,2026-05-08,,,102fdde792159b37dc4d
AXIA$,NYSE,AXIA Energia AXIA Energia American Depositary Shares (Each representing one Preferred Class B1 Share),Stock,False,2026-05-08,2026-06-08,Missing from current NYSE source snapshot; reason unavailable,383a0cd63e2dd058ff86
AXIA$C,NYSE,"AXIA Energia American Depositary Shares, each representing one Preferred Class C Share",Stock,True,2026-05-08,,,db13aedc2cb0d9bd678b
AXP,NYSE,American Express Company Common Stock,Stock,True,2026-05-08,,,9a1a31ad8a937dba5b9c
AXR,NYSE,AMREP Corporation Common Stock,Stock,True,2026-05-08,,,de7fe6221f046f141dff
AXS,NYSE,Axis Capital Holdings Limited Common Stock,Stock,True,2026-05-08,,,72fc80a1f4ec988b6340
AXS$E,NYSE,"Axis Capital Holdings Limited Depositary Shares, each representing 1/100th interest in a share of a 5.50% Series E Preferred Shares",Stock,True,2026-05-08,,,f4d6a84dac4aaf4df47f
AXTA,NYSE,Axalta Coating Systems Ltd. Common Shares,Stock,True,2026-05-08,,,76b74760036a4e862b53
AYI,NYSE,Acuity Inc. Common Stock,Stock,True,2026-05-08,,,d6b5f77097a1e81c6205
AZN,NYSE,AstraZeneca PLC Ordinary Shares,Stock,True,2026-05-08,,,0008c7754f264204b316
AZO,NYSE,"AutoZone, Inc. Common Stock",Stock,True,2026-05-08,,,868c8a37e86f3ba42813
AZUL,NYSE,"Azul S.A. American Depositary Shares, each representing two (2) Common Shares",Stock,True,2026-07-09,,,162d6cbf1a1aa74ba4f5
AZZ,NYSE,AZZ Inc.,Stock,True,2026-05-08,,,d779f675acb63ff968ac
B,NYSE,Barrick Mining Corporation Common Shares,Stock,True,2026-05-08,,,14329db1b319e69c0b08
BA,NYSE,Boeing Company (The) Common Stock,Stock,True,2026-05-08,,,c0cc9443d17394589857
BA$A,NYSE,"Boeing Company (The) Depositary Shares, each representing a 1/20th interest in a share of 6.00% Series A Mandatory Convertible Preferred Stock, par value $1.00",Stock,True,2026-05-08,,,f6f923e5cc1db2d6117b
BABA,NYSE,Alibaba Group Holding Limited American Depositary Shares each representing eight Ordinary share,Stock,True,2026-05-08,,,dd442dfedc3b60dcfd9e
BAC,NYSE,Bank of America Corporation Common Stock,Stock,True,2026-05-08,,,47bc1aca633b4db7922c
BAC$B,NYSE,"Bank of America Corporation Depositary Shares, each representing a 1/1,000th interest in a share of 6.000% Non-Cumulative Preferred Stock, Series GG",Stock,True,2026-05-08,,,b3bc39ecb73e72d9d212
BAC$E,NYSE,Bank of America Corporation Depositary Sh repstg 1/1000th Perp Pfd Ser E,Stock,True,2026-05-08,,,f7c2123aed45a10f3492
BAC$K,NYSE,"Bank of America Corporation Depositary Shares, each representing a 1/1,000th interest in a share of 5.875% Non- Cumulative Preferred Stock, Series HH",Stock,True,2026-05-08,,,be7fa1d0f9295c6b0704
BAC$L,NYSE,Bank of America Corporation Non Cumulative Perpetual Conv Pfd Ser L,Stock,True,2026-05-08,,,8ece521181a329fc552c
BAC$M,NYSE,"Bank of America Corporation Depositary Shares, each representing a 1/1,000th interest in a share of 5.375% Non-Cumulative Preferred Stock, Series KK",Stock,True,2026-05-08,,,41f46e95e66bb528d000
BAC$N,NYSE,"Bank of America Corporation Depositary shares, each representing 1/1,000th interest in a share of 5.000% Non-Cumulative Preferred Stock, Series LL",Stock,True,2026-05-08,,,24f5600a97a7a8ecaf90
BAC$O,NYSE,"Bank of America Corporation Depositary shares, each representing 1/1,000th interest in a share of 4.375% Non-Cumulative Preferred Stock, Series NN",Stock,True,2026-05-08,,,f702be7b474d4dd5bb67
BAC$P,NYSE,"Bank of America Corporation Depositary Shares, each representing a 1/1,000th interest in a share of 4.125% Non-Cumulative Preferred Stock, Series PP",Stock,True,2026-05-08,,,cf79b503b744487d0490
BAC$Q,NYSE,"Bank of America Corporation Depositary shares, each representing 1/1,000th interest in a share of 4.250% Non-Cumulative Preferred Stock, Series QQ",Stock,True,2026-05-08,,,97398621a8d436fbe702
BAC$S,NYSE,"Bank of America Corporation Depositary shares, each representing 1/1,000th interest in a share of 4.750% Non-Cumulative Preferred Stock, Series SS",Stock,True,2026-05-08,,,fa08fc0f7d611e189503
BAH,NYSE,Booz Allen Hamilton Holding Corporation Common Stock,Stock,True,2026-05-08,,,3af5e5ee27ed5fd82458
BAK,NYSE,Braskem SA ADR,Stock,True,2026-05-08,,,9de2aed41d986e51de15
BALL,NYSE,Ball Corporation Common Stock,Stock,True,2026-05-08,,,16f55f142e0df9bcf78b
BALY,NYSE,Bally's Corporation Common Stock,Stock,True,2026-05-08,,,dda73f83254159d1f590
BAM,NYSE,Brookfield Asset Management Inc Class A Limited Voting Shares,Stock,True,2026-05-08,,,b00c603c580e9df786ed
BANC,NYSE,"Banc of California, Inc. Common Stock",Stock,True,2026-05-08,,,e634a0dcfb2a2482d1f8
BANC$F,NYSE,"Banc of California, Inc. Depositary Shares, each representing a 1/40th interest in a share of 7.75% non-cumulative perpetual preferred stock, Series F",Stock,True,2026-05-08,,,7f96fbd7182f7c5098d9
BAP,NYSE,Credicorp Ltd. Common Stock,Stock,True,2026-05-08,,,bdc230cd6f5a3e2a5941
BARK,NYSE,"BARK, Inc. Class A Common Stock",Stock,True,2026-05-08,,,1a0569a8a7557651ba7a
BAX,NYSE,Baxter International Inc. Common Stock,Stock,True,2026-05-08,,,44d38ad61358d1e18bed
BB,NYSE,BlackBerry Limited Common Stock,Stock,True,2026-05-08,,,25ae78cfee124769de31
BBAI,NYSE,"BigBear.ai, Inc. Common Stock",Stock,True,2026-05-08,,,a8afdf10f5b2c32b4393
BBAI.W,NYSE,"BigBear.ai, Inc. Redeemable Warrants, each exercisable for one share of Common Stock at an exercise price of $11.50 per share",Stock,True,2026-05-08,,,cf02c3a745d2577078e6
BBAR,NYSE,Banco BBVA Argentina S.A. ADS,Stock,True,2026-05-08,,,844605f89c850e139b1a
BBBY,NYSE,"Bed Bath & Beyond, Inc. Common Stock",Stock,True,2026-05-08,,,ebe77fa17743a2704943
BBBY.W,NYSE,"Bed Bath & Beyond, Inc. Warrants to Purchase Common Stock",Stock,True,2026-05-08,,,9f0f893f3ad460c19e96
BBD,NYSE,Banco Bradesco Sa American Depositary Shares,Stock,True,2026-05-08,,,d9357ef22ad4baa7de58
BBDC,NYSE,"Barings BDC, Inc. Common Stock",Stock,True,2026-05-08,,,d7eaed401c1e0e2d2758
BBDO,NYSE,Banco Bradesco Sa American Depositary Shares (each representing one Common Share),Stock,True,2026-05-08,,,153a32515ef01332a9d7
BBN,NYSE,BlackRock Taxable Municipal Bond Trust Common Shares of Beneficial Interest,Stock,True,2026-05-08,,,e7c7a89af5890e9998ef
BBT,NYSE,Beacon Financial Corporation Common stock,Stock,True,2026-05-08,,,203fb79014983d459ff8
BBUC,NYSE,Brookfield Business Corporation Class A Subordinate Voting Shares,Stock,True,2026-05-08,,,f982c68025aa96a5f118
BBVA,NYSE,Banco Bilbao Vizcaya Argentaria S.A. Common Stock,Stock,True,2026-05-08,,,ccb7d06e7f174488140a
BBW,NYSE,"Build-A-Bear Workshop, Inc. Common Stock",Stock,True,2026-05-08,,,23237b3e6eff682388aa
BBWI,NYSE,"Bath & Body Works, Inc.",Stock,True,2026-05-08,,,19f66e7b9bfca5789f59
BBY,NYSE,"Best Buy Co., Inc. Common Stock",Stock,True,2026-05-08,,,06f015fc99ca559007f8
BC,NYSE,Brunswick Corporation Common Stock,Stock,True,2026-05-08,,,b19025bc3507556fc9c8
BC$C,NYSE,Brunswick Corporation 6.375% Notes due 2049,Stock,True,2026-05-08,,,4e8cf64c660e5b572ba9
BCAT,NYSE,BlackRock Capital Allocation Term Trust Common Shares of Beneficial Interest,Stock,True,2026-05-08,,,a554cf3fa5b150a34098
BCC,NYSE,"Boise Cascade, L.L.C. Common Stock",Stock,True,2026-05-08,,,ac7847ac5b0a0d7b91dd
BCE,NYSE,"BCE, Inc. Common Stock",Stock,True,2026-05-08,,,fc1e9cc75936d3c516a1
BCEM,NYSE,Baron Emerging Markets Select ETF,ETF,True,2026-05-08,,,c512acad1dc9875b9a52
BCGD,NYSE,Baron Global Durable Advantage ETF,ETF,True,2026-05-08,,,22cee14e37fc59094d90
BCH,NYSE,Banco De Chile ADS,Stock,True,2026-05-08,,,a5f2592818e776afbbb3
BCO,NYSE,Brinks Company (The) Common Stock,Stock,True,2026-05-08,,,7ef6b4f91ac417be6e1c
BCS,NYSE,Barclays PLC Common Stock,Stock,True,2026-05-08,,,7ee10836ff80cc19d18f
BCSF,NYSE,"Bain Capital Specialty Finance, Inc. Common Stock",Stock,True,2026-05-08,,,bceb0a6e100b99b67fe5
BCSM,NYSE,Baron SMID Cap ETF,ETF,True,2026-05-08,,,de794f5576bc7d7d1ded
BCSS,NYSE,Bain Capital GSS Investment Corp. Class A Ordinary Shares,Stock,True,2026-05-08,,,695f073416efbba33ab3
BCSS.U,NYSE,"Bain Capital GSS Investment Corp. Units, each consisting of one Class A Ordinary Share and one-fifth of one redeemable warrant",Stock,True,2026-05-08,,,1531e4ebf6e132d28212
BCSS.W,NYSE,"Bain Capital GSS Investment Corp. Redeemable warrants, each whole warrant exercisable for one Class A ordinary share at an exercise price of $11.50",Stock,True,2026-05-08,,,898777e96097b6926ac9
BCX,NYSE,BlackRock Resources Common Shares of Beneficial Interest,Stock,True,2026-05-08,,,65ddf9b6bbae2339a54a
BDC,NYSE,Belden Inc Common Stock,Stock,True,2026-05-08,,,541bd8ee2cdad210e9e9
BDJ,NYSE,Blackrock Enhanced Equity Dividend Trust,Stock,True,2026-05-08,,,312c723480ae23646755
BDN,NYSE,Brandywine Realty Trust Common Stock,Stock,True,2026-05-08,,,a1e391b6d26ce3e33d5b
BDX,NYSE,"Becton, Dickinson and Company Common Stock",Stock,True,2026-05-08,,,167e2ecc14a7640555d7
BE,NYSE,Bloom Energy Corporation Class A Common Stock,Stock,True,2026-05-08,,,daab4031572191efb5ac
BEBE,NYSE,TGE Value Creative Solutions Corp Class A Ordinary Shares,Stock,True,2026-05-08,,,178d68ecc052eceb718a
BEBE.U,NYSE,"TGE Value Creative Solutions Corp Units, each consisting of one Class A ordinary share and one-half of one redeemable warrant",Stock,True,2026-05-08,,,11b492657527b90fcd35
BEBE.W,NYSE,"TGE Value Creative Solutions Corp Redeemable warrants, each whole warrant exercisable for one Class A ordinary share at an exercise price of $11.50 per share",Stock,True,2026-05-08,,,cf6dc5441710cbc58118
BEKE,NYSE,KE Holdings Inc American Depositary Shares (each representing three Class A Ordinary Shares),Stock,True,2026-05-08,,,fca8a08075b17779cf21
BEN,NYSE,"Franklin Resources, Inc. Common Stock",Stock,True,2026-05-08,,,2780309bfd6054adad09
BEP,NYSE,Brookfield Renewable Partners L.P. Limited Partnership Units,Stock,True,2026-05-08,,,bdda562d6f95c68af2c3
BEP$A,NYSE,"Brookfield Renewable Partners L.P. 5.25% Class A Preferred Limited Partnership Units, Series 17",Stock,True,2026-05-08,,,80c37fb4912e80ef0a18
BEPC,NYSE,Brookfield Renewable Corporation Brookfield Renewable Corporation Class A Subordinate Voting Shares,Stock,True,2026-05-08,,,504fd5dcbc31f5c68378
BEPH,NYSE,Brookfield BRP Holdings (Canada) Inc. 4.625% Perpetual Subordinated Notes,Stock,True,2026-05-08,,,c325447db7be9b19d7dd
BEPI,NYSE,Brookfield BRP Holdings (Canada) Inc. 4.875% Perpetual Subordinated Notes,Stock,True,2026-05-08,,,b59b92084158f009ee24
BEPJ,NYSE,Brookfield BRP Holdings (Canada) Inc. 7.250% Perpetual Subordinated Notes,Stock,True,2026-05-08,,,59e08bf464e8a543d466
BETA,NYSE,"Beta Technologies, Inc. Class A Common Stock",Stock,True,2026-05-08,,,4a7ec9073ea0dfaa6fec
BF.A,NYSE,Brown Forman Inc Class A Common Stock,Stock,True,2026-05-08,,,cb86c4f611c51e84fb80
BF.B,NYSE,Brown Forman Inc Class B Common Stock,Stock,True,2026-05-08,,,e4d7c91e40e570732ca0
BFAM,NYSE,Bright Horizons Family Solutions Inc. Common Stock,Stock,True,2026-05-08,,,011916145957e4915081
BFH,NYSE,"Bread Financial Holdings, Inc. Common Stock",Stock,True,2026-05-08,,,4c3db608b87ce7e44dc4
BFH$A,NYSE,"Bread Financial Holdings, Inc. Depositary Shares, each representing a 1/40th interest in a share of 8.625% Non-Cumulative Perpetual Preferred Stock, Series A",Stock,True,2026-05-08,,,508388d1847c1c95cd96
BFH$B,NYSE,"Bread Financial Holdings, Inc. Depositary Shares, each representing a 1/40th interest in a share of 8.875% Fixed Rate Reset Non-Cumulative Perpetual Preferred Stock, Series B",Stock,True,2026-05-15,,,29418ac032e1a33a3881
BFLY,NYSE,"Butterfly Network, Inc. Class A Common Stock",Stock,True,2026-05-08,,,d113d25bc59b19d306ed
BFS,NYSE,"Saul Centers, Inc. Common Stock",Stock,True,2026-05-08,,,ec4f4de026737e267ce6
BFS$D,NYSE,"Saul Centers, Inc. Depositary Shares, each representing 1/100th of a share of 6.125% Series D Cumulative Redeemable Preferred Stock",Stock,True,2026-05-08,,,b846ee5392e54b905e66
BFS$E,NYSE,"Saul Centers, Inc. Depositary shares, each representing a 1/100th fractional interest in a share of 6.000% Series E Cumulative Redeemable Preferred Stock",Stock,True,2026-05-08,,,4dd50e42a9020c2598a6
BG,NYSE,Bunge Limited Common Shares,Stock,True,2026-05-08,,,d2cbdc5752771994fbc6
BGB,NYSE,Blackstone Strategic Credit 2027 Term Fund Common Shares of Beneficial Interest,Stock,True,2026-05-08,,,f61ba45f5f823a018b5c
BGH,NYSE,Barings Global Short Duration High Yield Fund Common Shares of Beneficial Interests,Stock,True,2026-05-08,,,8dc07e147500f80108a4
BGR,NYSE,BlackRock Energy and Resources Trust,Stock,True,2026-05-08,,,76933c65d82d3fed252e
BGS,NYSE,"B&G Foods, Inc. Common Stock",Stock,True,2026-05-08,,,8868bc9e71e549b7066c
BGSF,NYSE,"BGSF, Inc. Common Stock",Stock,True,2026-05-08,,,1a104823822e74c88ba4
BGSI,NYSE,Boyd Group Services Inc. Common Shares,Stock,True,2026-05-08,,,5ea6580b90516d915578
BGT,NYSE,BlackRock Floating Rate Income Trust,Stock,True,2026-05-08,,,a2fe810a2aa5c46bd0ba
BGX,NYSE,Blackstone Long Short Credit Income Fund Common Shares,Stock,True,2026-05-08,,,8dc76a035d9a9a247899
BGY,NYSE,Blackrock Enhanced International Dividend Trust,Stock,True,2026-05-08,,,5a6cab0889222d190d31
BH,NYSE,Biglari Holdings Inc. Class B Common Stock,Stock,True,2026-05-08,,,702469bafd4c72dad366
BH.A,NYSE,Biglari Holdings Inc. Class A Common Stock,Stock,True,2026-05-08,,,a803757c073249a6a64b
BHC,NYSE,Bausch Health Companies Inc. Common Stock,Stock,True,2026-05-08,,,9ac981ff9052eec1455a
BHE,NYSE,"Benchmark Electronics, Inc. Common Stock",Stock,True,2026-05-08,,,b97f0c5c025b7aa566e8
BHK,NYSE,Blackrock Core Bond Trust,Stock,True,2026-05-08,,,029e15a1b06469d42fee
BHP,NYSE,BHP Group Limited American Depositary Shares (Each representing two Ordinary Shares),Stock,True,2026-05-08,,,4f1065ab0e5ad17f4c35
BHR,NYSE,Braemar Hotels & Resorts Inc. Common Stock,Stock,True,2026-05-08,,,afa561ae4b00964474d1
BHR$B,NYSE,"Braemar Hotels & Resorts Inc. 5.50% Series B Cumulative Convertible Preferred Stock, par value $0.01 per share",Stock,True,2026-05-08,,,254a4c3fa4d69b131da8
BHR$D,NYSE,"Braemar Hotels & Resorts Inc. 8.25% Series D Cumulative Preferred Stock, par value $0.01 per share",Stock,True,2026-05-08,,,bbc31ccf535b582628dc
BHV,NYSE,BlackRock Virginia Municipal Bond Trust,Stock,True,2026-05-08,,,1f595723d333be5659e2
BHVN,NYSE,Biohaven Ltd. Common Shares,Stock,True,2026-05-08,,,203750b58d1063d4d1bd
BIII,NYSE,Black Spade Acquisition III Co Class A Ordinary Shares,Stock,True,2026-05-08,,,29bb075cf851be37425c
BIII.U,NYSE,"Black Spade Acquisition III Co Units, each consisting of one Class A ordinary share and one-third of one redeemable warrant",Stock,True,2026-05-08,,,710a01cba8761dc736bd
BIII.W,NYSE,"Black Spade Acquisition III Co Redeemable warrants, each whole warrant exercisable for one Class A ordinary share at an exercise price of $11.50",Stock,True,2026-05-08,,,51fb8d1dd8d479472c0e
BILL,NYSE,"BILL Holdings, Inc. Common Stock",Stock,True,2026-05-08,,,3bf8f079393496dc2f7c
BIO,NYSE,"Bio-Rad Laboratories, Inc. Class A Common Stock",Stock,True,2026-05-08,,,e9dc0e9a895cdaa96bda
BIO.B,NYSE,"Bio-Rad Laboratories, Inc. Class B Common Stock",Stock,True,2026-05-08,,,86244f8f31c29c8fc429
BIP,NYSE,Brookfield Infrastructure Partners LP Limited Partnership Units,Stock,True,2026-05-08,,,b8f6bdaf8be07bcf59ba
BIP$A,NYSE,"Brookfield Infrastructure Partners LP 5.125% Class A Preferred Limited Partnership Units, Series 13",Stock,True,2026-05-08,,,037175b86a1e74c79684
BIP$B,NYSE,"Brookfield Infrastructure Partners LP 5.000% Class A Preferred Limited Partnership Units, Series 14",Stock,True,2026-05-08,,,ddfebf3dfaa1022c8425
BIPC,NYSE,Brookfield Infrastructure Corporation Brookfield Infrastructure Corporation,Stock,True,2026-05-08,,,67c12567e80f7b4c694a
BIPH,NYSE,Brookfield Infrastructure Corporation 5.000% Subordinated Notes due 2081,Stock,True,2026-05-08,,,d92c9b00f6e32af1ab34
BIPI,NYSE,BIP Bermuda Holdings I Limited 5.125% Perpetual Subordinated Notes,Stock,True,2026-05-08,,,45b9d69ae247966c9bd0
BIPJ,NYSE,Brookfield Infrastructure Corporation 7.250% Subordinated Notes due 2084,Stock,True,2026-05-08,,,a8f1c020e8bcb18bfd67
BIRK,NYSE,Birkenstock Holding plc Ordinary Shares,Stock,True,2026-05-08,,,b33498f978ee7c51caf3
BIT,NYSE,BlackRock Multi-Sector Income Trust Common Shares of Beneficial Interest,Stock,True,2026-05-08,,,1dd22542af8203889cff
BJ,NYSE,"BJ's Wholesale Club Holdings, Inc. Common Stock",Stock,True,2026-05-08,,,25fc4b2b3b76a6068dd2
BK,NYSE,The Bank of New York Mellon Corporation Common Stock,Stock,False,2026-05-08,2026-05-21,Missing from current NYSE source snapshot; reason unavailable,a111e114e42a04a612d7
BK$K,NYSE,"The Bank Of New York Mellon Corporation Depositary Shares, each representing a 1/4,000th interest in a share of Series K Noncumulative Perpetual Preferred Stock",Stock,False,2026-05-08,2026-05-21,Missing from current NYSE source snapshot; reason unavailable,c815185487ce40d2b45b
BKD,NYSE,Brookdale Senior Living Inc. Common Stock,Stock,True,2026-05-08,,,f53111667ebd147d742a
BKE,NYSE,"Buckle, Inc. (The) Common Stock",Stock,True,2026-05-08,,,9e088e306c5b4d83eb0e
BKH,NYSE,Black Hills Corporation Common Stock,Stock,True,2026-05-08,,,cc278015f185d85920fe
BKKT,NYSE,"Bakkt, Inc. Class A Common Stock",Stock,True,2026-05-08,,,7d3f1eae9cdda56565e3
BKKT.W,NYSE,"Bakkt, Inc. Warrants to purchase Class A Common Stock, each Warrant entitles a holder to purchase 1/25th of a share of Class A common stock at an exercise price of $287.50 for one share",Stock,True,2026-05-08,,,d6eb45a90ce3809132d1
BKSY,NYSE,BlackSky Technology Inc. Class A Common Stock,Stock,True,2026-05-08,,,88b3fc170db156f6f641
BKSY.W,NYSE,"BlackSky Technology Inc. Redeemable Warrants, each whole Warrant exercisable for one share of Class A Common Stock",Stock,True,2026-05-08,,,2fb7a0a42fe1017a30b7
BKT,NYSE,BlackRock Income Trust Inc. (The),Stock,True,2026-05-08,,,8899c6c1c4262d8cab32
BKU,NYSE,"BankUnited, Inc. Common Stock",Stock,True,2026-05-08,,,80e044a9ff9c1276e4ad
BKV,NYSE,BKV Corporation Common Stock,Stock,True,2026-05-08,,,540428236c5b2f7b9c80
BLCO,NYSE,Bausch + Lomb Corporation Common Shares,Stock,True,2026-05-08,,,52c495592fab7aca54c7
BLD,NYSE,TopBuild Corp. Common Stock,Stock,False,2026-05-08,2026-07-01,Other delisting reason: Details unavailable (source: FMP Delisted API),dd73233a455e13c5c1d7
BLDR,NYSE,"Builders FirstSource, Inc. Common Stock",Stock,True,2026-05-08,,,78473eeb0eee2c5acdab
BLK,NYSE,"BlackRock, Inc. Common Stock",Stock,True,2026-05-08,,,f311a5fbdc04ba919525
BLND,NYSE,"Blend Labs, Inc. Class A Common Stock",Stock,True,2026-05-08,,,6d80586708ce2869408f
BLSH,NYSE,Bullish Ordinary Shares,Stock,True,2026-05-08,,,225846dd8b17b8290614
BLW,NYSE,Blackrock Limited Duration Income Trust,Stock,True,2026-05-08,,,08429b7b58f83e91cd00
BLX,NYSE,"Banco Latinoamericano de Comercio Exterior, S.A.",Stock,False,2026-05-08,2026-06-25,Listing metadata changed,dd011eb7ef5cc62b700f
BLX,NYSE,"Bladex, Inc. Class E Common Stock",Stock,True,2026-06-25,,,7c867b88c730563a0ad5
BMA,NYSE,Banco Macro S.A. ADR (representing Ten Class B Common Shares),Stock,True,2026-05-08,,,95a829fd1b1a6b6f6ef5
BME,NYSE,Blackrock Health Sciences Trust,Stock,True,2026-05-08,,,b89141a2d9c04d9c46b1
BMEZ,NYSE,BlackRock Health Sciences Term Trust Common Shares of Beneficial Interest,Stock,True,2026-05-08,,,2b73fff0dffd073a3af6
BMI,NYSE,"Badger Meter, Inc. Common Stock",Stock,True,2026-05-08,,,7bc363f3e232712b7ac0
BML$G,NYSE,"Bank of America Corporation Depositary Shares (Each representing a 1/1200th interest in a share of Floating Rate Non-Cumulative Preferred Stock , Series 1)",Stock,True,2026-05-08,,,9286ac0d73ce3eecefec
BML$H,NYSE,"Bank of America Corporation Depositary Shares (Each representing a 1/1200th interest in a Share of Floating Rate Non-Cumulative Preferred Stock, Series 2)",Stock,True,2026-05-08,,,49f0e0e974ad4eb78dd7
BML$J,NYSE,"Bank of America Corporation Depositary Shares (Each representing a 1/1200th interest in a Share of Floating Rate Non-Cumulative Preferred Stock, Series 4)",Stock,True,2026-05-08,,,ba9bd1691c5559045212
BML$L,NYSE,"Bank of America Corporation Depositary Shares (Each representing a 1/1200th Interest in a Share of Floating Rate Non-Cumulative Preferred Stock, Series 5)",Stock,True,2026-05-08,,,f97e37fcae3172a62796
BMN,NYSE,BlackRock 2037 Municipal Target Term Trust Common Shares of Beneficial Interest,Stock,True,2026-05-08,,,fb59cc009bb7b052d394
BMNP,NYSE,"BitMine Immersion Technologies, Inc. 9.5% Series A Perpetual Preferred Stock",Stock,True,2026-06-16,,,272edc7e1f8ea9fd3985
BMNR,NYSE,"BitMine Immersion Technologies, Inc. Common Stock",Stock,True,2026-05-08,,,a957ee6bbe09643728c7
BMO,NYSE,Bank Of Montreal Common Stock,Stock,True,2026-05-08,,,081c4e42c414d091c025
BMY,NYSE,Bristol-Myers Squibb Company Common Stock,Stock,True,2026-05-08,,,409b91f29750cd1e91ac
BN,NYSE,Brookfield Corporation Class A Limited Voting Shares,Stock,True,2026-05-08,,,29a3bad907c8f89116e0
BNED,NYSE,"Barnes & Noble Education, Inc Common Stock",Stock,True,2026-05-08,,,fb1e0a2332b0de5135b4
BNH,NYSE,"Brookfield Finance Inc. 4.625% Subordinated Notes due October 16, 2080",Stock,True,2026-05-08,,,77d8f96f308e8efb6b6b
BNJ,NYSE,Brookfield Finance Inc. 4.50% Perpetual Subordinated Notes,Stock,True,2026-05-08,,,6f09cfcce364b44d7d7f
BNL,NYSE,"Broadstone Net Lease, Inc. Common Stock",Stock,True,2026-05-08,,,462ff163f15fae8105fe
BNS,NYSE,Bank Nova Scotia Halifax Pfd 3 Ordinary Shares,Stock,True,2026-05-08,,,58b919e7f8f85c20bc0a
BNT,NYSE,Brookfield Wealth Solutions Ltd. Class A Exchangeable Limited Voting Shares,Stock,True,2026-05-08,,,1241b1da6f05e7c8d959
BNY,NYSE,The Bank of New York Mellon Corporation Common Stock,Stock,True,2026-05-21,,,a111e114e42a04a612d7
BNY$K,NYSE,"The Bank Of New York Mellon Corporation Depositary Shares, each representing a 1/4,000th interest in a share of Series K Noncumulative Perpetual Preferred Stock",Stock,True,2026-05-21,,,c815185487ce40d2b45b
BOBS,NYSE,"Bob's Discount Furniture, Inc. Common Stock",Stock,True,2026-05-08,,,c728a4dc786888dd0e9e
BOC,NYSE,Boston Omaha Corporation Class A Common Stock,Stock,True,2026-05-08,,,1a93099c18a89e5f6a74
BOE,NYSE,Blackrock Enhanced Global Dividend Trust Common Shares of Beneficial Interest,Stock,True,2026-05-08,,,fe4011efe60e08c018e5
BOH,NYSE,Bank of Hawaii Corporation Common Stock,Stock,True,2026-05-08,,,bf312114903353be7f69
BOH$A,NYSE,"Bank of Hawaii Corporation Depositary Shares Each Representing a 1/40th Interest in a Share of 4.375% Fixed Rate Non-Cumulative Perpetual Preferred Stock, Series A",Stock,True,2026-05-08,,,c6e62e889d0cfb3f9b3b
BOH$B,NYSE,"Bank of Hawaii Corporation Depositary Shares, Each Representing a 1/40th Interest in a Share of 8.000% Fixed Rate Non-Cumulative Perpetual Preferred Stock, Series B",Stock,True,2026-05-08,,,c8b2728b8f471048d275
BOND,NYSE,PIMCO Active Bond Exchange-Traded Fund Exchange-Traded Fund,ETF,True,2026-05-08,,,2c1233a1845d0a777fc8
BOOT,NYSE,"Boot Barn Holdings, Inc. Common Stock",Stock,True,2026-05-08,,,de9fe443cd7c2018453b
BORR,NYSE,Borr Drilling Limited Common Shares,Stock,True,2026-05-08,,,fe4eea132df417ca39b6
BOW,NYSE,Bowhead Specialty Holdings Inc. Common Stock,Stock,True,2026-05-08,,,29fd2e4a17fd21434913
BOX,NYSE,"Box, Inc. Class A Common Stock",Stock,True,2026-05-08,,,c92ad5aae2e1b9b2200e
BP,NYSE,BP p.l.c. Common Stock,Stock,True,2026-05-08,,,11fa82e9ac0f37437bad
BPRE,NYSE,Bluerock Private Real Estate Fund Common Shares of Beneficial Interest,Stock,True,2026-05-08,,,7ab6dcc38caf450afde9
BR,NYSE,"Broadridge Financial Solutions, Inc. Common Stock",Stock,True,2026-05-08,,,54c07de073fbd5621de6
BRBR,NYSE,"BellRing Brands, Inc. Common Stock",Stock,True,2026-05-08,,,c7e6a13d9be13c8e31fb
BRC,NYSE,Brady Corporation Common Stock,Stock,True,2026-05-08,,,fda7529661b35906773c
BRCC,NYSE,BRC Inc. Class A Common Stock,Stock,True,2026-05-08,,,f9bfc377a775028646dd
BRCE,NYSE,MFS Blended Research Core Equity ETF,ETF,True,2026-05-08,,,4beabe95873cd32a7c8e
BREE,NYSE,MFS Blended Research Emerging Markets Equity ETF,ETF,True,2026-05-08,,,481462733442add9925d
BRIE,NYSE,MFS Blended Research International Equity ETF,ETF,True,2026-05-08,,,516da860a5168534adfc
BRK.A,NYSE,Berkshire Hathaway Inc. Common Stock,Stock,True,2026-05-08,,,757cff666a36f2046d47
BRK.B,NYSE,Berkshire Hathaway Inc. New Common Stock,Stock,True,2026-05-08,,,6b994e2308a1c275aafd
BRO,NYSE,"Brown & Brown, Inc. Common Stock",Stock,True,2026-05-08,,,a4563e7f5f2fa98e2ca4
BROL,NYSE,Baron Risk Optimized Large Cap ETF,ETF,True,2026-05-27,,,cd143a4055ca350c358b
BROS,NYSE,Dutch Bros Inc. Class A Common Stock,Stock,True,2026-05-08,,,e1513afdc96f505dfb4e
BRSL,NYSE,"Brightstar Lottery PLC Trading under the Legal Name to begin at the market open on July 21, 2025. Ordinary Shares",Stock,True,2026-05-08,,,126808571e25f14fa78c
BRSP,NYSE,"BrightSpire Capital, Inc. Class A Common Stock",Stock,True,2026-05-08,,,da0f9c841bc69ab0654a
BRT,NYSE,BRT Apartments Corp. (MD) Common Stock,Stock,True,2026-05-08,,,3944145d2b1e20a5d0e1
BRW,NYSE,Saba Capital Income & Opportunities Fund SBI,Stock,True,2026-05-08,,,fcf1f58f693fda3c9baa
BRX,NYSE,Brixmor Property Group Inc. Common Stock,Stock,True,2026-05-08,,,b73d4e590e709624d0d5
BSAC,NYSE,Banco Santander - Chile ADS,Stock,True,2026-05-08,,,112258717eccdd630341
BSBR,NYSE,"Banco Santander Brasil SA American Depositary Shares, each representing one unit",Stock,True,2026-05-08,,,52047e4429ce0ce9865e
BSL,NYSE,Blackstone Senior Floating Rate 2027 Term Fund Common Shares of Beneficial Interest,Stock,True,2026-05-08,,,142c7a877aa1cd939292
BSM,NYSE,"Black Stone Minerals, L.P. Common units representing limited partner interests",Stock,True,2026-05-08,,,a81cfbf36cfa19480c37
BST,NYSE,BlackRock Science and Technology Trust Common Shares of Beneficial Interest,Stock,True,2026-05-08,,,31ddd725f50a333e2172
BSTZ,NYSE,BlackRock Science and Technology Term Trust Common Shares of Beneficial Interest,Stock,True,2026-05-08,,,818f436e4530e8f4a813
BSX,NYSE,Boston Scientific Corporation Common Stock,Stock,True,2026-05-08,,,41d251abbf3857fd99f7
BTE,NYSE,Baytex Energy Corp Common Shares,Stock,True,2026-05-08,,,475124538090395cad55
BTGO,NYSE,"BitGo Holdings, Inc. Class A Common Stock",Stock,True,2026-05-08,,,64dc1b02faff228abf41
BTI,NYSE,"British American Tobacco Industries, p.l.c. Common Stock ADR",Stock,True,2026-05-08,,,fee83d93ef644baa99ef
BTO,NYSE,John Hancock Financial Opportunities Fund Common Stock,Stock,True,2026-05-08,,,90f6943c369abccd51f4
BTT,NYSE,BlackRock Municipal 2030 Target Term Trust,Stock,True,2026-05-08,,,184f3c7f1271d6ea3468
BTU,NYSE,Peabody Energy Corporation Common Stock,Stock,True,2026-05-08,,,7550f79085a6358c6c58
BTX,NYSE,BlackRock Technology and Private Equity Term Trust Common Shares of Beneficial Interest,Stock,True,2026-05-08,,,ec60886259137e74dab5
BTZ,NYSE,BlackRock Credit Allocation Income Trust,Stock,True,2026-05-08,,,40bd94f2e9c460e81e9d
BUD,NYSE,Anheuser-Busch Inbev SA Sponsored ADR (Belgium),Stock,True,2026-05-08,,,785a640890f9873af042
BUI,NYSE,"BlackRock Utility, Infrastructure & Power Opportunities Trust",Stock,True,2026-05-08,,,51d6269221628a6b7bf4
BUR,NYSE,Burford Capital Limited Ordinary Shares,Stock,True,2026-05-08,,,84fa005c2e7a2b1b5cfe
BURL,NYSE,"Burlington Stores, Inc. Common Stock",Stock,True,2026-05-08,,,ef10c3025d2db4d1ee0b
BUXX,NYSE,Strive Enhanced Income Short Maturity ETF,ETF,True,2026-05-08,,,2a1ecd40f821ed5ad6a5
BV,NYSE,"BrightView Holdings, Inc. Common Stock",Stock,True,2026-05-08,,,84ae8484cbbb50854941
BVN,NYSE,Buenaventura Mining Company Inc.,Stock,True,2026-05-08,,,4f8ea12d0ac6bfcb0631
BW,NYSE,"Babcock & Wilcox Enterprises, Inc. Common Stock",Stock,True,2026-05-08,,,ae70631ef3e64b91af4a
BW$A,NYSE,"Babcock & Wilcox Enterprises, Inc. 7.75% Series A Cumulative Perpetual Preferred Stock",Stock,True,2026-05-08,,,d79df50ef9f1d976c2b7
BWA,NYSE,BorgWarner Inc. Common Stock,Stock,True,2026-05-08,,,cef7d9c045f58f5713b8
BWG,NYSE,BrandywineGLOBAL Global Income Opportunities Fund Inc.,Stock,True,2026-05-08,,,bddc84a20f6ba1cea1dd
BWIV,NYSE,Blue Water Acquisition Corp. IV Class A Ordinary Shares,Stock,True,2026-05-11,,,3ef7cec38064dae6d714
BWIV.U,NYSE,"Blue Water Acquisition Corp. IV Units, each consisting of one Class A ordinary share and one-half of one redeemable warrant",Stock,True,2026-05-08,,,806ba82cf1b6d5ab4b64
BWIV.W,NYSE,Blue Water Acquisition Corp. IV Warrants entitling the holder to purchase one Class A ordinary share at a price of $11.50 per share,Stock,True,2026-05-11,,,cf210d908353485dfe15
BWLP,NYSE,BW LPG Limited Common Shares,Stock,True,2026-05-08,,,f6ba0e0a0c39a98c5e05
BWMX,NYSE,"Betterware de Mexico, S.A.P.I. de C.V. Ordinary Shares",Stock,True,2026-05-08,,,57fe674d013229a1b433
BWNB,NYSE,"Babcock & Wilcox Enterprises, Inc. 6.50% Senior Notes due 2026",Stock,True,2026-05-08,,,400a626816265dbcf1e5
BWXT,NYSE,"BWX Technologies, Inc. Common Stock",Stock,True,2026-05-08,,,13e637630979bc0956b8
BX,NYSE,Blackstone Inc. Common Stock,Stock,True,2026-05-08,,,d594747c1399d9a7d110
BXC,NYSE,Bluelinx Holdings Inc. Common Stock,Stock,True,2026-05-08,,,3cb6b195d52cc42e75a8
BXDC,NYSE,Blackstone Digital Infrastructure Trust Inc. Common Stock,Stock,True,2026-05-14,,,190bce78a9b5e9b0e836
BXMT,NYSE,"Blackstone Mortgage Trust, Inc. Common Stock",Stock,True,2026-05-08,,,671e103b26af19263090
BXP,NYSE,"BXP, Inc. Common Stock",Stock,True,2026-05-08,,,4b406caaacdb4f9452bc
BXSL,NYSE,Blackstone Secured Lending Fund Common Shares of Beneficial Interest,Stock,True,2026-05-08,,,a3c7df9a8e8a4a380fad
BY,NYSE,"Byline Bancorp, Inc. Common Stock",Stock,True,2026-05-08,,,9a4922599821d1f26a03
BYD,NYSE,Boyd Gaming Corporation Common Stock,Stock,True,2026-05-08,,,46ae7fc20bf3a90cb165
BZH,NYSE,"Beazer Homes USA, Inc. Common Stock",Stock,True,2026-05-08,,,15f7d94276e3e76baf41
C,NYSE,"Citigroup, Inc. Common Stock",Stock,True,2026-05-08,,,7d0bc4424e007c30f262
C$N,NYSE,Citigroup Capital XIII 7.875% Fixed rate Floating Rate trust Preferred Securities (TruPS),Stock,True,2026-05-08,,,496f3379539de507495d
C$R,NYSE,"Citigroup Inc. Depositary Shares, Each Representing a 1/1,000th Interest in a Share of 6.250% Noncumulative Preferred Stock, Series II",Stock,True,2026-05-08,,,e2e5adac3b3ea7d73f0a
CAAP,NYSE,Corporacion America Airports SA Common Shares,Stock,True,2026-05-08,,,31a2de3f0e1043fca62a
CABO,NYSE,"Cable One, Inc. Common Stock",Stock,True,2026-05-08,,,accce2fa4cb46f5553a1
CACI,NYSE,"CACI International, Inc. Class A Common Stock",Stock,True,2026-05-08,,,9d6f7fd9c4ee1cba86ac
CAE,NYSE,CAE Inc. Ordinary Shares,Stock,False,2026-05-08,2026-07-23,Missing from current NYSE source snapshot; reason unavailable,afbd72af8b184ab8c3fc
CAF,NYSE,Morgan Stanley China A Share Fund Inc. Common Stock,Stock,True,2026-05-08,,,59f64b61c6ed1a7c0510
CAG,NYSE,"ConAgra Brands, Inc. Common Stock",Stock,True,2026-05-08,,,2d388f7d469b7e77f525
CAH,NYSE,"Cardinal Health, Inc. Common Stock",Stock,True,2026-05-08,,,26286ad61c43939ac308
CAL,NYSE,"Caleres, Inc. Common Stock",Stock,True,2026-05-08,,,18809e024f4fbfbb8911
CALX,NYSE,"Calix, Inc Common Stock",Stock,True,2026-05-08,,,6ecac1efce01a6c4d3e4
CALY,NYSE,Callaway Golf Company Common Stock,Stock,True,2026-05-08,,,5a3270cebd21a225debe
CANG,NYSE,Cango Inc. Class A Ordinary Shares,Stock,True,2026-05-08,,,29f60d47e96664b153fb
CAPL,NYSE,CrossAmerica Partners LP Common Units representing limited partner interests,Stock,True,2026-05-08,,,2a8935abff165bfaedb4
CARR,NYSE,Carrier Global Corporation Common Stock,Stock,True,2026-05-08,,,a286975329378b7a89fe
CARS,NYSE,Cars.com Inc. Common Stock,Stock,True,2026-05-08,,,e61a2e41bf6589bb4f29
CAT,NYSE,"Caterpillar, Inc. Common Stock",Stock,True,2026-05-08,,,7f379e641965d5163d52
CATO,NYSE,Cato Corporation (The) Class A Common Stock,Stock,True,2026-05-08,,,19e9e5c065221d79bda5
CAVA,NYSE,"CAVA Group, Inc. Common Stock",Stock,True,2026-05-08,,,0872a3724f0d5b12cd14
CB,NYSE,Chubb Limited Common Stock,Stock,True,2026-05-08,,,6367170b9e0d414e6477
CBAN,NYSE,"Colony Bankcorp, Inc. Common Stock",Stock,True,2026-05-08,,,4a59842d474605afefec
CBL,NYSE,"CBL & Associates Properties, Inc. Common Stock",Stock,True,2026-05-08,,,0818162200e1bdc4e442
CBNA,NYSE,"Chain Bridge Bancorp, Inc. Class A Common Stock",Stock,True,2026-05-08,,,9360e1d37c3967bc8ee8
CBO,NYSE,CBO (Listing Market - NYSE - Networks A/E) Common Stock,Stock,True,2026-05-08,,,4f6835500b2a05c35409
CBRE,NYSE,CBRE Group Inc Common Stock Class A,Stock,True,2026-05-08,,,550f78818604759d00cc
CBT,NYSE,Cabot Corporation Common Stock,Stock,True,2026-05-08,,,f140087ef8b32214b13d
CBU,NYSE,"Community Financial System, Inc. Common Stock",Stock,True,2026-05-08,,,fe2973e46b2e579bbfe1
CBX,NYSE,CBX (Listing Market NYSE Networks AE) Common Stock,Stock,True,2026-05-08,,,8033d942cbed92521122
CBZ,NYSE,"CBIZ, Inc. Common Stock",Stock,True,2026-05-08,,,176edc47ecc225915c8b
CC,NYSE,Chemours Company (The) Common Stock,Stock,True,2026-05-08,,,b129667622264268810b
CCI,NYSE,Crown Castle Inc. Common Stock,Stock,True,2026-05-08,,,6441c4a154ffcc5e99bf
CCID,NYSE,Carlyle Credit Income Fund 7.375% Series D Term Preferred Shares due 2028,Stock,True,2026-05-08,,,af2594055b63343e6110
CCIF,NYSE,Carlyle Credit Income Fund Shares of Beneficial Interest,Stock,True,2026-05-08,,,d9710e10bc2ff64b1168
CCJ,NYSE,Cameco Corporation Common Stock,Stock,True,2026-05-08,,,7992a61bd3f2a8f6701d
CCK,NYSE,"Crown Holdings, Inc.",Stock,True,2026-05-08,,,34cbd0568466086ba79c
CCL,NYSE,Carnival Corporation Ltd. Common Shares,Stock,True,2026-05-08,,,3849a10c1139fd2cf978
CCM,NYSE,Concord Medical Services Holdings Limited American Depositary Shares (Each represents thirty (30) Class A ordinary shares),Stock,True,2026-05-08,,,e00068b11b4f98f1c2c4
CCO,NYSE,"Clear Channel Outdoor Holdings, Inc. Common Stock",Stock,True,2026-05-08,,,7da6dc2df2f7482fc6bd
CCS,NYSE,"Century Communities, Inc. Common Stock",Stock,True,2026-05-08,,,4407cca8d6d032fdc850
CCU,NYSE,"Compania Cervecerias Unidas, S.A. Common Stock",Stock,True,2026-05-08,,,0c0e42f4061b9309f73f
CCZ,NYSE,Comcast Holdings ZONES,Stock,True,2026-05-08,,,ecddfecaaccba7b22545
CDE,NYSE,"Coeur Mining, Inc. Common Stock",Stock,True,2026-05-08,,,07394d94e14b67f99840
CDLR,NYSE,Cadeler A/S American Depositary Share (each representing four (4) Ordinary Shares),Stock,True,2026-05-08,,,f45bce117076cbb496db
CDP,NYSE,COPT Defense Properties Common Shares of Beneficial Interest,Stock,True,2026-05-08,,,040b831cd5daaa226b77
CDR$B,NYSE,"Cedar Realty Trust, Inc. 7.25% Series B Cumulative Redeemable Preferred Stock",Stock,True,2026-05-08,,,4fc12611e8819e956a2d
CDR$C,NYSE,"Cedar Realty Trust, Inc. 6.50% Series C Cumulative Redeemable Preferred Stock",Stock,True,2026-05-08,,,6dd0e986684b23478c75
CDRE,NYSE,"Cadre Holdings, Inc. Common Stock",Stock,True,2026-05-08,,,62d2e4ba6c622d6b8641
CE,NYSE,Celanese Corporation Common Stock,Stock,True,2026-05-08,,,e14f1a83fcfe839751e0
CEE,NYSE,"The Central and Eastern Europe Fund, Inc. (The) Common Stock",Stock,True,2026-05-08,,,558cd6b0fe800a56ef23
CELG.R,NYSE,Bristol-Myers Squibb Company Celegne Contingent Value Rights,Stock,True,2026-05-08,,,38ad0ef4c1d7b2384040
CEPU,NYSE,Central Puerto S.A. American Depositary Shares (each represents ten Common Shares),Stock,True,2026-05-08,,,7ada27a23f84f05ca5ce
CF,NYSE,"CF Industries Holdings, Inc. Common Stock",Stock,True,2026-05-08,,,4ad9a700ec8e0f1a306b
CFG,NYSE,"Citizens Financial Group, Inc. Common Stock",Stock,True,2026-05-08,,,3af19680eb7faca88f70
CFG$E,NYSE,"Citizens Financial Group, Inc. Depositary Shares Each Representing 1/40th Interest in a Share of 5.000% Fixed-Rate Non-Cumulative Perpetual Preferred Stock, Series E",Stock,True,2026-05-08,,,ee9b9cc1c1a9cad35097
CFG$H,NYSE,"Citizens Financial Group, Inc. Depositary Shares Each Representing a 1/40th Interest in a Share of 7.375% Fixed-Rate Non-Cumulative Perpetual Preferred Stock, Series H",Stock,True,2026-05-08,,,e80f6645617f18d96359
CFG$I,NYSE,"Citizens Financial Group, Inc. Depositary Shares, Each Representing a 1/40th Interest in a Share of 6.500% Fixed-Rate Reset Non-Cumulative Perpetual Preferred Stock, Series I",Stock,True,2026-05-08,,,c20251e7cb5e752d837a
CFND,NYSE,C1 Fund Inc. Common Stock,Stock,True,2026-05-08,,,e545d1562d903052c371
CFR,NYSE,"Cullen/Frost Bankers, Inc. Common Stock",Stock,True,2026-05-08,,,bbbf3b6f942a379e1369
CFR$B,NYSE,"Cullen/Frost Bankers, Inc. Depositary Shares, each representing a 1/40th ownership interest in a share of 4.450% non-cumulative perpetual preferred stock, Series B",Stock,True,2026-05-08,,,fa5fa365fa0f5991b2c6
CFTR$A,NYSE,"Cantor Fitzgerald Income Trust, Inc. 9.50% Series A Cumulative Redeemable Preferred Stock",Stock,True,2026-05-08,,,c9124657c03ee38f82d3
CGAU,NYSE,Centerra Gold Inc. Common Shares,Stock,True,2026-05-08,,,3d70172c11fe15ce19fa
CGV,NYSE,Conductor Global Equity Value ETF,ETF,True,2026-05-08,,,6e861cd16c72feb7b210
CHCT,NYSE,Community Healthcare Trust Incorporated Common Stock,Stock,True,2026-05-08,,,e34d2e4181c1283463bb
CHD,NYSE,"Church & Dwight Company, Inc. Common Stock",Stock,True,2026-05-08,,,f212bcce9d8a77da5849
CHE,NYSE,Chemed Corp,Stock,True,2026-05-08,,,a272061685c281c566a5
CHGG,NYSE,"Chegg, Inc. Common Stock",Stock,True,2026-05-08,,,8aa34669b04dfa223fd1
CHH,NYSE,"Choice Hotels International, Inc. Common Stock",Stock,True,2026-05-08,,,f967f76a1ffc9340cd4a
CHMI,NYSE,Cherry Hill Mortgage Investment Corporation Common Stock,Stock,True,2026-05-08,,,de9ccfb9c94b48fd791f
CHMI$A,NYSE,Cherry Hill Mortgage Investment Corporation 8.20% Series A Cumulative Redeemable Preferred Stock,Stock,True,2026-05-08,,,1b64f5cfcb9eb1e15e4e
CHMI$B,NYSE,Cherry Hill Mortgage Investment Corporation 8.250% Series B Fixed-to-Floating Rate Cumulative Redeemable Preferred Stock,Stock,True,2026-05-08,,,761d655d7cf786d7e9ad
CHPT,NYSE,"ChargePoint Holdings, Inc. Common Stock",Stock,True,2026-05-08,,,1a0ebe0a07001aac32ab
CHT,NYSE,"Chunghwa Telecom Co., Ltd.",Stock,True,2026-05-08,,,cf23dc2326110353fadd
CHWY,NYSE,"Chewy, Inc. Class A Common Stock",Stock,True,2026-05-08,,,9a9ce9511f52e8e7e67c
CI,NYSE,The Cigna Group Common Stock,Stock,True,2026-05-08,,,36c5b2facb39483dc803
CIA,NYSE,"Citizens, Inc. Class A Common Stock ($1.00 Par)",Stock,True,2026-05-08,,,36b6847a992b681ec3c8
CIB,NYSE,Grupo Cibest S.A. American Depositary Shares each representing four Preferred Shares,Stock,True,2026-05-08,,,211e552c389cf84cf93c
CICB,NYSE,CION Investment Corporation 7.50% Notes due 2029,Stock,True,2026-05-08,,,a851b7fa7dec3167ce3d
CICC,NYSE,CION Investment Corporation 7.50% Notes due 2031,Stock,True,2026-05-08,,,824b7341c2a6c74dc94f
CIEN,NYSE,Ciena Corporation Common Stock,Stock,True,2026-05-08,,,3ef39b3eef81a74fffdb
CIF,NYSE,MFS Intermediate High Income Fund Common Stock,Stock,False,2026-05-08,2026-06-22,Missing from current NYSE source snapshot; reason unavailable,14d072477f49220ae675
CIG,NYSE,Comp En De Mn Cemig ADS American Depositary Shares,Stock,True,2026-05-08,,,d8a1167e15b658eea138
CIG.C,NYSE,Comp En De Mn Cemig ADS American Depositary Receipts,Stock,True,2026-05-08,,,8876d90dba019c57175f
CII,NYSE,"BlackRock Enhanced Large Cap Core Fund, Inc. Common Stock",Stock,True,2026-05-08,,,d96cfe446a4f341b254a
CIM,NYSE,Chimera Investment Corporation Common Stock,Stock,True,2026-05-08,,,0b2665b25632a2f53f2a
CIM$A,NYSE,Chimera Investment Corporation 8.00% Series A Cumulative Redeemable Preferred Stock,Stock,True,2026-05-08,,,3bd9ceb5e5bd6ae62e2f
CIM$B,NYSE,Chimera Investment Corporation 8.00% Series B Fixed-to-Floating Rate Cumulative Redeemable Preferred Stock,Stock,True,2026-05-08,,,9476fa531283dd5b3583
CIM$C,NYSE,Chimera Investment Corporation 7.75% Series C Fixed-to-Floating Rate Cumulative Redeemable Preferred Stock,Stock,True,2026-05-08,,,1e7a53f6406c2c3b4659
CIM$D,NYSE,Chimera Investment Corporation 8.00% Series D Fixed-to-Floating Rate Cumulative Redeemable Preferred Stock,Stock,True,2026-05-08,,,b334335505e23e9149f5
CIMN,NYSE,Chimera Investment Corporation 9.000% Senior Notes due 2029,Stock,True,2026-05-08,,,a5613a58fc37f5da8475
CIMO,NYSE,Chimera Investment Corporation 9.250% Senior Notes due 2029,Stock,True,2026-05-08,,,ea3748d62787b2f1bc77
CIMP,NYSE,Chimera Investment Corporation 8.875% Senior Notes due 2030,Stock,True,2026-05-08,,,77b114987f8c3d33e91d
CINT,NYSE,CI&T Inc Class A Common Shares,Stock,True,2026-05-08,,,80925cc7706106cd9b5c
CION,NYSE,CION Investment Corporation Common Stock,Stock,True,2026-05-08,,,b556b95f858907224a67
CL,NYSE,Colgate-Palmolive Company Common Stock,Stock,True,2026-05-08,,,55faadd52c4e79dfcf33
CLB,NYSE,Core Laboratories Inc. Common Stock,Stock,True,2026-05-08,,,1d0de1c5af2542e11ea8
CLBR,NYSE,Colombier Acquisition Corp. III Class A Ordinary Shares,Stock,True,2026-05-08,,,b01d76fbc220ec423bb3
CLBR.U,NYSE,"Colombier Acquisition Corp. III Units, each consisting of one Class A ordinary share and one-eighth of one warrant",Stock,True,2026-05-08,,,f64dc0652edaa823d84d
CLBR.W,NYSE,"Colombier Acquisition Corp. III Warrants, each whole warrant exercisable for one Class A ordinary share at an exercise price of $11.50 per share",Stock,True,2026-05-08,,,2d22ead0c56bff923461
CLDT,NYSE,Chatham Lodging Trust (REIT) Common Shares of Beneficial Interest,Stock,True,2026-05-08,,,eede8cef9cb800a7c816
CLDT$A,NYSE,Chatham Lodging Trust (REIT) 6.625% Series A Cumulative Redeemable Preferred Shares of Beneficial Interest,Stock,True,2026-05-08,,,6bc63aab93660bbd9729
CLF,NYSE,Cleveland-Cliffs Inc. Common Stock,Stock,True,2026-05-08,,,03722727d85e2776a649
CLH,NYSE,"Clean Harbors, Inc. Common Stock",Stock,True,2026-05-08,,,5f2717672983f0d8806a
CLPR,NYSE,Clipper Realty Inc. Common Stock,Stock,True,2026-05-08,,,b985da40fdb8d20e8a91
CLS,NYSE,"Celestica, Inc. Common Stock",Stock,True,2026-05-08,,,2b919a39f93867d2666b
CLVT,NYSE,Clarivate Plc Ordinary Shares,Stock,True,2026-05-08,,,488e75f4ff320403d55b
CLW,NYSE,Clearwater Paper Corporation Common Stock,Stock,True,2026-05-08,,,c66d29a4125a03579e55
CLX,NYSE,Clorox Company (The) Common Stock,Stock,True,2026-05-08,,,220ac2eaf07552270311
CM,NYSE,Canadian Imperial Bank of Commerce Common Stock,Stock,True,2026-05-08,,,59d14700ff6d3418e512
CMBT,NYSE,CMB.TECH NV Ordinary Shares,Stock,True,2026-05-08,,,861331c5cd2e99a0f537
CMC,NYSE,Commercial Metals Company Common Stock,Stock,True,2026-05-08,,,cd8739a76311dcbaf679
CMCM,NYSE,"Cheetah Mobile Inc. American Depositary Shares, each representing fifty (50) Class A Ordinary Shares",Stock,True,2026-05-08,,,c83891321faa4e5a148d
CMDB,NYSE,Costamare Bulkers Holdings Limited Common Stock,Stock,True,2026-05-08,,,8fd0c609b158f24d5da2
CMG,NYSE,"Chipotle Mexican Grill, Inc. Common Stock",Stock,True,2026-05-08,,,a59c960e4fc1163d34bb
CMI,NYSE,Cummins Inc. Common Stock,Stock,True,2026-05-08,,,a63e7993bb6cbbb11546
CMP,NYSE,Compass Minerals Intl Inc Common Stock,Stock,True,2026-05-08,,,5b20587b191799af6068
CMRE,NYSE,Costamare Inc. Common Stock $0.0001 par value,Stock,True,2026-05-08,,,d616fc705091536cbe5f
CMRE$B,NYSE,Costamare Inc. Perpetual Preferred Stock Series B (Marshall Islands),Stock,True,2026-05-08,,,4198c4aca7ea1a97b614
CMRE$C,NYSE,Costamare Inc. Perpetual Preferred Series C (Marshall Islands),Stock,True,2026-05-08,,,a2ac9b3a53033c458900
CMRE$D,NYSE,Costamare Inc. 8.75% Series D Cumulative Redeemable Perpetual Preferred Stock,Stock,True,2026-05-08,,,d99025c806e6b208f555
CMS,NYSE,CMS Energy Corporation Common Stock,Stock,True,2026-05-08,,,8ae2df57703fcab579ea
CMS$B,NYSE,CMS Energy Corporation Preferred Stock,Stock,True,2026-05-08,,,fee54b90e309d49064ac
CMS$C,NYSE,"CMS Energy Corporation Depositary Shares, each representing a 1/1,000th interest in a share of 4.200% Cumulative Redeemable Perpetual Preferred Stock, Series C",Stock,True,2026-05-08,,,2652e3f2dbf1edb1db45
CMSA,NYSE,CMS Energy Corporation 5.625% Junior Subordinated Notes due 2078,Stock,True,2026-05-08,,,0b88fdfa1a5624a767f1
CMSC,NYSE,CMS Energy Corporation 5.875% Junior Subordinated Notes due 2078,Stock,True,2026-05-08,,,6b66929fe2198ed0575b
CMSD,NYSE,CMS Energy Corporation 5.875% Junior Subordinated Notes due 2079,Stock,True,2026-05-08,,,7eb15baf80489961e0fc
CMTG,NYSE,"Claros Mortgage Trust, Inc. Common Stock",Stock,True,2026-05-08,,,4ad8407951af8d8454f9
CMU,NYSE,MFS Municipal Income Trust Common Stock,Stock,False,2026-05-08,2026-06-08,Missing from current NYSE source snapshot; reason unavailable,e59f03024352ab8d50f4
CNA,NYSE,CNA Financial Corporation Common Stock,Stock,True,2026-05-08,,,92e48ab16cefe8f64415
CNC,NYSE,Centene Corporation Common Stock,Stock,True,2026-05-08,,,4e8dd7abf47575995b62
CNF,NYSE,"CNFinance Holdings Limited American Depositary Shares, each representing two hundred (200) Ordinary Shares",Stock,True,2026-05-08,,,5f13ad43a76f044efa02
CNH,NYSE,CNH Industrial N.V. Common Shares,Stock,True,2026-05-08,,,e4d0af8eb8e032b34db5
CNI,NYSE,Canadian National Railway Company Common Stock,Stock,True,2026-05-08,,,1a73fafdf313283772cf
CNK,NYSE,"Cinemark Holdings Inc Cinemark Holdings, Inc. Common Stock",Stock,True,2026-05-08,,,110994099f395e624ed7
CNM,NYSE,"Core & Main, Inc. Class A Common Stock",Stock,True,2026-05-08,,,1bb3888a6fff3981a3e9
CNMD,NYSE,CONMED Corporation Common Stock,Stock,True,2026-05-08,,,8f4012ad44fff5d1ae8b
CNNE,NYSE,"Cannae Holdings, Inc. Common Stock",Stock,True,2026-05-08,,,a4873c74730017adfe0d
CNO,NYSE,"CNO Financial Group, Inc. Common Stock",Stock,True,2026-05-08,,,4ef198031ccc5d4f7b88
CNO$A,NYSE,"CNO Financial Group, Inc. 5.125% Subordinated Debentures due 2060",Stock,True,2026-05-08,,,bef3b7093e802c2a20c1
CNP,NYSE,"CenterPoint Energy, Inc (Holding Co) Common Stock",Stock,True,2026-05-08,,,ebee84bda0eea1c88b18
CNQ,NYSE,Canadian Natural Resources Limited Common Stock,Stock,True,2026-05-08,,,d16cdde263bdf723e44e
CNR,NYSE,"Core Natural Resources, Inc. Common Stock",Stock,True,2026-05-08,,,f9df81cb6d4cdb038ec2
CNS,NYSE,Cohen & Steers Inc Common Stock,Stock,True,2026-05-08,,,a29980f9dbe75be5c6a1
CNX,NYSE,CNX Resources Corporation Common Stock,Stock,True,2026-05-08,,,7de1564e41eaecc7099c
CODI,NYSE,D/B/A Compass Diversified Holdings Shares of Beneficial Interest,Stock,True,2026-05-08,,,61e24584b468c469d12e
CODI$A,NYSE,Compass Diversified Holdings 7.250% Series A Preferred Shares representing beneficial interest in Compass Diversified Holdings,Stock,True,2026-05-08,,,8ef62f62f6573d6bc387
CODI$B,NYSE,Compass Diversified Holdings 7.875% Series B Fixed-to-Floating Rate Cumulative Preferred Shares representing beneficial interests in Compass Diversified Holdings,Stock,True,2026-05-08,,,969c53548828dc6a0f29
CODI$C,NYSE,Compass Diversified Holdings 7.875% Series C Cumulative Preferred Shares,Stock,True,2026-05-08,,,53199138ee513b7a47c2
COF,NYSE,Capital One Financial Corporation Common Stock,Stock,True,2026-05-08,,,2938ff939c6fa7cc3b65
COF$I,NYSE,"Capital One Financial Corporation Depositary shares each representing a 1/40th interest in a share of Fixed Rate Non-Cumulative Perpetual Preferred Stock, Series I of the Issuer",Stock,True,2026-05-08,,,179b6fc34d7b7f3d84ac
COF$J,NYSE,"Capital One Financial Corporation Depositary Shares, Each Representing a 1/40th Interest in a Share of Fixed Rate Non- Cumulative Perpetual Preferred Stock, Series J",Stock,True,2026-05-08,,,d93e10898f4e8c06d09a
COF$K,NYSE,"Capital One Financial Corporation Depositary Shares, Each Representing a 1/40th Ownership Interest in a Share of Fixed Rate Non-Cumulative Perpetual Preferred Stock, Series K",Stock,True,2026-05-08,,,22dc6d319f28e4f3163a
COF$L,NYSE,"Capital One Financial Corporation Depositary Shares, Each Representing a 1/40th Interest in a Share of Fixed Rate Non-Cumulative Perpetual Preferred Stock, Series L",Stock,True,2026-05-08,,,e44007c4f70b2c212931
COF$N,NYSE,"Capital One Financial Corporation Depositary Shares, Each Representing a 1/40th Ownership Interest in a Share of Fixed Rate Non-Cumulative Perpetual Preferred Stock, Series N",Stock,True,2026-05-08,,,a4186939c488b2f409c0
COHR,NYSE,Coherent Corp. Common Stock,Stock,True,2026-05-08,,,5169a6b77ffcf83b6041
COLD,NYSE,"Americold Realty Trust, Inc. Common Stock",Stock,True,2026-05-08,,,f4db3adfedf493447c46
COMP,NYSE,"Compass, Inc. Class A Common Stock",Stock,True,2026-05-08,,,60723e0dd648feee18ea
CON,NYSE,"Concentra Group Holdings Parent, Inc. Common Stock",Stock,True,2026-05-08,,,2395665984023ddd6d0f
COOK,NYSE,"Traeger, Inc. Common Stock",Stock,True,2026-05-08,,,aa174e4c651a4bc1d032
COP,NYSE,ConocoPhillips Common Stock,Stock,True,2026-05-08,,,c14a9232726427b22e87
COPL,NYSE,Copley Acquisition Corp Ordinary Shares,Stock,True,2026-05-08,,,2db1c9e5ddd9f8e5d326
COPL.U,NYSE,"Copley Acquisition Corp Units, each consisting of one ordinary share and one-half warrant",Stock,True,2026-05-08,,,4daf0f1cc257526e9f75
COPL.W,NYSE,"Copley Acquisition Corp Redeemable warrants, each whole warrant exercisable for one Class A ordinary share at an exercise price of $11.50",Stock,True,2026-05-08,,,8d1b6a36f5b170bd3b21
COR,NYSE,"Cencora, Inc. Common Stock",Stock,True,2026-05-08,,,e3942b52c2a8ebe75f00
COSO,NYSE,"CoastalSouth Bancshares, Inc. Common Stock",Stock,True,2026-05-08,,,0a817ec772f9005d3a01
COTY,NYSE,Coty Inc. Class A Common Stock,Stock,True,2026-05-08,,,e7fcd5abb4d228fbdfe0
COUR,NYSE,"Coursera, Inc. Common Stock",Stock,True,2026-05-08,,,863657c462f7b6447e18
CP,NYSE,Canadian Pacific Kansas City Limited Common Shares,Stock,True,2026-05-08,,,803718030b37ca4383e4
CPA,NYSE,"Copa Holdings, S.A. Class A Common Stock",Stock,True,2026-05-08,,,98e416ec994064ab953c
CPAC,NYSE,Cementos Pacasmayo S.A.A. American Depositary Shares (Each representing five Common Shares),Stock,True,2026-05-08,,,ebc3ec94a2b884e5961a
CPAI,NYSE,Counterpoint Quantitative Equity ETF,ETF,True,2026-05-08,,,09a58a456ed72e6c183d
CPAY,NYSE,"Corpay, Inc. Common Stock",Stock,True,2026-05-08,,,cba837e043d07db6e250
CPF,NYSE,Central Pacific Financial Corp New,Stock,True,2026-05-08,,,2c9b9cb36746ce390df1
CPK,NYSE,Chesapeake Utilities Corporation Common Stock,Stock,True,2026-05-08,,,6aa35e22ed538dec5c84
CPNG,NYSE,"Coupang, Inc. Class A Common Stock",Stock,True,2026-05-08,,,7369aabe422877a30fa7
CPRI,NYSE,Capri Holdings Limited Ordinary Shares,Stock,True,2026-05-08,,,43a7a0b5d9b90f8591e7
CPS,NYSE,Cooper-Standard Holdings Inc. Common Stock,Stock,True,2026-05-08,,,2e82828acaa9587e01b3
CPT,NYSE,Camden Property Trust Common Stock,Stock,True,2026-05-08,,,7cd71b5cb416a87ad3f2
CQP,NYSE,"Cheniere Energy Partners, LP Common Units",Stock,True,2026-05-08,,,f97580fc337e89076b48
CR,NYSE,Crane Company Common Stock,Stock,True,2026-05-08,,,2f00e54ce7d6ca512b8d
CRBD,NYSE,Corebridge Financial Inc. 6.375% Junior Subordinated Notes due 2064,Stock,True,2026-05-08,,,66416fb020535b398d85
CRBG,NYSE,Corebridge Financial Inc. Common Stock,Stock,True,2026-05-08,,,9db1758183ef7bed9499
CRC,NYSE,California Resources Corporation Common Stock,Stock,True,2026-05-08,,,9e83c3e86a738cf943d5
CRCL,NYSE,"Circle Internet Group, Inc. Class A Common Stock",Stock,True,2026-05-08,,,f264db239b0985322a3e
CRD.A,NYSE,Crawford & Company Common Stock,Stock,True,2026-05-08,,,c865a6086070a96464d8
CRD.B,NYSE,Crawford & Company Common Stock,Stock,True,2026-05-08,,,c865a6086070a96464d8
CRGY,NYSE,Crescent Energy Company Class A Common Stock,Stock,True,2026-05-08,,,b212fe5704624adaf2b6
CRH,NYSE,CRH PLC Ordinary Shares,Stock,True,2026-05-08,,,cc2ff7e543bbecebaf83
CRI,NYSE,"Carter's, Inc. Common Stock",Stock,True,2026-05-08,,,87b18e3cdfacb63a3941
CRK,NYSE,"Comstock Resources, Inc. Common Stock",Stock,True,2026-05-08,,,d355277b05c392ff4c59
CRL,NYSE,"Charles River Laboratories International, Inc. Common Stock",Stock,True,2026-05-08,,,0f0cd3b046da6f8a33e6
CRM,NYSE,"Salesforce, Inc. Common Stock",Stock,True,2026-05-08,,,cca32c271d6775fc3155
CRS,NYSE,Carpenter Technology Corporation Common Stock,Stock,True,2026-05-08,,,7db11b28305aa8e6ab72
CRT,NYSE,Cross Timbers Royalty Trust Common Stock,Stock,True,2026-05-08,,,2fa8f2959d62cbd64b6b
CSAN,NYSE,Cosan S.A. ADS,Stock,True,2026-05-08,,,9da13f7183e2985ffe29
CSL,NYSE,Carlisle Companies Incorporated Common Stock,Stock,True,2026-05-08,,,39343fac491e7e2cfaa9
CSQR,NYSE,"Csquare, Inc. Common Stock",Stock,True,2026-07-16,,,ba63d098da4c22b65d42
CSR,NYSE,D/B/A Centerspace Common Stock,Stock,True,2026-05-08,,,35833e19dbe1861d987d
CSTM,NYSE,Constellium SE Ordinary Shares (France),Stock,True,2026-05-08,,,91b81fd81a0fbc7831af
CSV,NYSE,"Carriage Services, Inc. Common Stock",Stock,True,2026-05-08,,,044df187a59714796f84
CSW,NYSE,"CSW Industrials, Inc. Common Stock",Stock,True,2026-05-08,,,a608d7f19f5ea7ebcf02
CTA$A,NYSE,"EIDP, Inc. Preferred Stock $3.50 Series",Stock,True,2026-05-08,,,1ece7a931dc732bf9518
CTA$B,NYSE,"EIDP, Inc. Preferred Stock $4.50 Series",Stock,True,2026-05-08,,,24715085914d5047a250
CTBB,NYSE,Qwest Corporation 6.5% Notes due 2056,Stock,False,2026-05-08,2026-05-11,Missing from current NYSE source snapshot; reason unavailable,2a04b3031049a61ce53d
CTDD,NYSE,Qwest Corporation 6.75% Notes due 2057,Stock,False,2026-05-08,2026-05-11,Missing from current NYSE source snapshot; reason unavailable,b524fb097361b91d140f
CTEST.E,NYSE,NYSE Test One Common Stock,Stock,True,2026-05-08,,,1775274fa7d555189f3c
CTEST.G,NYSE,NYSE Test One Common Stock,Stock,True,2026-05-08,,,1775274fa7d555189f3c
CTEST.L,NYSE,NYSE Test One Common Stock,Stock,True,2026-05-08,,,1775274fa7d555189f3c
CTEST.O,NYSE,NYSE Test One Common Stock,Stock,True,2026-05-08,,,1775274fa7d555189f3c
CTEST.S,NYSE,NYSE Test Six Common Stock,Stock,True,2026-05-08,,,4c8a3be5a7b543b1640f
CTEST.V,NYSE,NYSE Test One Common Stock,Stock,True,2026-05-08,,,1775274fa7d555189f3c
CTEV,NYSE,Claritev Corporation Class A Common Stock,Stock,True,2026-05-08,,,1eb476ee97fb6f9c539d
CTGG,NYSE,Qwest Corporation 6.500% Senior Notes due 2051 (denominations of $25),Stock,True,2026-06-17,,,4078613ca2dc71ae659c
CTHH,NYSE,Qwest Corporation 6.750% Senior Notes due 2052 (denominations of $25),Stock,True,2026-06-17,,,6296573cdd763580e298
CTO,NYSE,"CTO Realty Growth, Inc. Common Stock",Stock,True,2026-05-08,,,da11b3c56f524ed0889e
CTO$A,NYSE,"CTO Realty Growth, Inc. 6.375% Series A Cumulative Redeemable Preferred Stock",Stock,True,2026-05-08,,,cb7a0ea974163700351e
CTOS,NYSE,"Custom Truck One Source, Inc. Common Stock",Stock,True,2026-05-08,,,dbf78ca95e7406dc697d
CTRE,NYSE,"CareTrust REIT, Inc. Common Stock",Stock,True,2026-05-08,,,b39850dd98e171fa8ea0
CTRI,NYSE,"Centuri Holdings, Inc. Common Stock",Stock,True,2026-05-08,,,b40ec31fa1ba0acb4661
CTS,NYSE,CTS Corporation Common Stock,Stock,True,2026-05-08,,,b2ee46f513dff7bad829
CTVA,NYSE,"Corteva, Inc. Common Stock",Stock,True,2026-05-08,,,c8e0848c40237b800729
CUBB,NYSE,"Customers Bancorp, Inc 5.375% Subordinated Notes Due 2034",Stock,True,2026-05-08,,,73aecc400f420655626a
CUBE,NYSE,CubeSmart Common Shares,Stock,True,2026-05-08,,,af809755b1ca4b4abc37
CUBI,NYSE,"Customers Bancorp, Inc Common Stock",Stock,True,2026-05-08,,,6c996622f56a87083ac0
CURB,NYSE,Curbline Properties Corp. Common Stock,Stock,True,2026-05-08,,,23e5522687b93c343c05
CURV,NYSE,Torrid Holdings Inc. Common Stock,Stock,True,2026-05-08,,,3c1abe6f6e00c9f49c62
CUZ,NYSE,Cousins Properties Incorporated Common Stock,Stock,True,2026-05-08,,,a1571bced0a47358c026
CVE,NYSE,Cenovus Energy Inc Common Stock,Stock,True,2026-05-08,,,8119df86fb85e6b5d114
CVEO,NYSE,Civeo Corporation (Canada) Common Shares,Stock,True,2026-05-08,,,cfc9dc804622d0cb86d9
CVI,NYSE,CVR Energy Inc. Common Stock,Stock,True,2026-05-08,,,da46e60ca4ff9f72c174
CVLG,NYSE,"Covenant Logistics Group, Inc. Class A Common Stock",Stock,True,2026-05-08,,,50f28f23d482b9da0fec
CVNA,NYSE,Carvana Co. Class A Common Stock,Stock,True,2026-05-08,,,abd56db4798019b2dcfb
CVS,NYSE,CVS Health Corporation Common Stock,Stock,True,2026-05-08,,,1d2b1888f51b80f4a1f8
CVSA,NYSE,Covista Inc. Common Shares,Stock,True,2026-05-08,,,bb92696b00a12b34f07f
CVX,NYSE,Chevron Corporation Common Stock,Stock,True,2026-05-08,,,4e625aa2b1b53651c8f7
CW,NYSE,Curtiss-Wright Corporation Common Stock,Stock,True,2026-05-08,,,8a0d00513d9a254e87c5
CWAN,NYSE,"Clearwater Analytics Holdings, Inc. Class A Common Stock",Stock,False,2026-05-08,2026-06-25,Missing from current NYSE source snapshot; reason unavailable,b4041ec69948c04e87cb
CWEN,NYSE,"Clearway Energy, Inc. Class C Common Stock",Stock,True,2026-05-08,,,e1128ff5ba57cb942b53
CWH,NYSE,"Camping World Holdings, Inc. Class A Common Stock",Stock,True,2026-05-08,,,288d598d3fb123908b8f
CWK,NYSE,Cushman & Wakefield Ltd. Common Shares,Stock,True,2026-05-08,,,fdf543ce45f731574b0b
CWT,NYSE,California Water Service Group Common Stock,Stock,True,2026-05-08,,,9ee2ff9499477bfcf46b
CX,NYSE,"Cemex, S.A.B. de C.V. Sponsored ADR",Stock,True,2026-05-08,,,3632ccae1d94591d553a
CXE,NYSE,MFS High Income Municipal Trust Common Stock,Stock,False,2026-05-08,2026-06-08,Missing from current NYSE source snapshot; reason unavailable,efa31cc06c8fe6bae768
CXH,NYSE,MFS Investment Grade Municipal Trust Common Stock,Stock,False,2026-05-08,2026-06-08,Missing from current NYSE source snapshot; reason unavailable,f85e800ca32432cc30e1
CXM,NYSE,"Sprinklr, Inc. Class A Common Stock",Stock,True,2026-05-08,,,89015e5ae053b6d56d88
CXT,NYSE,"Crane NXT, Co. Common Stock",Stock,True,2026-05-08,,,98687f62fdf9bc57391a
CXW,NYSE,"CoreCivic, Inc. Common Stock",Stock,True,2026-05-08,,,c1fdb8dfd5e8d69e01e5
CYD,NYSE,China Yuchai International Limited Common Stock,Stock,True,2026-05-08,,,840f0a893341b9b5e8a8
CYH,NYSE,"Community Health Systems, Inc. Common Stock",Stock,True,2026-05-08,,,e9f63c5e81c9fc89f0f4
D,NYSE,"Dominion Energy, Inc. Common Stock",Stock,True,2026-05-08,,,7b6331f7a27db82486db
DAC,NYSE,Danaos Corporation Common Stock,Stock,True,2026-05-08,,,61c139848adad831e792
DAL,NYSE,"Delta Air Lines, Inc. Common Stock",Stock,True,2026-05-08,,,dc99da69f277d7c87e0b
DAN,NYSE,Dana Incorporated Common Stock,Stock,True,2026-05-08,,,3e0ec492c5a401d07902
DAO,NYSE,"Youdao, Inc. American Depositary Shares, each representing one Class A Ordinary Share",Stock,True,2026-05-08,,,13e0f7ac374b3b91fae7
DAR,NYSE,Darling Ingredients Inc. Common Stock,Stock,True,2026-05-08,,,74019b759f2dff074079
DAVA,NYSE,Endava plc American Depositary Shares (each representing one Class A Ordinary Share),Stock,True,2026-05-08,,,39c9002b4c66ddbf1d5f
DB,NYSE,Deutsche Bank AG Common Stock,Stock,True,2026-05-08,,,df2e2fece741d3bf110a
DBD,NYSE,Diebold Nixdorf Incorporated Common stock,Stock,True,2026-05-08,,,bf9a75e7666569a9b5f9
DBI,NYSE,Designer Brands Inc. Class A Common Stock,Stock,True,2026-05-08,,,33c042eaaa05a288a493
DBL,NYSE,DoubleLine Opportunistic Credit Fund Common Shares of Beneficial Interest,Stock,True,2026-05-08,,,be72809cfc95bb13e28e
DBRG,NYSE,"DigitalBridge Group, Inc.",Stock,True,2026-05-08,,,8f99dee9a5fcf6442289
DBRG$H,NYSE,"DigitalBridge Group, Inc. 7.125% Series H",Stock,True,2026-05-08,,,ca2e8c5063cd78746f44
DBRG$I,NYSE,"DigitalBridge Group, Inc. 7.15% Series I",Stock,True,2026-05-08,,,bae8cf4e75c52b6b6ca2
DBRG$J,NYSE,"DigitalBridge Group, Inc. 7.125% Series J",Stock,True,2026-05-08,,,d1432f83a05f232688c8
DCBG,NYSE,"Dime Community Bancshares, Inc. 9.000% Fixed-to-Floating Rate Subordinated Notes due 2034",Stock,False,2026-05-08,2026-06-02,Listing metadata changed,5a75810f6c8e8215b8dd
DCBG,NYSE,"Dime Commercial Bancshares, Inc. 9.000% Junior Subordinated Notes",Stock,True,2026-06-02,,,2f7c58986c67d57cab08
DCH,NYSE,Dauch Corporation Common Stock,Stock,True,2026-05-08,,,b7ea8cb1007f6cca00be
DCI,NYSE,"Donaldson Company, Inc. Common Stock",Stock,True,2026-05-08,,,ddbb7b1ce1e44f4b305f
DCO,NYSE,Ducommun Incorporated Common Stock,Stock,True,2026-05-08,,,926781f0e4737219589b
DCOM,NYSE,"Dime Community Bancshares, Inc. Common Stock",Stock,False,2026-05-08,2026-06-02,Listing metadata changed,d1ac5bddfc2015f77995
DCOM,NYSE,"Dime Commercial Bancshares, Inc. Common Stock",Stock,True,2026-06-02,,,32e3b963152cc4010503
DCOM$,NYSE,"Dime Community Bancshares, Inc. Fixed-Rate Non-Cumulative Perpetual Preferred Stock, Series A",Stock,False,2026-05-08,2026-06-02,Listing metadata changed,c3f17667c26ed846f844
DCOM$,NYSE,"Dime Commercial Bancshares, Inc. Preferred Stock, Series A",Stock,True,2026-06-02,,,fbc06e0e5a2f656501f3
DD,NYSE,"DuPont de Nemours, Inc. Common Stock",Stock,True,2026-05-08,,,80a2ad6fc11f66adc72c
DDD,NYSE,3D Systems Corporation Common Stock,Stock,True,2026-05-08,,,d504ce2b1a5c58851aeb
DDL,NYSE,Dingdong (Cayman) Limited American Depositary Shares (each two representing three Ordinary Shares),Stock,True,2026-05-08,,,70ee84a78c4d86be8e0d
DDS,NYSE,"Dillard's, Inc. Common Stock",Stock,True,2026-05-08,,,0e843397478201dd71bc
DDT,NYSE,Dillard's Capital Trust I,Stock,True,2026-05-08,,,1aed6ae85d123078a83a
DE,NYSE,Deere & Company Common Stock,Stock,True,2026-05-08,,,28c2b6f561a0b44157c7
DEA,NYSE,"Easterly Government Properties, Inc. Common Stock",Stock,True,2026-05-08,,,d7cee57e600ec8ed335a
DEC,NYSE,Diversified Energy Company Common Stock,Stock,True,2026-05-08,,,87e7756de30dc9a47d83
DECK,NYSE,Deckers Outdoor Corporation Common Stock,Stock,True,2026-05-08,,,805d4d4168dac9def095
DEI,NYSE,"Douglas Emmett, Inc. Common Stock",Stock,True,2026-05-08,,,ba2efa981502a60579fd
DELL,NYSE,Dell Technologies Inc. Class C Common Stock,Stock,True,2026-05-08,,,fbff91f44bc863be1d50
DEO,NYSE,Diageo plc Common Stock,Stock,True,2026-05-08,,,7382598919129f327947
DFH,NYSE,"Dream Finders Homes, Inc. Class A Common Stock",Stock,True,2026-05-08,,,3ae50128cb2bb5a56002
DFIN,NYSE,"Donnelley Financial Solutions, Inc. Common Stock",Stock,True,2026-05-08,,,2ba1e517fa9571748412
DFP,NYSE,Flaherty & Crumrine Dynamic Preferred and Income Fund Inc. Common Stock,Stock,True,2026-05-08,,,780f55abbaba0e416f5d
DG,NYSE,Dollar General Corporation Common Stock,Stock,True,2026-05-08,,,0cb24bd0995d44a70f35
DGAC,NYSE,Disciplined Growth Acquisition Corporation Class A Ordinary Shares,Stock,True,2026-07-17,,,15b8156c9310f745cc7e
DGAC.R,NYSE,"Disciplined Growth Acquisition Corporation Rights, each right entitling the holder to receive one-fourth (1/4) of one Class A ordinary share",Stock,True,2026-07-17,,,315a5c40caf2a6d92f8e
DGAC.U,NYSE,"Disciplined Growth Acquisition Corporation Units, each consisting of one Class A Ordinary Share and one Right",Stock,True,2026-05-27,,,61a41365e2be1cc92bec
DGX,NYSE,Quest Diagnostics Incorporated Common Stock,Stock,True,2026-05-08,,,1c18c94bc0115a127e7c
DHF,NYSE,BNY Mellon High Yield Strategies Fund Common Stock,Stock,True,2026-05-08,,,1c89db16eb8f2a6a2bae
DHI,NYSE,"D.R. Horton, Inc. Common Stock",Stock,True,2026-05-08,,,6ee73dd54cab7339c48d
DHR,NYSE,Danaher Corporation Common Stock,Stock,True,2026-05-08,,,a099f73be3a1a4ae11e5
DHT,NYSE,"DHT Holdings, Inc.",Stock,True,2026-05-08,,,416763c5f7d7506c32f6
DHX,NYSE,"DHI Group, Inc. Common Stock",Stock,True,2026-05-08,,,f89f80f67a59fa55461a
DIN,NYSE,"Dine Brands Global, Inc. Common Stock",Stock,True,2026-05-08,,,9f3dbcc71da0c48c1af8
DINO,NYSE,HF Sinclair Corporation Common Stock,Stock,True,2026-05-08,,,4e10699b0326ca9a0b36
DIS,NYSE,Walt Disney Company (The) Common Stock,Stock,True,2026-05-08,,,578685abfd1c9fab4d75
DIVY,NYSE,Sound Equity Dividend Income ETF,ETF,True,2026-05-08,,,46aecd1a4057293ef9fa
DK,NYSE,"Delek US Holdings, Inc. Common Stock",Stock,True,2026-05-08,,,7b537f638567fb6339d2
DKL,NYSE,"Delek Logistics Partners, L.P. Common Units representing Limited Partner Interests",Stock,True,2026-05-08,,,2d9f3ff4189862c5163d
DKS,NYSE,Dick's Sporting Goods Inc Common Stock,Stock,True,2026-05-08,,,b31d5a2ffa57c6f534a4
DLB,NYSE,Dolby Laboratories Common Stock,Stock,True,2026-05-08,,,b66a3bec1e4232aec3e0
DLNG,NYSE,Dynagas LNG Partners LP Common Units,Stock,True,2026-05-08,,,c51c119d80e03e4e1d7d
DLNG$A,NYSE,Dynagas LNG Partners LP 9.00% Series A Cumulative Redeemable Preferred Units,Stock,True,2026-05-08,,,1433c2c21d8fc5452737
DLR,NYSE,"Digital Realty Trust, Inc. Common Stock",Stock,True,2026-05-08,,,d4ed2c81250193716a0e
DLR$J,NYSE,"Digital Realty Trust, Inc. 5.250% Series J Cumulative Redeemable Preferred Stock",Stock,True,2026-05-08,,,891527135c42d33fcea8
DLR$K,NYSE,"Digital Realty Trust, Inc. 5.850% Series K Cumulative Redeemable Preferred Stock, par value $0.01 per share",Stock,True,2026-05-08,,,a9fe5a167a23f361bfd5
DLR$L,NYSE,"Digital Realty Trust, Inc. 5.200% Series L Cumulative Redeemable Preferred Stock",Stock,True,2026-05-08,,,d1f12c7dd361a25d33ec
DLX,NYSE,Deluxe Corporation Common Stock,Stock,True,2026-05-08,,,fb761c3c51f062f7753f
DLY,NYSE,DoubleLine Yield Opportunities Fund Common Shares of Beneficial Interest,Stock,True,2026-05-08,,,06ead142d322a4916685
DMA,NYSE,Destra Multi-Alternative Fund Common Stock,Stock,True,2026-05-08,,,079fcd907a5e5dcb794e
DMB,NYSE,"BNY Mellon Municipal Bond Infrastructure Fund, Inc. Common Stock",Stock,True,2026-05-08,,,7aea884c945e7b81aed4
DMC,NYSE,Del Monte Corporation Ordinary Shares,Stock,True,2026-06-29,,,40fa7521211a1037b90f
DMO,NYSE,Western Asset Mortgage Opportunity Fund Inc. Common Stock,Stock,True,2026-05-08,,,3b829a9ed9e28d02a96b
DNA,NYSE,"Ginkgo Bioworks Holdings, Inc. Class A Common Stock",Stock,True,2026-05-08,,,85a6c2106241624710a5
DNOW,NYSE,DNOW Inc. Common Stock,Stock,True,2026-05-08,,,f870fc3d9750d7e3211f
DNP,NYSE,"DNP Select Income Fund, Inc. Common Stock",Stock,True,2026-05-08,,,e33a350a64ec51bb1742
DOC,NYSE,"Healthpeak Properties, Inc. Common Stock",Stock,True,2026-05-08,,,49536ab6a2044788591c
DOCN,NYSE,"DigitalOcean Holdings, Inc. Common Stock",Stock,True,2026-05-08,,,03dd0f7e27d23522496a
DOCS,NYSE,"Doximity, Inc. Class A Common Stock",Stock,True,2026-05-08,,,5f58cfad246edbe59171
DOLE,NYSE,Dole plc Ordinary Shares,Stock,True,2026-05-08,,,cb086a3d88df53f7edc2
DOUG,NYSE,Douglas Elliman Inc. Common Stock,Stock,True,2026-05-08,,,ab28496087cc50ffeb20
DOV,NYSE,Dover Corporation Common Stock,Stock,True,2026-05-08,,,94e0156b288ecfaa7282
DOW,NYSE,Dow Inc. Common Stock,Stock,True,2026-05-08,,,a58059aa3f1dc03fc821
DPC,NYSE,DPC Holdings PLC Ordinary Shares,Stock,True,2026-06-25,,,212ecc99ad275b58e2c5
DPG,NYSE,Duff & Phelps Utility and Infrastructure Fund Inc.,Stock,True,2026-05-08,,,6970b0c9521e999bc068
DQ,NYSE,"DAQO New Energy Corp. American Depositary Shares, each representing five ordinary shares",Stock,True,2026-05-08,,,af9cf0d16a11545ec0ee
DRD,NYSE,DRDGOLD Limited American Depositary Shares,Stock,True,2026-05-08,,,8040a689d723fb72cc89
DRI,NYSE,"Darden Restaurants, Inc. Common Stock",Stock,True,2026-05-08,,,85f850fbfad67d5a75dd
DRLL,NYSE,Strive U.S. Energy ETF,ETF,True,2026-05-08,,,9253f0e94aaacdb957c9
DSL,NYSE,DoubleLine Income Solutions Fund Common Shares of Beneficial Interests,Stock,True,2026-05-08,,,3ac8ebb4a276c2c0ef81
DSM,NYSE,"BNY Mellon Strategic Municipal Bond Fund, Inc. Common Stock",Stock,True,2026-05-08,,,b5dd4f43a4975486225a
DSMC,NYSE,Distillate Small/Mid Cash Flow ETF,ETF,True,2026-05-08,,,52378a1f3e11f7b24a69
DSTX,NYSE,Distillate International Fundamental Stability & Value ETF,ETF,True,2026-05-08,,,3f16402e6c76fae19920
DSU,NYSE,"Blackrock Debt Strategies Fund, Inc. Common Stock",Stock,True,2026-05-08,,,42ad220691f72492065b
DSX,NYSE,Diana Shipping inc. common stock,Stock,True,2026-05-08,,,1c2f36bbba21775a0690
DSX$B,NYSE,Diana Shipping Inc. Perpetual Preferred Shares Series B (Marshall Islands),Stock,True,2026-05-08,,,d86e43f5cdcc576bbba4
DSX.W,NYSE,Diana Shipping inc. Warrants,Stock,True,2026-05-08,,,4ff1697505e92bdd483a
DT,NYSE,"Dynatrace, Inc. Common Stock",Stock,True,2026-05-08,,,764902da0b90543fbce9
DTB,NYSE,DTE Energy Company 2020 Series G 4.375% Junior Subordinated Debentures due 2080,Stock,True,2026-05-08,,,1309e29edff4b531b463
DTE,NYSE,DTE Energy Company Common Stock,Stock,True,2026-05-08,,,04ea1c4dea34a25edd79
DTF,NYSE,DTF Tax-Free Income 2028 Term Fund Inc. Common Stock,Stock,True,2026-05-08,,,e92d33c616a83d316402
DTG,NYSE,DTE Energy Company 2021 Series E 4.375% Junior Subordinated Debentures,Stock,True,2026-05-08,,,688926f1c90ad839ddbe
DTK,NYSE,DTE Energy Company 2025 Series H 6.25% Junior Subordinated Debentures due 2085,Stock,True,2026-05-08,,,0a49a8b686ebe0466c61
DTM,NYSE,"DT Midstream, Inc. Common Stock",Stock,True,2026-05-08,,,d8e59c893397736deef5
DTW,NYSE,DTE Energy Company 2017 Series E 5.25% Junior Subordinated Debentures due 2077,Stock,True,2026-05-08,,,a3c420bb1c17b87d4408
DUK,NYSE,Duke Energy Corporation (Holding Company) Common Stock,Stock,True,2026-05-08,,,07926b0ab0c2adc25698
DUK$A,NYSE,"Duke Energy Corporation Depositary Shares, each representing a 1/1,000th interest in a share of 5.75% Series A Cumulative Redeemable Perpetual Preferred Stock",Stock,True,2026-05-08,,,10ecca24b6e142d284fb
DUKB,NYSE,Duke Energy Corporation 5.625% Junior Subordinated Debentures due 2078,Stock,True,2026-05-08,,,a6c069ad4c0fd2a9aed4
DV,NYSE,"DoubleVerify Holdings, Inc. Common Stock",Stock,True,2026-05-08,,,8dea5e2486b76a33d0d6
DVA,NYSE,DaVita Inc. Common Stock,Stock,True,2026-05-08,,,65fd5e96a304d9a28ea5
DVN,NYSE,Devon Energy Corporation Common Stock,Stock,True,2026-05-08,,,b4cd0107a4bf684d71b6
DX,NYSE,"Dynex Capital, Inc. Common Stock",Stock,True,2026-05-08,,,3da38040b5f15d00467e
DX$C,NYSE,"Dynex Capital, Inc. 6.900% Series C Fixed-to-Floating Rate Cumulative Redeemable Preferred Stock",Stock,True,2026-05-08,,,cd54853700e21a5cbd31
DXC,NYSE,DXC Technology Company Common Stock,Stock,True,2026-05-08,,,1ad3a02df0b530263196
DXYZ,NYSE,Destiny Tech100 Inc. Common Stock,Stock,True,2026-05-08,,,f6c3e321cc0a2dc63149
DY,NYSE,"Dycom Industries, Inc. Common Stock",Stock,True,2026-05-08,,,becee2329f64d6bc98ae
E,NYSE,ENI S.p.A. Common Stock,Stock,True,2026-05-08,,,eda7d974a0789ae2306c
EAF,NYSE,GrafTech International Ltd. Common Stock,Stock,True,2026-05-08,,,b766338b63754686a43e
EAI,NYSE,"Entergy Arkansas, LLC First Mortgage Bonds, 4.875% Series Due September 1, 2066",Stock,True,2026-05-08,,,8d536b6213f9e2a1dfc6
EARN,NYSE,Ellington Credit Company Common Shares of Beneficial Interest,Stock,True,2026-05-08,,,8a7a305c837a18068c9d
EAT,NYSE,"Brinker International, Inc. Common Stock",Stock,True,2026-05-08,,,5a6268a77d94ac18af7f
EBF,NYSE,"Ennis, Inc. Common Stock",Stock,True,2026-05-08,,,c4e1292f989b88a3e0fa
EBS,NYSE,Emergent BioSolutions Inc. Common Stock,Stock,True,2026-05-08,,,c76dd4a1718c4a998f5c
EC,NYSE,Ecopetrol S.A. American Depositary Shares,Stock,True,2026-05-08,,,c997ad07d3a8183feea0
ECAT,NYSE,BlackRock ESG Capital Allocation Term Trust Common Shares of Beneficial Interest,Stock,True,2026-05-08,,,35769626a256ad6c9198
ECC,NYSE,Eagle Point Credit Company Inc. Common Stock,Stock,False,2026-05-08,2026-05-22,Listing metadata changed,19ae55b8f7b062e0f287
ECC,NYSE,Eagle Point Credit Company Common Share of Beneficial Interest,Stock,True,2026-05-22,,,76b64240595bee46bf17
ECC$D,NYSE,Eagle Point Credit Company Inc. 6.75% Series D Preferred Stock,Stock,False,2026-05-08,2026-05-22,Listing metadata changed,93731025919a3762a9e5
ECC$D,NYSE,Eagle Point Credit Company 6.75% Series D Preferred Stock,Stock,True,2026-05-22,,,ca67840166288bfe4115
ECCC,NYSE,Eagle Point Credit Company Inc. 6.50% Series C Term Preferred Stock due 2031,Stock,False,2026-05-08,2026-05-22,Listing metadata changed,a017141dd9cd50c32a38
ECCC,NYSE,Eagle Point Credit Company 6.50% Series C Term Preferred Stock due 2031,Stock,True,2026-05-22,,,eb37da45b7df2f2fd8e0
ECCU,NYSE,Eagle Point Credit Company Inc. 7.75% Notes due 2030,Stock,False,2026-05-08,2026-05-22,Listing metadata changed,81af6ed58ad8d0167067
ECCU,NYSE,Eagle Point Credit Company 7.75% Notes due 2030,Stock,True,2026-05-22,,,12bc41b7a1eb5bfd1649
ECCV,NYSE,Eagle Point Credit Company Inc. 5.375% Notes due 2029,Stock,False,2026-05-08,2026-05-22,Listing metadata changed,7c1963e20bad0c60ec1e
ECCV,NYSE,Eagle Point Credit Company 5.375% Notes due 2029,Stock,True,2026-05-22,,,ef9701b9e083f5d09e68
ECG,NYSE,"Everus Construction Group, Inc. Common Stock",Stock,True,2026-05-08,,,b87ccbc5b0169185aeb5
ECL,NYSE,Ecolab Inc. Common Stock,Stock,True,2026-05-08,,,749b84370162331d4bad
ECO,NYSE,Okeanis Eco Tankers Corp. Common Stock,Stock,True,2026-05-08,,,5ea022a6dde598fe33d6
ECVT,NYSE,Ecovyst Inc. Common Stock,Stock,True,2026-05-08,,,4fc9204eda91a4c60296
ED,NYSE,"Consolidated Edison, Inc. Common Stock",Stock,True,2026-05-08,,,66c5ab2eabfc02658785
EDD,NYSE,"Morgan Stanley Emerging Markets Domestic Debt Fund, Inc. Common Stock",Stock,True,2026-05-08,,,cb6264d29236b765eefd
EDF,NYSE,Virtus Stone Harbor Emerging Markets Income Fund Common Shares of Beneficial Interest,Stock,True,2026-05-08,,,1b33761ba8d4479670f0
EDN,NYSE,Empresa Distribuidora Y Comercializadora Norte S.A. (Edenor) American Depositary Shares,Stock,True,2026-05-08,,,0649160a44ec5823bbae
EDU,NYSE,"New Oriental Education & Technology Group, Inc. Sponsored ADR representing 10 Ordinary Share (Cayman Islands)",Stock,True,2026-05-08,,,054a6c077ac7f05562e0
EE,NYSE,"Excelerate Energy, Inc. Class A Common Stock",Stock,True,2026-05-08,,,47317797d831821b2981
EEA,NYSE,"The European Equity Fund, Inc. Common Stock",Stock,True,2026-05-08,,,be840ed41200accc15fe
EEX,NYSE,"Emerald Holding, Inc. Common Stock",Stock,False,2026-05-08,2026-07-14,Missing from current NYSE source snapshot; reason unavailable,dd78b59b409f97f91e98
EFC,NYSE,Ellington Financial Inc. Common Stock,Stock,True,2026-05-08,,,c4379a6626bc151f434e
EFC$B,NYSE,Ellington Financial Inc. 6.250% Series B Fixed-Rate Reset Cumulative Redeemable Preferred Stock,Stock,True,2026-05-08,,,fd4281bcd2ae2bc66c84
EFC$C,NYSE,Ellington Financial Inc. 8.625% Series C Fixed-Rate Reset Cumulative Redeemable Preferred Stock,Stock,True,2026-05-08,,,1aa33dbba109d2985bcb
EFC$D,NYSE,Ellington Financial Inc. 7.00% Series D Cumulative Perpetual Redeemable Preferred Stock,Stock,True,2026-05-08,,,f244dac7775b04691ce9
EFOR,NYSE,"Everforth, Inc. Common Stock",Stock,True,2026-05-08,,,b994910b8d0372189d6c
EFR,NYSE,Eaton Vance Senior Floating-Rate Fund Common Shares of Beneficial Interest,Stock,True,2026-05-08,,,1a28b34623ccbd280eb5
EFT,NYSE,Eaton Vance Floating Rate Income Trust Common Shares of Beneficial Interest,Stock,True,2026-05-08,,,7bab435499d2ce5ba1b2
EFX,NYSE,"Equifax, Inc. Common Stock",Stock,True,2026-05-08,,,818f7c0e87c1180a524e
EFXT,NYSE,Enerflex Ltd Common Shares,Stock,True,2026-05-08,,,2f416f6b4b42b30fc67e
EG,NYSE,"Everest Group, Ltd. Common Stock",Stock,True,2026-05-08,,,d3065c68fecd700562d0
EGO,NYSE,Eldorado Gold Corporation Ordinary Shares,Stock,True,2026-05-08,,,69b059491c6d8e0b6f7a
EGP,NYSE,"EastGroup Properties, Inc. Common Stock",Stock,True,2026-05-08,,,50023f37f9d1c1d84e6d
EGY,NYSE,"VAALCO Energy, Inc. Common Stock",Stock,True,2026-05-08,,,02debf210093e735fa1e
EHAB,NYSE,"Enhabit, Inc. Common Stock",Stock,False,2026-05-08,2026-05-15,Missing from current NYSE source snapshot; reason unavailable,470bf3165b2bf829ba83
EHC,NYSE,Encompass Health Corporation Common Stock,Stock,True,2026-05-08,,,4fa322af730d75b771a5
EHI,NYSE,Western Asset Global High Income Fund Inc Common Stock,Stock,True,2026-05-08,,,a7bb5b6d6a7beda8d6c2
EIC,NYSE,Eagle Point Income Company Inc. Common Stock,Stock,True,2026-05-08,,,cd4b82b7bcc24fbc07f1
EICA,NYSE,Eagle Point Income Company Inc. 5.00% Series A Term Preferred Stock due 2026,Stock,True,2026-05-08,,,4a7cbdad084811164e63
EIG,NYSE,Employers Holdings Inc Common Stock,Stock,True,2026-05-08,,,2770c0375e21a20ee811
EIIA,NYSE,Eagle Point Institutional Income Fund 8.125% Series A Term Preferred Shares Due 2029,Stock,True,2026-05-08,,,05b9b8a874b07750b08c
EIX,NYSE,Edison International Common Stock,Stock,True,2026-05-08,,,80adcffe6137af2c5148
EL,NYSE,"Estee Lauder Companies, Inc. (The) Common Stock",Stock,True,2026-05-08,,,b372bd45f8cf8cc36536
ELAN,NYSE,Elanco Animal Health Incorporated Common Stock,Stock,True,2026-05-08,,,ff85820be4d985826c98
ELC,NYSE,"Entergy Louisiana, Inc. Collateral Trust Mortgage Bonds, 4.875 % Series due September 1, 2066",Stock,True,2026-05-08,,,70fb79ab895acebec7f8
ELF,NYSE,"e.l.f. Beauty, Inc. Common Stock",Stock,True,2026-05-08,,,1291b13280be5ad8b474
ELLA,NYSE,Ellington Credit Company 8.50% Notes due 2031,Stock,True,2026-05-08,,,56c3766df6bdb6962dc4
ELME,NYSE,Elme Communities Common Stock,Stock,True,2026-05-08,,,0e7b1c1ac021e56c7bad
ELPC,NYSE,Companhia Paranaense de Energia (COPEL) American Depositary Shares (each representing four (4) Common Shares),Stock,True,2026-05-08,,,50c2b1cb3dc502a10da2
ELS,NYSE,"Equity Lifestyle Properties, Inc. Common Stock",Stock,True,2026-05-08,,,3c0972ff829762130a4c
ELV,NYSE,"Elevance Health, Inc. Common Stock",Stock,True,2026-05-08,,,7ec11470574edd057604
EMA,NYSE,Emera Incorporated Common Shares,Stock,True,2026-05-08,,,bf833ecc6a869f1a55cd
EMBJ,NYSE,Embraer S.A. Common Stock,Stock,True,2026-05-08,,,65d205e3b57d1808b758
EMD,NYSE,Western Asset Emerging Markets Debt Fund Inc Common Stock,Stock,True,2026-05-08,,,2b060f54ca3cfc3f4139
EME,NYSE,"EMCOR Group, Inc. Common Stock",Stock,True,2026-05-08,,,6b2b98fa7bf5e48fae92
EMF,NYSE,Templeton Emerging Markets Fund Common Stock,Stock,True,2026-05-08,,,f175fa50b7adac7ee106
EMN,NYSE,Eastman Chemical Company Common Stock,Stock,True,2026-05-08,,,350f0f05a09eec39e6a7
EMO,NYSE,ClearBridge Energy Midstream Opportunity Fund Inc. Common Stock,Stock,True,2026-05-08,,,bde23cfda6b87dd8077e
EMP,NYSE,"Entergy Mississippi, LLC First Mortgage Bonds, 4.90% Series Due October 1, 2066",Stock,True,2026-05-08,,,50688112182a30cc4c2f
EMR,NYSE,Emerson Electric Company Common Stock,Stock,True,2026-05-08,,,46812c01f60ae731d6ad
ENB,NYSE,Enbridge Inc Common Stock,Stock,True,2026-05-08,,,561c8314a44a6da6209b
ENHA,NYSE,Enhanced Group Inc. Class A Common Stock,Stock,True,2026-05-08,,,1f747ed3623bf6fcd4f3
ENIC,NYSE,Enel Chile S.A. American Depositary Shares (Each representing 50 shares of Common Stock),Stock,True,2026-05-08,,,089c2839e4e6ba9af206
ENJ,NYSE,"Entergy New Orleans, LLC First Mortgage Bonds, 5.0% Series due December 1, 2052",Stock,True,2026-05-08,,,a362bd37c7b2d1ba0c9f
ENO,NYSE,"Entergy New Orleans, LLC First Mortgage Bonds, 5.50% Series due April 1, 2066",Stock,True,2026-05-08,,,1b4dec327e44d02654ad
ENOV,NYSE,Enovis Corporation Common Stock,Stock,True,2026-05-08,,,f72007b0227835cea451
ENR,NYSE,"Energizer Holdings, Inc. Common Stock",Stock,True,2026-05-08,,,022a089dfa2c4ffe4fa6
ENS,NYSE,EnerSys Common Stock,Stock,True,2026-05-08,,,9e0d1dd2329ee1e8619e
ENVA,NYSE,"Enova International, Inc. Common Stock",Stock,True,2026-05-08,,,4650e68283abddf6a728
EOD,NYSE,Allspring Global Dividend Opportunity Fund Common Shares of Beneficial Interest,Stock,True,2026-05-08,,,a2cf95b9339cc397dc25
EOG,NYSE,"EOG Resources, Inc. Common Stock",Stock,True,2026-05-08,,,6ffe3628c3b8ce0a1cd4
EOI,NYSE,Eaton Vance Enhance Equity Income Fund Eaton Vance Enhanced Equity Income Fund Shares of Beneficial Interest,Stock,True,2026-05-08,,,0e4f3ad9b30bc5f372ec
EOS,NYSE,Eaton Vance Enhance Equity Income Fund II Common Stock,Stock,True,2026-05-08,,,a3962e302a487dec9f4c
EOT,NYSE,Eaton Vance Municipal Income Trust EATON VANCE NATIONAL MUNICIPAL OPPORTUNITIES TRUST,Stock,True,2026-05-08,,,e52a17fb1e4dbd8325a8
EP$C,NYSE,El Paso Corporation Preferred Stock,Stock,True,2026-05-08,,,426d199cc750437c14ec
EPAC,NYSE,Enerpac Tool Group Corp. Common Stock,Stock,True,2026-05-08,,,28a6b6846026ea833162
EPAM,NYSE,"EPAM Systems, Inc. Common Stock",Stock,True,2026-05-08,,,d3b9b578f457a9b5b517
EPC,NYSE,Edgewell Personal Care Company Common Stock,Stock,True,2026-05-08,,,d7464bba3dac11c5f4bb
EPD,NYSE,Enterprise Products Partners L.P. Common Stock,Stock,True,2026-05-08,,,082cd5f2c654ae5bac15
EPR,NYSE,EPR Properties Common Stock,Stock,True,2026-05-08,,,47ef07e0ce1e380d1c4b
EPR$C,NYSE,EPR Properties 5.75% Series C Cumulative Convertible Preferred Shares,Stock,True,2026-05-08,,,98a3b87470ae95b53080
EPR$E,NYSE,EPR Properties Series E Cumulative Conv Pfd Shs Ser E,Stock,True,2026-05-08,,,7f769d6b4b8be0f0ebf1
EPR$G,NYSE,EPR Properties 5.750% Series G Cumulative Redeemable Preferred Shares,Stock,True,2026-05-08,,,de82767bd01beffadcec
EPRT,NYSE,"Essential Properties Realty Trust, Inc. Common Stock",Stock,True,2026-05-08,,,140013ba568cf2d82068
EQBK,NYSE,"Equity Bancshares, Inc. Class A Common Stock",Stock,True,2026-05-08,,,623bada5ce52db274c4d
EQH,NYSE,"Equitable Holdings, Inc. Common Stock",Stock,True,2026-05-08,,,e8ca6a4c507c1cb7ea17
EQH$A,NYSE,"Equitable Holdings, Inc. Depositary Shares",Stock,True,2026-05-08,,,b26f487d10659ff42f20
EQH$C,NYSE,"Equitable Holdings, Inc. Depositary Shares, each representing a 1/1,000th interest in a share of Fixed Rate Noncumulative Perpetual Preferred Stock, Series C",Stock,True,2026-05-08,,,6355813235db6172e7bc
EQNR,NYSE,Equinor ASA,Stock,True,2026-05-08,,,52fb17b64bd5309d6d0f
EQR,NYSE,Equity Residential Common Shares of Beneficial Interest,Stock,True,2026-05-08,,,259a55f95afdfe95ce06
EQS,NYSE,"Equus Total Return, Inc. Common Stock",Stock,True,2026-05-08,,,418414a1dd31a6465822
EQT,NYSE,EQT Corporation Common Stock,Stock,True,2026-05-08,,,4611cba71274fd22819f
ERO,NYSE,Ero Copper Corp. Common Shares,Stock,True,2026-05-08,,,de73ed9b25c43a7be416
EROC,NYSE,"ERock, Inc. Class A Common Stock",Stock,True,2026-06-10,,,1dcbb7bfc67c9c421641
EROK,NYSE,"EagleRock Land, LLC Class A shares representing limited liability company interests",Stock,True,2026-05-14,,,b1f37d40ceb2a8100538
ES,NYSE,Eversource Energy (D/B/A) Common Stock,Stock,True,2026-05-08,,,e6e31a5b7f4b90ca28d8
ESAB,NYSE,ESAB Corporation Common Stock,Stock,True,2026-05-08,,,d6b2078682be3a6edc53
ESE,NYSE,ESCO Technologies Inc. Common Stock,Stock,True,2026-05-08,,,351b305d87f92553341c
ESI,NYSE,Element Solutions Inc. Common Stock,Stock,True,2026-05-08,,,582ec8dd86ae9a683a81
ESNT,NYSE,Essent Group Ltd. Common Shares,Stock,True,2026-05-08,,,5b1d42db45954f341731
ESRT,NYSE,"Empire State Realty Trust, Inc. Class A Common Stock",Stock,True,2026-05-08,,,2d031a01ec2d364751b0
ESS,NYSE,"Essex Property Trust, Inc. Common Stock",Stock,True,2026-05-08,,,70194a41110da88ee8d0
ESTC,NYSE,Elastic N.V. Ordinary Shares,Stock,True,2026-05-08,,,3206ea197ff04502b6f4
ET,NYSE,Energy Transfer LP Common Units,Stock,True,2026-05-08,,,eb8a06dfc7ee85db1b09
ET$I,NYSE,Energy Transfer L.P. Series I Fixed Rate Perpetual Preferred Units,Stock,True,2026-05-08,,,ace27c11036db198f682
ETB,NYSE,Eaton Vance Tax-Managed Buy-Write Income Fund Eaton Vance Tax-Managed Buy-Write Income Fund Common Shares of Beneficial Interest,Stock,True,2026-05-08,,,04c62efb239ecc3d8850
ETD,NYSE,Ethan Allen Interiors Inc. Common Stock,Stock,True,2026-05-08,,,399f54da0794a49a18cd
ETG,NYSE,Eaton Vance Tax-Advantaged Global Dividend Income Fund Common Shares of Beneficial Interest,Stock,True,2026-05-08,,,a1932e5acff2ce69823c
ETI$,NYSE,"Entergy Texas Inc 5.375% Series A Preferred Stock, Cumulative, No Par Value",Stock,True,2026-05-08,,,054dc4b70dd3a95b4eaf
ETJ,NYSE,Eaton Vance Risk-Managed Diversified Equity Income Fund Common Shares of Beneficial Interest,Stock,True,2026-05-08,,,41ef1143caa56eed7197
ETN,NYSE,"Eaton Corporation, PLC Ordinary Shares",Stock,True,2026-05-08,,,a8e9ddafd74c64107501
ETO,NYSE,Eaton Vance Tax-Advantage Global Dividend Opp Common Stock,Stock,True,2026-05-08,,,52c7e74108afb697a61e
ETR,NYSE,Entergy Corporation Common Stock,Stock,True,2026-05-08,,,c75597219aa973206db6
ETSS,NYSE,Energy Transition Special Opportunities Class A Ordinary Shares,Stock,True,2026-06-04,,,53ece70becc13d3857d0
ETSS.U,NYSE,"Energy Transition Special Opportunities Units, each consisting of one Class A ordinary share and one-half of one redeemable warrant",Stock,True,2026-05-15,,,ae50b393bc1968fc3a44
ETSS.W,NYSE,"Energy Transition Special Opportunities Warrants, each whole warrant exercisable for one Class A ordinary share at an exercise price of $11.50",Stock,True,2026-06-04,,,2243e1bb037fb717eef0
ETSY,NYSE,"Etsy, Inc. Common Stock",Stock,True,2026-05-08,,,2c37a118e6beef579be9
ETV,NYSE,Eaton Vance Corporation Eaton Vance Tax-Managed Buy-Write Opportunities Fund Common Shares of Beneficial Interest,Stock,True,2026-05-08,,,94ca9cfb04440b85150a
ETW,NYSE,Eaton Vance Corporation Eaton Vance Tax-Managed Global Buy-Write Opportunites Fund Common Shares of Beneficial Interest,Stock,True,2026-05-08,,,345b078ea8e84a6c018e
ETX,NYSE,Eaton Vance Municipal Income 2028 Term Trust Common Shares of Beneficial Interest,Stock,True,2026-05-08,,,873de5f2b6f61bc7262b
ETY,NYSE,"Eaton Vance Tax-Managed Diversified Equity Income Fund Common Shares of Beneficial Interest,",Stock,True,2026-05-08,,,b70423ce9cc17f6d4bc0
EVAC,NYSE,EQV Ventures Acquisition Corp. II Class A Ordinary Shares,Stock,True,2026-05-08,,,992329abdc56379c0c76
EVAC.U,NYSE,"EQV Ventures Acquisition Corp. II Units, each unit consists of one Class A ordinary share and one-third of one redeemable warrant",Stock,True,2026-05-08,,,2d2ba3f1c680a549c60f
EVAC.W,NYSE,"EQV Ventures Acquisition Corp. II Redeemable Warrants, each whole warrant exercisable for one Class A ordinary share at an exercise price of $11.50 per share",Stock,True,2026-05-08,,,1863a2ca3fdcd9244105
EVC,NYSE,Entravision Communications Corporation Common Stock,Stock,True,2026-05-08,,,f5f8763c4994844af5ad
EVEX,NYSE,"Eve Holding, Inc. Common Stock",Stock,True,2026-05-08,,,a26f1ce1d47ec15fa094
EVEX.W,NYSE,"Eve Holding, Inc. Warrants, each exercisable for one share of Common Stock at an exercise price of $11.50 per share",Stock,True,2026-05-08,,,a7d14f88164a502b7ed8
EVF,NYSE,Eaton Vance Senior Income Trust Common Stock,Stock,True,2026-05-08,,,9d5c041865d386ab705e
EVG,NYSE,Eaton Vance Short Diversified Income Fund Eaton Vance Short Duration Diversified Income Fund Common Shares of Beneficial Interest,Stock,True,2026-05-08,,,0b96a0cea1b2cf33d98d
EVH,NYSE,"Evolent Health, Inc Class A Common Stock",Stock,True,2026-05-08,,,f66cbed6192105df9cf3
EVMN,NYSE,"Evommune, Inc. Common Stock",Stock,True,2026-05-08,,,12bfc609bfb87d4ee17d
EVN,NYSE,Eaton Vance Municipal Income Trust Common Stock,Stock,True,2026-05-08,,,c2a109b11f8ba91fab3a
EVR,NYSE,Evercore Inc. Class A Common Stock,Stock,True,2026-05-08,,,edc25cf8256d125cee0d
EVT,NYSE,Eaton Vance Tax Advantaged Dividend Income Fund Common Shares of Beneficial Interest,Stock,True,2026-05-08,,,c7f8f2ef47aa6aaa1b42
EVTC,NYSE,"Evertec, Inc. Common Stock",Stock,True,2026-05-08,,,56555d0116e734599ebf
EVTL,NYSE,Vertical Aerospace Ltd. Ordinary Shares,Stock,True,2026-05-08,,,9205156da2469306a543
EVTR,NYSE,Eaton Vance Total Return Bond ETF,ETF,True,2026-05-08,,,991665071710b621f43d
EW,NYSE,Edwards Lifesciences Corporation Common Stock,Stock,True,2026-05-08,,,27350e1b4380c37d349b
EXG,NYSE,Eaton Vance Tax-Managed Global Diversified Equity Income Fund Common Shares of Beneficial Interest,Stock,True,2026-05-08,,,fea79153e84e406dfd5a
EXK,NYSE,Endeavour Silver Corporation Ordinary Shares (Canada),Stock,True,2026-05-08,,,423acac7df2c0dd675ec
EXP,NYSE,Eagle Materials Inc Common Stock,Stock,True,2026-05-08,,,257314aabf9c87a32c8f
EXPD,NYSE,"Expeditors International of Washington, Inc. Common Stock",Stock,True,2026-05-08,,,378b8e85b7cbdef2396e
EXR,NYSE,Extra Space Storage Inc Common Stock,Stock,True,2026-05-08,,,e4fd9b8739979330ed1a
F,NYSE,Ford Motor Company Common Stock,Stock,True,2026-05-08,,,4169935e6f7c4226838a
F$B,NYSE,"Ford Motor Company 6.20% Notes due June 1, 2059",Stock,True,2026-05-08,,,fc58131efe973fe59f3f
F$C,NYSE,"Ford Motor Company 6% Notes due December 1, 2059",Stock,True,2026-05-08,,,09e3a544ba6aa0dfae8f
F$D,NYSE,"Ford Motor Company 6.500% Notes due August 15, 2062",Stock,True,2026-05-08,,,ae6909d86ae3638d8a92
FAF,NYSE,First American Corporation (New) Common Stock,Stock,True,2026-05-08,,,e01dc59bac131d0a1fff
FBIN,NYSE,"Fortune Brands Innovations, Inc. Common Stock",Stock,True,2026-05-08,,,c0953ec051a1c3d70ec2
FBK,NYSE,FB Financial Corporation Common Stock,Stock,True,2026-05-08,,,7f516e759e8706784255
FBP,NYSE,First BanCorp. New Common Stock,Stock,True,2026-05-08,,,143b265194731df58c32
FBRT,NYSE,"Franklin BSP Realty Trust, Inc. Common Stock",Stock,True,2026-05-08,,,84b7aa453e4da251d389
FBRT$E,NYSE,"Franklin BSP Realty Trust, Inc. 7.50% Series E Cumulative Redeemable Preferred Stock",Stock,True,2026-05-08,,,ca832c9d2c043fbc441c
FC,NYSE,Franklin Covey Company Common Stock,Stock,True,2026-05-08,,,3d30a621042f7ad289b0
FCBM,NYSE,"First Carolina Financial Services, Inc. Common Stock",Stock,True,2026-06-18,,,659fcbd76ce99de1b938
FCF,NYSE,First Commonwealth Financial Corporation Common Stock,Stock,True,2026-05-08,,,90bf9fca2a116b12b140
FCN,NYSE,"FTI Consulting, Inc. Common Stock",Stock,True,2026-05-08,,,f3128390904e479771a6
FCPT,NYSE,"Four Corners Property Trust, Inc. Common Stock",Stock,True,2026-05-08,,,0d3848ac77e0d71e2ce7
FCRS,NYSE,FutureCrest Acquisition Corp. Class A Ordinary Shares,Stock,True,2026-05-08,,,9b9f6abacfe3abbddc05
FCRS.U,NYSE,"FutureCrest Acquisition Corp. Units, each consisting of one Class A ordinary share and one-quarter of one redeemable warrant",Stock,True,2026-05-08,,,99c8024149b76069f5bf
FCRS.W,NYSE,"FutureCrest Acquisition Corp. Redeemable warrants, each whole warrant exercisable for one Class A ordinary share at an exercise price of $11.50",Stock,True,2026-05-08,,,ffc695abdb8a044634e3
FCRX,NYSE,"Crescent Capital BDC, Inc. 5.00% Notes due 2026",Stock,False,2026-05-08,2026-05-26,Missing from current NYSE source snapshot; reason unavailable,4bf99cc6cd26b70560b4
FCT,NYSE,First Trust Senior Floating Rate Income Fund II Common Shares of Beneficial Interest,Stock,True,2026-05-08,,,8ccf42a9cc7bd7c9bae0
FCX,NYSE,"Freeport-McMoRan, Inc. Common Stock",Stock,True,2026-05-08,,,d6189ae9e5949d1000fe
FDP,NYSE,"Fresh Del Monte Produce, Inc. Common Stock",Stock,False,2026-05-08,2026-06-09,Listing metadata changed,1fe6b843d48be486e9ce
FDP,NYSE,Del Monte Corporation Ordinary Shares,Stock,False,2026-06-09,2026-06-29,Missing from current NYSE source snapshot; reason unavailable,40fa7521211a1037b90f
FDS,NYSE,FactSet Research Systems Inc. Common Stock,Stock,True,2026-05-08,,,9d437874495addbe2111
FDX,NYSE,FedEx Corporation Common Stock,Stock,True,2026-05-08,,,ddd74ed017a12c537d45
FDX.V,NYSE,FedEx Corporation Common Stock When-Issued,Stock,False,2026-05-27,2026-06-01,Missing from current NYSE source snapshot; reason unavailable,dc78e0bf9ec4baaebf73
FDXF,NYSE,"FedEx Freight Holding Company, Inc. Common Stock",Stock,True,2026-06-01,,,f749d83c907c290ba339
FDXF.V,NYSE,"FedEx Freight Holding Company, Inc. Common Stock When-Issued",Stock,False,2026-05-27,2026-06-01,Missing from current NYSE source snapshot; reason unavailable,c5983a91233d143677fa
FE,NYSE,FirstEnergy Corp. Common Stock,Stock,True,2026-05-08,,,69a7db9c8b698a7b2253
FEDU,NYSE,"Four Seasons Education (Cayman) Inc. American Depositary Shares, each ADS representing 10 ordinary shares",Stock,True,2026-05-08,,,1370c025f185fc68761f
FEGE,NYSE,First Eagle Global Equity ETF,ETF,True,2026-05-08,,,1fba8389982246d34b5a
FENG,NYSE,"Phoenix New Media Limited American Depositary Shares, each representing 48 Class A ordinary shares.",Stock,True,2026-05-08,,,6471050377c2f6cf0ad3
FEOE,NYSE,First Eagle Overseas Equity ETF,ETF,True,2026-05-08,,,cadd72dd90b0c2e05f1a
FERG,NYSE,Ferguson Enterprises Inc. Common Stock,Stock,True,2026-05-08,,,7d6c05e82a40c3a8dc2e
FET,NYSE,"Forum Energy Technologies, Inc. Common Stock",Stock,True,2026-05-08,,,68c73fd589bed795012b
FF,NYSE,FutureFuel Corp. Common shares,Stock,True,2026-05-08,,,834ed4e94b0328af5581
FFA,NYSE,First Trust Enhanced Equity Income Fund Common Shares of Beneficial Interest,Stock,True,2026-05-08,,,b425873a6b117bcf7912
FFC,NYSE,Flaherty & Crumrine Preferred and Income Securities Fund Incorporated,Stock,True,2026-05-08,,,5fb5db1885109934121b
FG,NYSE,"F&G Annuities & Life, Inc. Common Stock",Stock,True,2026-05-08,,,4c5d16c755efa62cb37e
FGN,NYSE,"F&G Annuities & Life, Inc. 7.950% Senior Notes due 2053",Stock,True,2026-05-08,,,f8496fb854013bed9aeb
FGSN,NYSE,"F&G Annuities & Life, Inc. 7.300% Junior Subordinated Notes due 2065",Stock,True,2026-05-08,,,a0edea08f0987d2e3f8b
FHI,NYSE,"Federated Hermes, Inc. Common Stock",Stock,True,2026-05-08,,,08a035389ea5ddbd461d
FHN,NYSE,First Horizon Corporation Common Stock,Stock,True,2026-05-08,,,0483591a1def5426a36c
FHN$E,NYSE,"First Horizon Corporation Depositary Shares, each representing a 1/4,000th interest in a share of Non-Cumulative Perpetual Preferred Stock, Series E",Stock,True,2026-05-08,,,ff71461e861e21701617
FHN$F,NYSE,"First Horizon Corporation Depositary Shares, each representing 1/4000th Interest in a Share of Non-Cumulative Perpetual Preferred Stock, Series F",Stock,True,2026-05-08,,,6044fe402fd2ee6f9af3
FHN$H,NYSE,"First Horizon Corporation Depositary Shares each representing a 1/4,000th interest in a share of Non-Cumulative Perpetual Preferred Stock, Series H",Stock,True,2026-05-08,,,3c6490357f797ecad6ab
FICO,NYSE,Fair Isaac Corporation Common Stock,Stock,True,2026-05-08,,,9ec86008c925e647cbb9
FIG,NYSE,"Figma, Inc. Class A Common Stock",Stock,True,2026-05-08,,,e11392b0ff8efe47ff40
FIGS,NYSE,"FIGS, Inc. Class A Common Stock",Stock,True,2026-05-08,,,017bf91cb41a117334cd
FIHL,NYSE,Fidelis Insurance Holdings Limited Common Shares,Stock,False,2026-05-08,2026-05-12,Missing from current NYSE source snapshot; reason unavailable,4680f7c5fa0d59b70362
FINS,NYSE,Angel Oak Financial Strategies Income Term Trust Common Shares of Beneficial Interest,Stock,True,2026-05-08,,,56e034a73df837ef1f7a
FINV,NYSE,FinVolution Group American Depositary Shares,Stock,True,2026-05-08,,,e80eadee045a5875a190
FIRY,NYSE,Firy Inc. Class A Common Stock,Stock,True,2026-06-22,,,28ae65e3de28820f7230
FIS,NYSE,"Fidelity National Information Services, Inc. Common Stock",Stock,True,2026-05-08,,,2bf67db98f3cf63da174
FITB,NYSE,Fifth Third Bancorp Common Stock,Stock,True,2026-06-12,,,c7ee51394f44914b49ff
FITB$A,NYSE,"Fifth Third Bancorp Depositary Shares each representing 1/40th share of Fifth Third 6.00% Non-Cumulative Perpetual Class B Preferred Stock, Series A",Stock,True,2026-06-12,,,1a3e699d5acc52845f22
FITB$I,NYSE,Fifth Third Bancorp Depositary Share repstg 1/1000th Ownership Interest Perp Pfd Series I,Stock,True,2026-06-12,,,d7ddb9494ee157fbf06d
FITB$K,NYSE,"Fifth Third Bancorp Depositary Shares each representing a 1/1000th ownership interest in a share of Non-Cumulative Perpetual Preferred Stock, Series K",Stock,True,2026-06-12,,,62762e5b675359f7deda
FITB$M,NYSE,"Fifth Third Bancorp Depositary Shares Representing a 1/40th Ownership Interest in a Share of 6.875% Fixed-Rate Reset Non-Cumulative Perpetual Preferred Stock, Series M",Stock,True,2026-06-12,,,789c9a4457310bcdf149
FIX,NYSE,"Comfort Systems USA, Inc. Common Stock",Stock,True,2026-05-08,,,89937c5abe9a6e9a61f9
FIXT,NYSE,TCW Core Plus Bond ETF,ETF,True,2026-05-08,,,c24f71cd90366b887a68
FLC,NYSE,Flaherty & Crumrine Total Return Fund Inc Common Stock,Stock,True,2026-05-08,,,3c6b45c100484805ad4d
FLG,NYSE,"Flagstar Bank, N.A. Common Stock",Stock,True,2026-05-08,,,44c95272484c6c6be4a2
FLG$A,NYSE,"Flagstar Bank, N.A. Depositary shares, each representing a 1/40th interest in a share of Fixed-to-Floating Rate Series A Noncumulative Perpetual Preferred Stock",Stock,True,2026-05-08,,,af2168115c803c3cd7b3
FLG$U,NYSE,"Flagstar Bank, N.A. Bifurcated Option Note Unit SecuritiES",Stock,True,2026-05-08,,,a028d846846cf0eb2387
FLNG,NYSE,FLEX LNG Ltd. Ordinary Shares,Stock,True,2026-05-08,,,34d9e3bcbe89fd05c3e6
FLO,NYSE,"Flowers Foods, Inc. Common Stock",Stock,True,2026-05-08,,,7947131aed5c3f5f14d5
FLOC,NYSE,Flowco Holdings Inc. Class A Common Stock,Stock,True,2026-05-08,,,b869c209f497c3c19014
FLR,NYSE,Fluor Corporation Common Stock,Stock,True,2026-05-08,,,f5f1595196c6bdd91c77
FLS,NYSE,Flowserve Corporation Common Stock,Stock,True,2026-05-08,,,a287e5ec97430d03453e
FLUT,NYSE,Flutter Entertainment plc Ordinary Shares,Stock,True,2026-05-08,,,6336ced4df5e457a84a1
FLXR,NYSE,TCW Flexible Income ETF,ETF,True,2026-05-08,,,841598fc75bded5e3aeb
FMC,NYSE,FMC Corporation Common Stock,Stock,True,2026-05-08,,,47e5a2b11a1411833aeb
FMN,NYSE,Federated Hermes Premier Municipal Income Fund,Stock,True,2026-05-08,,,95152db9ede40a553def
FMS,NYSE,Fresenius Medical Care AG American Depositary Shares (Each representing 1/2 of an Ordinary Share),Stock,True,2026-05-08,,,9d112e0a513c5b5bad3d
FMX,NYSE,Fomento Economico Mexicano S.A.B. de C.V. Common Stock,Stock,True,2026-05-08,,,09fa61739d6a5d033176
FMY,NYSE,First Trust Mortgage Income Fund Common Shares of Beneficial Interest,Stock,True,2026-05-08,,,65d6fc32dc795e9571f5
FN,NYSE,Fabrinet Ordinary Shares,Stock,True,2026-05-08,,,dfd582065643c41868cb
FNB,NYSE,F.N.B. Corporation Common Stock,Stock,True,2026-05-08,,,540a34793a59ac2c8f61
FND,NYSE,"Floor & Decor Holdings, Inc. Common Stock",Stock,True,2026-05-08,,,ac3956ba28f104889cf3
FNF,NYSE,"Fidelity National Financial, Inc. Common Stock",Stock,True,2026-05-08,,,149e6a6f51482b5c64be
FNV,NYSE,Franco-Nevada Corporation,Stock,True,2026-05-08,,,343da5c0f2360847786f
FOA,NYSE,Finance of America Companies Inc. Class A Common Stock,Stock,True,2026-05-08,,,52e1a54c95738090f3d9
FOF,NYSE,"Cohen & Steers Closed-End Opportunity Fund, Inc. Common Stock",Stock,True,2026-05-08,,,c651b449878a625e2b9f
FOR,NYSE,Forestar Group Inc Common Stock,Stock,True,2026-05-08,,,9246999f9076e51e2824
FOUR,NYSE,"Shift4 Payments, Inc. Class A Common Stock",Stock,True,2026-05-08,,,759c5ddfc18f5a3e0459
FOUR$A,NYSE,"Shift4 Payments, Inc. 6.00% Series A Mandatory Convertible Preferred Stock",Stock,True,2026-05-08,,,bb952f34cf7beb8d6ada
FPF,NYSE,First Trust Intermediate Duration Preferred & Income Fund Common Shares of Beneficial Interest,Stock,True,2026-05-08,,,ce201bd2f3e6c95d962d
FPH,NYSE,"Five Point Holdings, LLC Class A Common Shares",Stock,True,2026-05-08,,,32442779d8a262d49a3c
FPI,NYSE,Farmland Partners Inc. Common Stock,Stock,True,2026-05-08,,,a9ade1105f3df2f998ac
FPS,NYSE,"Forgent Power Solutions, Inc. Class A Common Stock",Stock,True,2026-05-08,,,6ed194a91a6c60444e07
FR,NYSE,"First Industrial Realty Trust, Inc. Common Stock",Stock,True,2026-05-08,,,3665cbc5c060b09d772c
FRA,NYSE,Blackrock Floating Rate Income Strategies Fund Inc Common Stock,Stock,True,2026-05-08,,,53415adba9e1091c9485
FRO,NYSE,Frontline Plc Ordinary Shares,Stock,True,2026-05-08,,,f8dd1a331759eda45eb8
FRT,NYSE,Federal Realty Investment Trust Common Stock,Stock,True,2026-05-08,,,792d25f22d66caf32502
FRT$C,NYSE,"Federal Realty Investment Trust Depositary Shares, each representing a 1/1000th interest in a 5.000% Series C Cumulative Redeemable Preferred Share",Stock,True,2026-05-08,,,acdb2683fff8bd20fbdc
FSCO,NYSE,FS Credit Opportunities Corp. Common Stock,Stock,True,2026-05-08,,,261ad42cb5843e9e2ac4
FSK,NYSE,FS KKR Capital Corp. Common Stock,Stock,True,2026-05-08,,,9d59f6e7d59567048631
FSM,NYSE,Fortuna Mining Corp. Common Shares,Stock,True,2026-05-08,,,672dc25149e59b421a4b
FSS,NYSE,Federal Signal Corporation Common Stock,Stock,True,2026-05-08,,,e477917c10c4133e0391
FSSL,NYSE,FS Specialty Lending Fund Common Shares of Beneficial Interest,Stock,True,2026-05-08,,,77967d2f32a70f8c81ac
FT,NYSE,Franklin Universal Trust Common Stock,Stock,True,2026-05-08,,,c4953454bf223439ef14
FTHY,NYSE,First Trust High Yield Opportunities 2027 Term Fund Common Stock,Stock,True,2026-05-08,,,1589ecb3647be6ca6b51
FTI,NYSE,TechnipFMC plc Ordinary Share,Stock,True,2026-05-08,,,c7b841407554df549dd2
FTK,NYSE,"Flotek Industries, Inc. Common Stock",Stock,True,2026-05-08,,,bb63c62d7960f8d97565
FTRA.U,NYSE,"FutureCorp Space Acquisition 1 Units, each consisting of one Class A ordinary share and one-half of one redeemable warrant",Stock,True,2026-06-05,,,47f61c6671f83c7b3bb2
FTS,NYSE,Fortis Inc. Common Shares,Stock,True,2026-05-08,,,a07b9a2a02ee984e23c0
FTV,NYSE,Fortive Corporation Common Stock,Stock,True,2026-05-08,,,746cd24aba27ae6ad201
FTW,NYSE,Presidio Production Company Class A Common Stock,Stock,True,2026-05-08,,,baa7f4b05e75b4ca0113
FTW.W,NYSE,"Presidio Production Company Warrants, each whole warrant exercisable for one share of Class A common stock at an exercise price of $11.50 per share",Stock,True,2026-05-08,,,83f85a0140a6a9e0724d
FTWO,NYSE,Strive Natural Resources and Security ETF,ETF,True,2026-05-08,,,c6627c0b955365565bd1
FUBO,NYSE,FuboTV Inc. Class A Common Stock,Stock,True,2026-05-08,,,0b50eb3277f274c41e1e
FUL,NYSE,H. B. Fuller Company Common Stock,Stock,True,2026-05-08,,,c9aa3b823c843064dca1
FUN,NYSE,Six Flags Entertainment Corporation Common Stock New,Stock,True,2026-05-08,,,86b4ba9a6347018dfe37
FVR,NYSE,"FrontView REIT, Inc. Common Stock",Stock,True,2026-05-08,,,55d521c9332376cebe9b
FVRR,NYSE,"Fiverr International Ltd. Ordinary Shares, no par value",Stock,True,2026-05-08,,,a6c33419b41163687e3e
FXED,NYSE,Sound Enhanced Fixed Income ETF,ETF,True,2026-05-08,,,961a45f6d57aba3e6ca7
G,NYSE,Genpact Limited Common Stock,Stock,True,2026-05-08,,,fe808355109245d3159b
GAB,NYSE,"Gabelli Equity Trust, Inc. (The) Common Stock",Stock,True,2026-05-08,,,4b0186668feb935f0f03
GAB$G,NYSE,"Gabelli Equity Trust, Inc. (The) Series G Cumulative Preferred Stock",Stock,True,2026-05-08,,,c5b2c1169db322924e8d
GAB$H,NYSE,"Gabelli Equity Trust, Inc. (The) Pfd Ser H",Stock,True,2026-05-08,,,d425771942a232510306
GAB$K,NYSE,"Gabelli Equity Trust, Inc. (The) 5.00% Series K Cumulative Preferred Stock",Stock,True,2026-05-08,,,febe9309ecd43d5a9190
GAM,NYSE,"General American Investors, Inc. Common Stock",Stock,True,2026-05-08,,,02d4954042e0d1be5b40
GAM$B,NYSE,"General American Investors Company, Inc. Cumulative Preferred Stock",Stock,True,2026-05-08,,,66163ed8b7eac4da9749
GAP,NYSE,"Gap, Inc. (The) Common Stock",Stock,True,2026-05-08,,,36ee15666b6d56e4d3ee
GATX,NYSE,GATX Corporation Common Stock,Stock,True,2026-05-08,,,2ad77cb91e7ddf587cbb
GBAB,NYSE,Guggenheim Taxable Municipal Bond & Investment Grade Debt Trust Common Shares of Beneficial Interest,Stock,True,2026-05-08,,,0cc161923e07f2eb2bcc
GBCI,NYSE,"Glacier Bancorp, Inc. Common Stock",Stock,True,2026-05-08,,,fd81f398b417af41b3d0
GBTG,NYSE,"Global Business Travel Group, Inc. Class A Common Stock",Stock,True,2026-05-08,,,cc71eed865c42cb4d9a9
GBX,NYSE,"Greenbrier Companies, Inc. (The) Common Stock",Stock,True,2026-05-08,,,ad557d216f88b7fcc6f2
GCO,NYSE,Genesco Inc. Common Stock,Stock,True,2026-05-08,,,ea04955b7bef44152b52
GCTS,NYSE,"GCT Semiconductor Holding, Inc. Common Stock",Stock,True,2026-05-08,,,7551b94c668ecd55e06d
GCTS.W,NYSE,"GCT Semiconductor Holding, Inc. Warrants, each whole warrant exercisable for one share of Common Stock at an exercise price of $11.50",Stock,True,2026-05-08,,,1bbf3a17e1cf961c8f3d
GCV,NYSE,"Gabelli Convertible and Income Securities Fund, Inc. (The) Common Stock",Stock,True,2026-05-08,,,565468357a445fdfb975
GD,NYSE,General Dynamics Corporation Common Stock,Stock,True,2026-05-08,,,533752e2d1534e5bfc4a
GDDY,NYSE,GoDaddy Inc. Class A Common Stock,Stock,True,2026-05-08,,,0133d47c7c61b1acb8bf
GDIV,NYSE,Harbor Dividend Growth Leaders ETF,ETF,True,2026-05-08,,,32ad46590e82d6fb3450
GDL,NYSE,"GDL Fund, The Common Shares of Beneficial Interest",Stock,True,2026-05-08,,,2cd0d688991151055242
GDO,NYSE,Western Asset Global Corporate Opportunity Fund Inc. Common Stock,Stock,True,2026-05-08,,,ff6081d5dcf46a69c18b
GDOT,NYSE,"Green Dot Corporation Class A Common Stock, $0.001 par value",Stock,True,2026-05-08,,,be0822103de8b9a396d3
GDV,NYSE,Gabelli Dividend & Income Trust Common Shares of Beneficial Interest,Stock,True,2026-05-08,,,7eb0086e4f9fb26cc479
GDV$H,NYSE,The Gabelli Dividend & Income Trust 5.375% Series H Cumulative Preferred Shares,Stock,True,2026-05-08,,,8b00f72589001b70f640
GDV$K,NYSE,The Gabelli Dividend & Income Trust 4.250% Series K Cumulative Preferred Shares,Stock,True,2026-05-08,,,57ba40cf2b0334de9d7b
GE,NYSE,GE Aerospace Common Stock,Stock,True,2026-05-08,,,a6d0de366f1d369b74cc
GEF,NYSE,Greif Inc. Class A Common Stock,Stock,True,2026-05-08,,,573bf746e875c9806726
GEF.B,NYSE,"Greif, Inc. Corporation Class B Common Stock",Stock,True,2026-05-08,,,83608b9961ead4f684bf
GEL,NYSE,"Genesis Energy, L.P. Common Units",Stock,True,2026-05-08,,,76e8c066bdcd6365c085
GENI,NYSE,Genius Sports Limited Ordinary Shares,Stock,True,2026-05-08,,,620bd8e91562d7ed5b23
GEO,NYSE,Geo Group Inc (The) REIT,Stock,True,2026-05-08,,,65bba4f79b97897b66ee
GETY,NYSE,"Getty Images Holdings, Inc. Class A Common Stock",Stock,True,2026-05-08,,,5d1ae385b366bcee4ac8
GEV,NYSE,GE Vernova Inc. Common Stock,Stock,True,2026-05-08,,,fc9a6bd83840d4b5a945
GF,NYSE,"New Germany Fund, Inc. (The) Common Stock",Stock,True,2026-05-08,,,4243ca45f6436a884cfe
GFF,NYSE,Griffon Corporation Common Stock,Stock,True,2026-05-08,,,8e6ae91bbf35479f2435
GFI,NYSE,Gold Fields Limited American Depositary Shares,Stock,True,2026-05-08,,,b3b81c8ebfc4902d6acc
GFL,NYSE,"GFL Environmental Inc. Subordinate voting shares, no par value",Stock,True,2026-05-08,,,afcce4a5ee701fef33af
GFR,NYSE,Greenfire Resources Ltd. Common Shares,Stock,True,2026-05-08,,,128a642d764db8a83e57
GGB,NYSE,Gerdau S.A. Common Stock,Stock,True,2026-05-08,,,8722cf6e2ff3460073fd
GGG,NYSE,Graco Inc. Common Stock,Stock,True,2026-05-08,,,1a2e6857292152a7bc3d
GGT,NYSE,"Gabelli Multi-Media Trust, Inc. (The) Common Stock",Stock,True,2026-05-08,,,ded37aacc91bbd0c9846
GGT$E,NYSE,Gabelli Multi-Media Trust Inc. (The) 5.125% Series E Cumulative Preferred Stock,Stock,True,2026-05-08,,,969b86d3e2c5ff7227c1
GGT$G,NYSE,Gabelli Multi-Media Trust Inc. (The) 5.125% Series G Cumulative Preferred Shares,Stock,True,2026-05-08,,,a74ce46767e9e3020c2d
GGZ,NYSE,Gabelli Global Small and Mid Cap Value Trust (The) Common Shares of Beneficial Interest,Stock,True,2026-05-08,,,3e3a8fea8abfc3b16b37
GHC,NYSE,Graham Holdings Company Common Stock,Stock,True,2026-05-08,,,5b93c59e386c811e0f1d
GHG,NYSE,"GreenTree Hospitality Group Ltd. American depositary shares, each representing one Class A ordinary share",Stock,True,2026-05-08,,,4f69a67fffaa7f5cbd2d
GHI,NYSE,Greystone Housing Impact Investors LP Beneficial Unit Certificates representing assignments of limited partnership interests,Stock,True,2026-05-08,,,e656a8ed2440c4822721
GHM,NYSE,Graham Corporation Common Stock,Stock,True,2026-05-08,,,ab3eaadaf73e97aec8e7
GHY,NYSE,"PGIM Global High Yield Fund, Inc.",Stock,True,2026-05-08,,,3a1573f2fca59e1132a8
GIB,NYSE,CGI Inc. Common Stock,Stock,True,2026-05-08,,,02d58dc266b33236fd01
GIC,NYSE,Global Industrial Company Common Stock,Stock,True,2026-05-08,,,c7d72755daefde1e7b6d
GIL,NYSE,"Gildan Activewear, Inc. Class A Sub. Vot. Common Stock",Stock,True,2026-05-08,,,7e32dc2f9e00240ee8b6
GIS,NYSE,"General Mills, Inc. Common Stock",Stock,True,2026-05-08,,,400d46a04d2d89d1d835
GJH,NYSE,Synthetic Fixed-Income Securities Inc 6.375% (STRATS) Cl A-1,Stock,True,2026-05-08,,,8f57dcb005bd668dc2b6
GJO,NYSE,"Synthetic Fixed-Income Securities, Inc. on behalf of STRATS(SM) Trust for Wal-Mart Stores, Inc. Securities, Series 2004-5",Stock,True,2026-05-08,,,995841078cd5da6b5d50
GJP,NYSE,"Synthetic Fixed-Income Securities, Inc. on behalf of STRATS (SM) Trust for Dominion Resources, Inc. Securities, Series 2005-6, Floating Rate Structured Repackaged Asset-Backed Trust Securities (STRATS) Certificates",Stock,True,2026-05-08,,,1f7352e7e2400d4534c0
GJR,NYSE,"Synthetic Fixed-Income Securities, Inc. STRATS Trust for Procter&Gamble Securities, Series 2006-1",Stock,True,2026-05-08,,,fed09bab04454adbeef3
GJS,NYSE,"Goldman Sachs Group Securities STRATS Trust for Goldman Sachs Group Securities, Series 2006-2",Stock,True,2026-05-08,,,98d2e71de28ba5333e87
GJT,NYSE,"Synthetic Fixed-Income Securities, Inc. Floating Rate Structured Repackaged Asset-Backed Trust Securities Certificates, Series 2006-3",Stock,True,2026-05-08,,,e0526770ff71c3d8d379
GKOS,NYSE,Glaukos Corporation Common Stock,Stock,True,2026-05-08,,,4e76e87c28702540aac5
GL,NYSE,Globe Life Inc. Common Stock,Stock,True,2026-05-08,,,3fcd616f6259b5f40370
GL$D,NYSE,Globe Life Inc. 4.25% Junior Subordinated Debentures due 2061,Stock,True,2026-05-08,,,795ed71c1c4ce04a1381
GLAS,NYSE,Glass House Brands Inc. Subordinate Voting Shares,Stock,True,2026-06-30,,,fc1482e5c21644db3ee1
GLED,NYSE,GalaxyEdge Acquisition Corporation Ordinary Shares,Stock,True,2026-05-08,,,32507eef3795e2b356f1
GLED.R,NYSE,GalaxyEdge Acquisition Corporation Rights to receive one-fourth (1/4) of one ordinary share,Stock,True,2026-05-08,,,6357d9a0411b69ce2293
GLED.U,NYSE,"GalaxyEdge Acquisition Corporation Units, each consisting of one Ordinary Share and one Right entitling the holder to receive 1/4th of one ordinary share",Stock,True,2026-05-08,,,9cf2e7235e1d38937135
GLOB,NYSE,Globant S.A. Common Shares,Stock,True,2026-05-08,,,3ea6a2ed7c9046218346
GLOP$A,NYSE,GasLog Partners LP 8.625% Series A Cumulative Redeemable Perpetual Fixed to Floating Rate Preference Units,Stock,True,2026-05-08,,,12ff76f2cf19db446561
GLOP$B,NYSE,GasLog Partners LP 8.200% Series B Cumulative Redeemable Perpetual Fixed to Floating Rate Preference Units,Stock,True,2026-05-08,,,a541ec42bd950ca1c19a
GLOP$C,NYSE,GasLog Partners LP 8.500% Series C Cumulative Redeemable Perpetual Fixed to Floating Rate Preference Units,Stock,True,2026-05-08,,,32634cd85b1df0314620
GLP,NYSE,Global Partners LP Common Units representing Limited Partner Interests,Stock,True,2026-05-08,,,ce1a8ef2fa19ade35cdf
GLP$B,NYSE,Global Partners LP 9.50% Series B Fixed Rate Cumulative Redeemable Perpetual Preferred Units representing limited partner interests,Stock,True,2026-05-08,,,70f1ee3a3b6c1fc49c5b
GLW,NYSE,Corning Incorporated Common Stock,Stock,True,2026-05-08,,,d8461da9398ffe8dd325
GM,NYSE,General Motors Company Common Stock,Stock,True,2026-05-08,,,eb8771a3470593b356c3
GME,NYSE,GameStop Corporation Common Stock,Stock,True,2026-05-08,,,b44ecb996375b44eede4
GME.W,NYSE,GameStop Corporation Warrants to Purchase Common Stock,Stock,True,2026-05-08,,,e57c94376014e46c173d
GMED,NYSE,"Globus Medical, Inc. Class A Common Stock",Stock,True,2026-05-08,,,62234d6f3b309fb7806d
GMMF,NYSE,iShares Government Money Market ETF,ETF,True,2026-05-08,,,c5a2f785f8c4bc8fe3bc
GMRS,NYSE,GMR Solutions Inc. Class A Common Stock,Stock,True,2026-05-13,,,4cc742e0e6358c575d56
GNE,NYSE,Genie Energy Ltd. Class B Common Stock Stock,Stock,True,2026-05-08,,,af805d0063b30474b2db
GNK,NYSE,Genco Shipping & Trading Limited Ordinary Shares New (Marshall Islands),Stock,True,2026-05-08,,,2d21ec18d07a99fad46a
GNL,NYSE,"Global Net Lease, Inc. Common Stock",Stock,True,2026-05-08,,,5284f765c3763e767865
GNL$A,NYSE,"Global Net Lease, Inc. 7.25% Series A Cumulative Redeemable Preferred Stock, $0.01 par value per share",Stock,True,2026-05-08,,,e690a0ec2f6a7ad378c3
GNL$B,NYSE,"Global Net Lease, Inc. 6.875% Series B Cumulative Redeemable Perpetual Preferred Stock",Stock,True,2026-05-08,,,193d6afdb69273d7de02
GNL$D,NYSE,"Global Net Lease, Inc. 7.50% Series D Cumulative Redeemable Perpetual Preferred Stock",Stock,True,2026-05-08,,,5d3e8926a2f40ad2526f
GNL$E,NYSE,"Global Net Lease, Inc. 7.375% Series E Cumulative Redeemable Perpetual Preferred Stock",Stock,True,2026-05-08,,,ed44dcfba67cbeeff7ea
GNRC,NYSE,Generac Holdlings Inc. Common Stock,Stock,True,2026-05-08,,,4952c2861df7185277f6
GNT,NYSE,"GAMCO Natural Resources, Gold & Income Trust",Stock,True,2026-05-08,,,ff48a490c0c24642603d
GNT$A,NYSE,"GAMCO Natural Resources, Gold & Income Tust 5.20% Series A Cumulative Preferred Shares (Liquidation Preference $25.00 per share)",Stock,True,2026-05-08,,,3902caaa31f64840b533
GNW,NYSE,Genworth Financial Inc Common Stock,Stock,True,2026-05-08,,,473c45665c12d8cf34b4
GOF,NYSE,Guggenheim Strategic Opportunities Fund Common Shares of Beneficial Interest,Stock,True,2026-05-08,,,b9c992311777501bbb19
GOLD,NYSE,"Gold.com, Inc. Common Stock",Stock,True,2026-05-08,,,a994ce5c2087543cf143
GOLF,NYSE,Acushnet Holdings Corp. Common Stock,Stock,True,2026-05-08,,,468ac671dd682bbddebf
GOOS,NYSE,Canada Goose Holdings Inc. Subordinate Voting Shares,Stock,True,2026-05-08,,,cd0d3af512baff4f76e9
GOTU,NYSE,Gaotu Techedu Inc. American Depositary Shares,Stock,True,2026-05-08,,,d12a8519c8aaa8d177c7
GPC,NYSE,Genuine Parts Company Common Stock,Stock,True,2026-05-08,,,7c3fa7cfe582ee462208
GPGI,NYSE,"GPGI, Inc. Class A Common Stock",Stock,True,2026-05-08,,,2c217716b5c46f04e8dd
GPI,NYSE,"Group 1 Automotive, Inc. Common Stock",Stock,True,2026-05-08,,,1e65a7df3b9ad2243a59
GPJA,NYSE,"Georgia Power Company Series 2017A 5.00% Junior Subordinated Notes due October 1, 2077",Stock,True,2026-05-08,,,8e4d96168c88332acd75
GPK,NYSE,Graphic Packaging Holding Company,Stock,True,2026-05-08,,,e54aad24c5b459d40e34
GPMT,NYSE,Granite Point Mortgage Trust Inc. Common Stock,Stock,True,2026-05-08,,,d45018980b6af2939952
GPMT$A,NYSE,Granite Point Mortgage Trust Inc. 7.00% Series A Fixed-to-Floating Rate Cumulative Redeemable Preferred Stock,Stock,True,2026-05-08,,,36e796c7104a25f015a4
GPN,NYSE,Global Payments Inc. Common Stock,Stock,True,2026-05-08,,,f5a9590267efbb3c5846
GPOR,NYSE,Gulfport Energy Corporation Common Shares,Stock,True,2026-05-08,,,7db5916f27b1510b03a7
GPRK,NYSE,Geopark Ltd Common Shares,Stock,True,2026-05-08,,,46339434743c316c28dc
GRBK,NYSE,"Green Brick Partners, Inc. Common Stock",Stock,True,2026-05-08,,,ef4330e03df27ed40192
GRBK$A,NYSE,"Green Brick Partners, Inc. Depositary Shares (each representing a 1/1000th fractional interest in a share of 5.75% Series A Cumulative Perpetual Preferred Stock)",Stock,True,2026-05-08,,,9d0ef1f415e8282c29c5
GRC,NYSE,Gorman-Rupp Company (The) Common Stock,Stock,True,2026-05-08,,,7d459c389d19118d5584
GRDN,NYSE,"Guardian Pharmacy Services, Inc. Class A Common Stock",Stock,True,2026-05-08,,,d0f05f3323b540b9d479
GRMN,NYSE,Garmin Ltd. Common Stock (Switzerland),Stock,True,2026-05-08,,,9b19c2642b7c9e9fbeb6
GRND,NYSE,Grindr Inc. Common Stock,Stock,True,2026-05-08,,,0d41d0c35abbb3086f11
GRNT,NYSE,"Granite Ridge Resources, Inc. Common Stock",Stock,True,2026-05-08,,,a55bb00999fda9279e63
GROV,NYSE,"Grove Collaborative Holdings, Inc. Class A Common Stock",Stock,True,2026-05-08,,,72007205ff6afae491d0
GRX,NYSE,The Gabelli Healthcare & Wellness Trust Common Shares of Beneficial Interest,Stock,True,2026-05-08,,,67c8fa109f5fcb6b8e26
GS,NYSE,"Goldman Sachs Group, Inc. (The) Common Stock",Stock,True,2026-05-08,,,cb81489f3f2078a92281
GS$A,NYSE,"Goldman Sachs Group, Inc. (The) Depositary Shares each representing 1/1000th Interest in a Share of Floating Rate Non-Cumulative Preferred Stock Series A",Stock,True,2026-05-08,,,af026304e2c1ba0f805a
GS$C,NYSE,"Goldman Sachs Group, Inc. (The) Depositary Share repstg 1/1000th Preferred Series C",Stock,True,2026-05-08,,,871d3f49696cf38029e2
GS$D,NYSE,"Goldman Sachs Group, Inc. (The) Dep Shs repstg 1/1000 Pfd Ser D Fltg",Stock,True,2026-05-08,,,4c3e6bc95218c8659231
GSBD,NYSE,"Goldman Sachs BDC, Inc. Common Stock",Stock,True,2026-05-08,,,3c355f6b58fb42367525
GSK,NYSE,GSK plc American Depositary Shares (Each representing two Ordinary Shares),Stock,True,2026-05-08,,,ea29f9690e8b37914ad9
GSL,NYSE,Global Ship Lease Inc New Class A Common Shares,Stock,True,2026-05-08,,,669b0ac97682ca06f343
GSL$B,NYSE,"Global Ship Lease, Inc. Depository Shares Representing 1/100th Perpetual Preferred Series B% (Marshall Island)",Stock,True,2026-05-08,,,1da4be260f8146ed948c
GTES,NYSE,Gates Industrial Corporation plc Ordinary Shares,Stock,False,2026-05-08,2026-07-20,Listing metadata changed,6f81df0a0f07c6ef46c0
GTES,NYSE,Gates Industrial Corporation Ltd. Common Shares,Stock,True,2026-07-20,,,937ae8c4f4dfe572bd95
GTLS,NYSE,"Chart Industries, Inc. Common Stock",Stock,False,2026-05-08,2026-07-16,Missing from current NYSE source snapshot; reason unavailable,36338eedfa022d6d15b1
GTN,NYSE,"Gray Media, Inc. Common Stock",Stock,True,2026-05-08,,,32a60e1a54af4f614372
GTN.A,NYSE,"Gray Media, Inc. Class A Common Stock",Stock,True,2026-05-08,,,3b9579bd042a6972abc2
GTY,NYSE,Getty Realty Corporation Common Stock,Stock,True,2026-05-08,,,8953e1db9c756093eeed
GUG,NYSE,Guggenheim Active Allocation Fund Common Shares of Beneficial Interest,Stock,True,2026-05-08,,,1d16969097955b13ccbb
GUT,NYSE,Gabelli Utility Trust (The) Common Stock,Stock,True,2026-05-08,,,b0cb1a57bb99e5cb707a
GUT$C,NYSE,Gabelli Utility Trust (The) 5.375% Series C Cumulative Preferred Shares,Stock,True,2026-05-08,,,9c4e89c275e43793067d
GVA,NYSE,Granite Construction Incorporated Common Stock,Stock,True,2026-05-08,,,7de1fac06321aae47347
GWH,NYSE,"ESS Tech, Inc. Common Stock",Stock,True,2026-05-08,,,3da6adb65fa236b18d44
GWH.W,NYSE,"ESS Tech, Inc. Warrant",Stock,False,2026-05-08,2026-07-02,Missing from current NYSE source snapshot; reason unavailable,8494323a9b6c50f4bdcc
GWRE,NYSE,"Guidewire Software, Inc. Common Stock",Stock,True,2026-05-08,,,66b074cfed21ea920f96
GWW,NYSE,"W.W. Grainger, Inc. Common Stock",Stock,True,2026-05-08,,,f930757f64a098c3e23d
GXO,NYSE,"GXO Logistics, Inc. Common Stock",Stock,True,2026-05-08,,,ee8ffb42d8eff7ac61ca
GYLD,NYSE,Arrow Dow Jones Global Yield ETF ETF,ETF,True,2026-05-08,,,b8855a45799b2548f781
H,NYSE,Hyatt Hotels Corporation Class A Common Stock,Stock,True,2026-05-08,,,218b5d522a61d647048d
HAE,NYSE,Haemonetics Corporation Common Stock,Stock,True,2026-05-08,,,0ecb37b9953b5f920f44
HAFN,NYSE,Hafnia Limited Common Shares,Stock,True,2026-05-08,,,bcb2bec07796048d3299
HAL,NYSE,Halliburton Company Common Stock,Stock,True,2026-05-08,,,b86f7ea2d5e602b189bd
HASI,NYSE,"HA Sustainable Infrastructure Capital, Inc. Common Stock",Stock,True,2026-05-08,,,02b05a0403aa327355f8
HAWK,NYSE,"HawkEye 360, Inc. Common Stock",Stock,True,2026-05-08,,,12815ebffcdd36a69e29
HAYW,NYSE,"Hayward Holdings, Inc. Common Stock",Stock,True,2026-05-08,,,8ce684b6735ba47d7c59
HBB,NYSE,Hamilton Beach Brands Holding Company Class A Common Stock,Stock,True,2026-05-08,,,ec2785fc4c07850a8c06
HBM,NYSE,Hudbay Minerals Inc. Ordinary Shares (Canada),Stock,True,2026-05-08,,,c3e2be7d913def77672d
HCA,NYSE,"HCA Healthcare, Inc. Common Stock",Stock,True,2026-05-08,,,865674547610fa736c6c
HCC,NYSE,"Warrior Met Coal, Inc. Common Stock",Stock,True,2026-05-08,,,04e08fdb4e8841184f04
HCI,NYSE,"HCI Group, Inc. Common Stock",Stock,True,2026-05-08,,,f44a046c4f5b59238b71
HCXY,NYSE,"Hercules Capital, Inc. 6.25% Notes due 2033",Stock,True,2026-05-08,,,ad667645c41aef3c69df
HD,NYSE,"Home Depot, Inc. (The) Common Stock",Stock,True,2026-05-08,,,6ed3f9de83abd807cf33
HDB,NYSE,HDFC Bank Limited Common Stock,Stock,True,2026-05-08,,,cd58c24d9b3e45864e6e
HE,NYSE,"Hawaiian Electric Industries, Inc. Common Stock",Stock,True,2026-05-08,,,0afc3eba30488c6333a6
HEI,NYSE,Heico Corporation Common Stock,Stock,True,2026-05-08,,,f9d00cb0da55fc036865
HEI.A,NYSE,Heico Corporation Common Stock,Stock,True,2026-05-08,,,f9d00cb0da55fc036865
HEQ,NYSE,John Hancock Diversified Income Fund Common Shares of Beneficial Interest,Stock,True,2026-05-08,,,2246ef93cabecc684956
HESM,NYSE,Hess Midstream LP Class A Representing Limited Partner Interests,Stock,True,2026-05-08,,,29ac89d58ca76f137137
HF,NYSE,DGA Core Plus Absolute Return ETF,ETF,True,2026-05-08,,,f94021577f66165cf5be
HFEQ,NYSE,Unlimited HFEQ Equity Long/Short ETF,ETF,True,2026-05-08,,,58a62847b82042d5c4d9
HFGM,NYSE,Unlimited HFGM Global Macro ETF,ETF,True,2026-05-08,,,ece9e64ce43567d1a7df
HFMF,NYSE,Unlimited HFMF Managed Futures ETF,ETF,True,2026-05-08,,,31148767f970cec551cf
HFND,NYSE,Unlimited HFND Multi-Strategy Return Tracker ETF,ETF,True,2026-05-08,,,3b5529da298a5c6df372
HFRO,NYSE,Highland Opportunities and Income Fund Common Shares of Beneficial Interest,Stock,True,2026-05-08,,,1de769dd3cb777fce015
HFRO$A,NYSE,Highland Opportunities and Income Fund 5.375% Series A Cumulative Preferred Shares,Stock,True,2026-05-08,,,6aa7e47ba1abb8e3b94b
HFRO$B,NYSE,Highland Opportunities and Income Fund 5.375% Series B Cumulative Preferred Shares,Stock,True,2026-05-08,,,c723cfffa062725e21fa
HG,NYSE,"Hamilton Insurance Group, Ltd. Class B Common Shares",Stock,True,2026-05-08,,,435bfab94d04c0ec0cf0
HGER,NYSE,Harbor Commodity All-Weather Strategy ETF,ETF,True,2026-05-08,,,2b73e80851c10bb06c90
HGLB,NYSE,Highland Global Allocation Fund Common Stock,Stock,True,2026-05-08,,,134f49b681f674c951af
HGTY,NYSE,"Hagerty, Inc. Class A Common Stock",Stock,True,2026-05-08,,,807a9d55bc3dca435ba8
HGV,NYSE,Hilton Grand Vacations Inc. Common Stock,Stock,True,2026-05-08,,,89fc0d5aac661ae6fa12
HHH,NYSE,Howard Hughes Holdings Inc. Common Stock,Stock,True,2026-05-08,,,d93d32d6b76965369787
HIG,NYSE,"The Hartford Insurance Group, Inc. Common Stock",Stock,True,2026-05-08,,,787044012c7fa4bd8d05
HIG$G,NYSE,"The Hartford Insurance Group, Inc. Depositary Shares each representing a 1/1000th interest in a share of 6.000% Non-Cumulative Preferred Stock, Series G",Stock,True,2026-05-08,,,9ed1cbfe83e66787006e
HII,NYSE,"Huntington Ingalls Industries, Inc. Common Stock",Stock,True,2026-05-08,,,7c56c63fd2938f94bf05
HIMS,NYSE,"Hims & Hers Health, Inc. Class A Common Stock",Stock,True,2026-05-08,,,14385d28d5e2d110abff
HIO,NYSE,"Western Asset High Income Opportunity Fund, Inc. Common Stock",Stock,True,2026-05-08,,,241c0e1f75118d52a99b
HIPO,NYSE,Hippo Holdings Inc. Common Stock,Stock,True,2026-05-08,,,a80c8368e4f580f0ebef
HIW,NYSE,"Highwoods Properties, Inc. Common Stock",Stock,True,2026-05-08,,,27ba3b8ee0f71a8a9555
HIX,NYSE,Western Asset High Income Fund II Inc. Common Stock,Stock,True,2026-05-08,,,194a0b1649435fda6144
HKD,NYSE,AMTD Digital Inc. American Depositary Shares (every five of which represent two Class A Ordinary Shares),Stock,True,2026-05-08,,,534b4d54290083daa043
HL,NYSE,Hecla Mining Company Common Stock,Stock,True,2026-05-08,,,efca31f4a7479337eb8f
HL$B,NYSE,Hecla Mining Company Preferred Stock,Stock,True,2026-05-08,,,ee78c4eb219d8b882948
HLF,NYSE,Herbalife Ltd. Common Shares,Stock,True,2026-05-08,,,a18521cbdf4e23952234
HLI,NYSE,"Houlihan Lokey, Inc. Class A Common Stock",Stock,True,2026-05-08,,,c014f40758d63a4acf52
HLIO,NYSE,"Helios Technologies, Inc. Common Stock",Stock,True,2026-05-08,,,3f13fa2e56d5e40b8553
HLLY,NYSE,Holley Inc. Common Stock,Stock,True,2026-05-08,,,7715cd6cc62f73c1af96
HLLY.W,NYSE,Holley Inc. Warrants,Stock,False,2026-05-08,2026-07-15,Missing from current NYSE source snapshot; reason unavailable,5de2b2913ab1c3ef828f
HLN,NYSE,Haleon plc American Depositary Shares (Each representing two Ordinary Shares),Stock,True,2026-05-08,,,b578c0cf655a96ad6bb1
HLT,NYSE,Hilton Worldwide Holdings Inc. Common Stock,Stock,True,2026-05-08,,,6e7cd5fd3e134598e4aa
HLX,NYSE,"Helix Energy Solutions Group, Inc. Common Stock",Stock,True,2026-05-08,,,b94d7e537ffaf979a3f8
HMC,NYSE,"Honda Motor Company, Ltd. Common Stock",Stock,True,2026-05-08,,,a1007bedf414cf89cdaf
HMN,NYSE,Horace Mann Educators Corporation Common Stock,Stock,True,2026-05-08,,,dd3c2802cbcbe79a048e
HMY,NYSE,Harmony Gold Mining Company Limited,Stock,True,2026-05-08,,,d90401e7975cd0e1f943
HNGE,NYSE,"Hinge Health, Inc. Class A Common Stock",Stock,True,2026-05-08,,,cee71807a0845f417567
HNI,NYSE,HNI Corporation Common Stock,Stock,True,2026-05-08,,,86396a6b743739940096
HOG,NYSE,"Harley-Davidson, Inc. Common Stock",Stock,True,2026-05-08,,,05686dd159633ce63b77
HOMB,NYSE,"Home BancShares, Inc. Common Stock",Stock,True,2026-05-08,,,672f42f688da9244cfb7
HOV,NYSE,"Hovnanian Enterprises, Inc. Class A Common Stock",Stock,True,2026-05-08,,,38162a205eb3efc352ab
HP,NYSE,"Helmerich & Payne, Inc. Common Stock",Stock,True,2026-05-08,,,e81d0bb7751c5da9a49b
HPE,NYSE,Hewlett Packard Enterprise Company Common Stock,Stock,True,2026-05-08,,,a87f08639701cfcd09f6
HPE$C,NYSE,Hewlett Packard Enterprise Company 7.625% Series C Mandatory Convertible Preferred Stock,Stock,True,2026-05-08,,,043d6e0b060efccfee68
HPF,NYSE,John Hancock Pfd Income Fund II Pfd Income Fund II,Stock,True,2026-05-08,,,1036a2a125cc112cbd06
HPI,NYSE,John Hancock Preferred Income Fund Common Shares of Beneficial Interest,Stock,True,2026-05-08,,,494ff7b1a882255b5f7b
HPP,NYSE,"Hudson Pacific Properties, Inc. Common Stock",Stock,True,2026-05-08,,,8f67ae79d58ffdd79381
HPP$C,NYSE,"Hudson Pacific Properties, Inc. 4.750% Series C Cumulative Redeemable Preferred Stock",Stock,True,2026-05-08,,,6284fcdfa71906d6abb7
HPQ,NYSE,HP Inc. Common Stock,Stock,True,2026-05-08,,,86a06fb939016de2b8fa
HPS,NYSE,John Hancock Preferred Income Fund III Preferred Income Fund III,Stock,True,2026-05-08,,,07336ef0434e9e601787
HQH,NYSE,abrdn Healthcare Investors Shares of Beneficial Interest,Stock,True,2026-05-08,,,906da72fb809968fdda1
HQL,NYSE,abrdn Life Sciences Investors Shares of Beneficial Interest,Stock,True,2026-05-08,,,4755cd69828e0195be59
HR,NYSE,Healthcare Realty Trust Incorporated Common Stock,Stock,True,2026-05-08,,,2aadab33a89da959e309
HRB,NYSE,"H&R Block, Inc. Common Stock",Stock,True,2026-05-08,,,5dac992894ade5ee647d
HRI,NYSE,Herc Holdings Inc. Common Stock,Stock,True,2026-05-08,,,bab8c60b294637410158
HRL,NYSE,Hormel Foods Corporation Common Stock,Stock,True,2026-05-08,,,5fb969a1693fbb73701f
HRTG,NYSE,"Heritage Insurance Holdings, Inc. Common Stock",Stock,True,2026-05-08,,,8ff7b8922cca4e528539
HSBC,NYSE,"HSBC Holdings, plc. Common Stock",Stock,True,2026-05-08,,,c85fa09090b8d4209c06
HSHP,NYSE,Himalaya Shipping Ltd. Common Shares,Stock,True,2026-05-08,,,1905f7dbcf0b6516892a
HSY,NYSE,The Hershey Company Common Stock,Stock,True,2026-05-08,,,0b6819c54feee55528f1
HTB,NYSE,"HomeTrust Bancshares, Inc. Common Stock",Stock,True,2026-05-08,,,c41e5aa8de31c15d8a84
HTD,NYSE,John Hancock Tax Advantaged Dividend Income Fund Common Shares of Beneficial Interest,Stock,True,2026-05-08,,,f75aefc7e986060cc3aa
HTFC,NYSE,Horizon Technology Finance Corporation 6.25% Notes due 2027,Stock,True,2026-05-08,,,beef8d32e4ad8b4dde43
HTGC,NYSE,"Hercules Capital, Inc. Common Stock",Stock,True,2026-05-08,,,0359b2e024771a6aec2d
HTH,NYSE,Hilltop Holdings Inc.,Stock,True,2026-05-08,,,304d4c92a14ce7c5e308
HTT,NYSE,"High Templar Tech Limited American depositary shares, each representing one Class A ordinary share",Stock,True,2026-05-08,,,67405b9d84db6790a2da
HUBB,NYSE,Hubbell Inc Common Stock,Stock,True,2026-05-08,,,e38c79c639d851033201
HUBS,NYSE,"HubSpot, Inc. Common Stock",Stock,True,2026-05-08,,,8a781570057f01544a5f
HUM,NYSE,Humana Inc. Common Stock,Stock,True,2026-05-08,,,f8b222c276ac622546a5
HUN,NYSE,Huntsman Corporation Common Stock,Stock,True,2026-05-08,,,c147d9cc6d67e51eec0a
HUYA,NYSE,"HUYA Inc. American depositary shares, each representing one Class A ordinary share",Stock,True,2026-05-08,,,965912f531a133f8d98b
HVT,NYSE,"Haverty Furniture Companies, Inc. Common Stock",Stock,True,2026-05-08,,,720afcea00ea95784eb6
HVT.A,NYSE,"Haverty Furniture Companies, Inc. Common Stock",Stock,True,2026-05-08,,,720afcea00ea95784eb6
HWM,NYSE,Howmet Aerospace Inc. Common Stock,Stock,True,2026-05-08,,,6c9c73699ad068d9c791
HXL,NYSE,Hexcel Corporation Common Stock,Stock,True,2026-05-08,,,7f07b9f446ebf81c7de6
HY,NYSE,"Hyster-Yale, Inc. Class A common stock",Stock,True,2026-05-08,,,8e94d76d59376affbeef
HYBX,NYSE,TCW High Yield Bond ETF,ETF,True,2026-05-08,,,299ff76e79584ef79cfc
HYI,NYSE,Western Asset High Yield Opportunity Fund Inc. Common Stock,Stock,True,2026-05-08,,,96f4bf0cc72b112357bb
HYT,NYSE,"Blackrock Corporate High Yield Fund, Inc. Common Stock",Stock,True,2026-05-08,,,38c76fc25b4c026532a0
HYTR,NYSE,Counterpoint High Yield Trend ETF,ETF,True,2026-05-08,,,e6e4df1935767af56167
HZO,NYSE,"MarineMax, Inc. (FL) Common Stock",Stock,True,2026-05-08,,,4e013adc3e8dc4cf3d48
IAE,NYSE,Voya Asia Pacific High Dividend Equity Income Fund ING Asia Pacific High Dividend Equity Income Fund Common Shares of Beneficial Interest,Stock,True,2026-05-08,,,65e28f3e42936a342840
IAG,NYSE,Iamgold Corporation Ordinary Shares,Stock,True,2026-05-08,,,ee7e18cb7ffefcbb4c56
IBM,NYSE,International Business Machines Corporation Common Stock,Stock,True,2026-05-08,,,95b94c85e58da8cbda0a
IBN,NYSE,ICICI Bank Limited Common Stock,Stock,True,2026-05-08,,,38860e442d36f3fd6b2f
IBP,NYSE,"Installed Building Products, Inc. Common Stock",Stock,True,2026-05-08,,,b525efc49ebcfbaa7d28
IBTA,NYSE,"Ibotta, Inc. Class A Common Stock",Stock,True,2026-05-08,,,27e9e611dddd74ea61dd
ICE,NYSE,Intercontinental Exchange Inc. Common Stock,Stock,True,2026-05-08,,,b4984b1071738aaf3ccf
ICL,NYSE,ICL Group Ltd. Ordinary Shares,Stock,True,2026-05-08,,,7e9109a8c937ce6708f1
ICR$A,NYSE,"InPoint Commercial Real Estate Income, Inc. 6.75% Series A Cumulative Redeemable Preferred Stock",Stock,True,2026-05-08,,,1e67420fd94690502006
IDA,NYSE,"IDACORP, Inc. Common Stock",Stock,True,2026-05-08,,,261db2fd4bdcec7af817
IDE,NYSE,"Voya Infrastructure, Industrials and Materials Fund Common Shares of Beneficial Interest",Stock,True,2026-05-08,,,94e9a9eda67cb751c281
IDT,NYSE,IDT Corporation Class B Common Stock,Stock,True,2026-05-08,,,ecfb43c266a626e45cd4
IEX,NYSE,IDEX Corporation Common Stock,Stock,True,2026-05-08,,,8c8343ce7d405cee2363
IFF,NYSE,"International Flavors & Fragrances, Inc. Common Stock",Stock,True,2026-05-08,,,b687527a80c37de3a390
IFN,NYSE,"Aberdeen India Fund, Inc. Common Stock",Stock,True,2026-05-08,,,c953229a5216f54bd036
IFS,NYSE,Intercorp Financial Services Inc. Common Shares,Stock,True,2026-05-08,,,9e11be471b77d59d59ba
IGA,NYSE,Voya Global Advantage and Premium Opportunity Fund Common Shares of Beneficial Interest,Stock,True,2026-05-08,,,66d28308262bccd8e069
IGCB,NYSE,TCW Corporate Bond ETF,ETF,True,2026-05-08,,,274780532ba6f4b79d46
IGD,NYSE,Voya Global Equity Dividend and Premium Opportunity Fund,Stock,True,2026-05-08,,,beffa12a05fbb223a7de
IGI,NYSE,Western Asset Investment Grade Opportunity Trust Inc. Common Stock,Stock,True,2026-05-08,,,6c5ccf5a689101f4e32f
IGR,NYSE,CBRE Global Real Estate Income Fund Common Shares of Beneficial Interest,Stock,True,2026-05-08,,,a0d8f5999e3d3d8f1f96
IH,NYSE,"iHuman Inc. American depositary shares, each representing five Class A ordinary shares",Stock,True,2026-05-08,,,449989ad97cbc085c1b4
IHD,NYSE,Voya Emerging Markets High Income Dividend Equity Fund Common Shares,Stock,True,2026-05-08,,,bcb3026cd3b56acedafe
IHG,NYSE,Intercontinental Hotels Group American Depositary Shares (Each representing one Ordinary Share),Stock,True,2026-05-08,,,8450a7517b04c6987dd2
IHS,NYSE,IHS Holding Limited Ordinary Shares,Stock,True,2026-05-08,,,1b9cc570078e686d03be
IIF,NYSE,"Morgan Stanley India Investment Fund, Inc. Common Stock",Stock,True,2026-05-08,,,2e16d23bb4f9ca475347
IIIN,NYSE,"Insteel Industries, Inc. Common Stock",Stock,True,2026-05-08,,,99a08d97a415af467250
IIM,NYSE,Invesco Value Municipal Income Trust Common Stock,Stock,True,2026-05-08,,,182fae858247b68fa7ab
IIPR,NYSE,"Innovative Industrial Properties, Inc. Common Stock",Stock,True,2026-05-08,,,5822adb33344cb39b357
IIPR$A,NYSE,"Innovative Industrial Properties, Inc. 9.00% Series A Cumulative Redeemable Preferred Stock",Stock,True,2026-05-08,,,27a5a669d1da14400e70
IMAX,NYSE,Imax Corporation Common Stock,Stock,True,2026-05-08,,,5992a6bd3d3339adba57
INFO,NYSE,Harbor PanAgora Dynamic Large Cap Core ETF,ETF,True,2026-05-08,,,cfa3f5a73509c552cc39
INFQ,NYSE,"Infleqtion, Inc. Common Stock",Stock,True,2026-05-08,,,a7801dc9ac856554491a
INFQ.W,NYSE,"Infleqtion, Inc. Warrants, each whole warrant exercisable for one share of Common Stock at an exercise price of $11.50 per share",Stock,True,2026-05-08,,,c14ba2b5971248151297
INFY,NYSE,Infosys Limited American Depositary Shares,Stock,True,2026-05-08,,,07a9abf4aa1c6e6160c4
ING,NYSE,"ING Group, N.V. Common Stock",Stock,True,2026-05-08,,,f3916d77f1f1deaa1e00
INGM,NYSE,Ingram Micro Holding Corporation Common Stock,Stock,True,2026-05-08,,,dbb8845c81a856399fe8
INGR,NYSE,Ingredion Incorporated Common Stock,Stock,True,2026-05-08,,,d479324c0de237dea17a
INN,NYSE,"Summit Hotel Properties, Inc. Common Stock",Stock,True,2026-05-08,,,7767386c7655a4db050f
INN$E,NYSE,"Summit Hotel Properties, Inc. 6.250% Series E Cumulative Redeemable Preferred Stock",Stock,True,2026-05-08,,,f8948922b3adcf0ee17f
INN$F,NYSE,"Summit Hotel Properties, Inc. 5.875% Series F Cumulative Redeemable Preferred Stock, $0.01 par value per share",Stock,True,2026-05-08,,,e6a4132a20fe985b505c
INR,NYSE,"Infinity Natural Resources, Inc. Class A Common Stock",Stock,True,2026-05-08,,,cd22a05950104b57d280
INSP,NYSE,"Inspire Medical Systems, Inc. Common Stock",Stock,True,2026-05-08,,,d99af678de8a676cebaa
INSW,NYSE,"International Seaways, Inc. Common Stock",Stock,True,2026-05-08,,,9faa2984de1dd40d8f41
INVH,NYSE,Invitation Homes Inc. Common Stock,Stock,True,2026-05-08,,,af5f34b306b900034da4
INVX,NYSE,"Innovex International, Inc. Common Stock",Stock,True,2026-05-08,,,316220ccef80ec9ee033
IONQ,NYSE,"IonQ, Inc. Common Stock",Stock,True,2026-05-08,,,117e5f2508b60480ab47
IONQ.W,NYSE,"IonQ, Inc. Redeemable warrants, each whole warrant exercisable for one share of Common Stock, each at an exercise price of $11.50 per share",Stock,True,2026-05-08,,,536bafcfa37f61b2b6da
IOT,NYSE,Samsara Inc. Class A Common Stock,Stock,True,2026-05-08,,,a0228f96885034e1283f
IP,NYSE,International Paper Company Common Stock,Stock,True,2026-05-08,,,69b390e43b65a2f92f3e
IPB,NYSE,"Merrill Lynch & Co., Inc. 6.0518% Index Plus Trust Certificates Series 2003-1",ETF,True,2026-05-08,,,5af4e660dc11e9bbdc60
IPI,NYSE,"Intrepid Potash, Inc Common Stock",Stock,True,2026-05-08,,,ec7b1c5e8cf4feda85c3
IQI,NYSE,Invesco Quality Municipal Income Trust Common Stock,Stock,True,2026-05-08,,,9551aac457bfbc176b11
IQV,NYSE,"IQVIA Holdings, Inc. Common Stock",Stock,True,2026-05-08,,,7d325b6c1c8759bef4af
IR,NYSE,Ingersoll Rand Inc. Common Stock,Stock,True,2026-05-08,,,e522649adad86808b9b5
IRAB,NYSE,Iris Acquisition Corp II Class A Ordinary Shares,Stock,True,2026-05-08,,,586c34b1ead8b03c4c0f
IRAB.U,NYSE,"Iris Acquisition Corp II Units, each consisting of one Class A Ordinary Share and one-half of one redeemable Warrant",Stock,True,2026-05-08,,,6ba526cba3a35a9bf587
IRAB.W,NYSE,"Iris Acquisition Corp II Redeemable Warrants, each whole warrant exercisable for one Class A Ordinary Share at an exercise price of $11.50 per share",Stock,True,2026-05-08,,,fbeffc50e0afc31a1620
IRM,NYSE,Iron Mountain Incorporated (Delaware)Common Stock REIT,Stock,True,2026-05-08,,,011bd75eb66064be36a3
IRS,NYSE,IRSA Inversiones Y Representaciones S.A. Global Depositary Shares (Each representing ten shares of Common Stock),Stock,True,2026-05-08,,,a6ce21523481a5bf858b
IRS.W,NYSE,IRSA Inversiones Y Representaciones S.A. Warrants to purchase Common Shares,Stock,False,2026-05-08,2026-05-11,Missing from current NYSE source snapshot; reason unavailable,9d68830a318a4eff5ba1
IRT,NYSE,"Independence Realty Trust, Inc. Common Stock",Stock,True,2026-05-08,,,d8afa529bd386a199eed
ISD,NYSE,"PGIM High Yield Bond Fund, Inc.",Stock,True,2026-05-08,,,b0c7441897e0d105e8b9
IT,NYSE,"Gartner, Inc. Common Stock",Stock,True,2026-05-08,,,bcd9034c7381d621964b
ITGR,NYSE,Integer Holdings Corporation Common Stock,Stock,True,2026-05-08,,,b921308f69269226b6d5
ITT,NYSE,ITT Inc. Common Stock,Stock,True,2026-05-08,,,87a1dee03139ba00d364
ITUB,NYSE,Itau Unibanco Banco Holding SA American Depositary Shares (Each repstg 500 Preferred shares),Stock,True,2026-05-08,,,21ead62f416643511ba5
ITW,NYSE,Illinois Tool Works Inc. Common Stock,Stock,True,2026-05-08,,,efb9f9c866076cd10d7d
IVR,NYSE,INVESCO MORTGAGE CAPITAL INC Common Stock,Stock,True,2026-05-08,,,5bca1a5410c382242a89
IVR$C,NYSE,"INVESCO MORTGAGE CAPITAL INC 7.5% Fixed-to-Floating Series C Cumulative Redeemable Preferred Stock, Liquation Preference $25.00 per Share",Stock,True,2026-05-08,,,a3419e3551fd25a986ea
IVT,NYSE,InvenTrust Properties Corp. Common Stock,Stock,True,2026-05-08,,,c6645f3bf9bcd89b5bd7
IVZ,NYSE,Invesco Ltd Common Stock,Stock,True,2026-05-08,,,a9dea8c5d8b6144e2090
IX,NYSE,ORIX Corporation American Depositary Shares,Stock,True,2026-05-08,,,5dc8c74f5c61947a72d1
J,NYSE,Jacobs Solutions Inc. Common Stock,Stock,True,2026-05-08,,,eb7d8f0dc6fd1b649112
JACS,NYSE,Jackson Acquisition Company II Class A Ordinary Shares,Stock,True,2026-05-08,,,4bb063817d363c003e27
JACS.R,NYSE,"Jackson Acquisition Company II Rights, each right to acquire one-tenth (1/10) of one Class A ordinary share",Stock,True,2026-05-08,,,9e03dfff62accce72ae9
JACS.U,NYSE,"Jackson Acquisition Company II Units, each consisting of one Class A ordinary share and one right to acquire one-tenth (1/10) of one Class A ordinary share",Stock,True,2026-05-08,,,93e2a618eb1d22fac27d
JAN,NYSE,"Janus Living, Inc. Class A-1 Common Stock",Stock,True,2026-05-08,,,3d0d3cf1ce1e1f3d0fb9
JBGS,NYSE,JBG SMITH Properties Common Shares,Stock,True,2026-05-08,,,669e2940f0d66aad9312
JBI,NYSE,"Janus International Group, Inc. Common Stock",Stock,True,2026-05-08,,,199d8f21c0f5de52b3a3
JBK,NYSE,Lehman ABS 3.50 3.50% Adjustable Corp Backed Tr Certs GS Cap I,Stock,True,2026-05-08,,,c8a8708440753979a220
JBL,NYSE,Jabil Inc. Common Stock,Stock,True,2026-05-08,,,c5440c342389e4920072
JBND,NYSE,JPMorgan Active Bond ETF,ETF,True,2026-05-08,,,d55ef89e5c2eac566efa
JBS,NYSE,JBS N.V. Class A Common Shares,Stock,True,2026-05-08,,,fa6c9081d9220d0a73de
JBTM,NYSE,JBT Marel Corporation Common Stock,Stock,True,2026-05-08,,,4f6fa33dc2e5a7431243
JCE,NYSE,Nuveen Core Equity Alpha Fund Common Shares of Beneficial Interest,Stock,True,2026-05-08,,,ac0ba245d79f251287b3
JCI,NYSE,Johnson Controls International plc Ordinary Share,Stock,True,2026-05-08,,,1d9a1e079da347e36668
JEF,NYSE,Jefferies Financial Group Inc. Common Stock,Stock,True,2026-05-08,,,99f75ffcdb2fda083ff8
JELD,NYSE,"JELD-WEN Holding, Inc. Common Stock",Stock,True,2026-05-08,,,7bb7f1056601f1fe601c
JENA,NYSE,Jena Acquisition Corporation II Class A Ordinary Shares,Stock,True,2026-05-08,,,c9241fb93532de9e0886
JENA.R,NYSE,"Jena Acquisition Corporation II Rights, each right to acquire one-twentieth (1/20) of one Class A ordinary share",Stock,True,2026-05-08,,,d29fbec8a9683ee303bb
JENA.U,NYSE,"Jena Acquisition Corporation II Units, each consisting of one Class A ordinary share and one right",Stock,True,2026-05-08,,,8c23e7531c7858c74cca
JFR,NYSE,Nuveen Floating Rate Income Fund Common Stock,Stock,True,2026-05-08,,,0b21c75d97cf7866b5c0
JGH,NYSE,Nuveen Global High Income Fund Common Shares of Beneficial Interest,Stock,True,2026-05-08,,,5469c5ebd4fcf598a74b
JHG,NYSE,Janus Henderson Group plc Ordinary Shares,Stock,False,2026-05-08,2026-07-01,Other delisting reason: Details unavailable (source: FMP Delisted API),5b17a83608f0f336be0d
JHI,NYSE,John Hancock Investors Trust Common Stock,Stock,True,2026-05-08,,,b0a02dedb5bbc08f03b2
JHS,NYSE,John Hancock Income Securities Trust Common Stock,Stock,True,2026-05-08,,,ea3966c7839e58791bcf
JHX,NYSE,James Hardie Industries plc. Ordinary Shares,Stock,True,2026-05-08,,,199651f6bf02d4f5c758
JILL,NYSE,"J. Jill, Inc. Common Stock",Stock,True,2026-05-08,,,328de9dba0bc0ad2b18c
JKS,NYSE,JinkoSolar Holding Company Limited American Depositary Shares (each representing 4 Common Shares),Stock,True,2026-05-08,,,83ae57873fc5378c4c9d
JLL,NYSE,Jones Lang LaSalle Incorporated Common Stock,Stock,True,2026-05-08,,,b5b49785891f4d6ec3ae
JLS,NYSE,Nuveen Mortgage and Income Fund,Stock,True,2026-05-08,,,fbb0c7b14603f8b4cd67
JMIA,NYSE,"Jumia Technologies AG American Depositary Shares, each representing two Ordinary Shares",Stock,True,2026-05-08,,,91da0248a720ebc8a725
JMM,NYSE,Nuveen Multi-Market Income Fund (MA),Stock,True,2026-05-08,,,a1c3d7b73619135ee131
JNJ,NYSE,Johnson & Johnson Common Stock,Stock,True,2026-05-08,,,2dde0731c05e0e0aa1a3
JOBY,NYSE,"Joby Aviation, Inc. Common Stock",Stock,True,2026-05-08,,,53d7b0ca7323bed9a2a1
JOBY.W,NYSE,"Joby Aviation, Inc. Warrants",Stock,True,2026-05-08,,,3677f03474b33d4fcb21
JOE,NYSE,St. Joe Company (The) Common Stock,Stock,True,2026-05-08,,,1abeefa70f01079c92aa
JOF,NYSE,Japan Smaller Capitalization Fund Inc Common Stock,Stock,True,2026-05-08,,,e7e64f5f116998d307e4
JPC,NYSE,Nuveen Preferred & Income Opportunities Fund,Stock,True,2026-05-08,,,9e567e6006792a6238e1
JPM,NYSE,JP Morgan Chase & Co. Common Stock,Stock,True,2026-05-08,,,4f0c9012223c86326e22
JPM$C,NYSE,"J P Morgan Chase & Co Depositary Shares, each representing a 1/400th interest in a share of 6.00% Non-Cumulative Preferred Stock, Series EE",Stock,True,2026-05-08,,,5062c452b951134cd7a8
JPM$D,NYSE,"J P Morgan Chase & Co Depositary Shares, each representing a 1/400th interest in a share of 5.75% Non-Cumulative Preferred Stock, Series DD",Stock,True,2026-05-08,,,c6899e34f19c80f9eb42
JPM$J,NYSE,"J P Morgan Chase & Co Depositary Shares, each representing a 1/400th interest in a share of JPMorgan Chase & Co. 4.75% Non-Cumulative Preferred Stock, Series GG",Stock,True,2026-05-08,,,4af9fef15dc372b3ba17
JPM$K,NYSE,"J P Morgan Chase & Co Depositary Shares, each representing a 1/400th interest in a share of 4.55% Non-Cumulative Preferred Stock, Series JJ",Stock,True,2026-05-08,,,c96cc771e1505e8c2a2e
JPM$L,NYSE,"J P Morgan Chase & Co Depositary Shares, each representing a 1/400th interest in a share of 4.625% Non-Cumulative Preferred Stock, Series LL",Stock,True,2026-05-08,,,99c3abdff009f0d9fd89
JPM$M,NYSE,"J P Morgan Chase & Co Depositary Shares, each representing a 1/400th interest in a share of 4.20% Non-Cumulative Preferred Stock, Series MM",Stock,True,2026-05-08,,,14da6042b4ee5c0e91b1
JQC,NYSE,Nuveen Credit Strategies Income Fund Shares of Beneficial Interest,Stock,True,2026-05-08,,,1d92ffd5398368cd572a
JRI,NYSE,Nuveen Real Asset Income and Growth Fund Common Shares of Beneficial Interest,Stock,True,2026-05-08,,,04805950a669e2e18a64
JRS,NYSE,Nuveen Real Estate Income Fund Common Shares of Beneficial Interest,Stock,True,2026-05-08,,,422b96e5f89a2206463d
JXN,NYSE,Jackson Financial Inc. Class A Common Stock,Stock,True,2026-05-08,,,6f0ba463c867abae1340
JXN$A,NYSE,"Jackson Financial Inc. Depositary Shares, each representing a 1/1,000th interest in a share of Fixed-Rate Reset Noncumulative Perpetual Preferred Stock, Series A",Stock,True,2026-05-08,,,3d189f9e0d1e49555507
KAI,NYSE,Kadant Inc Common Stock,Stock,True,2026-05-08,,,4711fa787b70b576d8bf
KB,NYSE,KB Financial Group Inc,Stock,True,2026-05-08,,,fff80b187d034aa421a4
KBDC,NYSE,"Kayne Anderson BDC, Inc. Common Stock",Stock,True,2026-05-08,,,540d2b3bbfcfecfdbd44
KBH,NYSE,KB Home Common Stock,Stock,True,2026-05-08,,,ce19cde6c584730c46f3
KBR,NYSE,"KBR, Inc. Common Stock",Stock,True,2026-05-08,,,2acf6884e114bca1991b
KCA.U,NYSE,"Kensington Capital Acquisition Corp. VI New Units, each consisting of one Class A Ordinary Share and three-quarters of one Class 2 Redeemable Warrant",Stock,True,2026-05-08,,,113ac182a64382376f5d
KCAC.U,NYSE,"Kensington Capital Acquisition Corp. VI Units, each consisting of one Class A ordinary share, one-quarter of one Class 1 redeemable warrant and three-quarters of one Class 2 redeemable warrant",Stock,True,2026-05-08,,,849166ed93c92180e967
KCAC.W,NYSE,"Kensington Capital Acquisition Corp. VI Class 1 redeemable warrants, each exercisable for one Class A ordinary share at an exercise price of $11.50",Stock,True,2026-05-08,,,1e6aa083c7547e965a1e
KD,NYSE,"Kyndryl Holdings, Inc. Common Stock",Stock,True,2026-05-08,,,c505a070d747da1ddda5
KEN,NYSE,Kenon Holdings Ltd. Ordinary Shares,Stock,True,2026-05-08,,,7240ecd1349ac65d0a84
KEP,NYSE,Korea Electric Power Corporation Common Stock,Stock,True,2026-05-08,,,50c71ce305c636baa292
KEX,NYSE,Kirby Corporation Common Stock,Stock,True,2026-05-08,,,0c86219b1f78c8f0ef52
KEY,NYSE,KeyCorp Common Stock,Stock,True,2026-05-08,,,f211aa90afcae44169a9
KEY$I,NYSE,"KeyCorp Depositary Shares Each Representing a 1/40th Ownership Interest in a Share of Fixed-to-Floating Rate Perpetual Non-Cumulative Preferred Stock, Series E",Stock,True,2026-05-08,,,e89e3f054ed14c2e1fa9
KEY$J,NYSE,"KeyCorp Depositary Shares each representing a 1/40th ownership interest in a share of Fixed Rate Perpetual Non-Cumulative Preferred Stock, Series F",Stock,True,2026-05-08,,,dd76d790b30d15eb0afd
KEY$K,NYSE,"KeyCorp Depositary Shares, each representing a 1/40th ownership interest in a share of Fixed Rate Perpetual Non-Cumulative Preferred Stock, Series G",Stock,True,2026-05-08,,,69f6bbce9a42832ed560
KEY$L,NYSE,"KeyCorp Depositary Shares each representing a 1/40th ownership interest in a share of Fixed Rate Perpetual Non-Cumulative Preferred Stock, Series H",Stock,True,2026-05-08,,,ba16579700ef9a956496
KEYS,NYSE,Keysight Technologies Inc. Common Stock,Stock,True,2026-05-08,,,bf9b7df327bb536db610
KF,NYSE,"Korea Fund, Inc. (The) New Common Stock",Stock,True,2026-05-08,,,c888e46047daadf979c8
KFRC,NYSE,"Kforce, Inc. Common Stock",Stock,True,2026-05-08,,,7991816acdf12079cfaa
KFS,NYSE,"Kingsway Financial Services, Inc. Common Stock (DE)",Stock,False,2026-05-08,2026-05-19,Missing from current NYSE source snapshot; reason unavailable,d58c6c34c2f0375012e4
KFY,NYSE,Korn Ferry Common Stock,Stock,True,2026-05-08,,,5f5a61f5045e2e68c874
KGC,NYSE,Kinross Gold Corporation Common Stock,Stock,True,2026-05-08,,,f59f74f7c12922738a97
KGS,NYSE,"Kodiak Gas Services, Inc. Common Stock",Stock,True,2026-05-08,,,6cf61d0c282a2249b453
KIM,NYSE,Kimco Realty Corporation (HC) Common Stock,Stock,True,2026-05-08,,,0f7d21ad78d46d2a01f0
KIM$L,NYSE,"Kimco Realty Corporation Class L Depositary Shares, each of which represents a one-one thousandth fractional interest in a share of 5.125% Class L Cumulative Redeemable Preferred Stock, liquidation preference $25,000.00 per share",Stock,True,2026-05-08,,,dc98e6104ebafd7c708b
KIM$M,NYSE,"Kimco Realty Corporation Class M Depositary Shares, each of which represents a one-one thousandth fractional interest in a share of 5.25% Class M Cumulative Redeemable Preferred Stock, liquidation preference $25,000.00 per share",Stock,True,2026-05-08,,,2559eff0f15b1d2608b2
KIM$N,NYSE,"Kimco Realty Corporation Depositary Shares, each representing 1/1,000th interest in a share of 7.25% Class N Cumulative Convertible Perpetual Preferred Stock",Stock,True,2026-05-08,,,c24c76c9241b7b873f8f
KIO,NYSE,KKR Income Opportunities Fund Common Shares,Stock,True,2026-05-08,,,490cc872e840e9a20f5e
KKR,NYSE,KKR & Co. Inc. Common Stock,Stock,True,2026-05-08,,,ee6bcde7fb145866eb1b
KKR$D,NYSE,KKR & Co. Inc. 6.25% Series D Mandatory Convertible Preferred Stock,Stock,True,2026-05-08,,,f0f570f1fdf05b775e42
KKRS,NYSE,KKR Group Finance Co. IX LLC 4.625% Subordinated Notes due 2061,Stock,True,2026-05-08,,,a2bcd005312f39baf576
KKRT,NYSE,KKR & Co. Inc. 6.875% Subordinated Notes due 2065,Stock,True,2026-05-08,,,617ddc103c39f989657e
KLAR,NYSE,Klarna Group plc Ordinary Shares,Stock,True,2026-05-08,,,c8af5f5fd83a29b90233
KLC,NYSE,"KinderCare Learning Companies, Inc. Common Stock",Stock,True,2026-05-08,,,a6b78d57aa58b2e2f1cc
KMI,NYSE,"Kinder Morgan, Inc. Common Stock",Stock,True,2026-05-08,,,095877a4739a9aa84764
KMPB,NYSE,Kemper Corporation 5.875% Fixed-Rate Reset Junior Subordinated Debentures due 2062,Stock,True,2026-05-08,,,cb32c0415a8c007cd657
KMPR,NYSE,Kemper Corporation,Stock,True,2026-05-08,,,b9019fa1310064c180a7
KMT,NYSE,Kennametal Inc. Common Stock,Stock,True,2026-05-08,,,d3c222ead8788f841cde
KMX,NYSE,CarMax Inc,Stock,True,2026-05-08,,,98cbbacd1565a2d5aece
KN,NYSE,Knowles Corporation Common Stock,Stock,True,2026-05-08,,,a9ef43a929dcc97198a5
KNF,NYSE,Knife Riv Holding Co. Common Stock,Stock,True,2026-05-08,,,b5298b7adaa2d6e2bda1
KNOP,NYSE,KNOT Offshore Partners LP Common Units representing Limited Partner Interests,Stock,True,2026-05-08,,,ec4be7a1073801bd06cc
KNSL,NYSE,"Kinsale Capital Group, Inc. Common Stock",Stock,True,2026-05-08,,,b663e0f2af237adf02a1
KNTK,NYSE,Kinetik Holdings Inc. Class A Common Stock,Stock,True,2026-05-08,,,a04336832c719abf3320
KNX,NYSE,Knight-Swift Transportation Holdings Inc.,Stock,True,2026-05-08,,,3a7013e710f72bf86713
KO,NYSE,Coca-Cola Company (The) Common Stock,Stock,True,2026-05-08,,,281fee85748b4b3a590f
KODK,NYSE,Eastman Kodak Company Common New,Stock,True,2026-05-08,,,95b04035f2045d97c90d
KOF,NYSE,"Coca Cola Femsa S.A.B. de C.V. American Depositary Shares, each representing 10 Units (each Unit consists of 3 Series B Shares and 5 Series L Shares)",Stock,True,2026-05-08,,,7b0b8ff53dcb3f65d463
KOP,NYSE,Koppers Holdings Inc. Common Stock,Stock,True,2026-05-08,,,62402a959a52d1851352
KORE,NYSE,"KORE Group Holdings, Inc. Common Stock",Stock,False,2026-05-08,2026-07-21,Missing from current NYSE source snapshot; reason unavailable,1b65072c012ae72d9bdf
KOS,NYSE,Kosmos Energy Ltd. Common Shares (DE),Stock,True,2026-05-08,,,c77dfb51a4b2cf639267
KPET,NYSE,KPET Ultra Paceline Corporation Class A Ordinary Shares,Stock,True,2026-05-21,,,7e895beacc47b89814a0
KPET.U,NYSE,"KPET Ultra Paceline Corporation Units, each consisting of one Class A Ordinary Share and one-sixth of one Warrant",Stock,True,2026-05-08,,,182fcf7b7d3fae767c60
KPET.W,NYSE,"KPET Ultra Paceline Corporation Warrants, each whole warrant exercisable for one Class A ordinary share at an exercise price of $11.50 per share",Stock,True,2026-05-21,,,d9ac0bf2fbcfc5918e86
KR,NYSE,Kroger Company (The) Common Stock,Stock,True,2026-05-08,,,83610aa6ccb97b93fbe2
KRC,NYSE,Kilroy Realty Corporation Common Stock,Stock,True,2026-05-08,,,4932df144a8428c80648
KREF,NYSE,KKR Real Estate Finance Trust Inc. Common Stock,Stock,True,2026-05-08,,,10a04862da2218e4af86
KREF$A,NYSE,KKR Real Estate Finance Trust Inc. 6.50% Series A Cumulative Redeemable Preferred Stock,Stock,True,2026-05-08,,,560e5df23fa7e6636a60
KRG,NYSE,Kite Realty Group Trust Common Stock,Stock,True,2026-05-08,,,d31bc2ee74c46656ba3b
KRMN,NYSE,Karman Holdings Inc. Common Stock,Stock,True,2026-05-08,,,c5017675d343bf559330
KRO,NYSE,Kronos Worldwide Inc Common Stock,Stock,True,2026-05-08,,,244d5e231b93d4ba8c91
KRP,NYSE,Kimbell Royalty Partners Common Units Representing Limited Partner Interests,Stock,True,2026-05-08,,,70ec113af2ed538b64e3
KRSP,NYSE,Rice Acquisition Corporation 3 Class A Ordinary Shares,Stock,True,2026-05-08,,,8d3a135f1a407428b031
KRSP.U,NYSE,"Rice Acquisition Corporation 3 Units, each consisting of one Class A ordinary share, and one-sixth of one redeemable warrant",Stock,True,2026-05-08,,,3a2c2c717f56c41fcb2e
KRSP.W,NYSE,"Rice Acquisition Corporation 3 Redeemable warrants, each whole warrant exercisable for one Class A ordinary share at an exercise price of $11.50",Stock,True,2026-05-08,,,ebd7120c9acd86add70a
KSS,NYSE,Kohl's Corporation Common Stock,Stock,True,2026-05-08,,,42e0da8b5faf5ff8a830
KT,NYSE,KT Corporation Common Stock,Stock,True,2026-05-08,,,06bd867b52ad900d2a9b
KTB,NYSE,"Kontoor Brands, Inc. Common Stock",Stock,True,2026-05-08,,,c86319eea34b90dfde56
KTF,NYSE,DWS Municipal Income Trust,Stock,True,2026-05-08,,,b6776f47cb6a11d379ae
KTH,NYSE,Structures Products Cp 8% CorTS Issued by Peco Energy Cap Tr II Preferred Stock,Stock,True,2026-05-08,,,0997cdd987fada1a1eac
KTN,NYSE,Structured Products Corp 8.205% CorTS 8.205% Corporate Backed Trust Securities (CorTS),Stock,True,2026-05-08,,,44b93e6cb6acb2cd682d
KVUE,NYSE,Kenvue Inc. Common Stock,Stock,True,2026-05-08,,,75a62387a3b7972508b4
KVYO,NYSE,"Klaviyo, Inc. Series A Common Stock",Stock,True,2026-05-08,,,7d28386673210cff87c2
KW,NYSE,Kennedy-Wilson Holdings Inc. Common Stock,Stock,False,2026-05-08,2026-06-16,Missing from current NYSE source snapshot; reason unavailable,15488de586e07f9a6046
KWR,NYSE,Quaker Houghton Common Stock,Stock,True,2026-05-08,,,eef52e54adcb26005c2d
KWY,NYSE,Kingsway Corporation Common Stock,Stock,True,2026-05-19,,,81f82f2ffc5145e22e16
KYN,NYSE,"Kayne Anderson Energy Infrastructure Fund, Inc.",Stock,True,2026-05-08,,,f1f78b9a7dd5c6e24f89
L,NYSE,Loews Corporation Common Stock,Stock,True,2026-05-08,,,2aa8ae7034706821a4cd
LAC,NYSE,Lithium Americas Corp. Common Shares,Stock,True,2026-05-08,,,952952dde5086dd020e7
LAD,NYSE,"Lithia Motors, Inc. Common Stock",Stock,True,2026-05-08,,,41432a3025bd07cc810f
LADR,NYSE,Ladder Capital Corp Class A Common Stock,Stock,True,2026-05-08,,,0b6f9217b056e5059f35
LANV,NYSE,Lanvin Group Holdings Limited Ordinary Shares,Stock,True,2026-05-08,,,230d8654f74c4a5b2cd6
LANV.W,NYSE,"Lanvin Group Holdings Limited Redeemable Warrants, each whole warrant exercisable for one Ordinary Share at an exercise price of $11.50",Stock,False,2026-05-08,2026-06-26,Missing from current NYSE source snapshot; reason unavailable,12ca67788e9f980aedab
LAR,NYSE,Lithium Argentina AG Common Shares,Stock,True,2026-05-08,,,001143f6291b554eab58
LAW,NYSE,"CS Disco, Inc. Common Stock",Stock,True,2026-05-08,,,1c07e4805e7f941e3935
LAZ,NYSE,"Lazard, Inc. Common Stock",Stock,True,2026-05-08,,,0c849662d1e9ad591c3d
LB,NYSE,LandBridge Company LLC Class A Shares Representing Limited Liability Company Interests,Stock,True,2026-05-08,,,c0259ce3e93c116191c3
LBRT,NYSE,Liberty Energy Inc. Class A common stock,Stock,True,2026-05-08,,,e8c918afb0fd984fa4e4
LC,NYSE,LendingClub Corporation Common Stock,Stock,False,2026-05-08,2026-06-22,Other delisting reason: Details unavailable (source: FMP Delisted API),8f3acefbe83c182b9ce4
LCII,NYSE,LCI Industries,Stock,True,2026-05-08,,,07fb844bebcab1ea6c9b
LCLN,NYSE,"Lincoln International, Inc. Class A Common Stock",Stock,True,2026-05-20,,,a3ab1f0eba2f7802c684
LDI,NYSE,"loanDepot, Inc. Class A Common Stock",Stock,True,2026-05-08,,,73a4ba6d6dff241e922b
LDOS,NYSE,"Leidos Holdings, Inc. Common Stock",Stock,True,2026-05-08,,,6f144aeb2f39668b7c1d
LDP,NYSE,"Cohen & Steers Limited Duration Preferred and Income Fund, Inc.",Stock,True,2026-05-08,,,c646b98545a2e91b49cc
LEA,NYSE,Lear Corporation Common Stock,Stock,True,2026-05-08,,,b6a275c068b5015db7e5
LEG,NYSE,"Leggett & Platt, Incorporated Common Stock",Stock,True,2026-05-08,,,16dfdfcbb8fd56d882f8
LEN,NYSE,Lennar Corporation Class A Common Stock,Stock,True,2026-05-08,,,75bab478b746de1b1da3
LEN.B,NYSE,Lennar Corporation Class B,Stock,True,2026-05-08,,,6d204ca6931de88365f5
LEO,NYSE,"BNY Mellon Strategic Municipals, Inc. Common Stock",Stock,True,2026-05-08,,,a04ea494062991839877
LEU,NYSE,Centrus Energy Corp. Class A Common Stock,Stock,True,2026-05-08,,,919fbafd43bbe8f49849
LEVI,NYSE,Levi Strauss & Co Class A Common Stock,Stock,True,2026-05-08,,,7bb36c1b6e8ecbc6940e
LFT,NYSE,"Lument Finance Trust, Inc. Common Stock",Stock,True,2026-05-08,,,f4041af7c88938dada98
LFT$A,NYSE,"Lument Finance Trust, Inc. 7.875% Series A Cumulative Redeemable Preferred Stock",Stock,True,2026-05-08,,,56d2668494c2b37485e6
LGI,NYSE,Lazard Global Total Return and Income Fund Common Stock,Stock,True,2026-05-08,,,7abe1756c7950dfa012c
LH,NYSE,Labcorp Holdings Inc. Common Stock,Stock,True,2026-05-08,,,53b05b57ac8f8fca7bf5
LHX,NYSE,"L3Harris Technologies, Inc. Common Stock",Stock,True,2026-05-08,,,bdb5322666d501725ae8
LII,NYSE,"Lennox International, Inc. Common Stock",Stock,True,2026-05-08,,,5184538bdcac451e1ce2
LION,NYSE,Lionsgate Studios Corp Common Shares,Stock,True,2026-05-08,,,50eee81cf1ae35272444
LITB,NYSE,"LightInTheBox Holding Co., Ltd. American Depositary Shares, each representing twelve ordinary shares",Stock,True,2026-05-08,,,6cef96f5d9d453879299
LLY,NYSE,Eli Lilly and Company Common Stock,Stock,True,2026-05-08,,,753ffda54948af4d0353
LMND,NYSE,"Lemonade, Inc. Common Stock",Stock,True,2026-05-08,,,8c29e1aaf0b18f0f8d83
LMT,NYSE,Lockheed Martin Corporation Common Stock,Stock,True,2026-05-08,,,f800c04d39e56a1b3c2e
LNC,NYSE,Lincoln National Corporation Common Stock,Stock,True,2026-05-08,,,a5a0fc594f985f0b9f77
LNC$D,NYSE,"Lincoln National Corporation Depositary Shares Each Representing a 1/1,000th Interest in a Share of 9.000% Non-Cumulative Preferred Stock, Series D",Stock,True,2026-05-08,,,712a3437d0b1df0c5392
LND,NYSE,Brasilagro Brazilian Agric Real Estate Co Sponsored ADR (Brazil),Stock,True,2026-05-08,,,4b542deaad1b5f05288e
LNG,NYSE,"Cheniere Energy, Inc. Common Stock",Stock,True,2026-05-08,,,2842095a9473cfb93ecc
LNN,NYSE,Lindsay Corporation Common Stock,Stock,True,2026-05-08,,,851adfb673922567369b
LOAR,NYSE,Loar Holdings Inc. Common Stock,Stock,True,2026-05-08,,,3d3378459216bbd69365
LOB,NYSE,"Live Oak Bancshares, Inc. Common Stock",Stock,True,2026-05-08,,,8fc0b9559c021229a458
LOB$A,NYSE,"Live Oak Bancshares, Inc. Depositary Shares, Each Representing a 1/40th Interest in a Share of 8.375% Fixed Rate Series A Non-Cumulative Perpetual Preferred Stock",Stock,True,2026-05-08,,,2cc27312f3a6ee65b728
LOCL,NYSE,Local Bounti Corporation Common Stock,Stock,True,2026-05-08,,,3dfc5825f91ac444739a
LOMA,NYSE,Loma Negra Compania Industrial Argentina Sociedad Anonima ADS,Stock,True,2026-05-08,,,cd9c8ce0ff47657b3146
LOW,NYSE,"Lowe's Companies, Inc. Common Stock",Stock,True,2026-05-08,,,21b8f9acca4bb7442b7d
LPG,NYSE,Dorian LPG Ltd. Common Stock,Stock,True,2026-05-08,,,7987f1fd6e33d9d96bad
LPL,NYSE,"LG Display Co, Ltd AMERICAN DEPOSITORY SHARES",Stock,True,2026-05-08,,,477b7bcff97b8b14d87b
LPX,NYSE,Louisiana-Pacific Corporation Common Stock,Stock,True,2026-05-08,,,a56506cd7dc04d99d1e9
LRN,NYSE,"Stride, Inc. Common Stock",Stock,True,2026-05-08,,,5bf9e17c98a6016fe0ae
LSPD,NYSE,Lightspeed Commerce Inc. Subordinate Voting Shares,Stock,True,2026-05-08,,,29ad89ade392342b6214
LTC,NYSE,"LTC Properties, Inc. Common Stock",Stock,True,2026-05-08,,,8979379ad14bb55409b9
LTH,NYSE,"Life Time Group Holdings, Inc. Common Stock",Stock,True,2026-05-08,,,71958aaea1308a767926
LTM,NYSE,"LATAM Airlines Group S.A. American Depositary Shares (each representing two thousand (2,000) shares of Common Stock)",Stock,True,2026-05-08,,,ca08acfb28822d4a74c6
LU,NYSE,"Lufax Holding Ltd American Depositary Shares, each representing two (2) Ordinary Shares",Stock,True,2026-05-08,,,1f833020f018074e8cd7
LUCK,NYSE,Lucky Strike Entertainment Corporation Class A Common Stock,Stock,True,2026-05-08,,,fb9da95b14a96b366f3f
LUMN,NYSE,"Lumen Technologies, Inc. Common Stock",Stock,True,2026-05-08,,,5f4ebc1f14de21aa46a1
LUV,NYSE,Southwest Airlines Company Common Stock,Stock,True,2026-05-08,,,e35c3060480f09449436
LUXE,NYSE,"LuxExperience B.V. American Depositary Shares, each representing one Ordinary Share",Stock,True,2026-05-08,,,831b3acfe8873ad5ea3e
LVS,NYSE,Las Vegas Sands Corp. Common Stock,Stock,True,2026-05-08,,,ac08893992b91fa3bac6
LVWR,NYSE,"LiveWire Group, Inc. Common Stock",Stock,True,2026-05-08,,,ded50a18c54c09031587
LVWR.W,NYSE,"LiveWire Group, Inc. Warrants, each exercisable for one share of Common Stock at an exercise price of $11.50 per share",Stock,True,2026-05-08,,,d106f82522ede2d40aaa
LW,NYSE,"Lamb Weston Holdings, Inc. Common Stock",Stock,True,2026-05-08,,,b3e1fd53b1e8e58eb1e4
LXFR,NYSE,Luxfer Holdings PLC Ordinary Shares,Stock,True,2026-05-08,,,6d7ab9c70fc5b57c05e3
LXP,NYSE,LXP Industrial Trust Common Stock (Maryland REIT),Stock,True,2026-05-08,,,57ea4c9618c58cb49e9f
LXP$C,NYSE,LXP Industrial Trust 6.5% Series C Cumulative Convertible Preferred Stock,Stock,True,2026-05-08,,,94558e82952252f01411
LXU,NYSE,"LSB Industries, Inc. Common Stock",Stock,True,2026-05-08,,,07c630fa51546a6c124c
LYB,NYSE,LyondellBasell Industries NV Ordinary Shares Class A (Netherlands),Stock,True,2026-05-08,,,ca8b4c6daea825e3b799
LYG,NYSE,Lloyds Banking Group Plc American Depositary Shares,Stock,True,2026-05-08,,,8536e995bcf49cc6360a
LYV,NYSE,"Live Nation Entertainment, Inc. Common Stock",Stock,True,2026-05-08,,,f52be05974b1d47cb194
LZB,NYSE,La-Z-Boy Incorporated Common Stock,Stock,True,2026-05-08,,,efc70c9568631a551231
LZM,NYSE,Lifezone Metals Limited Ordinary Shares,Stock,True,2026-05-08,,,7d9f67acc6f539f07414
LZM.W,NYSE,Lifezone Metals Limited Warrants,Stock,True,2026-05-08,,,90d1cf13624234fe7630
M,NYSE,Macy's Inc Common Stock,Stock,True,2026-05-08,,,645be6db374e04a6c5ea
MA,NYSE,Mastercard Incorporated Common Stock,Stock,True,2026-05-08,,,7b9a5345fd25fea5c63e
MAA,NYSE,"Mid-America Apartment Communities, Inc. Common Stock",Stock,True,2026-05-08,,,d75a063c87182d994c30
MAA$I,NYSE,"Mid-America Apartment Communities, Inc. 8.50% Series I Cumulative Redeemable Preferred Stock",Stock,True,2026-05-08,,,ed9188ab8bc0fe9568d7
MAC,NYSE,Macerich Company (The) Common Stock,Stock,True,2026-05-08,,,610ca4606f9b7307318d
MAGN,NYSE,Magnera Corporation Common Stock,Stock,True,2026-05-08,,,32d5e50ce13fa465edd1
MAIN,NYSE,Main Street Capital Corporation Common Stock,Stock,True,2026-05-08,,,1e3050c633e5a3494bd8
MAIR,NYSE,Madison Air Solutions Corporation Class A Common Stock,Stock,True,2026-05-08,,,c42ec842239081262fbe
MAN,NYSE,ManpowerGroup Common Stock,Stock,True,2026-05-08,,,33edc3037d5772c7428e
MANE,NYSE,"Veradermics, Incorporated Common Stock",Stock,True,2026-05-08,,,86a236632b2990869f28
MANU,NYSE,Manchester United Ltd. Class A Ordinary Shares,Stock,True,2026-05-08,,,561a9d3caadac83522ec
MAS,NYSE,Masco Corporation Common Stock,Stock,True,2026-05-08,,,da6bde4edbb09e8d3219
MATV,NYSE,"Mativ Holdings, Inc. Common Stock",Stock,True,2026-05-08,,,f2a66d087aa89a094145
MATX,NYSE,"Matson, Inc. Common Stock",Stock,True,2026-05-08,,,27541f6b0f21bf9b1100
MAX,NYSE,"MediaAlpha, Inc. Class A Common Stock",Stock,True,2026-05-08,,,df3b79626e129586b34a
MBC,NYSE,"MasterBrand, Inc. Common Stock",Stock,True,2026-05-08,,,0bf74d99ba96682f65fb
MBGL,NYSE,Mobility Global Inc. Common Stock,Stock,True,2026-07-01,,,fd1b43b1baa4a75a5f6c
MBGL.V,NYSE,Mobility Global Inc. Common Stock When-Issued,Stock,False,2026-06-26,2026-07-01,Missing from current NYSE source snapshot; reason unavailable,5525db28fe50db62e131
MBI,NYSE,MBIA Inc. Common Stock,Stock,True,2026-05-08,,,36e4c23eba10113ed557
MC,NYSE,Moelis & Company Class A Common Stock,Stock,True,2026-05-08,,,48e5d7a3fca34986b8b2
MCB,NYSE,Metropolitan Bank Holding Corp. Common Stock,Stock,True,2026-05-08,,,f47c9f273fc467df482b
MCD,NYSE,McDonald's Corporation Common Stock,Stock,True,2026-05-08,,,78f8ca8539dc84a99fc1
MCI,NYSE,Barings Corporate Investors Common Stock,Stock,True,2026-05-08,,,7b2629077a2ef43aaaa5
MCK,NYSE,McKesson Corporation Common Stock,Stock,True,2026-05-08,,,2bd4d599ffa6fc54aabb
MCN,NYSE,XAI Madison Equity Premium Income Fund Common Shares,Stock,True,2026-05-08,,,2b0459b6861d79b1d777
MCO,NYSE,Moody's Corporation Common Stock,Stock,True,2026-05-08,,,92444adfe590729ecf5a
MCR,NYSE,MFS Charter Income Trust Common Stock,Stock,False,2026-05-08,2026-06-22,Missing from current NYSE source snapshot; reason unavailable,fb50c8695dfc1005790c
MCS,NYSE,Marcus Corporation (The) Common Stock,Stock,True,2026-05-08,,,08773c19a8d7b6e76057
MCY,NYSE,Mercury General Corporation Common Stock,Stock,True,2026-05-08,,,43d0f35f523d359bab4a
MD,NYSE,"Pediatrix Medical Group, Inc. Common Stock",Stock,True,2026-05-08,,,3455d8adc69b19d1ef2c
MDA,NYSE,MDA Space Ltd. Common Shares,Stock,True,2026-05-08,,,1b5832dcf8e38377cb96
MDST,NYSE,Westwood Salient Enhanced Midstream Income ETF,ETF,True,2026-05-08,,,66607f14f8535f943679
MDT,NYSE,Medtronic plc. Ordinary Shares,Stock,True,2026-05-08,,,f3fdda8e69e1c7b4ab1b
MDU,NYSE,"MDU Resources Group, Inc. Common Stock (Holding Company)",Stock,True,2026-05-08,,,c06ad3f8129686f10d9d
MDV,NYSE,"Modiv Industrial, Inc. Class C Common Stock",Stock,True,2026-05-08,,,974d5da7b15d6dcb47c7
MDV$A,NYSE,"Modiv Industrial, Inc. 7.375% Series A Cumulative Redeemable Perpetual Preferred Stock",Stock,True,2026-05-08,,,30c2920b17f710b240f8
MEC,NYSE,"Mayville Engineering Company, Inc. Common Stock",Stock,True,2026-05-08,,,20dfdaa6af8b0e0ceb98
MED,NYSE,MEDIFAST INC Common Stock,Stock,True,2026-05-08,,,b24ac4a7be9626cdc8de
MEGI,NYSE,NYLI CBRE Global Infrastructure Megatrends Term Fund Common Shares,Stock,True,2026-05-08,,,04f97eb450dcae9bfb59
MEI,NYSE,"Methode Electronics, Inc. Common Stock",Stock,True,2026-05-08,,,ed2e4acc33df34bf57d5
MER$K,NYSE,"Bank of America Corporation Income Capital Obligation Notes initially due December 15, 2066",Stock,True,2026-05-08,,,c08142f69cd04db5778c
MET,NYSE,"MetLife, Inc. Common Stock",Stock,True,2026-05-08,,,c1411f3b76164e3e1934
MET$A,NYSE,"MetLife, Inc. Preferred Series A Floating Rate",Stock,True,2026-05-08,,,d672848fc43ba4376b83
MET$E,NYSE,"MetLife, Inc. Depositary Shares",Stock,True,2026-05-08,,,9517233393e56fc0ed37
MET$F,NYSE,"MetLife, Inc. Depositary Shares, each representing a 1/1,000th interest in a share of 4.75% Non-Cumulative Preferred Stock, Series F",Stock,True,2026-05-08,,,2971850b42865ae4ad49
MFA,NYSE,"MFA Financial, Inc.",Stock,True,2026-05-08,,,c33cf0489912afcad444
MFA$B,NYSE,"MFA Financial, Inc. Preferred Series B",Stock,True,2026-05-08,,,fd0b1be28c624d543c85
MFA$C,NYSE,"MFA Financial, Inc. 6.50% Series C Fixed-to-Floating Rate Cumulative Redeemable Preferred Stock",Stock,True,2026-05-08,,,2f343cdc620036954d13
MFAN,NYSE,"MFA Financial, Inc. 8.875% Senior Notes due 2029",Stock,True,2026-05-08,,,09a943d46ea1bbae3c66
MFAO,NYSE,"MFA Financial, Inc. 9.000% Senior Notes due 2029",Stock,True,2026-05-08,,,00a66c7bfd02a0cbb590
MFC,NYSE,Manulife Financial Corporation Common Stock,Stock,True,2026-05-08,,,9c2ce292ae544011d40f
MFG,NYSE,"Mizuho Financial Group, Inc. Sponosred ADR (Japan)",Stock,True,2026-05-08,,,715d12693144f996ffa3
MFM,NYSE,MFS Municipal Income Trust Common Stock,Stock,False,2026-05-08,2026-06-08,Listing metadata changed,e59f03024352ab8d50f4
MFM,NYSE,Aberdeen Municipal Income Fund Common Shares of Beneficial Interest,Stock,True,2026-06-08,,,e91777a13c208ba37096
MFSB,NYSE,MFS Active Core Plus Bond ETF,ETF,True,2026-05-08,,,44a8109d056e6fe545a7
MFSG,NYSE,MFS Active Growth ETF,ETF,True,2026-05-08,,,b41918738fe4261cb870
MFSI,NYSE,MFS Active International ETF,ETF,True,2026-05-08,,,2ee4390eb3492f6b3104
MFSM,NYSE,MFS Active Intermediate Muni Bond ETF,ETF,True,2026-05-08,,,54354caa1851d79b37ea
MFSV,NYSE,MFS Active Value ETF,ETF,True,2026-05-08,,,799c523fa345d7d5a2e3
MG,NYSE,Mistras Group Inc Common Stock,Stock,True,2026-05-08,,,a7c77d9cb7f3d994b193
MGA,NYSE,"Magna International, Inc. Common Stock",Stock,True,2026-05-08,,,ccc81dd2576e55f9495f
MGF,NYSE,MFS Government Markets Income Trust Common Stock,Stock,False,2026-05-08,2026-07-06,Listing metadata changed,bf441587392976a05952
MGF,NYSE,Aberdeen Government Markets Income Fund Common Shares of Beneficial Interest,Stock,True,2026-07-06,,,9d2e2f0ffcf77968d7b4
MGM,NYSE,MGM Resorts International Common Stock,Stock,True,2026-05-08,,,5202e7365f4943148f28
MGR,NYSE,"Affiliated Managers Group, Inc. 5.875% Junior Subordinated Notes due 2059",Stock,True,2026-05-08,,,731b58b350fb056bc593
MGRB,NYSE,"Affiliated Managers Group, Inc. 4.750% Junior Subordinated Notes due 2060",Stock,True,2026-05-08,,,368bb05328c58a67a448
MGRD,NYSE,"Affiliated Managers Group, Inc. 4.200% Junior Subordinated Notes due 2061",Stock,True,2026-05-08,,,b1f0b1cdbd7da6826955
MGRE,NYSE,"Affiliated Managers Group, Inc. 6.750% Junior Subordinated Notes due 2064",Stock,True,2026-05-08,,,35a01c4050038ca00229
MGY,NYSE,Magnolia Oil & Gas Corporation Class A Common Stock,Stock,True,2026-05-08,,,aca1b9d1a0f10dfb794b
MH,NYSE,"McGraw Hill, Inc. Common Stock",Stock,True,2026-05-08,,,f7e660aff5241515929a
MHD,NYSE,"Blackrock MuniHoldings Fund, Inc. Common Stock",Stock,True,2026-05-08,,,ed210cb36bd76260ead9
MHF,NYSE,"Western Asset Municipal High Income Fund, Inc. Common Stock",Stock,True,2026-05-08,,,7fb59d977005d107b300
MHK,NYSE,"Mohawk Industries, Inc. Common Stock",Stock,True,2026-05-08,,,73dd902db3ae37949bfa
MHLA,NYSE,"Maiden Holdings, Ltd. 6.625% Notes due 2046",Stock,True,2026-05-08,,,f1c2a529a04daf7b3ad5
MHNC,NYSE,"Maiden Holdings North America, Ltd. 7.75% Notes due 2043",Stock,True,2026-05-08,,,f5f75b9238f76f2087e8
MHO,NYSE,"M/I Homes, Inc. Common Stock",Stock,True,2026-05-08,,,82e86cdb2e0ce8914866
MIAX,NYSE,"Miami International Holdings, Inc. Common Stock",Stock,True,2026-05-08,,,a39d78175a0f3e59e751
MICC,NYSE,The Magnum Ice Cream Company N.V. Ordinary Shares,Stock,True,2026-05-08,,,8df18703ea3cc92064c4
MIN,NYSE,MFS Intermediate Income Trust Common Stock,Stock,False,2026-05-08,2026-07-06,Listing metadata changed,bfc917f6b5a48168f2cb
MIN,NYSE,Aberdeen Intermediate Income Fund Common Shares of Beneficial Interest,Stock,True,2026-07-06,,,ffc392f741c4befa4e50
MIR,NYSE,"Mirion Technologies, Inc. Class A Common Stock",Stock,True,2026-05-08,,,c28324c0dead751c00cb
MITN,NYSE,"TPG Mortgage Investment Trust, Inc. 9.500% Senior Notes due 2029",Stock,True,2026-05-08,,,d92596bcc6e01bb7ad07
MITP,NYSE,"TPG Mortgage Investment Trust, Inc. 9.500% Senior Notes due 2029",Stock,True,2026-05-08,,,d92596bcc6e01bb7ad07
MITT,NYSE,"TPG Mortgage Investment Trust, Inc. Common Stock",Stock,True,2026-05-08,,,77b85a8420cddaaabcff
MITT$A,NYSE,"TPG Mortgage Investment Trust, Inc. 8.25% Series A Cumulative Redeemable Preferred Stock",Stock,True,2026-05-08,,,e1ac27e0cb332ee2db71
MITT$B,NYSE,"TPG Mortgage Investment Trust, Inc. 8.00% Series B Cumulative Redeemable Preferred Stock",Stock,True,2026-05-08,,,af24cfa9b8eba403289e
MITT$C,NYSE,"TPG Mortgage Investment Trust, Inc. 8.00% Series C Fixed-to-Floating Rate Cumulative Redeemable Preferred Stock, $0.01 par value per share",Stock,True,2026-05-08,,,b19028e35e99fba3b5a5
MIY,NYSE,"Blackrock MuniYield Michigan Quality Fund, Inc. Common Stock",Stock,True,2026-05-08,,,3a7d1387f2be0fe2cf0a
MKC,NYSE,"McCormick & Company, Incorporated Common Stock",Stock,True,2026-05-08,,,13cf7c17bc1f6cdb8d47
MKC.V,NYSE,"McCormick & Company, Incorporated Common Stock",Stock,True,2026-05-08,,,13cf7c17bc1f6cdb8d47
MKL,NYSE,Markel Group Inc. Common Stock,Stock,True,2026-05-08,,,f676998c790d6204241f
MLI,NYSE,"Mueller Industries, Inc. Common Stock",Stock,True,2026-05-08,,,625ac6abb97c5bd2ea4b
MLM,NYSE,"Martin Marietta Materials, Inc. Common Stock",Stock,True,2026-05-08,,,7745f5faad62ae9a0abd
MLP,NYSE,"Maui Land & Pineapple Company, Inc. Common Stock",Stock,True,2026-05-08,,,b6a798bb7dd1f393b0e5
MLR,NYSE,"Miller Industries, Inc. Common Stock",Stock,True,2026-05-08,,,41326f858c46e0bd19e7
MMD,NYSE,NYLI MacKay DefinedTerm Muni Opportunities Fund Common Shares,Stock,True,2026-05-08,,,f53596b3825d16a45d4e
MMI,NYSE,"Marcus & Millichap, Inc. Common Stock",Stock,True,2026-05-08,,,f9353a94cb9bbf27a4aa
MMID,NYSE,MFS Active Mid Cap ETF,ETF,True,2026-05-08,,,c6b2a64d4003e96af5de
MMK,NYSE,State Street Prime Money Market ETF,ETF,True,2026-05-08,,,d44f30d803b37356d0b5
MMKT,NYSE,Texas Capital Government Money Market ETF,ETF,True,2026-05-08,,,b548149911e21ee52f2d
MMM,NYSE,3M Company Common Stock,Stock,True,2026-05-08,,,bc1e4b90cec0a615d4c6
MMS,NYSE,"Maximus, Inc. Common Stock",Stock,True,2026-05-08,,,3cc3904187d0cf8d5790
MMT,NYSE,MFS Multimarket Income Trust Common Stock,Stock,False,2026-05-08,2026-06-22,Listing metadata changed,29d1df03fdd4070ac017
MMT,NYSE,Aberdeen Multi-Market Income Fund Common Shares of Beneficial Interest,Stock,True,2026-06-22,,,8754fba1e5a8f71644a1
MMU,NYSE,"Western Asset Managed Municipals Fund, Inc. Common Stock",Stock,True,2026-05-08,,,46ceefa24b8d15eb2dd4
MNR,NYSE,Mach Natural Resources LP Common Units representing Limited Partner Interests,Stock,True,2026-05-08,,,fcecc1c4317c56d2bcb9
MNSO,NYSE,"MINISO Group Holding Limited American Depositary Shares, each representing four Ordinary Shares",Stock,True,2026-05-08,,,a67db69d4b8691d3eaa8
MNTN,NYSE,"MNTN, Inc. Class A Common Stock",Stock,True,2026-05-08,,,6d61cd76d13813cd9a47
MO,NYSE,"Altria Group, Inc.",Stock,True,2026-05-08,,,a8706ab624d807a2e064
MOD,NYSE,Modine Manufacturing Company Common Stock,Stock,True,2026-05-08,,,1ca552d7805b730f6e83
MOG.A,NYSE,Moog Inc. Class A Common Stock,Stock,True,2026-05-08,,,7b0398b0c949239369ef
MOG.B,NYSE,Moog Inc. Class B Common Stock,Stock,True,2026-05-08,,,69e2def36683d89204ac
MOGU,NYSE,MOGU Inc. American Depositary Shares (each representing 25 Class A Ordinary Shares),Stock,True,2026-05-08,,,def6066875ce74a59b50
MOH,NYSE,Molina Healthcare Inc Common Stock,Stock,True,2026-05-08,,,682126ad4913b8a47856
MOS,NYSE,Mosaic Company (The) Common Stock,Stock,True,2026-05-08,,,897d17ceae5d0d69725b
MOV,NYSE,Movado Group Inc. Common Stock,Stock,True,2026-05-08,,,428f1f03709f9409e28b
MP,NYSE,MP Materials Corp. Common Stock,Stock,True,2026-05-08,,,0d1be728d1e0e5fecf63
MPA,NYSE,Blackrock MuniYield Pennsylvania Quality Fund Common Stock,Stock,True,2026-05-08,,,283bb9f0e3a51d1cf731
MPC,NYSE,Marathon Petroleum Corporation Common Stock,Stock,True,2026-05-08,,,bc274bb814de432b06c9
MPLX,NYSE,MPLX LP Common Units Representing Limited Partner Interests,Stock,True,2026-05-08,,,9bfdc0fd19a190011925
MPT,NYSE,"Medical Properties Trust, Inc. common stock",Stock,True,2026-05-08,,,38b57bde32704190f231
MPV,NYSE,Barings Participation Investors Common Stock,Stock,True,2026-05-08,,,951cd9e66bd1f4f8c58a
MPX,NYSE,Marine Products Corporation Common Stock,Stock,False,2026-05-08,2026-05-15,Missing from current NYSE source snapshot; reason unavailable,134a0019f64b427b5d13
MQY,NYSE,"Blackrock MuniYield Quality Fund, Inc. Common Stock",Stock,True,2026-05-08,,,613367b1d0d57e81539a
MRK,NYSE,"Merck & Company, Inc. Common Stock (new)",Stock,True,2026-05-08,,,427a875a8bd0c5e2410f
MRP,NYSE,"Millrose Properties, Inc. Class A Common Stock",Stock,True,2026-05-08,,,fe97f3383b41c6c01e5b
MRSH,NYSE,Marsh Common Stock,Stock,True,2026-05-08,,,73e55e1aa47c3ef5f0a1
MS,NYSE,Morgan Stanley Common Stock,Stock,True,2026-05-08,,,2349cbf41bf3d80313f7
MS$A,NYSE,Morgan Stanley Dep Shs repstg 1/1000 Pfd Ser A,Stock,True,2026-05-08,,,b4c7a2f46efc05adee57
MS$E,NYSE,Morgan Stanley DEPOSITARY SHARES REP 1/1000TH SHARES FIXED/FLTG PREFERRED STOCK SERIES E,Stock,True,2026-05-08,,,200865315bf5f483336a
MS$F,NYSE,Morgan Stanley Dep Shs Rpstg 1/1000th Int Prd Ser F Fxd to Flag,Stock,True,2026-05-08,,,a6ff436488c22cb99ef7
MS$I,NYSE,Morgan Stanley Depository Shares Representing 1/1000th Preferred Series 1 Fixed to Floating Non (Cum),Stock,True,2026-05-08,,,f4977306f78ed5288189
MS$K,NYSE,"Morgan Stanley Depositary Shares, each representing 1/1,000th of a share of Fixed-to-Floating Rate Non-Cumulative Preferred Stock, Series K",Stock,True,2026-05-08,,,762b69a84f9abed1bce4
MS$L,NYSE,"Morgan Stanley Depositary Shares, each representing 1/1,000th of a share of 4.875% Non-Cumulative Preferred Stock, Series L",Stock,True,2026-05-08,,,447d681cb98cf6d102b7
MS$O,NYSE,"Morgan Stanley Depositary Shares, each representing 1/1,000th of a share of 4.250% Non-Cumulative Preferred Stock, Series O",Stock,True,2026-05-08,,,8c2830ed859599faae66
MS$P,NYSE,"Morgan Stanley Depositary Shares, each representing 1/1,000th of a share of 6.500% Non-Cumulative Preferred Stock, Series P",Stock,True,2026-05-08,,,b7914863d78635736d77
MS$Q,NYSE,"Morgan Stanley Depositary Shares, each representing 1/1,000th of a share of 6.625% Non-Cumulative Preferred Stock, Series Q",Stock,True,2026-05-08,,,f4d92a80a02525fa5711
MSA,NYSE,MSA Safety Incorporated Common Stock,Stock,True,2026-05-08,,,6df831184917d86693df
MSB,NYSE,Mesabi Trust Common Stock,Stock,True,2026-05-08,,,0bb2fd7dbba3158a7dc2
MSC,NYSE,"Studio City International Holdings Limited American depositary shares, each representing four Class A ordinary shares",Stock,True,2026-05-08,,,3e537bc64517c9c183ea
MSCI,NYSE,MSCI Inc. Common Stock,Stock,True,2026-05-08,,,94492061daa7e58ec325
MSD,NYSE,"Morgan Stanley Emerging Markets Debt Fund, Inc. Common Stock",Stock,True,2026-05-08,,,27f1754acaa30da8e823
MSDL,NYSE,Morgan Stanley Direct Lending Fund Common Stock,Stock,True,2026-05-08,,,f27f142d36c87f1b36d1
MSGE,NYSE,Madison Square Garden Entertainment Corp. Class A Common Stock,Stock,True,2026-05-08,,,7b188a1d73fbf190cef0
MSGS,NYSE,Madison Square Garden Sports Corp. Class A Common Stock (New),Stock,True,2026-05-08,,,afc7537da08c3dfb37b4
MSI,NYSE,"Motorola Solutions, Inc. Common Stock",Stock,True,2026-05-08,,,def91a1aa5948cec708e
MSIF,NYSE,"MSC Income Fund, Inc. Common Stock",Stock,True,2026-05-08,,,d9f39e8dbb6c88ee1519
MSM,NYSE,"MSC Industrial Direct Company, Inc. Common Stock",Stock,True,2026-05-08,,,b6d338dd2464dc1ff21a
MT,NYSE,Arcelor Mittal NY Registry Shares NEW,Stock,True,2026-05-08,,,c0ee8a6c266ab9cad0a8
MTAL,NYSE,Metals Acquisition Corp. II Class A Ordinary Shares,Stock,True,2026-05-08,,,4d355442bdd3144e75d0
MTAL.U,NYSE,"Metals Acquisition Corp. II Units, each consisting of one Class A ordinary share and one-third of one redeemable warrant",Stock,True,2026-05-08,,,5a2d795b219da5f5f65c
MTAL.W,NYSE,"Metals Acquisition Corp. II Warrants, each whole warrant exercisable for one Class A ordinary share at an exercise price of $11.50 per share",Stock,True,2026-05-08,,,7f932c95975f33435fb5
MTB,NYSE,M&T Bank Corporation Common Stock,Stock,True,2026-05-08,,,a21703fe7fec5deca37d
MTB$H,NYSE,"M&T Bank Corporation Perpetual Fixed-to-Floating Rate Non-Cumulative Preferred Stock, Series H",Stock,True,2026-05-08,,,eaf8be789beceae346f3
MTB$J,NYSE,"M&T Bank Corporation Depositary Shares each representing a 1/400th ownership interest in a share of Perpetual 7.500% Non-Cumulative Preferred Stock, Series J",Stock,True,2026-05-08,,,e4e4a04d1526712b4c42
MTB$K,NYSE,"M&T Bank Corporation Depositary Shares each representing a 1/400th interest in a share of Perpetual 6.350% Non-Cumulative Preferred Stock, Series K",Stock,True,2026-05-08,,,536caec8e1a39f4acfdc
MTD,NYSE,"Mettler-Toledo International, Inc. Common Stock",Stock,True,2026-05-08,,,c4bd11f02aea1507b9c5
MTDR,NYSE,Matador Resources Company Common Stock,Stock,True,2026-05-08,,,1101ac0f55c76fd4d317
MTG,NYSE,MGIC Investment Corporation Common Stock,Stock,True,2026-05-08,,,cf5cf89e89abd9bbf446
MTH,NYSE,Meritage Homes Corporation Common Stock,Stock,True,2026-05-08,,,8898cd2cb2da152f4bc1
MTN,NYSE,"Vail Resorts, Inc. Common Stock",Stock,True,2026-05-08,,,a886a399ed64893dc5a7
MTNE,NYSE,CH4 Natural Solutions Corporation Class A Ordinary Shares,Stock,True,2026-06-22,,,07c89757b1b6c79e7b5b
MTNE.U,NYSE,"CH4 Natural Solutions Corporation Units, each consisting of one Class A ordinary share and one-half of one Warrant",Stock,True,2026-05-08,,,e79ef785b30a124bbac9
MTNE.W,NYSE,"CH4 Natural Solutions Corporation Warrants, each whole warrant exercisable for one Class A Ordinary Share at an exercise price of $11.50 per share",Stock,True,2026-06-22,,,0852371807fc4c7d3795
MTR,NYSE,Mesa Royalty Trust Common Stock,Stock,True,2026-05-08,,,6edee91007e96c824f50
MTRN,NYSE,Materion Corporation,Stock,True,2026-05-08,,,a82eeb5f5c5480d5e3c9
MTUS,NYSE,Metallus Inc. Common Shares,Stock,True,2026-05-08,,,0f6cfbf1903f7553e8cc
MTW,NYSE,"Manitowoc Company, Inc. (The) Common Stock",Stock,True,2026-05-08,,,0df9a7a968595692a8dd
MTX,NYSE,Minerals Technologies Inc. Common Stock,Stock,True,2026-05-08,,,5b36754b539f74a952d4
MTZ,NYSE,"MasTec, Inc. Common Stock",Stock,True,2026-05-08,,,66477eb2810fc6bf05b5
MUA,NYSE,"Blackrock MuniAssets Fund, Inc Common Stock",Stock,True,2026-05-08,,,4c924db2f43bba4a81f6
MUC,NYSE,"Blackrock MuniHoldings California Quality Fund, Inc. Common Stock",Stock,True,2026-05-08,,,fd2e91355566c0f3965e
MUFG,NYSE,"Mitsubishi UFJ Financial Group, Inc. Common Stock",Stock,True,2026-05-08,,,d3fc2edb0e91df040efa
MUJ,NYSE,"Blackrock MuniHoldings New Jersey Quality Fund, Inc. Common Stock",Stock,True,2026-05-08,,,2b0f452c172fe5bac09a
MUR,NYSE,Murphy Oil Corporation Common Stock,Stock,True,2026-05-08,,,8b4517cbb41c1d3e8b88
MUSA,NYSE,Murphy USA Inc. Common Stock,Stock,True,2026-05-08,,,2e3a14463caab6a014be
MUSE,NYSE,TCW Multisector Credit Income ETF,ETF,True,2026-05-08,,,b8c9eea24c6969e4ec31
MUX,NYSE,McEwen Inc. Common Stock,Stock,True,2026-05-08,,,e04284c4fae66a38855e
MVO,NYSE,MV Oil Trust Units of Beneficial Interests,Stock,True,2026-05-08,,,f3c75cdee90088453727
MWA,NYSE,MUELLER WATER PRODUCTS Common Stock,Stock,True,2026-05-08,,,6a5069092523098bb512
MX,NYSE,Magnachip Semiconductor Corporation Common Stock,Stock,True,2026-05-08,,,350001e5011e427ca591
MXE,NYSE,"Mexico Equity and Income Fund, Inc. (The) Common Stock",Stock,True,2026-05-08,,,67bb50bbd528ad76c5bc
MXF,NYSE,"Mexico Fund, Inc. (The) Common Stock",Stock,True,2026-05-08,,,58ba76adb176903ea7d8
MYE,NYSE,"Myers Industries, Inc. Common Stock",Stock,True,2026-05-08,,,eb27a543ca66a1bf5c7c
MYI,NYSE,"Blackrock MuniYield Quality Fund III, Inc Common Stock",Stock,True,2026-05-08,,,28cb3dbc0e73e78980ea
MYN,NYSE,"Blackrock MuniYield New York Quality Fund, Inc.Common Stock",Stock,True,2026-05-08,,,54a562e2def2eeba4172
MZYX,NYSE,MOZAYYX Acquisition Corp. Class A Ordinary Shares,Stock,True,2026-05-08,,,5ff3120ce6b95c46ab49
MZYX.U,NYSE,"MOZAYYX Acquisition Corp. Units, each consisting of one Class A ordinary share and one-quarter of one redeemable warrant",Stock,True,2026-05-08,,,30c76f06e778f2cb8d88
MZYX.W,NYSE,"MOZAYYX Acquisition Corp. Redeemable warrants, each whole warrant exercisable for one Class A ordinary share at an exercise price of $11.50",Stock,True,2026-05-08,,,571a6c11371c936d3a04
NABL,NYSE,"N-able, Inc. Common Stock",Stock,True,2026-05-08,,,712126f90aad0b99cc60
NAC,NYSE,Nuveen California Quality Municipal Income Fund,Stock,True,2026-05-08,,,3b76d67ae0f09d974598
NAD,NYSE,Nuveen Quality Municipal Income Fund Common Stock,Stock,True,2026-05-08,,,6827e8a1a49e357a39ea
NAN,NYSE,Nuveen New York Quality Municipal Income Fund Common Stock,Stock,True,2026-05-08,,,a32843f1d11dfd85cbfe
NAT,NYSE,Nordic American Tankers Limited Common Stock,Stock,True,2026-05-08,,,a657e2da7ec3438e9641
NATL,NYSE,NCR Atleos Corporation Common Stock,Stock,True,2026-05-08,,,e5fd494e1bf5aa799ff0
NAZ,NYSE,Nuveen Arizona Quality Municipal Income Fund Common Stock,Stock,True,2026-05-08,,,3d79b0a0bb7fd1619000
NBB,NYSE,Nuveen Taxable Municipal Income Fund Common Shares of Beneficial Interest,Stock,True,2026-05-08,,,4681109aadb2140783c3
NBHC,NYSE,National Bank Holdings Corporation Common Stock,Stock,True,2026-05-08,,,723684845a285bc65e6b
NBR,NYSE,Nabors Industries Ltd.,Stock,True,2026-05-08,,,ea959e7c70a5a1d1694b
NBXG,NYSE,Neuberger Next Generation Connectivity Fund Inc. Common Stock,Stock,True,2026-05-08,,,9c0b07c857a73f821d04
NC,NYSE,"NACCO Industries, Inc. Common Stock",Stock,True,2026-05-08,,,f8defd6589942e0b6d8b
NCA,NYSE,Nuveen California Municipal Value Fund,Stock,True,2026-05-08,,,5f90ffdb9453d0e5ca99
NCDL,NYSE,Nuveen Churchill Direct Lending Corp. Common Stock,Stock,True,2026-05-08,,,3be79a1ffd423cc18398
NCLH,NYSE,Norwegian Cruise Line Holdings Ltd. Ordinary Shares,Stock,True,2026-05-08,,,4e52253eaf3ce2a78b74
NCV,NYSE,Virtus Convertible & Income Fund Common Shares of Beneficial Interest,Stock,True,2026-05-08,,,0f6bc2a0362b60130e8a
NCV$A,NYSE,Virtus Convertible & Income Fund 5.625% Series A Cumulative Preferred Shares,Stock,True,2026-05-08,,,161a9e83158ea1eeaf2d
NCZ,NYSE,Virtus Convertible & Income Fund II Common Shares of Beneficial Interest,Stock,True,2026-05-08,,,c53541ba4ea17c050db8
NCZ$A,NYSE,Virtus Convertible & Income Fund II 5.50% Series A Cumulative Preferred Shares,Stock,True,2026-05-08,,,1e90bd6b783f76557fcd
NDMO,NYSE,Nuveen Dynamic Municipal Opportunities Fund Common Shares of Beneficial Interest,Stock,True,2026-05-08,,,f268e5165e85e46f26e7
NE,NYSE,Noble Corporation plc A Ordinary Shares,Stock,True,2026-05-08,,,d8b1206857ca6dd0fff4
NE.A,NYSE,Noble Corporation plc Tranche 2 Warrants,Stock,True,2026-05-08,,,4f023e22e8932c098998
NE.W,NYSE,Noble Corporation plc Tranche 1 Warrants,Stock,True,2026-05-08,,,1d1f40e44a0b095703c8
NEA,NYSE,Nuveen AMT-Free Quality Municipal Income Fund Common Shares of Beneficial Interest Par Value $.01,Stock,True,2026-05-08,,,42a821f7530ffbbc5e09
NEE,NYSE,"NextEra Energy, Inc. Common Stock",Stock,True,2026-05-08,,,75ab6163720996e675f4
NEE$N,NYSE,"NextEra Energy Capital Holdings Inc. Series N Junior Subordinated Debentures due March 1, 2079",Stock,True,2026-05-08,,,e331208f60c8e957baaf
NEE$S,NYSE,"NextEra Energy, Inc. 7.299% Corporate Units",Stock,True,2026-05-08,,,92227de4151a0ffba768
NEE$T,NYSE,"NextEra Energy, Inc. 7.234% Corporate Units",Stock,True,2026-05-08,,,34445e60ba38920a1182
NEE$U,NYSE,"NextEra Energy, Inc. Series U Junior Subordinated Debentures due June 1, 2085",Stock,True,2026-05-08,,,78dcfe2cafee89749cb3
NEE$V,NYSE,"NextEra Energy, Inc. 7.375% Corporate Units",Stock,True,2026-05-08,,,690b2ffeab0558e1babc
NEE$W,NYSE,"NextEra Energy Capital Holdings Inc. Series Z Junior Subordinated Debentures due April 15, 2086",Stock,True,2026-05-08,,,9210cd58c50a01468252
NEM,NYSE,Newmont Corporation,Stock,True,2026-05-08,,,722408a88a19ad293c94
NET,NYSE,"Cloudflare, Inc. Class A Common Stock",Stock,True,2026-05-08,,,7a81c8e5062b93f0fdb4
NEU,NYSE,NewMarket Corp Common Stock,Stock,True,2026-05-08,,,ccbc4e6a54d31c81e33d
NEXA,NYSE,Nexa Resources S.A. Common Shares,Stock,True,2026-05-08,,,b8cddaf138651de23fed
NFG,NYSE,National Fuel Gas Company Common Stock,Stock,True,2026-05-08,,,c7afd03ded8426c5fd4c
NFJ,NYSE,"Virtus Dividend, Interest & Premium Strategy Fund Common Shares of Beneficial Interest",Stock,True,2026-05-08,,,bad7844a1d42a270b98d
NGG,NYSE,"National Grid Transco, PLC National Grid PLC (NEW) American Depositary Shares",Stock,True,2026-05-08,,,9d99728443bbef33f8a7
NGL,NYSE,NGL ENERGY PARTNERS LP Common Units representing Limited Partner Interests,Stock,True,2026-05-08,,,8c4dad2ea349c4830c3d
NGL$B,NYSE,NGL ENERGY PARTNERS LP 9.00% Class B Fixed-to-Floating Rate Cumulative Redeemable Perpetual Preferred Units representing limited partnership interests,Stock,True,2026-05-08,,,10ac15f2863bf40d1bb0
NGL$C,NYSE,NGL ENERGY PARTNERS LP 9.625% Class C Fixed-to-Floating Rate Cumulative Redeemable Perpetual Preferred Units representing limited partner interests,Stock,True,2026-05-08,,,d3c39cbb99f79f72f8d7
NGS,NYSE,"Natural Gas Services Group, Inc. Common Stock",Stock,True,2026-05-08,,,5849f8bd601e7e7be5be
NGVC,NYSE,"Natural Grocers by Vitamin Cottage, Inc. Common Stock",Stock,True,2026-05-08,,,929f5335bf3765aeacaa
NGVT,NYSE,Ingevity Corporation Common Stock,Stock,True,2026-05-08,,,86d871ab6fa2d0230ae2
NHI,NYSE,"National Health Investors, Inc. Common Stock",Stock,True,2026-05-08,,,70309dbde442985db4fc
NI,NYSE,NiSource Inc Common Stock,Stock,True,2026-05-08,,,73b847878d89293312fb
NIC,NYSE,Nicolet Bankshares Inc. Common Stock,Stock,True,2026-05-08,,,18166e3e08b971522641
NIE,NYSE,Virtus Equity & Convertible Income Fund Common Shares of Beneficial Interest,Stock,True,2026-05-08,,,4ac5ed3f37b6436b11a9
NIM,NYSE,Nuveen Select Maturities Municipal Fund Common Stock,Stock,True,2026-05-08,,,24cf9b5f6dd7353be4f4
NIO,NYSE,"NIO Inc. American depositary shares, each representing one Class A ordinary share",Stock,True,2026-05-08,,,8e7589fe98c24fc89611
NIQ,NYSE,NIQ Global Intelligence plc Ordinary Shares,Stock,True,2026-05-08,,,8a84f57ff613832280cc
NJR,NYSE,NewJersey Resources Corporation Common Stock,Stock,True,2026-05-08,,,b758b5db8b4520ddf1bd
NKE,NYSE,"Nike, Inc. Common Stock",Stock,True,2026-05-08,,,e1e4d022c5461bba5439
NKX,NYSE,Nuveen California AMT-Free Quality Municipal Income Fund,Stock,True,2026-05-08,,,1f74add301e7e413d20a
NL,NYSE,"NL Industries, Inc. Common Stock",Stock,False,2026-05-08,2026-05-27,Listing metadata changed,dcbb1798cbe466e060c3
NL,NYSE,"NLI Holdings, Inc. Common Stock",Stock,True,2026-05-27,,,9d3677c5189a1614f6b8
NLOP,NYSE,Net Lease Office Properties Common Shares of Beneficial Interest,Stock,True,2026-05-08,,,7f8bebdb4111da242de5
NLY,NYSE,Annaly Capital Management Inc. Common Stock,Stock,True,2026-05-08,,,b3ba9569f54f86134f87
NLY$F,NYSE,Annaly Capital Management Inc 6.95% Series F,Stock,True,2026-05-08,,,49a4d175f1cee7fcd1d4
NLY$G,NYSE,Annaly Capital Management Inc 6.50% Series G Fixed-to-Floating Rate Cumulative Redeemable Preferred Stock,Stock,True,2026-05-08,,,e2276ec02f5f44ea9a07
NLY$I,NYSE,Annaly Capital Management Inc 6.750% Series I Fixed-to-Floating Rate Cumulative Redeemable Preferred Stock,Stock,True,2026-05-08,,,b2b5bac6ba2535e33e9d
NLY$J,NYSE,Annaly Capital Management Inc. 8.875% Series J Fixed-Rate Cumulative Redeemable Preferred Stock,Stock,True,2026-05-08,,,dbb7f37b7bda354cbd21
NMAI,NYSE,Nuveen Multi-Asset Income Fund Common Shares of Beneficial Interest,Stock,True,2026-05-08,,,da563bf47022487eba13
NMAX,NYSE,"Newsmax, Inc. Class B Common Stock",Stock,True,2026-05-08,,,d6f75e95c0e53fbbe032
NMCO,NYSE,Nuveen Municipal Credit Opportunities Fund Common Shares,Stock,True,2026-05-08,,,e1639731530faf41ec51
NMG,NYSE,Nouveau Monde Graphite Inc. Common Shares,Stock,True,2026-05-08,,,702934985ead708445ca
NMI,NYSE,"Nuveen Municipal Income Fund, Inc. Common Stock",Stock,True,2026-05-08,,,eada02b5fc0b9f15991c
NMM,NYSE,Navios Maritime Partners LP Common Units Representing Limited Partner Interests,Stock,True,2026-05-08,,,914fc77af5b5f49b19b7
NMR,NYSE,Nomura Holdings Inc ADR American Depositary Shares,Stock,True,2026-05-08,,,89488319ffec261f32c5
NMS,NYSE,Nuveen Minnesota Quality Municipal Income Fund,Stock,True,2026-05-08,,,eade51595e684443e6ae
NMT,NYSE,Nuveen Massachusetts Quality Municipal Income Fund Common Stock,Stock,True,2026-05-08,,,85edda166cb0625498ca
NMZ,NYSE,"Nuveen Municipal High Income Opportunity Fund Common Stock, $0.01 par value, per share",Stock,True,2026-05-08,,,f337d2222b36a7bb10c3
NNI,NYSE,"Nelnet, Inc. Common Stock",Stock,True,2026-05-08,,,26332e2082abfe9d6197
NNN,NYSE,"NNN REIT, Inc. Common Stock",Stock,True,2026-05-08,,,ebec58bb5b8efc9b6fff
NNY,NYSE,Nuveen New York Municipal Value Fund Common Stock,Stock,True,2026-05-08,,,c49d71f80ee8650c5b2c
NOA,NYSE,North American Construction Group Ltd. Common Shares (no par),Stock,True,2026-05-08,,,9221cba938043ed172cf
NOAH,NYSE,Noah Holdings Limited American Depositary Shares,Stock,True,2026-05-08,,,7c632785f4348531cc7b
NOC,NYSE,Northrop Grumman Corporation Common Stock,Stock,True,2026-05-08,,,b64df1051676a9082729
NOG,NYSE,"Northern Oil and Gas, Inc. Common Stock",Stock,True,2026-05-08,,,35d3ca3047fc91144e50
NOK,NYSE,Nokia Corporation Sponsored American Depositary Shares,Stock,True,2026-05-08,,,5957bad16ef0ef8c3f89
NOMD,NYSE,Nomad Foods Limited Ordinary Shares,Stock,True,2026-05-08,,,a4d3f3072956fa658d8d
NOV,NYSE,NOV Inc. Common Stock,Stock,True,2026-05-08,,,626a94439ab8178b8511
NOW,NYSE,"ServiceNow, Inc. Common Stock",Stock,True,2026-05-08,,,cba216aff31c4bdc3771
NP,NYSE,Neptune Insurance Holdings Inc. Class A Common Stock,Stock,True,2026-05-08,,,e8d5ec79086ef294c7cf
NPB,NYSE,"Northpointe Bancshares, Inc. Common Stock",Stock,True,2026-05-08,,,9c499b1b59cc6bac9f2b
NPCT,NYSE,Nuveen Core Plus Impact Fund Common Shares of Beneficial Interest,Stock,True,2026-05-08,,,912e447a88eac0dde955
NPFD,NYSE,Nuveen Variable Rate Preferred & Income Fund Common Shares,Stock,True,2026-05-08,,,9e2414414bbf83166061
NPK,NYSE,"National Presto Industries, Inc. Common Stock",Stock,True,2026-05-08,,,66138081c91b7b339784
NPKI,NYSE,NPK International Inc. Common Stock,Stock,True,2026-05-08,,,fe2b9fb7608f74ddc4fa
NPO,NYSE,Enpro Inc. Common Stock,Stock,True,2026-05-08,,,47741c6705389080bf6d
NPV,NYSE,Nuveen Virginia Quality Municipal Income Fund Common Stock,Stock,True,2026-05-08,,,5fda1ba54422f2a364ee
NPWR,NYSE,NET Power Inc. Class A Common Stock,Stock,True,2026-05-08,,,52b366eac27278249328
NPWR.W,NYSE,"NET Power Inc. Redeemable warrants, each whole warrant exercisable for one share of Class A Common Stock at an exercise price of $11.50",Stock,True,2026-05-08,,,96112be92aea89e468fb
NRDY,NYSE,Nerdy Inc. Class A Common Stock,Stock,True,2026-05-08,,,98a95b037c771e767977
NREF,NYSE,"NexPoint Real Estate Finance, Inc. Common Stock",Stock,True,2026-05-08,,,f6cd378ba7a4a86345ca
NREF$A,NYSE,"NexPoint Real Estate Finance, Inc. 8.50% Series A Cumulative Redeemable Preferred Stock",Stock,True,2026-05-08,,,e596e68d5246523118fd
NRG,NYSE,"NRG Energy, Inc. Common Stock",Stock,True,2026-05-08,,,f96d9fae04d9ddc89a20
NRGV,NYSE,"Energy Vault Holdings, Inc. Common Stock",Stock,True,2026-05-08,,,65fc22d3a425b8b4bc49
NRK,NYSE,Nuveen New York AMT-Free Quality Municipal Income Fund,Stock,True,2026-05-08,,,aec0f75452ce247e7cda
NRP,NYSE,Natural Resource Partners LP Limited Partnership,Stock,True,2026-05-08,,,299c7d8c25c79c4cc741
NRT,NYSE,North European Oil Royality Trust Common Stock,Stock,True,2026-05-08,,,f13f13237f28eb3d6066
NRUC,NYSE,National Rural Utilities Cooperative Finance Corporation 5.500% Subordinated Notes due 2064 (Subordinated Deferrable Interest Notes),Stock,True,2026-05-08,,,81a6efaf5fa469f1d637
NSA,NYSE,National Storage Affiliates Trust Common Shares of Beneficial Interest,Stock,False,2026-05-08,2026-07-22,Missing from current NYSE source snapshot; reason unavailable,8ef7a26ecafbcded973a
NSA$A,NYSE,National Storage Affiliates Trust 6.000% Series A Cumulative Redeemable Preferred Shares of Beneficial Interest (Liquidation Preference $25.00 per share),Stock,False,2026-05-08,2026-07-22,Missing from current NYSE source snapshot; reason unavailable,d30ced9bcf74afdd3942
NSA$B,NYSE,National Storage Affiliates Trust 6.000% Series B Cumulative Redeemable Preferred Shares of Beneficial Interest,Stock,False,2026-05-08,2026-07-22,Missing from current NYSE source snapshot; reason unavailable,e772cde40c1265dbcd18
NSC,NYSE,Norfolk Southern Corporation Common Stock,Stock,True,2026-05-08,,,53695ba6752252bbfa09
NSP,NYSE,"Insperity, Inc. Common Stock",Stock,True,2026-05-08,,,eab60e1bc1ef797c5ee2
NTB,NYSE,Bank of N.T. Butterfield & Son Limited (The) Voting Ordinary Shares,Stock,True,2026-05-08,,,30d6159fcc124ea529d8
NTEST,NYSE,NYSE Tick Pilot Test Sym-Control,Stock,True,2026-05-08,,,70b5cf5484c570e20ac8
NTEST.A,NYSE,NYSE Tick Pilot Test Sym-G1,Stock,True,2026-05-08,,,6c31a53dca40a7e1ecfe
NTEST.B,NYSE,NYSE Tick Pilot Test Sym-G2,Stock,True,2026-05-08,,,c83985caf91d663619cd
NTEST.C,NYSE,Tick Pilot Test C Common Stock,Stock,True,2026-05-08,,,ed1729d5fae0b969c906
NTR,NYSE,Nutrien Ltd. Common Shares,Stock,True,2026-05-08,,,01187b58201aa1a5a671
NTST,NYSE,NetSTREIT Corp. Common Stock,Stock,True,2026-05-08,,,60b7c9149d945cd3d5ce
NTZ,NYSE,"Natuzzi, S.p.A.",Stock,True,2026-05-08,,,8801543f7337b71a7b82
NU,NYSE,Nu Holdings Ltd. Class A Ordinary Shares,Stock,True,2026-05-08,,,d2d7675f342116610993
NUE,NYSE,Nucor Corporation Common Stock,Stock,True,2026-05-08,,,0af97019b2cec11d5428
NUS,NYSE,"Nu Skin Enterprises, Inc. Common Stock",Stock,True,2026-05-08,,,287760960d0caab764e2
NUV,NYSE,"Nuveen Municipal Value Fund, Inc. Common Stock",Stock,True,2026-05-08,,,e9986fd1f61de51de927
NUVB,NYSE,Nuvation Bio Inc. Class A Common Stock,Stock,True,2026-05-08,,,84b58858585580a22d11
NUW,NYSE,Nuveen AMT-Free Municipal Value Fund,Stock,True,2026-05-08,,,235c20ac93e866e1bf3d
NVG,NYSE,Nuveen AMT-Free Municipal Credit Income Fund,Stock,True,2026-05-08,,,39d5af8cebf61fc0565a
NVGS,NYSE,Navigator Holdings Ltd. Ordinary Shares (Marshall Islands),Stock,True,2026-05-08,,,30c7060084443cf93a6a
NVO,NYSE,Novo Nordisk A/S Common Stock,Stock,True,2026-05-08,,,b273bd1be9776d6d5725
NVR,NYSE,"NVR, Inc. Common Stock",Stock,True,2026-05-08,,,72baa1c23bae6243c2b2
NVRI,NYSE,Enviri Corporation Common Stock,Stock,False,2026-05-08,2026-06-01,Missing from current NYSE source snapshot; reason unavailable,d20cb5db864935486c4e
NVRI,NYSE,Enviri Corporation Common Stock,Stock,True,2026-06-02,,,d20cb5db864935486c4e
NVRI.V,NYSE,Enviri Corporation Common Stock When-Issued,Stock,False,2026-05-27,2026-06-02,Missing from current NYSE source snapshot; reason unavailable,aaa23b7dbcc35c12d113
NVS,NYSE,Novartis AG Common Stock,Stock,True,2026-05-08,,,947cf5e0deb3934b3a67
NVST,NYSE,Envista Holdings Corporation Common Stock,Stock,True,2026-05-08,,,5b836671a156cce6ee28
NVT,NYSE,nVent Electric plc Ordinary Shares,Stock,True,2026-05-08,,,46d3d0de134055349902
NWAX,NYSE,New America Acquisition I Corp. Class A Common Stock,Stock,True,2026-05-08,,,d294543757633d403b58
NWAX.U,NYSE,"New America Acquisition I Corp. Units, each consisting of one share of Class A Common Stock and one-half of one redeemable warrant",Stock,True,2026-05-08,,,2f91afba846c2c4bf86f
NWAX.W,NYSE,"New America Acquisition I Corp. Warrants, each whole warrant is exercisable to purchase one share of Class A common stock",Stock,True,2026-05-08,,,537e2ba335d9852ce515
NWG,NYSE,"NatWest Group plc American Depositary Shares, (each representing two (2) Ordinary Shares)",Stock,True,2026-05-08,,,20fe7877b8e22a43de2d
NWN,NYSE,Northwest Natural Holding Company Common Stock,Stock,True,2026-05-08,,,12741bb63318b9b59b32
NX,NYSE,Quanex Building Products Corporation Common Stock,Stock,True,2026-05-08,,,f594e1673950a89b3e87
NXDR,NYSE,"Nextdoor Holdings, Inc. Class A Common Stock",Stock,True,2026-05-08,,,51bdcef499292cbc0af0
NXDT,NYSE,NexPoint Diversified Real Estate Trust Common Stock,Stock,True,2026-05-08,,,c5187225951aaa29dc74
NXDT$A,NYSE,NexPoint Diversified Real Estate Trust 5.50% Series A Cumulative Preferred Shares ($25.00 liquidation preference per share),Stock,True,2026-05-08,,,17b1b85904541b42020c
NXE,NYSE,Nexgen Energy Ltd. Common Shares,Stock,True,2026-05-08,,,f241bd7231d82edcdd18
NXG,NYSE,NXG NextGen Infrastructure Income Fund Common Shares of Beneficial Interest,Stock,True,2026-05-08,,,f0572e854cfbce6a6f8b
NXP,NYSE,Nuveen Select Tax Free Income Portfolio Common Stock,Stock,True,2026-05-08,,,7eb1ae61b3977166fbd0
NXRT,NYSE,"NexPoint Residential Trust, Inc. Common Stock",Stock,True,2026-05-08,,,3a5672fb108fd6745b55
NYC,NYSE,American Strategic Investment Co. Class A Common Stock,Stock,True,2026-05-08,,,c17933feb9d512280d60
NYT,NYSE,New York Times Company (The) Common Stock,Stock,True,2026-05-08,,,9e4c9ed9110f99c22798
NZF,NYSE,Nuveen Municipal Credit Income Fund,Stock,True,2026-05-08,,,e5c84a30962628d8c9a9
O,NYSE,Realty Income Corporation Common Stock,Stock,True,2026-05-08,,,c558c1a626afc3932484
OAK$A,NYSE,"Brookfield Oaktree Holdings, LLC 6.625% Series A Preferred Units",Stock,True,2026-05-08,,,cd15759ca457d67a96fa
OAK$B,NYSE,"Brookfield Oaktree Holdings, LLC 6.550% Series B Preferred Units",Stock,True,2026-05-08,,,f722bfe020f7bbb62a48
OBDC,NYSE,Blue Owl Capital Corporation Common Stock,Stock,True,2026-05-08,,,3502d5bd3b09df19356d
OBK,NYSE,"Origin Bancorp, Inc. Common Stock",Stock,True,2026-05-08,,,e68786cc7604cd7f0235
OC,NYSE,Owens Corning Inc Common Stock New,Stock,True,2026-05-08,,,edcf63cf04d1be12cbad
OCAC.U,NYSE,"Ocean Capital Acquisition Corporation Units, each consisting of one Class A Ordinary Share, one redeemable Warrant and one Right",Stock,True,2026-06-09,,,9e17bcb3ca06f9f7118a
ODC,NYSE,Oil-Dri Corporation Of America Common Stock,Stock,True,2026-05-08,,,1537deff5c2971d47cb0
ODV,NYSE,Osisko Development Corp. Common Shares,Stock,False,2026-05-08,2026-07-20,Missing from current NYSE source snapshot; reason unavailable,d73401c8c25eb49ec561
OEC,NYSE,Orion S.A. Common Shares,Stock,True,2026-05-08,,,d9e3cb065276749214ce
OFG,NYSE,OFG Bancorp Common Stock,Stock,True,2026-05-08,,,91202ba4b8865f511d5d
OFRM,NYSE,"Once Upon a Farm, PBC Common Stock",Stock,True,2026-05-08,,,1a3c99732952894898d1
OGC,NYSE,OceanaGold Corporation Common Shares,Stock,True,2026-05-08,,,d50a3b496dc059d2867a
OGE,NYSE,OGE Energy Corp Common Stock,Stock,True,2026-05-08,,,4803c6c3ae1ff24dccf7
OGG,NYSE,Osisko Gold Group Inc. Common Shares,Stock,True,2026-07-20,,,e2403ccd4aa43bc1f25f
OGN,NYSE,Organon & Co. Common Stock,Stock,True,2026-05-08,,,e586de16cb7548303a21
OGS,NYSE,"ONE Gas, Inc. Common Stock",Stock,True,2026-05-08,,,8509d95f5e2a65761107
OHI,NYSE,"Omega Healthcare Investors, Inc. Common Stock",Stock,True,2026-05-08,,,2f4b27bafa8946c29f98
OI,NYSE,"O-I Glass, Inc. Common Stock",Stock,True,2026-05-08,,,420bc2bbd51bf7015cbe
OIA,NYSE,Invesco Municipal Income Opportunities Trust Common Stock,Stock,True,2026-05-08,,,9e8e498b0fccc13af720
OII,NYSE,"Oceaneering International, Inc. Common Stock",Stock,True,2026-05-08,,,f7ea304a1d250918098a
OIS,NYSE,"Oil States International, Inc. Common Stock",Stock,True,2026-05-08,,,3dc5346d83bed037bb52
OKE,NYSE,"ONEOK, Inc. Common Stock",Stock,True,2026-05-08,,,9f283622e7dd5852746f
OKLO,NYSE,Oklo Inc. Class A common stock,Stock,True,2026-05-08,,,7daeb368fa7ee43c981e
OLN,NYSE,Olin Corporation Common Stock,Stock,True,2026-05-08,,,e723f5b4d563626c407a
OLP,NYSE,"One Liberty Properties, Inc. Common Stock",Stock,True,2026-05-08,,,f3bb9b34863342a09b40
OMC,NYSE,Omnicom Group Inc. Common Stock,Stock,True,2026-05-08,,,12db055e13f486ff71e6
OMF,NYSE,"OneMain Holdings, Inc. Common Stock",Stock,True,2026-05-08,,,8b94eaf94c50cf32e653
ONIT,NYSE,Onity Group Inc. Common Stock,Stock,True,2026-05-08,,,91fd1186ad1301b639af
ONL,NYSE,Orion Properties Inc. Common Stock,Stock,True,2026-05-08,,,eea9c6c67cb4c8cab4b1
ONON,NYSE,On Holding AG Class A Ordinary Shares,Stock,True,2026-05-08,,,fb61c29b2ead14d4cb6a
ONT,NYSE,"Onterris, Inc. Common Stock",Stock,True,2026-05-08,,,99b54b301a9a9d96dc59
ONTO,NYSE,Onto Innovation Inc. Common Stock,Stock,True,2026-05-08,,,7c5e107f4803fef0428f
OOMA,NYSE,"Ooma, Inc. Common Stock",Stock,True,2026-05-08,,,78137a645f08898a43b6
OPAD,NYSE,Offerpad Solutions Inc. Class A Common Stock,Stock,True,2026-05-08,,,eceed3268529ee29dba2
OPFI,NYSE,OppFi Inc. Class A Common Stock,Stock,True,2026-05-08,,,590d520007ca0a55debe
OPFI.W,NYSE,OppFi Inc. Warrants,Stock,False,2026-05-08,2026-07-20,Missing from current NYSE source snapshot; reason unavailable,ed670fa534fc0008be02
OPLN,NYSE,"OPENLANE, Inc. Common Stock",Stock,True,2026-05-08,,,49369d6680e7cc6a6627
OPP,NYSE,"RiverNorth/DoubleLine Strategic Opportunity Fund, Inc. Common Stock",Stock,True,2026-05-08,,,50463e31238d10d95b6a
OPP$A,NYSE,"RiverNorth/DoubleLine Strategic Opportunity Fund, Inc. 4.375% Series A Cumulative Preferred Stock",Stock,True,2026-05-08,,,154f71c67470ec4ddcb6
OPP$B,NYSE,"RiverNorth/DoubleLine Strategic Opportunity Fund, Inc. 4.75% Series B Cumulative Preferred Stock",Stock,True,2026-05-08,,,ed4b3a733f433f9a812f
OPTU,NYSE,"Optimum Communications, Inc. Class A common stock",Stock,True,2026-05-08,,,fb56ad0849205ca71d5a
OPY,NYSE,"Oppenheimer Holdings, Inc. Class A Common Stock (DE)",Stock,True,2026-05-08,,,8daacd061b9596bb9c05
OR,NYSE,OR Royalties Inc. Common Shares,Stock,True,2026-05-08,,,66d9c482591c9415b96b
ORA,NYSE,"Ormat Technologies, Inc. Common Stock",Stock,True,2026-05-08,,,b1114b34ae9d1ffbdc89
ORC,NYSE,"Orchid Island Capital, Inc. Common Stock",Stock,True,2026-05-08,,,c8ace01bfef2e82be3ed
ORCL,NYSE,Oracle Corporation Common Stock,Stock,True,2026-05-08,,,c7cfce990c2a24d4c911
ORCL$D,NYSE,"Oracle Corporation Depositary Shares, each representing a 1/2,000th interest in a sh of 6.50% Series D Mandatory Convertible Preferred Stock",Stock,True,2026-05-08,,,134ddc2e434c18276798
ORI,NYSE,Old Republic International Corporation Common Stock,Stock,True,2026-05-08,,,cff0443638ca6cde53a0
ORN,NYSE,"Orion Group Holdings, Inc. Common",Stock,True,2026-05-08,,,11416f68a25666a7a984
OSCR,NYSE,"Oscar Health, Inc. Class A Common Stock",Stock,True,2026-05-08,,,b49b3880248c5a9cbcfc
OSG,NYSE,"Octave Specialty Group, Inc. Common Stock",Stock,True,2026-05-08,,,d973a71b59d508af6c46
OSK,NYSE,Oshkosh Corporation (Holding Company)Common Stock,Stock,True,2026-05-08,,,b7bad5ccefc03963c6ea
OTAI,NYSE,Starlink AI Acquisition Corporation Ordinary Shares,Stock,True,2026-06-29,,,2a3de3d7b21d8f564c17
OTAI.R,NYSE,"Starlink AI Acquisition Corporation Rights, each entitling the holder to receive one-fourth (1/4) of one ordinary share",Stock,True,2026-06-29,,,93f720454fb86fa379b0
OTAI.U,NYSE,"Starlink AI Acquisition Corporation Units, each consisting of one Ordinary Share, and one Right to receive one-fourth (1/4) of one ordinary share",Stock,True,2026-05-08,,,ac3f101fd0945874d1f9
OTF,NYSE,Blue Owl Technology Finance Corp. Common Stock,Stock,True,2026-05-08,,,fb6e6963388f4ffd09d3
OTIS,NYSE,Otis Worldwide Corporation Common Stock,Stock,True,2026-05-08,,,a6ff271437512162ae08
OUT,NYSE,OUTFRONT Media Inc. Common Stock,Stock,True,2026-05-08,,,73302143f768db34dccc
OVV,NYSE,Ovintiv Inc. (DE),Stock,True,2026-05-08,,,4e0f49bf97e3345edb74
OWL,NYSE,Blue Owl Capital Inc. Class A Common Stock,Stock,True,2026-05-08,,,4873b2e09a0023598dca
OWLT,NYSE,"Owlet, Inc. Class A Common Stock",Stock,True,2026-05-08,,,b9577823c22a8d13b7db
OXM,NYSE,"Oxford Industries, Inc. Common Stock",Stock,True,2026-05-08,,,766aca9e57ec912c7948
OXY,NYSE,Occidental Petroleum Corporation Common Stock,Stock,True,2026-05-08,,,8c2a723b09c51b57bfe3
OXY.W,NYSE,Occidental Petroleum Corporation Warrants,Stock,True,2026-05-08,,,1a462161f287d8dc53f9
P,NYSE,"Everpure, Inc. Class A common stock",Stock,True,2026-05-08,,,c2b2b140ae956f53dccf
PAAS,NYSE,Pan American Silver Corp. Common Stock,Stock,True,2026-05-08,,,9ce5d25cf8e372c2978d
PAC,NYSE,"Grupo Aeroportuario Del Pacifico, S.A. B. de C.V. Grupo Aeroportuario Del Pacifico, S.A. de C.V. (each representing 10 Series B shares)",Stock,True,2026-05-08,,,831cafacf82408ac997e
PACK,NYSE,Ranpak Holdings Corp Class A Common Stock,Stock,True,2026-05-08,,,7674e0d2cbcb807cf243
PACS,NYSE,"PACS Group, Inc. Common Stock",Stock,True,2026-05-08,,,309114d2d6825f2c8a93
PAG,NYSE,"Penske Automotive Group, Inc. Common Stock",Stock,True,2026-05-08,,,5150de2c36bb971169a6
PAGS,NYSE,PagSeguro Digital Ltd. Class A Common Shares,Stock,True,2026-05-08,,,81e7234ab178ced61fea
PAI,NYSE,Western Asset Investment Grade Income Fund Inc.,Stock,True,2026-05-08,,,f1dac5261057c8ff9099
PAII,NYSE,Pyrophyte Acquisition Corp. II Class A Ordinary Shares,Stock,True,2026-05-08,,,13fceb9c0a706af48da6
PAII.U,NYSE,"Pyrophyte Acquisition Corp. II Units, each consisting of one Class A ordinary share and one-half of one redeemable warrant",Stock,True,2026-05-08,,,6dfab0d3ff830047c191
PAII.W,NYSE,"Pyrophyte Acquisition Corp. II Warrants, each whole warrant exercisable for one Class A Ordinary Share at an exercise price of $11.50 per share",Stock,True,2026-05-08,,,0f810b5983e0307f8b3a
PAM,NYSE,Pampa Energia S.A.,Stock,True,2026-05-08,,,2a9308eb793af79e7fdb
PAR,NYSE,PAR Technology Corporation Common Stock,Stock,True,2026-05-08,,,35325edec2af3c431c6d
PARR,NYSE,"Par Pacific Holdings, Inc. Common Stock",Stock,True,2026-05-08,,,4470d5b066b4f8b856ef
PATH,NYSE,"UiPath, Inc. Class A Common Stock",Stock,True,2026-05-08,,,e299dc035ce35b2c95e0
PAXS,NYSE,PIMCO Access Income Fund Common Shares of Beneficial Interest,Stock,True,2026-05-08,,,5eb66bb9ecbe7c2d6eca
PAY,NYSE,"Paymentus Holdings, Inc. Class A Common Stock",Stock,True,2026-05-08,,,df5f69fdc2b281d5495e
PAYC,NYSE,"Paycom Software, Inc. Common Stock",Stock,True,2026-05-08,,,26ec1b5cb2ac535077ab
PB,NYSE,"Prosperity Bancshares, Inc. Common Stock",Stock,True,2026-05-08,,,b0823137f30bf05be3bd
PBA,NYSE,Pembina Pipeline Corp. Ordinary Shares (Canada),Stock,True,2026-05-08,,,12bb80be4a280a3d9a9e
PBF,NYSE,PBF Energy Inc. Class A Common Stock,Stock,True,2026-05-08,,,b071628e6b18bc6c4944
PBH,NYSE,Prestige Consumer Healthcare Inc. Common Stock,Stock,True,2026-05-08,,,b96956a2bb86ee06f39a
PBI,NYSE,Pitney Bowes Inc. Common Stock,Stock,True,2026-05-08,,,480a0883fbf980169101
PBI$B,NYSE,Pitney Bowes Inc 6.70% Notes Due 2043,Stock,True,2026-05-08,,,afef4fb99a2314f01fa0
PBR,NYSE,Petroleo Brasileiro S.A. Petrobras ADS,Stock,True,2026-05-08,,,9cb5782cfcb2bcbdc770
PBR.A,NYSE,Petroleo Brasileiro S.A. Petrobras American Depositary Shares representing Preferred Shares,Stock,True,2026-05-08,,,84459aacdaabc9da40f0
PBT,NYSE,Permian Basin Royalty Trust Common Stock,Stock,True,2026-05-08,,,da3488beaf3b1f6eb31d
PCF,NYSE,High Income Securities Fund Common Stock,Stock,True,2026-05-08,,,a6aee6111dee9f6d1f6a
PCG,NYSE,Pacific Gas & Electric Co. Common Stock,Stock,True,2026-05-08,,,38f4ec39ae5a759dbdc4
PCG$X,NYSE,PG&E Corp 6.000% Series A Mandatory Convertible Preferred Stock,Stock,True,2026-05-08,,,30d6416774ef4f2fdeb4
PCM,NYSE,"PCM Fund, Inc. Common Stock",Stock,True,2026-05-08,,,e5fa8580fc417f81e64f
PCN,NYSE,Pimco Corporate & Income Strategy Fund Common Stock,Stock,True,2026-05-08,,,9f4402e13e988c8bbff4
PCOR,NYSE,"Procore Technologies, Inc. Common Stock",Stock,True,2026-05-08,,,3e8278f86c0f804f6c45
PCQ,NYSE,PIMCO California Municipal Income Fund Common Stock,Stock,True,2026-05-08,,,4d44d3be56e10bbe85b1
PD,NYSE,"PagerDuty, Inc. Common Stock",Stock,True,2026-05-08,,,bd70c818965aa28f899d
PDCC,NYSE,Pearl Diver Credit Company Inc. Common Stock,Stock,True,2026-05-08,,,577d95466f694145197a
PDI,NYSE,PIMCO Dynamic Income Fund Common Stock,Stock,True,2026-05-08,,,b7daf69f5b0bfe43e47d
PDM,NYSE,"Piedmont Realty Trust, Inc. Class A Common Stock",Stock,True,2026-05-08,,,dcd8f78970eecf313c59
PDO,NYSE,PIMCO Dynamic Income Opportunities Fund Common Shares of Beneficial Interest,Stock,True,2026-05-08,,,e08cdea4faf8dfdfaacf
PDPA,NYSE,Pearl Diver Credit Company Inc. 8.00% Series A Preferred Stock Due 2029,Stock,True,2026-05-08,,,93733cfe95fabb6dfcbf
PDS,NYSE,Precision Drilling Corporation Common Stock,Stock,True,2026-05-08,,,b5331aff30b832f0aee7
PDT,NYSE,John Hancock Premium Dividend Fund,Stock,True,2026-05-08,,,dff937821696a97b9003
PDX,NYSE,PIMCO Dynamic Income Strategy Fund Common Shares of Beneficial Interest,Stock,True,2026-05-08,,,5ba41289cb7bfca6f086
PEB,NYSE,Pebblebrook Hotel Trust Common Shares of Beneficial Interest,Stock,True,2026-05-08,,,124a17dd419bd4e1f7d8
PEB$E,NYSE,Pebblebrook Hotel Trust 6.375% Series E Cumulative Redeemable Preferred Shares of Beneficial Interest,Stock,True,2026-05-08,,,6adf36c389fd2a842f4a
PEB$F,NYSE,Pebblebrook Hotel Trust 6.3% Series F Cumulative Redeemable Preferred Shares of Beneficial Interest,Stock,True,2026-05-08,,,b88481bb22433bdd83c4
PEB$G,NYSE,Pebblebrook Hotel Trust 6.375% Series G Cumulative Redeemable Preferred Shares of Beneficial Interest,Stock,True,2026-05-08,,,bde9333e79d083529e5f
PEB$H,NYSE,Pebblebrook Hotel Trust 5.700% Series H Cumulative Redeemable Preferred Shares of Beneficial Interest,Stock,True,2026-05-08,,,bd6f7239a8b1b492b3e2
PEG,NYSE,Public Service Enterprise Group Incorporated Common Stock,Stock,True,2026-05-08,,,7aafc91ea9942425064e
PEN,NYSE,"Penumbra, Inc. Common Stock",Stock,True,2026-05-08,,,156232cdf99c4e7530aa
PEO,NYSE,"Adams Natural Resources Fund, Inc. Common Stock",Stock,True,2026-05-08,,,32bc90e1fb539a22f30b
PERF,NYSE,Perfect Corp. Class A Ordinary Share,Stock,True,2026-05-08,,,0c1d82e7cc9704fc207c
PEW,NYSE,GrabAGun Digital Holdings Inc. Common Stock,Stock,True,2026-05-08,,,51dc682cb0e6490c6ff7
PEW.W,NYSE,"GrabAGun Digital Holdings Inc. Warrants, each whole warrant exercisable to purchase one share of Common Stock at an exercise price of $11.50 per share",Stock,True,2026-05-08,,,750e0ce1039e80f52d04
PFD,NYSE,Flaherty & Crumrine Preferred and Income Fund Incorporated,Stock,True,2026-05-08,,,857e5f49bf75171490eb
PFE,NYSE,"Pfizer, Inc. Common Stock",Stock,True,2026-05-08,,,7143ac3662a997a337f9
PFGC,NYSE,Performance Food Group Company Common Stock,Stock,True,2026-05-08,,,6b107fee788abc65e72b
PFH,NYSE,"Prudential Financial, Inc. 4.125% Junior Subordinated Notes due 2060",Stock,True,2026-05-08,,,82640fdad4ec2e1d565a
PFL,NYSE,PIMCO Income Strategy Fund Shares of Beneficial Interest,Stock,True,2026-05-08,,,bda27f6f953861262e7c
PFLA,NYSE,PennantPark Floating Rate Capital Ltd. 7.375% Notes Due 2031,Stock,True,2026-06-03,,,8078e3f3ad41321951ed
PFLT,NYSE,PennantPark Floating Rate Capital Ltd. Common Stock,Stock,True,2026-05-08,,,0bd5c63fe84a601b3d9a
PFN,NYSE,PIMCO Income Strategy Fund II,Stock,True,2026-05-08,,,607981cf6c38e11125d0
PFO,NYSE,Flaherty & Crumrine Preferred and Income Opportunity Fund Incorporated,Stock,True,2026-05-08,,,d57882e5b963a59fc30b
PFS,NYSE,"Provident Financial Services, Inc Common Stock",Stock,True,2026-05-08,,,5584af0e342a5ef7fee5
PFSI,NYSE,"PennyMac Financial Services, Inc. Common Stock",Stock,True,2026-05-08,,,7500fab23a70024ee291
PG,NYSE,Procter & Gamble Company (The) Common Stock,Stock,True,2026-05-08,,,4739f25105bb1c11abf1
PGP,NYSE,Pimco Global StocksPlus & Income Fund Common Shares of Beneficial Interest,Stock,True,2026-05-08,,,002df8bfc567e8c7a4ee
PGR,NYSE,Progressive Corporation (The) Common Stock,Stock,True,2026-05-08,,,0b3f5875efea9891c4e5
PGZ,NYSE,Principal Real Estate Income Fund Common Shares of Beneficial Interest,Stock,True,2026-05-08,,,b12282b79270e25777d4
PH,NYSE,Parker-Hannifin Corporation Common Stock,Stock,True,2026-05-08,,,81fd642fd7dda65aa0de
PHG,NYSE,Koninklijke Philips N.V. NY Registry Shares,Stock,True,2026-05-08,,,dcca89c9a451ab2019aa
PHI,NYSE,PLDT Inc. Sponsored ADR,Stock,True,2026-05-08,,,b065f916e2bb721e8b0a
PHIN,NYSE,PHINIA Inc. Common Stock,Stock,True,2026-05-08,,,874f2d3cb6dadf8016a9
PHK,NYSE,Pimco High Income Fund,Stock,True,2026-05-08,,,f3623a233ead0720bc35
PHM,NYSE,"PulteGroup, Inc. Common Stock",Stock,True,2026-05-08,,,3e43a23070588c29e20b
PHR,NYSE,"Phreesia, Inc. Common Stock",Stock,True,2026-05-08,,,72bd98ecd981a5d334f6
PII,NYSE,Polaris Inc. Common Stock,Stock,True,2026-05-08,,,ac5a44b17273bb0d2b79
PIM,NYSE,Putnam Master Intermediate Income Trust Common Stock,Stock,False,2026-05-08,2026-07-15,Listing metadata changed,46f4e1285b1bac88a742
PIM,NYSE,Franklin Master Intermediate Income Trust Shares of Beneficial Interest,Stock,True,2026-07-15,,,8b4f246fc5a0c9e34a1c
PINE,NYSE,"Alpine Income Property Trust, Inc. Common Stock",Stock,True,2026-05-08,,,610373041866b3e6f4f4
PINE$A,NYSE,"Alpine Income Property Trust, Inc. 8.00% Series A Cumulative Redeemable Preferred Stock",Stock,True,2026-05-08,,,fd392935d65b91c54ae9
PINS,NYSE,"Pinterest, Inc. Class A Common Stock",Stock,True,2026-05-08,,,0afffc8ef4a449d145a7
PIPR,NYSE,Piper Sandler Companies Common Stock,Stock,True,2026-05-08,,,3f5e3e6cd1c506617d00
PJT,NYSE,PJT Partners Inc. Class A Common Stock,Stock,True,2026-05-08,,,9d1f5380d641ab4581c1
PK,NYSE,Park Hotels & Resorts Inc. Common Stock,Stock,True,2026-05-08,,,4f465afd75b625f637c2
PKE,NYSE,Park Aerospace Corp. Common Stock,Stock,True,2026-05-08,,,fda0d43c4105e4c85d30
PKG,NYSE,Packaging Corporation of America Common Stock,Stock,True,2026-05-08,,,37f874bafa13cb547df6
PKX,NYSE,POSCO HOLDINGS INC. American Depositary Shares (Each representing 1/4th of a share of Common Stock),Stock,True,2026-05-08,,,45df7b7edb1c7d8c6f90
PL,NYSE,Planet Labs PBC Class A Common Stock,Stock,True,2026-05-08,,,191d61617ebe5e4693cd
PLD,NYSE,"Prologis, Inc. Common Stock",Stock,True,2026-05-08,,,e664dbed778e0d0bd9a3
PLGO,NYSE,Pelagos Insurance Capital Limited Common Shares,Stock,True,2026-05-12,,,e703b3caefdf1a08f124
PLNT,NYSE,"Planet Fitness, Inc. Common Stock",Stock,True,2026-05-08,,,f4e9205b1ac3ec174a4d
PLOW,NYSE,"Douglas Dynamics, Inc. Common Stock",Stock,True,2026-05-08,,,fd3530c7884d204e1fa4
PLUN,NYSE,Plutonian Acquisition Corp II Class A Ordinary Shares,Stock,True,2026-06-18,,,9f7cf9497aa0501f7a3c
PLUN.R,NYSE,"Plutonian Acquisition Corp II Rights, each entitling the holder to receive one-fourth of one Class A Ordinary Share",Stock,True,2026-06-18,,,6f0836070a0bebdf52a7
PLUN.U,NYSE,"Plutonian Acquisition Corp II Units, each consisting of one Class A Ordinary Share and one right entitling the holder to one-fourth of one Class A Ordinary Share",Stock,True,2026-05-08,,,4e0e1da88bfa1ca3c8e0
PM,NYSE,Philip Morris International Inc Common Stock,Stock,True,2026-05-08,,,b63862b146681906f373
PML,NYSE,Pimco Municipal Income Fund II Common Shares of Beneficial Interest,Stock,True,2026-05-08,,,50d262699b022f94a9a4
PMM,NYSE,Putnam Managed Municipal Income Trust Common Stock,Stock,False,2026-05-08,2026-07-15,Listing metadata changed,b9bd4b00e91ce75505b2
PMM,NYSE,Franklin Managed Municipal Income Trust Shares of Beneficial Interest,Stock,True,2026-07-15,,,80d804b7536d59df7b62
PMMF,NYSE,iShares Prime Money Market ETF,ETF,True,2026-05-08,,,4106e16ada1ae8ffb47a
PMO,NYSE,Putnam Municipal Opportunities Trust Common Stock,Stock,False,2026-05-08,2026-07-15,Listing metadata changed,5d55e4c7af5118bb1db6
PMO,NYSE,Franklin Municipal Opportunities Trust Shares of Beneficial Interest,Stock,True,2026-07-15,,,05c2eee5e97f2756576c
PMT,NYSE,PennyMac Mortgage Investment Trust Common Shares of Beneficial Interest,Stock,True,2026-05-08,,,63e0a0cbeb71da357360
PMT$A,NYSE,PennyMac Mortgage Investment Trust 8.125% Series A Fixed-to-Floating Rate Cumulative Redeemable Preferred Shares of Beneficial Interest,Stock,True,2026-05-08,,,8f45694d3d29ee7c50b1
PMT$B,NYSE,PennyMac Mortgage Investment Trust 8.00% Series B Fixed-to-Floating Rate Cumulative Redeemable Preferred Shares of Beneficial Interest,Stock,True,2026-05-08,,,195703c2846c69854b1f
PMT$C,NYSE,PennyMac Mortgage Investment Trust 6.75% Series C Cumulative Redeemable Preferred Shares of Beneficial Interest,Stock,True,2026-05-08,,,4df3a2c8fa732fafdf06
PMTU,NYSE,PennyMac Mortgage Investment Trust 8.50% Senior Notes due 2028,Stock,True,2026-05-08,,,0873829a2b529fed67a3
PMTV,NYSE,PennyMac Mortgage Investment Trust 9.00% Senior Notes due 2030,Stock,True,2026-05-08,,,6199ba839bb9804efbf4
PMTW,NYSE,PennyMac Mortgage Investment Trust 9.00% Senior Notes due 2030,Stock,True,2026-05-08,,,6199ba839bb9804efbf4
PNC,NYSE,"PNC Financial Services Group, Inc. (The) Common Stock",Stock,True,2026-05-08,,,32384ad4e5e6984b59ff
PNFP,NYSE,"Pinnacle Financial Partners, Inc. Common stock",Stock,True,2026-05-08,,,128bbfbf9e7d49a6edc4
PNFP$A,NYSE,"Pinnacle Financial Partners, Inc. Fixed-to-Floating Rate Non-Cumulative Perpetual Preferred Stock, Series A",Stock,True,2026-05-08,,,07463e1540c1f5c20cb4
PNFP$B,NYSE,"Pinnacle Financial Partners, Inc. Fixed-to-Floating Rate Non-Cumulative Perpetual Preferred Stock, Series B",Stock,True,2026-05-08,,,5d4074a6cf25c295af62
PNFP$C,NYSE,"Pinnacle Financial Partners, Inc. Fixed-to-Floating Rate Non-Cumulative Perpetual Preferred Stock, Series C",Stock,True,2026-05-08,,,b380dc320d1ec6453e16
PNI,NYSE,Pimco New York Municipal Income Fund II Common Shares of Beneficial Interest,Stock,True,2026-05-08,,,b5fef8e2cb359ee0d344
PNNT,NYSE,PennantPark Investment Corporation Common Stock,Stock,True,2026-05-08,,,f6e106ff5829563f379f
PNR,NYSE,Pentair plc. Ordinary Share,Stock,True,2026-05-08,,,9f293f11e8933a261595
PNW,NYSE,Pinnacle West Capital Corporation Common Stock,Stock,True,2026-05-08,,,7c625abded3f4f040da8
POR,NYSE,Portland General Electric Co Common Stock,Stock,True,2026-05-08,,,d5c8bf426d348eb8cbc9
POST,NYSE,"Post Holdings, Inc. Common Stock",Stock,True,2026-05-08,,,54f1980c4933e6bfdc55
PPG,NYSE,"PPG Industries, Inc. Common Stock",Stock,True,2026-05-08,,,547ccf2e0b99a92bd60a
PPL,NYSE,PPL Corporation Common Stock,Stock,True,2026-05-08,,,cbab12fb228be2a11f77
PPLC,NYSE,PPL Corporation Corporate Units,Stock,True,2026-05-08,,,11479e727da841373ca4
PPT,NYSE,Putnam Premier Income Trust Common Stock,Stock,False,2026-05-08,2026-07-15,Listing metadata changed,f39ac6d3c710c01f6ca0
PPT,NYSE,Franklin Premier Income Trust Shares of Beneficial Interest,Stock,True,2026-07-15,,,b164bf9ea94c4aa66724
PR,NYSE,Permian Resources Corporation Class A Common Stock,Stock,True,2026-05-08,,,39fd2ced8a7915ac7116
PRA,NYSE,ProAssurance Corporation Common Stock,Stock,False,2026-05-08,2026-06-26,Missing from current NYSE source snapshot; reason unavailable,2dfc2032984dc2cd5cfd
PRCS,NYSE,Parnassus Core Select ETF,ETF,True,2026-05-08,,,bd40b572adf60c63f56b
PRG,NYSE,"PROG Holdings, Inc. Common Stock",Stock,True,2026-05-08,,,af3526fa459807ef6a95
PRGO,NYSE,Perrigo Company plc Ordinary Shares,Stock,True,2026-05-08,,,ba88e4b8338750670fbb
PRH,NYSE,"Prudential Financial, Inc. 5.950% Junior Subordinated Notes due 2062",Stock,True,2026-05-08,,,24798ba8959af58ff59e
PRI,NYSE,"Primerica, Inc. Common Stock",Stock,True,2026-05-08,,,82dbef055a4241210651
PRIF$D,NYSE,"Priority Income Fund, Inc. 7.00% Series D Term Preferred Stock due 2029",Stock,True,2026-05-08,,,36c9b6f219a87924dd11
PRIF$K,NYSE,"Priority Income Fund, Inc. 7.000% Series K Cumulative Preferred Stock",Stock,True,2026-05-08,,,fe1a0a200462576418a8
PRIF$L,NYSE,"Priority Income Fund, Inc. 6.375% Series L Term Preferred Stock Due 2029",Stock,True,2026-05-08,,,eab70285d1b279b17d22
PRIM,NYSE,Primoris Services Corporation Common Stock,Stock,True,2026-05-08,,,c22156f3bb820bf69c34
PRKS,NYSE,United Parks & Resorts Inc. Common Stock,Stock,True,2026-05-08,,,c494efce71760927d9f1
PRLB,NYSE,"Proto Labs, Inc. Common stock",Stock,True,2026-05-08,,,b397260c07f221f409bb
PRM,NYSE,"Perimeter Solutions, SA Common Stock",Stock,True,2026-05-08,,,b7ed5f202a2144e61c39
PRMB,NYSE,Primo Brands Corporation Class A Common Stock,Stock,True,2026-05-08,,,0d6ade6ff12e13b49685
PRS,NYSE,"Prudential Financial, Inc. 5.625% Junior Subordinated Notes due 2058",Stock,True,2026-05-08,,,1e37ae510115a0515897
PRSU,NYSE,"Pursuit Attractions and Hospitality, Inc. Common Stock",Stock,True,2026-05-08,,,4f4d0f4a9870b9777976
PRT,NYSE,PermRock Royalty Trust Units of Beneficial Interest,Stock,True,2026-05-08,,,1672fb1920a2c54d0da7
PRU,NYSE,"Prudential Financial, Inc. Common Stock",Stock,True,2026-05-08,,,f757269434a978ec14f9
PRVS,NYSE,Parnassus Value Select ETF,ETF,True,2026-05-08,,,e23aa30090cf41f94743
PS,NYSE,Pershing Square Inc. Common Stock,Stock,True,2026-05-08,,,91224871b5e6be9314ba
PSA,NYSE,Public Storage Common Stock,Stock,True,2026-05-08,,,186b1c931f87cef3b6c2
PSA$F,NYSE,"Public Storage Depositary Shares Each Representing 1/1,000 of a 5.15% Cumulative Preferred Share of Beneficial Interest, Series F, par value $0.01 per share",Stock,True,2026-05-08,,,dbc33c812f4f563c978d
PSA$G,NYSE,"Public Storage Depositary Shares, Each Representing 1/1,000 of a 5.05% Cumulative Preferred Share of Beneficial Interest, Series G",Stock,True,2026-05-08,,,bb4a912a9de9cbd11dec
PSA$H,NYSE,"Public Storage Depositary Shares Each Representing 1/1,000 of a 5.60% Cumulative Preferred Share of Beneficial Interest, Series H",Stock,True,2026-05-08,,,22f193ae3f34d5cc362a
PSA$I,NYSE,"Public Storage Depositary Shares Each Representing 1/1,000 of a 4.875% Cumulative Preferred Share of Beneficial Interest, Series I, par value $0.01 per share",Stock,True,2026-05-08,,,5330228d9094c3655038
PSA$J,NYSE,"Public Storage Depositary Shares Each Representing 1/1,000 of a 4.700% Cumulative Preferred Share of Beneficial Interest, Series J, par value $0.01 per share",Stock,True,2026-05-08,,,ebc7ef42589b469dd1e3
PSA$K,NYSE,"Public Storage Depositary Shares Each Representing 1/1,000 of a 4.75% Cumulative Preferred Share of Beneficial Interest, Series K",Stock,True,2026-05-08,,,bd4363969db887f838cc
PSA$L,NYSE,"Public Storage Depositary Shares Each Representing 1/1,000 of a 4.625% Cumulative Preferred Share of Beneficial Interest, Series L, par value $0.01 per share",Stock,True,2026-05-08,,,591ebcc6ad69248d4d8b
PSA$M,NYSE,"Public Storage Depositary Shares Each Representing 1/1,000 of a 4.125% Cumulative Preferred Share of Beneficial Interest, Series M",Stock,True,2026-05-08,,,29e0d69c0dc1ed7a14d0
PSA$N,NYSE,"Public Storage Depositary Shares Each Representing 1/1,000 of a 3.875% Cumulative Preferred Share of Beneficial Interest, Series N",Stock,True,2026-05-08,,,1740818024e549bc38a2
PSA$O,NYSE,"Public Storage Depositary Shares Each Representing 1/1,000 of a 3.900% Cumulative Preferred Share of Beneficial Interest, Series O",Stock,True,2026-05-08,,,d6d9f29b19512574a7c1
PSA$P,NYSE,"Public Storage Depositary Shares Each Representing 1/1,000 of a 4.000% Cumulative Preferred Share of Bene cial Interest, Series P",Stock,True,2026-05-08,,,aeb89952b995d17bc83a
PSA$Q,NYSE,"Public Storage Depositary Shares Each Representing 1/1,000 of a 3.950% Cumulative Preferred Share of Beneficial Interest, Series Q, par value $0.01 per share",Stock,True,2026-05-08,,,4787be8a9508833b3bd8
PSA$R,NYSE,"Public Storage Depositary Shares Each Representing 1/1,000 of a 4.00% Cumulative Preferred Share of Bene cial Interest, Series R",Stock,True,2026-05-08,,,13c78e2e9ff6337a3105
PSA$S,NYSE,"Public Storage Depositary Shares Each Representing 1/1,000 of a 4.100% Cumulative Preferred Share of Beneficial Interest, Series S",Stock,True,2026-05-08,,,3b981047e81d45cc2110
PSA$T,NYSE,"Public Storage 6.000% Cumulative Preferred Shares of beneficial interest, Series T",Stock,True,2026-07-22,,,c6fe11140ee7f5060be9
PSA$U,NYSE,"Public Storage 6.000% Cumulative Preferred Shares of Beneficial Interest, Series U",Stock,True,2026-07-22,,,fd325fefd569f835715b
PSBD,NYSE,Palmer Square Capital BDC Inc. Common Stock,Stock,True,2026-05-08,,,8674b6d06311e941ad11
PSEC$A,NYSE,Prospect Capital Corporation 5.35% Series A Fixed Rate Cumulative Perpetual Preferred Stock,Stock,True,2026-05-08,,,e133e6decca7f2f1b4cf
PSF,NYSE,"Cohen & Steers Select Preferred and Income Fund, Inc. Common Stock",Stock,True,2026-05-08,,,6a002b6d94e13518707b
PSFE,NYSE,Paysafe Limited Common Shares,Stock,True,2026-05-08,,,ed0aecd5c56a359bed32
PSN,NYSE,Parsons Corporation Common Stock,Stock,True,2026-05-08,,,a03209b69a4d43f119ad
PSO,NYSE,"Pearson, Plc Common Stock",Stock,True,2026-05-08,,,5ab641f2f8b08d1a39c8
PSQH,NYSE,"PSQ Holdings, Inc. Class A Common Stock",Stock,True,2026-05-08,,,80be6c666563638b3a06
PSQH.W,NYSE,"PSQ Holdings, Inc. Warrants, each exercisable for one share of Class A common stock at an exercise price of $11.50 per share",Stock,True,2026-05-08,,,df980303e4f9f76f3a10
PSTL,NYSE,"Postal Realty Trust, Inc. Class A Common Stock",Stock,True,2026-05-08,,,5ab7472e25dad73a0c5a
PSUS,NYSE,"Pershing Square USA, Ltd. Common Shares",Stock,True,2026-05-08,,,fa270bb3523964b20794
PSX,NYSE,Phillips 66 Common Stock,Stock,True,2026-05-08,,,93870dc1d97ab7ff09d5
PTA,NYSE,Cohen & Steers Tax-Advantaged Preferred Securities and Income Fund Common Shares of Beneficial Interest,Stock,True,2026-05-08,,,2f78a719a5a00e8f281b
PTY,NYSE,Pimco Corporate & Income Opportunity Fund,Stock,True,2026-05-08,,,f2a170ef28716ba28913
PUK,NYSE,Prudential Public Limited Company Common Stock,Stock,True,2026-05-08,,,ffdea0c97033727479d0
PUMP,NYSE,ProPetro Holding Corp. Common Stock,Stock,True,2026-05-08,,,6661f77cee2eec5c5e5b
PVH,NYSE,PVH Corp. Common Stock,Stock,True,2026-05-08,,,a4ac09c3bce2095f2c89
PVL,NYSE,Permianville Royalty Trust Units of Beneficial Interest,Stock,True,2026-05-08,,,a21407381cb7c6d4c008
PWR,NYSE,"Quanta Services, Inc. Common Stock",Stock,True,2026-05-08,,,efa2dae4e7c9d4ef1054
PXED,NYSE,"Phoenix Education Partners, Inc. Common Stock",Stock,True,2026-05-08,,,e6842c49e2f9a1deca21
PYT,NYSE,PPlus Tr GSC-2 Tr Ctf Fltg Rate,Stock,True,2026-05-08,,,fdbac71886427b4d7e1c
Q,NYSE,"Qnity Electronics, Inc. Common Stock",Stock,True,2026-05-08,,,1ca880438d749f04b02c
QBTS,NYSE,D-Wave Quantum Inc. Common Shares,Stock,True,2026-05-08,,,14bdfedcd0af3da7288b
QGEN,NYSE,Qiagen N.V. Common Shares,Stock,True,2026-05-08,,,2f78b9944c968f6c787e
QLEP,NYSE,Quantum Leap Acquisition Corp Class A Ordinary Shares,Stock,True,2026-06-23,,,12206d6db168b920e5e3
QLEP.U,NYSE,"Quantum Leap Acquisition Corp Units, each consisting of one Class A ordinary share and one redeemable warrant",Stock,False,2026-05-08,2026-06-23,Missing from current NYSE source snapshot; reason unavailable,4f2e5694ae835eb640aa
QLEP.W,NYSE,"Quantum Leap Acquisition Corp Warrants, each whole warrant exercisable for one Class A Ordinary Share at an exercise price of $11.50 per share",Stock,True,2026-06-23,,,906de5b94a3a4e80fb25
QRED,NYSE,QuasarEdge Acquisition Corporation Ordinary Shares,Stock,True,2026-05-08,,,9bccc16c72a1b50890ea
QRED.R,NYSE,QuasarEdge Acquisition Corporation Rights to receive one-fourth (1/4) of one Ordinary Share,Stock,True,2026-05-08,,,81b1237a71621ca3c031
QRED.U,NYSE,"QuasarEdge Acquisition Corporation Units, each consisting of one Ordinary Share and one right entitling the holder to receive one-fourth (1/4) of one Ordinary Share",Stock,True,2026-05-08,,,c14295ff6413395a4bcb
QSR,NYSE,Restaurant Brands International Inc. Common Shares,Stock,True,2026-05-08,,,1246b4bbf3234ca51c89
QTWO,NYSE,"Q2 Holdings, Inc. Common Stock",Stock,True,2026-05-08,,,194f6197504e7be23ce2
QUAD,NYSE,"Quad Graphics, Inc Class A Common Stock",Stock,True,2026-05-08,,,1f2fdc937b43c1163ff7
QXO,NYSE,"QXO, Inc. Common Stock",Stock,True,2026-05-08,,,9fee2d5e1cf04278beca
QXO$B,NYSE,"QXO, Inc. Depositary Shares, each representing a 1/20th interest in a share of 5.50% Series B Mandatory Convertible Preferred Stock",Stock,True,2026-05-08,,,0a1093d01a21c1f9c1fb
R,NYSE,"Ryder System, Inc. Common Stock",Stock,True,2026-05-08,,,43e32c796197de089c6e
RA,NYSE,Brookfield Real Assets Income Fund Inc. Common Stock,Stock,True,2026-05-08,,,cce22f696d50c44fa43f
RAC,NYSE,Rithm Acquisition Corp. Class A Ordinary Shares,Stock,True,2026-05-08,,,7271ae8516f9619839eb
RAC.U,NYSE,Rithm Acquisition Corp. Units (each consists of one Class A Ordinary Share and one-third of one redeemable Warrant),Stock,True,2026-05-08,,,983bb882601ed07d96a2
RAC.W,NYSE,"Rithm Acquisition Corp. Redeemable warrants, each whole warrant exercisable for one Class A ordinary share at an exercise price of $11.50",Stock,True,2026-05-08,,,b56e0d3e2e24dcdafdff
RACE,NYSE,Ferrari N.V. Common Shares,Stock,True,2026-05-08,,,a78bc82e6ffc9d81da1b
RAL,NYSE,Ralliant Corporation Common Stock,Stock,True,2026-05-08,,,79433aabccbbbfc514f4
RAMP,NYSE,"LiveRamp Holdings, Inc. Common Stock",Stock,True,2026-05-08,,,ce38b7e4abc3aaa24416
RBA,NYSE,"RB Global, Inc. Common Stock",Stock,True,2026-05-08,,,241dc829e886f5b370b7
RBC,NYSE,RBC Bearings Incorporated Common Stock,Stock,True,2026-05-08,,,c1eeba06635ba64d8b44
RBLX,NYSE,Roblox Corporation Class A Common Stock,Stock,True,2026-05-08,,,0990deeff4c76af3f451
RBRK,NYSE,"Rubrik, Inc. Class A Common Stock",Stock,True,2026-05-08,,,452ba6580eda3d733929
RC,NYSE,Ready Capital Corporation Common Stock,Stock,True,2026-05-08,,,e733c09cd42b2b05eea1
RC$C,NYSE,Ready Capital Corporation 6.25% Series C Cumulative Convertible Preferred Stock,Stock,True,2026-05-08,,,e7c63c7bf7e6320eac98
RC$E,NYSE,Ready Capital Corporation 6.50% Series E Cumulative Redeemable Preferred Stock,Stock,True,2026-05-08,,,2944bd80d765db226daa
RCD,NYSE,Ready Capital Corporation 9.00% Senior Notes due 2029,Stock,True,2026-05-08,,,c842a777f47a7559b109
RCI,NYSE,"Rogers Communication, Inc. Common Stock",Stock,True,2026-05-08,,,718d6a63d1db589bd370
RCL,NYSE,Royal Caribbean Cruises Ltd. Common Stock,Stock,True,2026-05-08,,,0d1accee99a6a74f0aed
RCS,NYSE,"PIMCO Strategic Income Fund, Inc.",Stock,True,2026-05-08,,,8ebcaa7a65628f627d2b
RCUS,NYSE,"Arcus Biosciences, Inc. Common Stock",Stock,True,2026-05-08,,,725ea777cebce5b74fd7
RDDT,NYSE,"Reddit, Inc. Class A Common Stock",Stock,True,2026-05-08,,,eb62dae0e59a4e9a0640
RDN,NYSE,Radian Group Inc. Common Stock,Stock,True,2026-05-08,,,740643b2d4c0a59f4db3
RDW,NYSE,Redwire Corporation Common Stock,Stock,True,2026-05-08,,,b6db72b18f84ed88af75
RDY,NYSE,Dr. Reddy's Laboratories Ltd Common Stock,Stock,True,2026-05-08,,,05fb1f23d97cde25aae7
RELX,NYSE,RELX PLC PLC American Depositary Shares (Each representing One Ordinary Share),Stock,True,2026-05-08,,,0a2eb841d56d5c6177a3
RERE,NYSE,ATRenew Inc. American Depositary Shares (every three of which representing two Class A ordinary shares),Stock,True,2026-05-08,,,b616250e4f4460ea0b19
RES,NYSE,"RPC, Inc. Common Stock",Stock,True,2026-05-08,,,ebce9ed3cebcd958fdff
REX,NYSE,REX American Resources Corporation,Stock,True,2026-05-08,,,c3b35839fb68b57fb15c
REXR,NYSE,"Rexford Industrial Realty, Inc. Common Stock",Stock,True,2026-05-08,,,a768652e1ec5b8dbee78
REXR$B,NYSE,"Rexford Industrial Realty, Inc. 5.875% Series B Cumulative Redeemable Preferred Stock",Stock,True,2026-05-08,,,de682793ae574a3e5d55
REXR$C,NYSE,"Rexford Industrial Realty, Inc. 5.625% Series C Cumulative Redeemable Preferred Stock, par value $0.01 per share",Stock,True,2026-05-08,,,839fead3fd0ef1614c6d
REZI,NYSE,"Resideo Technologies, Inc. Common Stock",Stock,True,2026-05-08,,,33ee8319db29da2f8ca0
RF,NYSE,Regions Financial Corporation Common Stock,Stock,True,2026-05-08,,,90f9d282f789132d8d32
RF$C,NYSE,"Regions Financial Corporation Depositary Shares, each Representing a 1/40th Interest in a Share of 5.700% Fixed-to-Floating Rate Non-Cumulative Perpetual Preferred Stock, Series C",Stock,True,2026-05-08,,,300c494d813fabcc6702
RF$E,NYSE,"Regions Financial Corporation Depositary Shares, Each Representing a 1/40th Interest in a Share of 4.45% Non-Cumulative Perpetual Preferred Stock, Series E",Stock,True,2026-05-08,,,38e3226fe327d9804ed4
RF$F,NYSE,"Regions Financial Corporation Depositary Shares Each Representing a 1/40th Interest in a Share of Non-Cumulative Perpetual Preferred Stock, Series F",Stock,True,2026-05-08,,,8bdd9d2bbb84895df0b9
RFI,NYSE,"Cohen & Steers Total Return Realty Fund, Inc. Common Stock",Stock,True,2026-05-08,,,5909af8584bed8d1e315
RFL,NYSE,"Rafael Holdings, Inc. Class B Common Stock",Stock,True,2026-05-08,,,880078b9aacc2519b1c1
RFM,NYSE,"RiverNorth Flexible Municipal Income Fund, Inc. Common Stock",Stock,True,2026-05-08,,,60472b632ac58628ff89
RFMZ,NYSE,"RiverNorth Flexible Municipal Income Fund II, Inc. Common Stock",Stock,True,2026-05-08,,,760f1e6f2081c4e1bb7b
RGA,NYSE,"Reinsurance Group of America, Incorporated Common Stock",Stock,True,2026-05-08,,,39e802e1f0905a52aa54
RGR,NYSE,"Sturm, Ruger & Company, Inc. Common Stock",Stock,True,2026-05-08,,,083abf4ec6793c36f328
RGT,NYSE,"Royce Global Trust, Inc. Common Stock",Stock,True,2026-05-08,,,3a93651bcfaf8b7f1011
RH,NYSE,RH Common Stock,Stock,True,2026-05-08,,,a20bd7e85106d627fbb2
RHI,NYSE,Robert Half Inc. Common Stock,Stock,True,2026-05-08,,,a376476a40cee000d586
RHLD,NYSE,Resolute Holdings Management Common Stock,Stock,True,2026-05-08,,,d85a1e494f494c808384
RHP,NYSE,"Ryman Hospitality Properties, Inc. (REIT)",Stock,True,2026-05-08,,,ff307d38c28a9472fc05
RIG,NYSE,Transocean Ltd (Switzerland) Common Stock,Stock,True,2026-05-08,,,151cedcbcf51ac95262f
RIO,NYSE,Rio Tinto Plc Common Stock,Stock,True,2026-05-08,,,c8da689c2ab21d7b8fcc
RITM,NYSE,Rithm Capital Corp. Common Stock,Stock,True,2026-05-08,,,7760c357c1866390f005
RITM$A,NYSE,Rithm Capital Corp. 7.50% Series A Fixed-to-Floating Rate Cumulative Redeemable Preferred Stock,Stock,True,2026-05-08,,,d9199107ee51905ae190
RITM$B,NYSE,Rithm Capital Corp. 7.125% Series B Fixed-to-Floating Rate Cumulative Redeemable Preferred Stock,Stock,True,2026-05-08,,,a0515db8fc970d3c6160
RITM$C,NYSE,Rithm Capital Corp. 6.375% Series C Fixed-to-Floating Rate Cumulative Redeemable Preferred Stock,Stock,True,2026-05-08,,,bf3d9e7567a18d0c04cb
RITM$D,NYSE,Rithm Capital Corp. 7.00% Fixed-Rate Reset Series D Cumulative Redeemable Preferred Stock,Stock,True,2026-05-08,,,a809fdacce092e7e3684
RITM$E,NYSE,Rithm Capital Corp. 8.75% Series E Fixed-Rate Cumulative Redeemable Preferred Stock,Stock,True,2026-05-08,,,b2dfac96e65ebdb00b4c
RITM$F,NYSE,Rithm Capital Corp. 8.750% Series F Fixed-Rate Reset Cumulative Redeemable Preferred Stock,Stock,True,2026-05-08,,,d6dcffa9252ddad29ffe
RIV,NYSE,"RiverNorth Opportunities Fund, Inc. Common Stock",Stock,True,2026-05-08,,,75a6d4efd7c31d65910e
RIV$A,NYSE,"RiverNorth Opportunities Fund, Inc. 6.00% Series A Perpetual Preferred Stock",Stock,True,2026-05-08,,,64f67422c02b11c49697
RJF,NYSE,"Raymond James Financial, Inc. Common Stock",Stock,True,2026-05-08,,,fb656d7eaadc11c477b2
RKT,NYSE,"Rocket Companies, Inc. Class A Common Stock",Stock,True,2026-05-08,,,adc4e920f2f9fbc0e185
RL,NYSE,Ralph Lauren Corporation Common Stock,Stock,True,2026-05-08,,,5e6327e45000dc071688
RLI,NYSE,RLI Corp. Common Stock (DE),Stock,True,2026-05-08,,,8d16d392d785d656de8f
RLJ,NYSE,RLJ Lodging Trust Common Shares of Beneficial Interest $0.01 par value,Stock,True,2026-05-08,,,b669a40a1bb216d05598
RLJ$A,NYSE,RLJ Lodging Trust $1.95 Series A Cumulative Convertible Preferred Shares,Stock,True,2026-05-08,,,97492d487815859e7509
RLTY,NYSE,Cohen & Steers Real Estate Opportunities and Income Fund Common Shares of Beneficial Interest,Stock,True,2026-05-08,,,4a994f5d0854b4b2f359
RLX,NYSE,"RLX Technology Inc. American Depositary Shares, each representing the right to receive one (1) Class A ordinary share",Stock,True,2026-05-08,,,50e0525bd12b2e691d91
RM,NYSE,Regional Management Corp. Common Stock,Stock,True,2026-05-08,,,878c97e0ed25543bec0d
RMAX,NYSE,"RE/MAX Holdings, Inc. Class A Common Stock",Stock,True,2026-05-08,,,eca4f686f4a476b12aeb
RMD,NYSE,ResMed Inc. Common Stock,Stock,True,2026-05-08,,,0593ae46695fa68c7503
RMI,NYSE,"RiverNorth Opportunistic Municipal Income Fund, Inc. Common Stock",Stock,True,2026-05-08,,,0e7152d56fc247121f5a
RMM,NYSE,"RiverNorth Managed Duration Municipal Income Fund, Inc. Common Stock",Stock,True,2026-05-08,,,e119d6d920b06ea0c58e
RMMZ,NYSE,"RiverNorth Managed Duration Municipal Income Fund II, Inc. Common Stock",Stock,True,2026-05-08,,,2037f0f1c718a83c138d
RMT,NYSE,"Royce Micro-Cap Trust, Inc. Common Stock",Stock,True,2026-05-08,,,bd60ade5db36dc0ece69
RNG,NYSE,"RingCentral, Inc. Class A Common Stock",Stock,True,2026-05-08,,,25c5e10b669c8981fd65
RNGR,NYSE,"Ranger Energy Services, Inc. Class A Common Stock",Stock,True,2026-05-08,,,90301f9872aabef06723
RNP,NYSE,"Cohen & Steers REIT and Preferred and Income Fund, Inc. Common Shares",Stock,True,2026-05-08,,,b99479b54b81aa76284b
RNR,NYSE,RenaissanceRe Holdings Ltd. Common Stock,Stock,True,2026-05-08,,,0a52a969a62606651f7c
RNR$F,NYSE,"RenaissanceRe Holdings Ltd. Depositary Shares, each Representing a 1/1,000th Interest in a 5.750% Series F Preference Share",Stock,True,2026-05-08,,,bbcdcde3984910650d26
RNR$G,NYSE,"RenaissanceRe Holdings Ltd. Depositary Shares, each representing a 1/1,000th interest in a share of 4.20% Series G Preference Shares",Stock,True,2026-05-08,,,cbdcfcba0dcc128da672
RNST,NYSE,Renasant Corporation Common Stock,Stock,True,2026-05-08,,,9e463650a2107c3447c8
ROG,NYSE,Rogers Corporation Common Stock,Stock,True,2026-05-08,,,59747dc059bbaa77f379
ROK,NYSE,"Rockwell Automation, Inc. Common Stock",Stock,True,2026-05-08,,,747c2622fb029375ef55
ROL,NYSE,"Rollins, Inc. Common Stock",Stock,True,2026-05-08,,,8c1f0be75d49ea9db1e9
RONB,NYSE,Baron First Principles ETF,ETF,True,2026-05-08,,,be439ff805242aedf4ce
RPC,NYSE,"Ridgepost Capital, Inc. Class A Common Stock",Stock,True,2026-05-08,,,55706cddc8cc5abd4b84
RPM,NYSE,RPM International Inc. Common Stock,Stock,True,2026-05-08,,,e64703945ade84e2b5d1
RPT,NYSE,Rithm Property Trust Inc. Common stock,Stock,True,2026-05-08,,,f08d39857bd7075c464d
RPT$C,NYSE,Rithm Property Trust Inc. 9.875% Series C Fixed-to-Floating Rate Cumulative Redeemable Preferred Stock,Stock,True,2026-05-08,,,81c08676f2262d928e3b
RQI,NYSE,Cohen & Steers Quality Income Realty Fund Inc Common Shares,Stock,True,2026-05-08,,,ae520cae47a87963893c
RQI.R,NYSE,"Cohen & Steers Quality Income Realty Fund Inc. Rights (expiring July 15, 2026) Rights",Stock,False,2026-06-22,2026-07-15,Missing from current NYSE source snapshot; reason unavailable,2b2e8a0a2fa0071d811f
RQI.V,NYSE,"Cohen & Steers Quality Income Realty Fund Inc. Rights (expiring July 15, 2026) Rights when issued",Stock,False,2026-06-17,2026-06-22,Missing from current NYSE source snapshot; reason unavailable,8e263f5d431d5d699074
RRC,NYSE,Range Resources Corporation Common Stock,Stock,True,2026-05-08,,,76082777e5ea3cfd7682
RRX,NYSE,Regal Rexnord Corporation Common Stock,Stock,True,2026-05-08,,,6b7c1bd5633ca53fbc50
RS,NYSE,"Reliance, Inc. Common Stock",Stock,True,2026-05-08,,,fc606302e56cf530720a
RSF,NYSE,RiverNorth Capital and Income Fund Common Stock,Stock,True,2026-05-08,,,1036c8177e2b22dac3bc
RSG,NYSE,"Republic Services, Inc. Common Stock",Stock,True,2026-05-08,,,fdff9f3d1bcfddd8e084
RSI,NYSE,"Rush Street Interactive, Inc. Class A Common Stock",Stock,True,2026-05-08,,,317cc95505f33665f12e
RSKD,NYSE,Riskified Ltd. Class A Ordinary Shares,Stock,True,2026-05-08,,,e0d1ee3a8bebc2e308de
RTO,NYSE,Rentokil Initial plc American Depositary Shares (each representing five (5) Ordinary Shares),Stock,True,2026-05-08,,,7b7ec1257a4ac3e82c81
RTX,NYSE,RTX Corporation Common Stock,Stock,True,2026-05-08,,,79c24d7593b86b5d16ba
RVI,NYSE,Robinhood Ventures Fund I Common Shares of Beneficial Interest,Stock,True,2026-05-08,,,0a64e83cdcbbe140b5a0
RVLV,NYSE,"Revolve Group, Inc. Class A Common Stock",Stock,True,2026-05-08,,,c5be4c465a3b74b84a0e
RVT,NYSE,"Royce Small-Cap Trust, Inc. Common Stock",Stock,True,2026-05-08,,,3a3254b885741fc3272b
RVTY,NYSE,"Revvity, Inc. Common Stock",Stock,True,2026-05-08,,,2cfbac6b769518bd0a1f
RWT,NYSE,"Redwood Trust, Inc. Common Stock",Stock,True,2026-05-08,,,fc12bfc69267c649bd58
RWT$A,NYSE,"Redwood Trust, Inc. 10.00% Series A Fixed-Rate Reset Cumulative Redeemable Preferred Stock",Stock,True,2026-05-08,,,6a504ae3de425bd78ed8
RWTN,NYSE,"Redwood Trust, Inc. 9.125% Senior Notes Due 2029",Stock,True,2026-05-08,,,f4226de16c2b46bcefcc
RWTO,NYSE,"Redwood Trust, Inc. 9.00% Senior Notes Due 2029",Stock,True,2026-05-08,,,d1d2fe6d4caddf023130
RWTP,NYSE,"Redwood Trust, Inc. 9.125% Senior Notes Due 2030",Stock,True,2026-05-08,,,91b6890a7f2ee34df689
RWTQ,NYSE,"Redwood Trust, Inc. 9.500% Senior Notes Due 2030",Stock,True,2026-05-08,,,80fce8df2d682c7abb61
RWTS,NYSE,"Redwood Trust, Inc. 9.75% Senior Notes Due 2031",Stock,True,2026-05-29,,,dbf1308da274a7b72272
RXO,NYSE,"RXO, Inc. Common Stock",Stock,True,2026-05-08,,,50219080ea8f453cb143
RY,NYSE,Royal Bank Of Canada Common Stock,Stock,True,2026-05-08,,,7d19bc6c7d24ca93e34c
RYAM,NYSE,Rayonier Advanced Materials Inc. Common Stock,Stock,True,2026-05-08,,,9b544d1a4789f6155232
RYAN,NYSE,"Ryan Specialty Holdings, Inc. Class A Common Stock",Stock,True,2026-05-08,,,121e05e5dba85cc1d84d
RYN,NYSE,Rayonier Inc. REIT Common Stock,Stock,True,2026-05-08,,,1b6842ffe98aea61d8ea
RYZ,NYSE,Ryerson Holding Corporation Common Stock,Stock,True,2026-05-08,,,5c4d23f83ed2dab7cb15
RZB,NYSE,"Reinsurance Group of America, Incorporated 5.75% Fixed-To-Floating Rate Subordinated Debentures due 2056",Stock,False,2026-05-08,2026-06-15,Missing from current NYSE source snapshot; reason unavailable,d708302ffb89a069d103
RZC,NYSE,"Reinsurance Group of America, Incorporated 7.125% Fixed-Rate Reset Subordinated Debentures due 2052",Stock,True,2026-05-08,,,838091d46a139d42cf21
S,NYSE,"SentinelOne, Inc. Class A Common Stock",Stock,True,2026-05-08,,,a5ca5e5cf9851d233f64
SA,NYSE,"Seabridge Gold, Inc. Ordinary Shares (Canada)",Stock,False,2026-05-08,2026-06-05,Listing metadata changed,511b0e84ec0abcbd8a0c
SA,NYSE,"Seabridge Gold, Inc. Common Shares New",Stock,True,2026-06-05,,,a2d3ec83de3c699ed9a1
SABA,NYSE,Saba Capital Income & Opportunities Fund II Shares of Beneficial Interest,Stock,True,2026-05-08,,,91ca362e3d0b12506507
SAC,NYSE,Safeguard Acquisition Corp. Class A Ordinary Shares,Stock,True,2026-05-08,,,77c35dbca4b47cb74ef8
SAC.U,NYSE,"Safeguard Acquisition Corp. Units, each consisting of one Class A ordinary share and one-half of one redeemable warrant",Stock,True,2026-05-08,,,996cfc7de440f123db87
SAC.W,NYSE,"Safeguard Acquisition Corp. Warrants, each whole warrant exercisable for one Class A ordinary share at an exercise price of $11.50 per share",Stock,True,2026-05-08,,,8ea817f3f519d762b7c6
SAFE,NYSE,Safehold Inc. New Common Stock,Stock,True,2026-05-08,,,8b837d093db4ba0ffcfa
SAGU,NYSE,Shreya Acquisition Group Class A Ordinary Shares,Stock,True,2026-05-22,,,5117aa1a9e65ad106bec
SAGU.R,NYSE,"Shreya Acquisition Group Rights, each entitling the holder to receive one-fourth of one Class A Ordinary Share",Stock,True,2026-05-22,,,3e13b8f8518440ba7320
SAGU.U,NYSE,"Shreya Acquisition Group Units, each consisting of one Class A Ordinary Share, one redeemable warrant and one right entitling the holder to one-fourth of one Class A Ordinary Share",Stock,True,2026-05-08,,,b187d3280f06333e766a
SAGU.W,NYSE,"Shreya Acquisition Group Redeemable warrants, entitling the holder to purchase one Class A Ordinary Share at $11.50 per share",Stock,True,2026-05-22,,,f0ff185af69c2914cbc9
SAH,NYSE,"Sonic Automotive, Inc. Common Stock",Stock,True,2026-05-08,,,d8ae45872290ae162106
SAJ,NYSE,Saratoga Investment Corp 8.00% Notes due 2027,Stock,True,2026-05-08,,,306ebce8f6bc12c8a174
SAM,NYSE,"Boston Beer Company, Inc. (The) Common Stock",Stock,True,2026-05-08,,,18e3993f053cf3e6669e
SAMO.U,NYSE,"Samos Energy Acquisition Corporation Units, each consisting of one Class A Ordinary Share and one-half of one Warrant",Stock,True,2026-07-10,,,fa96f30dbff1d507c867
SAN,NYSE,"Banco Santander, S.A. Sponsored ADR (Spain)",Stock,True,2026-05-08,,,95f9b6eaa94f0f7d07b1
SAP,NYSE,SAP SE ADS,Stock,True,2026-05-08,,,1e4fdf6f0f18644e53a3
SAR,NYSE,Saratoga Investment Corp New,Stock,True,2026-05-08,,,88f164030c8107e292ec
SARO,NYSE,"StandardAero, Inc. Common Stock",Stock,True,2026-05-08,,,e8c6f2909532e24462b6
SAT,NYSE,Saratoga Investment Corp 6.00% Notes due 2027,Stock,True,2026-05-08,,,ad134990cc8556f65bb0
SAV,NYSE,Saratoga Investment Corp 7.50% Notes due 2031,Stock,True,2026-05-08,,,c9bba3b209580d925118
SAY,NYSE,Saratoga Investment Corp 8.125% Notes due 2027,Stock,True,2026-05-08,,,d0d51bfd4fbcead6a1eb
SAZ,NYSE,Saratoga Investment Corp 8.50% Notes due 2028,Stock,True,2026-05-08,,,a69919d7683c79000f47
SB,NYSE,"Safe Bulkers, Inc Common Stock ($0.001 par value)",Stock,True,2026-05-08,,,194c89d97fc3d596d8fa
SB$C,NYSE,"Safe Bulkers, Inc Cumulative Redeemable Perpetual Preferred Series C (Marshall Islands)",Stock,True,2026-05-08,,,5f2732cf8de27c7f7d58
SB$D,NYSE,"Safe Bulkers, Inc Perpetual Preferred Series D (Marshall Islands)",Stock,True,2026-05-08,,,68e6863bb13baccedcc5
SBH,NYSE,"Sally Beauty Holdings, Inc. (Name to be changed from Sally Holdings, Inc.) Common Stock",Stock,True,2026-05-08,,,228070d9ee6f61afae78
SBI,NYSE,Western Asset Intermediate Muni Fund Inc Common Stock,Stock,True,2026-05-08,,,3570dbdc234023afa504
SBR,NYSE,Sabine Royalty Trust Common Stock,Stock,True,2026-05-08,,,02234dcb3e65bbbd756b
SBS,NYSE,Companhia de saneamento Basico Do Estado De Sao Paulo - Sabesp American Depositary Shares (Each repstg 250 Common Shares),Stock,True,2026-05-08,,,e853227da43a4fd2b14c
SBSI,NYSE,"Southside Bancshares, Inc. Common Stock",Stock,True,2026-05-08,,,9dad4bdd4a2fb889b81f
SBSW,NYSE,D/B/A Sibanye-Stillwater Limited ADS,Stock,True,2026-05-08,,,af62ef9f1e49a303b652
SBXD,NYSE,SilverBox Corp IV Class A Ordinary Shares,Stock,True,2026-05-08,,,79c4f2eed0dd8bfb89da
SBXD.U,NYSE,"SilverBox Corp IV Units, each consisting of one Class A ordinary share and one-third of one redeemable warrant",Stock,True,2026-05-08,,,bc4286e54eafadb94ee9
SBXD.W,NYSE,"SilverBox Corp IV Redeemable warrants, each whole warrant exercisable for one Class A Ordinary Share at an exercise price of $11.50",Stock,True,2026-05-08,,,d75c6e8344c32065c7c6
SBXE,NYSE,SilverBox Corp V Class A Ordinary Shares,Stock,True,2026-05-08,,,de6603034cf0009ced3c
SBXE.U,NYSE,"SilverBox Corp V Units, each consisting of one Class A Ordinary Share and one-third of one redeemable warrant",Stock,True,2026-05-08,,,339b7b7443fda485d93e
SBXE.W,NYSE,"SilverBox Corp V Redeemable warrants, each whole warrant exercisable for one Class A Ordinary Share at an exercise price of $11.50",Stock,True,2026-05-08,,,fc932e572ffe8c5392df
SCCO,NYSE,Southern Copper Corporation Common Stock,Stock,True,2026-05-08,,,4a5196f14bb6b4e59333
SCD,NYSE,LMP Capital and Income Fund Inc. Common Stock,Stock,True,2026-05-08,,,7c79990a5d0866a85c81
SCE$G,NYSE,SCE Trust II Trust Preferred Securities,Stock,True,2026-05-08,,,ac9f529b5791bf6c371a
SCE$L,NYSE,SCE TRUST VI,Stock,True,2026-05-08,,,bca2301405530e1bdbe7
SCE$M,NYSE,SCE Trust VII 7.50% Trust Preference Securities,Stock,True,2026-05-08,,,be81baaea98c9e21f1b3
SCE$N,NYSE,SCE Trust VIII 6.95% Trust Preference Securities,Stock,True,2026-05-08,,,6f8dc93671e07b3525f1
SCHW,NYSE,Charles Schwab Corporation (The) Common Stock,Stock,True,2026-05-08,,,739c502539a2bd1f481c
SCHW$D,NYSE,"The Charles Schwab Corporation Depositary Shares each representing 1/40th interest in a share of 5.95% Non-Cumulative Perpetual Preferred Stock, Series D",Stock,True,2026-05-08,,,cbec216b3f2cbc960a04
SCHW$J,NYSE,"The Charles Schwab Corporation Depositary Shares, Each Representing a 1/40th Interest in a Share of 4.450% Non-Cumulative Perpetual Preferred Stock, Series J",Stock,True,2026-05-08,,,05d97c6f878e7f2db9b8
SCI,NYSE,Service Corporation International Common Stock,Stock,True,2026-05-08,,,c60c54e1471f69871dab
SCL,NYSE,Stepan Company Common Stock,Stock,True,2026-05-08,,,ae71b50f0a0770333201
SCM,NYSE,Stellus Capital Investment Corporation Common Stock,Stock,True,2026-05-08,,,b8bb35fd1aeaba880f86
SD,NYSE,"SandRidge Energy, Inc. Common Stock",Stock,True,2026-05-08,,,8825f1f9b575a29442b8
SDHC,NYSE,Smith Douglas Homes Corp. Class A Common Stock,Stock,True,2026-05-08,,,64356fd94a83c771d050
SDHY,NYSE,PGIM Short Duration High Yield Opportunities Fund Common Shares,Stock,True,2026-05-08,,,2bd0142f9d9462a0649c
SDRL,NYSE,Seadrill Limited Common Shares,Stock,True,2026-05-08,,,3a45ede44a8828db3f15
SE,NYSE,"Sea Limited American Depositary Shares, each representing one Class A Ordinary Share",Stock,True,2026-05-08,,,027f54a45317d25ab17b
SEAL$A,NYSE,Seapeak LLC 9.00% Series A Cumulative Redeemable Perpetual Preferred Units,Stock,True,2026-05-08,,,083a594949999a800f56
SEAL$B,NYSE,Seapeak LLC 8.50% Series B Fixed-to-Floating Rate Cumulative Redeemable Perpetual Preferred Units,Stock,True,2026-05-08,,,0dc559308916e92bc80b
SECZ,NYSE,Securitize Corp. Common Stock,Stock,True,2026-07-02,,,fba81457b173ed8ca594
SEG,NYSE,Seaport Entertainment Group Inc. Common Stock,Stock,True,2026-05-08,,,fbbbed267bb6897f30ac
SEI,NYSE,"Solaris Energy Infrastructure, Inc. Class A Common Stock",Stock,True,2026-05-08,,,986f7cf07b66a51bba33
SEM,NYSE,Select Medical Holdings Corporation Common Stock,Stock,False,2026-05-08,2026-07-01,Missing from current NYSE source snapshot; reason unavailable,f82ef887dee532d08ade
SES,NYSE,SES AI Corporation Class A Common Stock,Stock,True,2026-05-08,,,7f114013200bd6608e5a
SES.W,NYSE,"SES AI Corporation Warrants, each whole warrant exercisable for one share of Class A Common Stock at an exercise price of $11.50 per share",Stock,True,2026-05-08,,,5e6514507e1891867647
SF,NYSE,Stifel Financial Corporation Common Stock,Stock,True,2026-05-08,,,d6a109efb2d2dbebb38f
SF$B,NYSE,"Stifel Financial Corporation Depositary Shares, Each Representing 1/1,000th Interest in a Share of 6.25% Non-Cumulative Preferred Stock, Series B",Stock,True,2026-05-08,,,93894f947a4386842034
SF$C,NYSE,"Stifel Financial Corporation Depositary Shares, Each Representing 1/1,000th Interest in a Share of 6.125% Non Cumulative Preferred Stock, Series C",Stock,True,2026-05-08,,,8edd6957c69c48cd1fce
SF$D,NYSE,"Stifel Financial Corporation Depositary Shares, Each Representing 1/1,000th Interest in a Share of 4.50% Non-Cumulative Preferred Stock, Series D",Stock,True,2026-05-08,,,ad395bd5228ab7621904
SFB,NYSE,Stifel Financial Corporation 5.20% Senior Notes due 2047,Stock,True,2026-05-08,,,5eeb3203231c4e27236d
SFBS,NYSE,"ServisFirst Bancshares, Inc. Common Stock",Stock,True,2026-05-08,,,a743182f2c4040451784
SFL,NYSE,SFL Corporation Ltd,Stock,True,2026-05-08,,,c5e18306869ee9d7d777
SG,NYSE,"Sweetgreen, Inc. Class A Common Stock",Stock,True,2026-05-08,,,803cd696fe4de0809f15
SGHC,NYSE,Super Group (SGHC) Limited Ordinary Shares,Stock,True,2026-05-08,,,944a6420c6f91c4337ce
SGI,NYSE,Somnigroup International Inc. Common Stock,Stock,True,2026-05-08,,,f67f3718c9916c0286b9
SGOV,NYSE,iShares 0-3 Month Treasury Bond ETF,ETF,True,2026-05-08,,,6cd32b5bc75a5044a77b
SGU,NYSE,Star Group L.P. Common Stock,Stock,True,2026-05-08,,,b6f040b0645455256187
SHAK,NYSE,"Shake Shack, Inc. Class A Common Stock",Stock,True,2026-05-08,,,48d87b8a08531585ae76
SHEL,NYSE,Shell PLC American Depositary Shares (each representing two (2) Ordinary Shares),Stock,True,2026-05-08,,,c0bba119b4561715399d
SHG,NYSE,Shinhan Financial Group Co Ltd American Depositary Shares,Stock,True,2026-05-08,,,07ea4a9c8791c5f3b334
SHO,NYSE,"Sunstone Hotel Investors, Inc. Sunstone Hotel Investors, Inc. Common Shares",Stock,True,2026-05-08,,,60bf6d31dd21eab31df1
SHO$H,NYSE,"Sunstone Hotel Investors, Inc. 6.125% Series H Cumulative Redeemable Preferred Stock",Stock,True,2026-05-08,,,a9c5b6a15dcb8b5df7d6
SHO$I,NYSE,"Sunstone Hotel Investors, Inc. 5.70% Series I Cumulative Redeemable Preferred Stock",Stock,True,2026-05-08,,,0bfd766309bc9efc1e94
SHOC,NYSE,Strive U.S. Semiconductor ETF,ETF,True,2026-05-08,,,5582059002723d68b065
SHV,NYSE,iShares 0-1 Year Treasury Bond ETF,ETF,True,2026-05-08,,,e39d1088547f12c15a20
SHW,NYSE,Sherwin-Williams Company (The) Common Stock,Stock,True,2026-05-08,,,ca72111d85802e19f056
SI,NYSE,"Shoulder Innovations, Inc. Common Stock",Stock,True,2026-05-08,,,4ed5a8afddce5b5164f5
SID,NYSE,Companhia Siderurgica Nacional S.A. Common Stock,Stock,True,2026-05-08,,,9788a1a51637ead0639e
SIG,NYSE,Signet Jewelers Limited Common Shares,Stock,True,2026-05-08,,,d8064b801292f6bdb0ca
SII,NYSE,Sprott Inc. Common Shares,Stock,True,2026-05-08,,,45c0fc08f894fe9d3f79
SILA,NYSE,"Sila Realty Trust, Inc. Common Stock",Stock,False,2026-05-08,2026-07-01,Other delisting reason: Details unavailable (source: FMP Delisted API),8e7552042f3e5aced360
SIND,NYSE,Sinda Ltd. Common Stock,Stock,True,2026-06-26,,,cb2b3ee3b90b58b15416
SITC,NYSE,SITE Centers Corp. Common Stock,Stock,True,2026-05-08,,,5835e9570e6651f41a69
SITE,NYSE,"SiteOne Landscape Supply, Inc. Common Stock",Stock,True,2026-05-08,,,4036263e9eed8b96fd04
SJM,NYSE,The J.M. Smucker Company Common Stock,Stock,True,2026-05-08,,,9d6826a13ab0dcd5d7a9
SJT,NYSE,San Juan Basin Royalty Trust Common Stock,Stock,True,2026-05-08,,,14efdaf0e204533c4869
SKE,NYSE,Skeena Resources Limited Common Shares,Stock,True,2026-05-08,,,88bae247accb59e8fb5a
SKIL,NYSE,Skillsoft Corp. Class A Common Stock,Stock,True,2026-05-08,,,3f31aab68aee3ec342c7
SKLZ,NYSE,Skillz Inc. Class A Common Stock,Stock,False,2026-05-08,2026-06-22,Other delisting reason: Details unavailable (source: FMP Delisted API),89cc16d4762ca248633a
SKM,NYSE,"SK Telecom Co., Ltd. Common Stock",Stock,True,2026-05-08,,,d07e488482c402dbbdb9
SKT,NYSE,Tanger Inc. Common Stock,Stock,True,2026-05-08,,,8dea9d5e400fd0277412
SKY,NYSE,"Champion Homes, Inc. Common Stock",Stock,True,2026-05-08,,,2f5f0fbe01b270999981
SKYH,NYSE,Sky Harbour Group Corporation Class A Common Stock,Stock,True,2026-05-08,,,0aabe04dc4dc979e043e
SKYH.W,NYSE,"Sky Harbour Group Corporation Warrants, each whole warrant exercisable for one share of Class A common stock at an exercise price of $11.50 per share",Stock,True,2026-05-08,,,2eacef7bb697988b2868
SLAI,NYSE,SOLAI Limited American Depositary Shares (each representing one hundred (100) Class A Ordinary Shares),Stock,False,2026-05-08,2026-07-06,Listing metadata changed,27cb70a725ed1527b938
SLAI,NYSE,SOLAI Limited American Depositary Shares (each representing seven hundred (700) Class A Ordinary Shares),Stock,False,2026-07-06,2026-07-17,Missing from current NYSE source snapshot; reason unavailable,a76387e87b45eeca417b
SLB,NYSE,SLB Limited Common Shares,Stock,True,2026-05-08,,,8a4e68975eeeba9c89b2
SLF,NYSE,Sun Life Financial Inc. Common Stock,Stock,True,2026-05-08,,,1b1736f6f0d8213144c2
SLG,NYSE,SL Green Realty Corp Common Stock,Stock,True,2026-05-08,,,428981b54c79a34341c1
SLG$I,NYSE,SL Green Realty Corporation Preferred Series I,Stock,True,2026-05-08,,,b26adace5e518c0fce9b
SLGN,NYSE,Silgan Holdings Inc. Common Stock,Stock,True,2026-05-08,,,754d79c0507d830857be
SLNZ,NYSE,TCW Senior Loan ETF,ETF,True,2026-05-08,,,31eccea2a765b73b2e15
SLQT,NYSE,"SelectQuote, Inc. Common Stock",Stock,True,2026-05-08,,,0644ef64b29218eda7c7
SLVM,NYSE,Sylvamo Corporation Common Stock,Stock,True,2026-05-08,,,e09831d6361b625d5be3
SM,NYSE,SM Energy Company Common Stock,Stock,True,2026-05-08,,,392b770ded5d4b0cfa17
SMA,NYSE,"SmartStop Self Storage REIT, Inc. Common Stock",Stock,True,2026-05-08,,,2671a760f76b638d89f9
SMBK,NYSE,"SmartFinancial, Inc. Common Stock",Stock,True,2026-05-08,,,4541b15a56581c122c9d
SMC,NYSE,Summit Midstream Corporation Common Stock,Stock,True,2026-05-08,,,81b4116091e904ba426c
SMFG,NYSE,Sumitomo Mitsui Financial Group Inc Unsponsored American Depositary Shares (Japan),Stock,True,2026-05-08,,,34a18b5fa65758757b39
SMG,NYSE,Scotts Miracle-Gro Company (The) Common Stock,Stock,True,2026-05-08,,,b05d2be3eb2643038e61
SMHI,NYSE,SEACOR Marine Holdings Inc. Common Stock,Stock,True,2026-05-08,,,8a587984406c123911e2
SMP,NYSE,"Standard Motor Products, Inc. Common Stock",Stock,True,2026-05-08,,,0c2a8ef282133f9fc6f0
SMR,NYSE,NuScale Power Corporation Class A Common Stock,Stock,True,2026-05-08,,,ddb979494146175c7ede
SMRT,NYSE,"SmartRent, Inc. Class A Common Stock",Stock,True,2026-05-08,,,337173ff34f2e58ddc67
SMWB,NYSE,Similarweb Ltd. Ordinary Shares,Stock,True,2026-05-08,,,2ae1ac9178dfe9eec9f1
SN,NYSE,"SharkNinja, Inc. Ordinary Shares",Stock,True,2026-05-08,,,c1420d194128bb33ba25
SNA,NYSE,Snap-On Incorporated Common Stock,Stock,True,2026-05-08,,,02a2dbc2b6b1794020ae
SNAP,NYSE,Snap Inc. Class A Common Stock,Stock,True,2026-05-08,,,7c220a0ae856a627c9ec
SNDA,NYSE,"Sonida Senior Living, Inc. Common Stock",Stock,True,2026-05-08,,,769e0450db38fc7fb09e
SNDR,NYSE,"Schneider National, Inc. Common Stock",Stock,True,2026-05-08,,,9e696fd05c1edb6987ad
SNN,NYSE,"Smith & Nephew SNATS, Inc. Common Stock",Stock,True,2026-05-08,,,d5b0a438753556885fcb
SNOW,NYSE,Snowflake Inc. Common Stock,Stock,True,2026-05-08,,,a0d2ca8579a47e2ca71c
SNX,NYSE,TD SYNNEX Corporation Common Stock,Stock,True,2026-05-08,,,83e2db98c60f528d19ea
SO,NYSE,Southern Company (The) Common Stock,Stock,True,2026-05-08,,,20fe38263d89f5f80c17
SOBO,NYSE,South Bow Corporation Common Shares,Stock,True,2026-05-08,,,203929982b5224de3a68
SOC,NYSE,Sable Offshore Corp. Common Stock,Stock,True,2026-05-08,,,f0e1dda656fa7424c7c9
SOJC,NYSE,"Southern Company (The) Series 2017B 5.25% Junior Subordinated Notes due December 1, 2077",Stock,True,2026-05-08,,,98f8bd691145404ad6cd
SOJD,NYSE,"Southern Company (The) Series 2020A 4.95% Junior Subordinated Notes due January 30, 2080",Stock,True,2026-05-08,,,af6fd5e1615409d8a41e
SOJE,NYSE,"Southern Company (The) Series 2020C 4.20% Junior Subordinated Notes due October 15, 2060",Stock,True,2026-05-08,,,9b1a268785c1cefe0b05
SOJF,NYSE,"Southern Company (The) Series 2025A 6.50% Junior Subordinated Notes due March 15, 2085",Stock,True,2026-05-08,,,eddede6c8fe55ce86b71
SOLV,NYSE,Solventum Corporation Common Stock,Stock,True,2026-05-08,,,adef265fbd42310fdfac
SOMN,NYSE,Southern Company (The) 2025 Series A Corporate Units,Stock,True,2026-05-08,,,ce65a0ed2f3752d8b78b
SON,NYSE,Sonoco Products Company Common Stock,Stock,True,2026-05-08,,,00a8a32a22b8a2ff3416
SONY,NYSE,Sony Group Corporation American Depositary Shares,Stock,True,2026-05-08,,,f2a62ee950d88dd9ba07
SOR,NYSE,"Source Capital, Inc. Cmn Shs of BI",Stock,True,2026-05-08,,,b0a7b3699f064eece24a
SOS,NYSE,SOS Limited Class A Ordinary Shares,Stock,True,2026-05-08,,,cc0152596564e33f8ed9
SOUL,NYSE,Soulpower Acquisition Corporation Class A Ordinary Shares,Stock,True,2026-05-08,,,489ffa15667179b1bfc9
SOUL.R,NYSE,"Soulpower Acquisition Corporation Rights, each right entitling the holder to receive one-tenth (1/10) of one Class A Ordinary Share",Stock,True,2026-05-08,,,e4a010ac0e2a518fcca9
SOUL.U,NYSE,"Soulpower Acquisition Corporation Units, each consisting of one Class A ordinary share and one right",Stock,True,2026-05-08,,,a4179325bd1aee0001bc
SPB,NYSE,"Spectrum Brands Holdings, Inc. Common Stock",Stock,True,2026-05-08,,,b998b48001ee2478d9f8
SPCE,NYSE,"Virgin Galactic Holdings, Inc. Common Stock",Stock,True,2026-05-08,,,dc8108a5495b7d4d573e
SPE,NYSE,"Special Opportunities Fund, Inc Common Stock",Stock,True,2026-05-08,,,5c7fae1339d53779c547
SPE$C,NYSE,"Special Opportunities Fund Inc. 2.75% Convertible Preferred Stock, Series C",Stock,True,2026-05-08,,,2a0b935bf0bd617258d3
SPG,NYSE,"Simon Property Group, Inc. Common Stock",Stock,True,2026-05-08,,,024afc5fc224602da399
SPG$J,NYSE,"Simon Property Group, Inc. Simon Property Group 8 3/8% Series J Cumulative Redeemable Preferred Stock",Stock,True,2026-05-08,,,c227e4a91b87eedb55ac
SPGI,NYSE,S&P Global Inc. Common Stock,Stock,True,2026-05-08,,,b5f875d9e31a11faee6f
SPGI.V,NYSE,S&P Global Inc. Common Stock When-Issued,Stock,False,2026-06-26,2026-07-01,Missing from current NYSE source snapshot; reason unavailable,502d0716c6aa612bfbb7
SPH,NYSE,"Suburban Propane Partners, L.P. Common Stock",Stock,True,2026-05-08,,,94647271b4695a331245
SPHR,NYSE,Sphere Entertainment Co. Class A Common Stock,Stock,True,2026-05-08,,,10ee3a61563b16755e89
SPIR,NYSE,"Spire Global, Inc. Class A Common Stock",Stock,True,2026-05-08,,,42526c818d4307986723
SPMA,NYSE,"Sound Point Meridian Capital, Inc. 8.00% Series A Preferred Shares Due 2029",Stock,True,2026-05-08,,,7be9c41999e7917fc8f2
SPMC,NYSE,"Sound Point Meridian Capital, Inc. Common Stock",Stock,True,2026-05-08,,,bf66babee4f7665be6e7
SPME,NYSE,"Sound Point Meridian Capital, Inc. 7.875% Series B Preferred Shares due 2030",Stock,True,2026-05-08,,,4d7dfeb663e3ae8dd977
SPNT,NYSE,SiriusPoint Ltd. Common Shares,Stock,True,2026-05-08,,,062b4cb1e7864b7b86c6
SPOT,NYSE,Spotify Technology S.A. Ordinary Shares,Stock,True,2026-05-08,,,03816d72130e03eec73e
SPRU,NYSE,Spruce Power Holding Corporation Class A Common Stock,Stock,True,2026-05-08,,,1ee0c91db89a467b366c
SPXC,NYSE,"SPX Technologies, Inc. Common Stock",Stock,True,2026-05-08,,,0614dc6735a13c247991
SPXX,NYSE,Nuveen S&P 500 Dynamic Overwrite Fund,Stock,True,2026-05-08,,,1f01b8b791c5821f2b4e
SQM,NYSE,Sociedad Quimica y Minera S.A. Common Stock,Stock,True,2026-05-08,,,8f79113748a0b1e382c8
SQNS,NYSE,Sequans Communications S.A. American Depositary Shares (each representing one hundred (100) Ordinary Shares),Stock,True,2026-05-08,,,fbea5e7de79a2d3186e8
SR,NYSE,Spire Inc. Common Stock,Stock,True,2026-05-08,,,be0db09cfd8df5aac1e4
SRE,NYSE,DBA Sempra Common Stock,Stock,True,2026-05-08,,,fb9f63fa7f78ea01943c
SREA,NYSE,DBA Sempra 5.750% Junior Subordinated Notes due 2079,Stock,True,2026-05-08,,,6d6de02d36fe8a985411
SRFM,NYSE,Surf Air Mobility Inc. Common Stock,Stock,True,2026-05-08,,,c8e8938d449df10cccbe
SRG,NYSE,Seritage Growth Properties Class A Common Stock,Stock,True,2026-05-08,,,e97a14e4adee12708752
SRG$A,NYSE,Seritage Growth Properties 7.00% Series A Cumulative Redeemable Preferred Shares of Beneficial Interest,Stock,True,2026-05-08,,,1d106c6f7c2280e78f92
SRI,NYSE,"Stoneridge, Inc. Common Stock",Stock,True,2026-05-08,,,417263a0e5e722c413bb
SRJN,NYSE,Spire Inc. 6.375% Junior Subordinated Notes due 2086,Stock,True,2026-05-08,,,547ecdd06614bdbc7327
SRL,NYSE,Scully Royalty Ltd.,Stock,True,2026-05-08,,,335d4d6dc685b6b1c636
SRV,NYSE,NXG Cushing Midstream Energy Fund Common Shares of Beneficial Interest,Stock,True,2026-05-08,,,7a905685322ca2d7551a
SSB,NYSE,SouthState Bank Corporation Common Stock,Stock,True,2026-05-08,,,fe7dbe2a4da3503930f8
SSD,NYSE,"Simpson Manufacturing Company, Inc. Common Stock",Stock,True,2026-05-08,,,1cf6e532ba04fb09f2fa
SSL,NYSE,Sasol Ltd. American Depositary Shares,Stock,True,2026-05-08,,,4fbf0ebad9ad7561e6bf
SSMR,NYSE,Sunshine Silver Mining & Refining Company Common Stock,Stock,True,2026-06-04,,,9e1f1bfaa074466efa71
SST,NYSE,"System1, Inc. Class A Common Stock",Stock,True,2026-05-08,,,2fac7e06bcdee574935d
SSTK,NYSE,"Shutterstock, Inc. Common Stock",Stock,True,2026-05-08,,,63b1e421900fcdbfe2ef
ST,NYSE,Sensata Technologies Holding plc Ordinary Shares,Stock,True,2026-05-08,,,d059886630cdb80ba431
STAG,NYSE,"Stag Industrial, Inc. Common Stock",Stock,True,2026-05-08,,,75cb0b5e4d15a7b9e878
STC,NYSE,Stewart Information Services Corporation Common Stock,Stock,True,2026-05-08,,,57a21b90ed8d402136f8
STDN,NYSE,"Standard Nuclear, Inc. Class A Common Stock",Stock,True,2026-07-16,,,882c5cbfcb4e8350cdeb
STE,NYSE,STERIS plc (Ireland) Ordinary Shares,Stock,True,2026-05-08,,,63740d47200665d2ae72
STEL,NYSE,"Stellar Bancorp, Inc. Common Stock",Stock,False,2026-05-08,2026-07-01,Missing from current NYSE source snapshot; reason unavailable,0f104342073004b97bcc
STEM,NYSE,"Stem, Inc. Class A Common Stock",Stock,True,2026-05-08,,,8f192ebe731ea4b09136
STEW,NYSE,"SRH Total Return Fund, Inc. Common Stock",Stock,True,2026-05-08,,,baa9f2024e84e8645140
STG,NYSE,"Sunlands Technology Group American Depositary Shares, representing Class A ordinary shares",Stock,True,2026-05-08,,,8a565127a41ac348ce38
STK,NYSE,Columbia Seligman Premium Technology Growth Fund Inc,Stock,True,2026-05-08,,,7b9dba01dfe4c5c294ad
STLA,NYSE,Stellantis N.V. Common Shares,Stock,True,2026-05-08,,,2dcf30bc12759da85d1f
STM,NYSE,STMicroelectronics N.V. Common Stock,Stock,True,2026-05-08,,,8591ed3c620c3b4549c2
STN,NYSE,Stantec Inc Common Stock,Stock,True,2026-05-08,,,c03b2c3e6c9924e8d77d
STNG,NYSE,Scorpio Tankers Inc. Common Shares,Stock,True,2026-05-08,,,79ebedfe716d57f1d8a9
STRV,NYSE,Strive 500 ETF,ETF,False,2026-05-08,2026-06-08,Other delisting reason: Details unavailable (source: FMP Delisted API),b9b8b1e39a77768b90ea
STT,NYSE,State Street Corporation Common Stock,Stock,True,2026-05-08,,,4b0f2953fe54b7963370
STT$G,NYSE,"State Street Corporation Depositary shares, each representing a 1/4,000th ownership interest in a share of Fixed-to-Floating Rate Non-Cumulative",Stock,True,2026-05-08,,,83ed734d5e041655a95d
STUB,NYSE,"StubHub Holdings, Inc. Class A Common Stock",Stock,True,2026-05-08,,,16a12085a13aaab21388
STVN,NYSE,Stevanato Group S.p.A. Ordinary Shares,Stock,True,2026-05-08,,,2f51d5128121d45873c7
STWD,NYSE,"STARWOOD PROPERTY TRUST, INC. Starwood Property Trust Inc.",Stock,True,2026-05-08,,,2323c700651936552f3e
STXD,NYSE,Strive 1000 Dividend Growth ETF,ETF,True,2026-05-08,,,1e7a5ee1386dbb43497e
STXE,NYSE,Strive Emerging Markets Ex-China ETF,ETF,True,2026-05-08,,,52fc5ec0243768f1d922
STXF,NYSE,Strive 500 ETF,ETF,True,2026-06-08,,,b9b8b1e39a77768b90ea
STXG,NYSE,Strive 1000 Growth ETF,ETF,True,2026-05-08,,,4788558b391708959604
STXK,NYSE,Strive Small-Cap ETF,ETF,True,2026-05-08,,,c0ab93e0c35a5a0d3bd3
STXT,NYSE,Strive Total Return Bond ETF,ETF,True,2026-05-08,,,3963b77802b16ef664f5
STXV,NYSE,Strive 1000 Value ETF,ETF,True,2026-05-08,,,555d375b2ca7cbf045d2
STZ,NYSE,"Constellation Brands, Inc. Common Stock",Stock,True,2026-05-08,,,3b71b8773547d4dc360f
SU,NYSE,Suncor Energy Inc. Common Stock,Stock,True,2026-05-08,,,faac7cd1c76d547082fe
SUI,NYSE,"Sun Communities, Inc. Common Stock",Stock,True,2026-05-08,,,f162109951409036742a
SUN,NYSE,Sunoco LP Common Units representing limited partner interests,Stock,True,2026-05-08,,,3e2d31db2b67e1d24717
SUNB,NYSE,"Sunbelt Rentals Holdings, Inc. Common Stock",Stock,True,2026-05-08,,,1ff8c293397ef399bc76
SUNC,NYSE,"SunocoCorp LLC Common Units, representing limited liability company interests",Stock,True,2026-05-08,,,065f5b23c98f4890bde0
SUPV,NYSE,Grupo Supervielle S.A. American Depositary Shares each Representing five Class B shares,Stock,True,2026-05-08,,,4181098dfc93e2e4ddf3
SUZ,NYSE,Suzano S.A. American Depositary Shares (each representing One Ordinary Share),Stock,True,2026-05-08,,,890fe6bd252f0e784def
SVV,NYSE,"Savers Value Village, Inc. Common Stock",Stock,True,2026-05-08,,,6478cc9ae06e308ff1c4
SW,NYSE,Smurfit WestRock plc Ordinary Shares,Stock,True,2026-05-08,,,a317b9358ef909224de5
SWK,NYSE,"Stanley Black & Decker, Inc. Common Stock",Stock,True,2026-05-08,,,c9b3ee4b19ba63a8a372
SWX,NYSE,"Southwest Gas Holdings, Inc. Common Stock (DE)",Stock,True,2026-05-08,,,f1976e24062a16199bdd
SWZ,NYSE,Total Return Securities Fund Common Stock,Stock,True,2026-05-08,,,c091a58b8cf08c0e3349
SXC,NYSE,"SunCoke Energy, Inc. Common Stock",Stock,True,2026-05-08,,,0323eab4feef0deaf8d6
SXI,NYSE,Standex International Corporation Common Stock,Stock,True,2026-05-08,,,ab311ae512f0d0869f0c
SXT,NYSE,Sensient Technologies Corporation Common Stock,Stock,True,2026-05-08,,,595aad8de70970d83525
SYF,NYSE,Synchrony Financial Common Stock,Stock,True,2026-05-08,,,3a0e64c590d25c2b2acd
SYF$A,NYSE,"Synchrony Financial Depositary Shares, each Representing a 1/40th Interest in a Share of 5.625% Fixed Rate Non-Cumulative Perpetual Preferred Stock, Series A",Stock,True,2026-05-08,,,fbdbf6d9105beb988c65
SYF$B,NYSE,"Synchrony Financial Depositary Shares Each Representing a 1/40th Interest in a Share of 8.250% Fixed Rate Reset Non-Cumulative Perpetual Preferred Stock, Series B",Stock,True,2026-05-08,,,704108e2eecb6b44b0b9
SYK,NYSE,Stryker Corporation Common Stock,Stock,True,2026-05-08,,,5feac8398e11ec9ea442
SYY,NYSE,Sysco Corporation Common Stock,Stock,True,2026-05-08,,,69195a581719ec216587
T,NYSE,AT&T Inc.,Stock,True,2026-05-08,,,8c71be80aecfcfd8ca7d
T$A,NYSE,"AT&T Inc. Depositary Shares, each representing a 1/1,000th interest in a share of 5.000% Perpetual Preferred Stock, Series A",Stock,True,2026-05-08,,,58204c984bce1aeba865
T$C,NYSE,"AT&T Inc. Depositary Shares, each representing a 1/1,000th interest in a share of 4.750% Perpetual Preferred Stock, Series C",Stock,True,2026-05-08,,,4b9afcc34ef1c49a3483
TAC,NYSE,TransAlta Corporation Ordinary Shares,Stock,True,2026-05-08,,,1cbb21fc402e3852e3dc
TAK,NYSE,Takeda Pharmaceutical Company Limited American Depositary Shares (each representing 1/2 of a share of Common Stock),Stock,True,2026-05-08,,,0020bca0589e03a1a7b4
TAL,NYSE,TAL Education Group American Depositary Shares,Stock,True,2026-05-08,,,3c0349f4a82a61c5792d
TALO,NYSE,"Talos Energy, Inc. Common Stock",Stock,True,2026-05-08,,,f9a6818a7eec0f6f4c61
TAP,NYSE,Molson Coors Beverage Company Class B Common Stock,Stock,True,2026-05-08,,,d48d27b325f2a2656e9c
TAP.A,NYSE,Molson Coors Beverage Company Class A Common Stock,Stock,True,2026-05-08,,,16834016c4877380ffcc
TBB,NYSE,AT&T Inc. 5.350% Global Notes due 2066,Stock,True,2026-05-08,,,c49773b0b44afddd40f9
TBBB,NYSE,BBB Foods Inc. Class A Common Shares,Stock,True,2026-05-08,,,9a7e7bcf9210249b6d96
TBI,NYSE,"TrueBlue, Inc. Common Stock",Stock,True,2026-05-08,,,ca6e992524d7df7b3020
TBLU,NYSE,Tortoise Global Water ETF,ETF,True,2026-05-08,,,9bf194700acccc9c941f
TBN,NYSE,Tamboran Resources Corporation Common stock,Stock,True,2026-05-08,,,906ee21b27122472ed3b
TCAI,NYSE,Tortoise AI Infrastructure ETF,ETF,True,2026-05-08,,,0431628941e22af19938
TCBX,NYSE,"Third Coast Bancshares, Inc. Common Stock",Stock,True,2026-05-08,,,3745855de9348c88f755
TCI,NYSE,"Transcontinental Realty Investors, Inc. Common Stock",Stock,True,2026-05-08,,,984052d79d5fc794c0a7
TCPA,NYSE,TransCanada PipeLines Limited 6.250% Junior Subordinated Notes due 2085,Stock,True,2026-05-08,,,e3a24f54e3d2a19ed5d4
TD,NYSE,Toronto Dominion Bank (The) Common Stock,Stock,True,2026-05-08,,,83aa2b5f4519baf1f03a
TDAY,NYSE,"USA TODAY Co., Inc. Common Stock",Stock,True,2026-05-08,,,3f6e76173b5f3a4c9059
TDC,NYSE,Teradata Corporation Common Stock,Stock,True,2026-05-08,,,34485575da12b1e8db92
TDF,NYSE,"Templeton Dragon Fund, Inc. Common Stock",Stock,True,2026-05-08,,,dada79ea943de195d2e2
TDG,NYSE,Transdigm Group Incorporated Common Stock,Stock,True,2026-05-08,,,b7314ea932d3728dc860
TDOC,NYSE,"Teladoc Health, Inc. Common Stock",Stock,True,2026-05-08,,,2450aa55855270786152
TDS,NYSE,"Telephone and Data Systems, Inc. Common Shares",Stock,True,2026-05-08,,,42120a6866c372199fc1
TDS$U,NYSE,"Telephone and Data Systems, Inc. Depositary Shares, Each Representing a 1/1,000th Interest in a 6.625% Series UU Cumulative Redeemable Perpetual Preferred Stock",Stock,True,2026-05-08,,,82f28dc6415c03547ed5
TDS$V,NYSE,"Telephone and Data Systems, Inc. Depositary Shares, Each Representing a 1/1,000th Interest in a 6.000% Series VV Cumulative Redeemable Perpetual Preferred Stock",Stock,True,2026-05-08,,,d53c1a53fdaf4c42e7e1
TDW,NYSE,Tidewater Inc. Common Stock,Stock,True,2026-05-08,,,5c916437ddee19b24633
TDY,NYSE,Teledyne Technologies Incorporated Common Stock,Stock,True,2026-05-08,,,00c0a90f116ba81e5987
TE,NYSE,T1 Energy Inc. Common Stock,Stock,True,2026-05-08,,,7577cf00ff4c1a119e12
TE.W,NYSE,"T1 Energy Inc. Warrants, each whole warrant exercisable to purchase one Common Stock at an exercise price of $11.50 per share",Stock,False,2026-05-08,2026-07-09,Missing from current NYSE source snapshot; reason unavailable,2f03d1fb3ab2d758c282
TECK,NYSE,Teck Resources Ltd Ordinary Shares,Stock,True,2026-05-08,,,9622c3b2c547e5405ca8
TEI,NYSE,"Templeton Emerging Markets Income Fund, Inc. Common Stock",Stock,True,2026-05-08,,,016c8b307b493d137f02
TEL,NYSE,TE Connectivity plc Ordinary Shares,Stock,True,2026-05-08,,,61c18e5982bebf0fd557
TEN,NYSE,Tsakos Energy Navigation Ltd Common Shares,Stock,True,2026-05-08,,,6795e3b8f16586c24295
TEN$E,NYSE,"Tsakos Energy Navigation Ltd Series E Fixed-to-Floating Rate Cumulative Redeemable Perpetual Preferred Shares, par value $1.00",Stock,True,2026-05-08,,,8b3ebf8a431dcaaf182a
TEN$F,NYSE,"Tsakos Energy Navigation Ltd Series F Fixed-to-Floating Rate Cumulative Redeemable Perpetual Preferred Shares, par value $1.00",Stock,True,2026-05-08,,,9216633d06c37cba9f27
TEO,NYSE,Telecom Argentina SA,Stock,True,2026-05-08,,,b7d4f8d53a902eb65efc
TEVA,NYSE,Teva Pharmaceutical Industries Limited American Depositary Shares,Stock,True,2026-05-08,,,5e4ab0c60d538b125c29
TEX,NYSE,Terex Corporation Common Stock,Stock,True,2026-05-08,,,1fa88adda03e6eeceaa3
TFC,NYSE,Truist Financial Corporation Common Stock,Stock,True,2026-05-08,,,96d900b60237173fb26f
TFC$I,NYSE,Truist Financial Corporation Depositary Shares,Stock,True,2026-05-08,,,0bb7fbc36c02ac127aa1
TFC$O,NYSE,"Truist Financial Corporation Depositary Shares, Each Representing a 1/1,000th Interest in a Share of Series O Non-Cumulative Perpetual Preferred Stock",Stock,True,2026-05-08,,,58587bc6f7a3fb5e0030
TFC$R,NYSE,"Truist Financial Corporation Depositary Shares, each representing 1/1,000th interest in a share of Series R Non-Cumulative Perpetual Preferred Stock",Stock,True,2026-05-08,,,922a8acef428d1360369
TFII,NYSE,TFI International Inc. Common Shares,Stock,True,2026-05-08,,,58a51c53552c1813d6b9
TFIN,NYSE,"Triumph Financial, Inc. Common Stock",Stock,True,2026-05-08,,,75d73b542f3e57ba8e88
TFIN$,NYSE,"Triumph Financial, Inc. Depositary Shares, Each Representing a 1/40th Interest in a Share of 7.125% Series C Fixed-Rate Non-Cumulative Perpetual Preferred Stock",Stock,True,2026-05-08,,,82300647807781e8538f
TFPM,NYSE,Triple Flag Precious Metals Corp. Common Shares,Stock,True,2026-05-08,,,3fbd31e11e9cbb0d192f
TFX,NYSE,Teleflex Incorporated Common Stock,Stock,True,2026-05-08,,,aa4cdbbe483396da4aaf
TG,NYSE,Tredegar Corporation Common Stock,Stock,True,2026-05-08,,,6d346dbaf18ce6c0a202
TGE,NYSE,The Generation Essentials Group Class A Ordinary Shares,Stock,True,2026-05-08,,,78c277a2d5277de3e468
TGLS,NYSE,Tecnoglass Inc. Ordinary Shares,Stock,False,2026-05-08,2026-07-08,Listing metadata changed,d47bfdca85705f207196
TGLS,NYSE,Tecnoglass Inc. Common Stock,Stock,True,2026-07-08,,,a56067d83674600b7c3c
TGS,NYSE,Transportadora de Gas del Sur SA TGS Common Stock,Stock,True,2026-05-08,,,57b8cd645fc531ff3e36
TGT,NYSE,Target Corporation Common Stock,Stock,True,2026-05-08,,,f9536048e2e7dd97f787
THC,NYSE,Tenet Healthcare Corporation Common Stock,Stock,True,2026-05-08,,,10eb1e6df6f13b8e7597
THG,NYSE,Hanover Insurance Group Inc,Stock,True,2026-05-08,,,99cd910e2f008833e9a3
THIR,NYSE,THOR Index Rotation ETF,ETF,True,2026-05-08,,,ecc77bdbf5001877c83e
THLV,NYSE,THOR Equal Weight Low Volatility ETF,ETF,True,2026-05-08,,,21720913c4ecfeac9787
THMR,NYSE,THOR AdaptiveRisk Dynamic ETF,ETF,True,2026-05-08,,,e5359c7a64d1a46b3380
THO,NYSE,"Thor Industries, Inc. Common Stock",Stock,True,2026-05-08,,,79c34de7b3c07b794a85
THQ,NYSE,abrdn Healthcare Opportunities Fund Shares of Beneficial Interest,Stock,True,2026-05-08,,,3027ee69de4083ec9303
THR,NYSE,"Thermon Group Holdings, Inc. Common Stock",Stock,False,2026-05-08,2026-06-01,Missing from current NYSE source snapshot; reason unavailable,0dd21e9eea068f216b88
THW,NYSE,abrdn World Healthcare Fund Shares of Beneficial Interest,Stock,True,2026-05-08,,,af7004493e31ccc343e5
TIC,NYSE,"TIC Solutions, Inc. Common Stock",Stock,True,2026-05-08,,,55ea54f088be297a3914
TIMB,NYSE,TIM S.A. American Depositary Shares (Each representing 5 Common Shares),Stock,True,2026-05-08,,,9be1061e31a6abe3ca38
TISI,NYSE,"Team, Inc. Common Stock",Stock,True,2026-05-08,,,1fad931aa3a7cd32119c
TJX,NYSE,"TJX Companies, Inc. (The) Common Stock",Stock,True,2026-05-08,,,1edc1e9434092c6b1fdf
TK,NYSE,Teekay Corporation Ltd. Common Stock,Stock,True,2026-05-08,,,1a48eb72c0d4c4975176
TKC,NYSE,Turkcell Iletisim Hizmetleri AS Common Stock,Stock,True,2026-05-08,,,64b6822f05ee957f8e12
TKO,NYSE,"TKO Group Holdings, Inc. Class A Common Stock",Stock,True,2026-05-08,,,799e50c09146cd3f8773
TKR,NYSE,Timken Company (The) Common Stock,Stock,True,2026-05-08,,,031f10131a0b7669c54f
TLK,NYSE,"PT Telekomunikasi Indonesia, Tbk",Stock,True,2026-05-08,,,15924a8d15dcee1ec53e
TLYS,NYSE,"Tilly's, Inc. Common Stock",Stock,True,2026-05-08,,,8cce82eb452fd75e2346
TM,NYSE,Toyota Motor Corporation Common Stock,Stock,True,2026-05-08,,,f26743244334f0d60ad4
TME,NYSE,"Tencent Music Entertainment Group American Depositary Shares, each representing two Class A Ordinary Shares",Stock,True,2026-05-08,,,c72b11afb422855aec9c
TMHC,NYSE,Taylor Morrison Home Corporation Common Stock,Stock,True,2026-05-08,,,bb03d752e521b85cc0ab
TMO,NYSE,Thermo Fisher Scientific Inc Common Stock,Stock,True,2026-05-08,,,4a7988b5e1f7e180e3d5
TNC,NYSE,Tennant Company Common Stock,Stock,True,2026-05-08,,,951a79135f108a8d9755
TNET,NYSE,"TriNet Group, Inc. Common Stock",Stock,True,2026-05-08,,,daaf4b24f04585a7ecf3
TNGY,NYSE,Tortoise Energy ETF,ETF,True,2026-05-08,,,bfdc6aa5acb7ecd5d1fc
TNK,NYSE,Teekay Tankers Ltd.,Stock,True,2026-05-08,,,f4dfbb0aef182cd09a70
TNL,NYSE,Travel Leisure Co. Common Stock,Stock,True,2026-05-08,,,72ce8ba10d44501c4bc4
TOL,NYSE,"Toll Brothers, Inc. Common Stock",Stock,True,2026-05-08,,,6980c5f93188fe5c003a
TOST,NYSE,"Toast, Inc. Class A Common Stock",Stock,True,2026-05-08,,,4f938d718d0196577c02
TPB,NYSE,"Turning Point Brands, Inc. Common Stock",Stock,True,2026-05-08,,,547fbd8da9f05f531f50
TPC,NYSE,Tutor Perini Corporation Common Stock,Stock,True,2026-05-08,,,8df11fb9024c08facfe5
TPH,NYSE,"Tri Pointe Homes, Inc. Common Stock",Stock,False,2026-05-08,2026-05-14,Missing from current NYSE source snapshot; reason unavailable,38cb6101b88b05821d75
TPL,NYSE,Texas Pacific Land Corporation Common Stock,Stock,True,2026-05-08,,,808bdfc21616f5fcecb9
TPR,NYSE,"Tapestry, Inc. Common Stock",Stock,True,2026-05-08,,,eab578b92da3bf80f1b0
TPTA,NYSE,"Terra Property Trust, Inc. 6.00% Notes due 2026",Stock,False,2026-05-08,2026-06-30,Missing from current NYSE source snapshot; reason unavailable,1156156227fe2fe10689
TPTS,NYSE,"Terra Property Trust, Inc. 7.00% Senior Secured Notes due 2029",Stock,True,2026-06-23,,,07e3bdac332e9777560b
TPVG,NYSE,TriplePoint Venture Growth BDC Corp. Common Stock,Stock,True,2026-05-08,,,7b29f42c908c6104e231
TPYP,NYSE,Tortoise North American Pipeline ETF,ETF,True,2026-05-08,,,b808636d02fe0f1d2e5d
TPZ,NYSE,Tortoise Electrification Infrastructure ETF,ETF,True,2026-05-08,,,8c81464f1dbad5990db5
TR,NYSE,"Tootsie Roll Industries, Inc. Common Stock",Stock,True,2026-05-08,,,9bc61f875474dc8e2d18
TRAD,NYSE,APEX Tech Acquisition Inc. Ordinary Shares,Stock,True,2026-05-08,,,690bd3e201e352c772f5
TRAD.R,NYSE,"APEX Tech Acquisition Inc. Rights, each entitling the holder to receive one-fourth (1/4) of one ordinary share",Stock,True,2026-05-08,,,fdc00c507797d0252c7c
TRAD.U,NYSE,"APEX Tech Acquisition Inc. Units, each consisting of one Class A ordinary share and one right to receive one sixth (1/6) of a Class A ordinary share",Stock,True,2026-05-08,,,eaaab85b6464a3d6c488
TRAK,NYSE,"ReposiTrak, Inc. Common Stock",Stock,True,2026-05-08,,,e15f7aadbca9ad980919
TRC,NYSE,Tejon Ranch Co Common Stock,Stock,True,2026-05-08,,,c00a728f492ca9f09d13
TREX,NYSE,"Trex Company, Inc. Common Stock",Stock,True,2026-05-08,,,2358904c8c8a34470420
TRGP,NYSE,"Targa Resources, Inc. Common Stock",Stock,True,2026-05-08,,,bd6914608b8abd1ad3f6
TRLV,NYSE,Trulieve Cannabis Corp. Subordinate Voting Shares,Stock,True,2026-06-10,,,b59846d47353beced9d8
TRN,NYSE,"Trinity Industries, Inc. Common Stock",Stock,True,2026-05-08,,,8ab2a5e001947740ef75
TRNO,NYSE,Terreno Realty Corporation Common Stock,Stock,True,2026-05-08,,,65134fc2b64b7315a829
TROX,NYSE,Tronox Holdings plc Ordinary Shares (UK),Stock,True,2026-05-08,,,f02e1bd0c6a2c5443ac1
TRP,NYSE,TC Energy Corporation Common Stock,Stock,True,2026-05-08,,,b5a5f4dd969374651b82
TRTN$A,NYSE,Triton International Limited 8.50% Series A Cumulative Redeemable Perpetual Preference Shares,Stock,True,2026-05-08,,,679582659e8696cddf73
TRTN$B,NYSE,Triton International Limited 8.00% Series B Cumulative Redeemable Perpetual Preference Shares,Stock,True,2026-05-08,,,a8f616bd1d9e0736e110
TRTN$C,NYSE,Triton International Limited 7.375% Series C Cumulative Redeemable Perpetual Preference Shares,Stock,True,2026-05-08,,,802f9e1fe5faf3708a00
TRTN$D,NYSE,Triton International Limited 6.875% Series D Cumulative Redeemable Perpetual Preference Shares,Stock,True,2026-05-08,,,de4b615d4095ed823856
TRTN$E,NYSE,Triton International Limited 5.75% Series E Cumulative Redeemable Perpetual Preference Shares,Stock,True,2026-05-08,,,b389f78f961ff5b844ca
TRTN$F,NYSE,Triton International Limited 7.625% Series F Cumulative Redeemable Perpetual Preference Shares,Stock,True,2026-05-08,,,593cc16a1ebe8465bdd1
TRTN$G,NYSE,Triton International Limited 7.500% Series G Cumulative Redeemable Perpetual Preference Shares,Stock,True,2026-05-08,,,be01c6edc7da79c8f3af
TRTX,NYSE,"TPG RE Finance Trust, Inc. Common Stock",Stock,True,2026-05-08,,,ef318323e56e881b96d9
TRTX$C,NYSE,"TPG RE Finance Trust, Inc. 6.25% Series C Cumulative Redeemable Preferred Stock, $0.001 par value per share",Stock,True,2026-05-08,,,63d34448eca4fb9b0843
TRU,NYSE,TransUnion Common Stock,Stock,True,2026-05-08,,,a29a96c37318ac18d04a
TRV,NYSE,"The Travelers Companies, Inc. Common Stock",Stock,True,2026-05-08,,,6e502ad06fb437d31604
TS,NYSE,Tenaris S.A. American Depositary Shares,Stock,True,2026-05-08,,,b782654de08e2c20ce5e
TSI,NYSE,"TCW Strategic Income Fund, Inc. Common Stock",Stock,True,2026-05-08,,,4122f1a292e26d718371
TSLX,NYSE,"Sixth Street Specialty Lending, Inc. Common Stock",Stock,True,2026-05-08,,,1b70cac5eef107f28ace
TSM,NYSE,Taiwan Semiconductor Manufacturing Company Ltd.,Stock,True,2026-05-08,,,d10f9c537dec98c99273
TSN,NYSE,"Tyson Foods, Inc. Common Stock",Stock,True,2026-05-08,,,8780b2f85c481bc02b96
TSQ,NYSE,"Townsquare Media, Inc. Class A Common Stock",Stock,True,2026-05-08,,,6ae8a7c3f31396527888
TT,NYSE,Trane Technologies plc,Stock,True,2026-05-08,,,5a6c7d600147ad3d52ad
TTAM,NYSE,Titan America SA Common Shares,Stock,True,2026-05-08,,,b19e00f1967aafeb8e9d
TTC,NYSE,Toro Company (The) Common Stock,Stock,True,2026-05-08,,,f65c066bc06d132bb5a0
TTE,NYSE,TotalEnergies SE Ordinary Shares,Stock,True,2026-05-08,,,71156c82b387f406cd9b
TTI,NYSE,"Tetra Technologies, Inc. Common Stock",Stock,True,2026-05-08,,,143fa90f28bb380bf50c
TU,NYSE,Telus Corporation Ordinary Shares,Stock,True,2026-05-08,,,592f4acac15989f02189
TUYA,NYSE,"Tuya Inc. American Depositary Shares, each representing one Class A Ordinary Share",Stock,True,2026-05-08,,,f37c9b6c6d22e10f1665
TV,NYSE,Grupo Televisa S.A.B. Common Stock,Stock,True,2026-05-08,,,739670ed22535fa6999a
TVC,NYSE,Tennessee Valley Authority Common Stock,Stock,True,2026-05-08,,,21d3d6df18635aa6c5af
TVE,NYSE,Tennessee Valley Authority,Stock,True,2026-05-08,,,0c2dc1090ad9faec4c6a
TWI,NYSE,"Titan International, Inc. (DE) Common Stock",Stock,True,2026-05-08,,,cd75f7b30b400b176ca9
TWLO,NYSE,Twilio Inc. Class A Common Stock,Stock,True,2026-05-08,,,b231d0097b6f4b740a77
TWN,NYSE,"Taiwan Fund, Inc. (The) Common Stock",Stock,True,2026-05-08,,,c96c95f78e556cd302b0
TWO,NYSE,Two Harbors Investment Corp,Stock,True,2026-05-08,,,c81f00411baa31444237
TWO$A,NYSE,Two Harbors Investments Corp 8.125% Series A Fixed-to-Floating Rate Cumulative Redeemable Preferred Stock ($25.00 liquidation preference per share),Stock,True,2026-05-08,,,5865b22ce825a68a62c3
TWO$B,NYSE,Two Harbors Investments Corp 7.625% Series B Fixed-to-Floating Rate Cumulative Redeemable Preferred Stock,Stock,True,2026-05-08,,,238c79d6949224b7bb5c
TWO$C,NYSE,Two Harbors Investments Corp 7.25% Series C Fixed-to-Floating Rate Cumulative Redeemable Preferred Stock,Stock,True,2026-05-08,,,088bd9bfa7bb611d600a
TWOD,NYSE,Two Harbors Investments Corp 9.375% Senior Notes due 2030,Stock,True,2026-05-08,,,a86bd7d774a4bd54bfb3
TX,NYSE,"Ternium S.A. Ternium S.A. American Depositary Shares (each representing ten shares, USD1.00 par value)",Stock,True,2026-05-08,,,dfc10c0be42443b19913
TXNM,NYSE,"TXNM Energy, Inc. Common Stock",Stock,True,2026-05-08,,,848c27cc2c04b3f8bd8e
TXO,NYSE,"TXO Partners, L.P. Common Units Representing Limited Partner Interests",Stock,True,2026-05-08,,,275bcb94a4fb192e1ba4
TXT,NYSE,Textron Inc. Common Stock,Stock,True,2026-05-08,,,d99a144da1b6b07b2758
TY,NYSE,Tri Continental Corporation Common Stock,Stock,True,2026-05-08,,,f61a19875edcd33a1e74
TY$,NYSE,Tri Continental Corporation Preferred Stock,Stock,True,2026-05-08,,,5df692e784a27fc39c82
TYG,NYSE,Tortoise Energy Infrastructure Corporation Common Stock,Stock,True,2026-05-08,,,b1f294a06eb3c5940cc3
TYG.R,NYSE,"Tortoise Energy Infrastructure Corporation Rights (expiring June 17, 2026) Rights",Stock,False,2026-05-21,2026-06-17,Missing from current NYSE source snapshot; reason unavailable,588fc29f26dd160d099e
TYG.V,NYSE,"Tortoise Energy Infrastructure Corporation Rights (expiring June 17, 2026) Rights when issued",Stock,False,2026-05-19,2026-05-21,Missing from current NYSE source snapshot; reason unavailable,50de0c5162d8c1766ab2
TYL,NYSE,"Tyler Technologies, Inc. Common Stock",Stock,True,2026-05-08,,,7be7bb71ae93664f8d25
U,NYSE,Unity Software Inc. Common Stock,Stock,True,2026-05-08,,,a8e5f9dc47c949f7c57f
UA,NYSE,"Under Armour, Inc. Class C Common Stock",Stock,True,2026-05-08,,,a6f4e2302cdd14356bb1
UAA,NYSE,"Under Armour, Inc. Class A Common Stock",Stock,True,2026-05-08,,,cca8048937107c03f766
UAMY,NYSE,United States Antimony Corporation Common Stock,Stock,True,2026-05-08,,,fefe3f6e01470ca0f118
UAN,NYSE,"CVR Partners, LP Common Units representing Limited Partner Interests",Stock,True,2026-05-08,,,19a1d861feab322a5993
UBER,NYSE,"Uber Technologies, Inc. Common Stock",Stock,True,2026-05-08,,,01b1825df4a3b9fb7430
UBS,NYSE,UBS Group AG Registered Ordinary Shares,Stock,True,2026-05-08,,,c54893fc979b030f815b
UCB,NYSE,"United Community Banks, Inc. Common Stock",Stock,True,2026-05-08,,,138010c828b966b790d0
UDR,NYSE,"UDR, Inc. Common Stock",Stock,True,2026-05-08,,,eef3f9b3731cec7d051e
UE,NYSE,Urban Edge Properties Common Shares of Beneficial Interest,Stock,True,2026-05-08,,,f83b908f916df6cc0b8e
UFI,NYSE,"Unifi, Inc. New Common Stock",Stock,True,2026-05-08,,,1e198351b56c5ac64fe9
UGI,NYSE,UGI Corporation Common Stock,Stock,True,2026-05-08,,,2e45038929d28a890a27
UGP,NYSE,Ultrapar Participacoes S.A. (New) American Depositary Shares (Each representing one Common Share),Stock,True,2026-05-08,,,d712d9a7614848cf7290
UHAL,NYSE,U-Haul Holding Company Common Stock,Stock,True,2026-05-08,,,6e13cc0966f865674f8c
UHAL.B,NYSE,U-Haul Holding Company Series N Non-Voting Common Stock,Stock,True,2026-05-08,,,0d8ee467b7125b2a29fc
UHS,NYSE,"Universal Health Services, Inc. Common Stock",Stock,True,2026-05-08,,,9004e3c2654aad72c692
UHT,NYSE,Universal Health Realty Income Trust Common Stock,Stock,True,2026-05-08,,,eec3bef60764f8515d76
UI,NYSE,Ubiquiti Inc. Common Stock,Stock,True,2026-05-08,,,4757dbc625b622fc5134
UIS,NYSE,Unisys Corporation New Common Stock,Stock,True,2026-05-08,,,3663c1b3c91f091e7458
UL,NYSE,Unilever PLC American Depositary Shares (each representing One Ordinary Share),Stock,True,2026-05-08,,,6cc545b5c653e8014cf9
ULS,NYSE,UL Solutions Inc. Class A Common Stock,Stock,True,2026-05-08,,,28ec17a7ecdf4f6ffdd5
UMC,NYSE,United Microelectronics Corporation (NEW) Common Stock,Stock,True,2026-05-08,,,8d1ba99fe54ccb1cdf2a
UMH,NYSE,"UMH Properties, Inc. Common Stock",Stock,True,2026-05-08,,,b2867ad4bf152e1e8eaf
UMH$D,NYSE,"UMH Properties, Inc. 6.375% Series D Cumulative Redeemable Preferred Stock, Liquidation Preference $25 per share",Stock,True,2026-05-08,,,5bb75d1ff4ed0bd897b8
UNF,NYSE,Unifirst Corporation Common Stock,Stock,True,2026-05-08,,,d54154cf4b4122a5d8a9
UNFI,NYSE,"United Natural Foods, Inc. Common Stock",Stock,True,2026-05-08,,,ca7a401a8f8c68f376e8
UNH,NYSE,UnitedHealth Group Incorporated Common Stock (DE),Stock,True,2026-05-08,,,7c9e462559e7ebdc14bf
UNM,NYSE,Unum Group Common Stock,Stock,True,2026-05-08,,,7c27877ffe32ef9c311f
UNMA,NYSE,Unum Group 6.250% Junior Subordinated Notes due 2058,Stock,True,2026-05-08,,,6492c51c1160cf8fbfb2
UNP,NYSE,Union Pacific Corporation Common Stock,Stock,True,2026-05-08,,,dc2ad7ee2a8f30d9e4a9
UP,NYSE,Wheels Up Experience Inc. Class A Common Stock,Stock,True,2026-05-08,,,c184f0cd727ba9dcfe07
UPS,NYSE,"United Parcel Service, Inc. Common Stock",Stock,True,2026-05-08,,,86af8e9b051225b97815
URI,NYSE,"United Rentals, Inc. Common Stock",Stock,True,2026-05-08,,,b4685e1863337255e3b9
USA,NYSE,Liberty All-Star Equity Fund Common Stock,Stock,True,2026-05-08,,,70ef991f69c92f2776f9
USAC,NYSE,"USA Compression Partners, LP Common Units Representing Limited Partner Interests",Stock,True,2026-05-08,,,09785b1d00c88a1bf6ff
USB,NYSE,U.S. Bancorp Common Stock,Stock,True,2026-05-08,,,b77a98afc48b0757a265
USB$A,NYSE,"U.S. Bancorp Depositary Shares, Each representing a 1/100th interest in a share of Series A Non-CumulativePerpetual Pfd Stock",Stock,True,2026-05-08,,,aafcacf7c208d03b2857
USB$H,NYSE,U.S. Bancorp Depositary Shares repstg 1/1000th Pfd Ser B,Stock,True,2026-05-08,,,ac9b32cc3daa0bf1f352
USB$P,NYSE,"U.S. Bancorp Depositary Shares each representing a 1/1,000th interest in a share of Series K Non-Cumulative Perpetual Preferred Stock",Stock,True,2026-05-08,,,ed19c1bc46fe4cc10ff1
USB$Q,NYSE,"U.S. Bancorp Depositary Shares, Each Representing a 1/1,000th Interest in a Share of Series L Non-Cumulative Perpetual Preferred Stock",Stock,True,2026-05-08,,,cf40c40998bea7ff5e1e
USB$R,NYSE,"U.S. Bancorp Depositary Shares, Each Representing a 1/1,000th Interest in a Share of Series M Non-Cumulative Perpetual Preferred Stock",Stock,True,2026-05-08,,,a22711654be82cd1f999
USB$S,NYSE,"U.S. Bancorp Depositary Shares, each representing a 1/1,000th interest in a share of Series O Non-Cumulative Perpetual Preferred Stock",Stock,True,2026-05-08,,,510fc6cfaefc910e4688
USFD,NYSE,US Foods Holding Corp. Common Stock,Stock,True,2026-05-08,,,7dc03abd006e7311b35c
USNA,NYSE,"USANA Health Sciences, Inc. Common Stock",Stock,True,2026-05-08,,,301e8554ae69f2c3a94c
USPH,NYSE,"U.S. Physical Therapy, Inc. Common Stock",Stock,True,2026-05-08,,,c5eb5cc3cf8d6fccd571
UTF,NYSE,"Cohen & Steers Infrastructure Fund, Inc Common Stock",Stock,True,2026-05-08,,,d314510326f7799ecbff
UTI,NYSE,Universal Technical Institute Inc Common Stock,Stock,True,2026-05-08,,,9676aa7ea19547995858
UTL,NYSE,UNITIL Corporation Common Stock,Stock,True,2026-05-08,,,a9378cfbb9428048000e
UTZ,NYSE,Utz Brands Inc Class A Common Stock,Stock,True,2026-05-08,,,46b175c1f1bd95d57714
UVE,NYSE,UNIVERSAL INSURANCE HOLDINGS INC Common Stock,Stock,True,2026-05-08,,,a36f36d820ecd58e3a60
UVV,NYSE,Universal Corporation Common Stock,Stock,True,2026-05-08,,,f878af8cded5bf545aa1
UWMC,NYSE,UWM Holdings Corporation Class A Common Stock,Stock,True,2026-05-08,,,91c6ad82caa5c9658e4b
UZD,NYSE,"Array Digital Infrastructure, Inc. 6.250% Senior Notes due 2069",Stock,True,2026-05-08,,,0e91ef01847cabfb6261
UZE,NYSE,"Array Digital Infrastructure, Inc. 5.500% Senior Notes due 2070",Stock,True,2026-05-08,,,3580807f3510e8f51780
UZF,NYSE,"Array Digital Infrastructure, Inc. 5.500% Senior Notes due 2070",Stock,True,2026-05-08,,,3580807f3510e8f51780
V,NYSE,Visa Inc.,Stock,True,2026-05-08,,,f2b589690e1138374366
VAC,NYSE,Marriott Vacations Worldwide Corporation Common Stock,Stock,True,2026-05-08,,,f2c60b768f9d556244d0
VACI,NYSE,Viking Acquisition Corp. I Class A Ordinary Shares,Stock,True,2026-05-08,,,fcad4be80839e4111780
VACI.U,NYSE,"Viking Acquisition Corp. I Units, each consisting of one Class A ordinary share and one-third of one Warrant",Stock,True,2026-05-08,,,3f9f1d393fd0dd421d57
VACI.W,NYSE,Viking Acquisition Corp. I Warrants to purchase one Class A Ordinary Share,Stock,True,2026-05-08,,,4fc19db88c674cb8a66f
VAL,NYSE,Valaris Limited Common Shares,Stock,True,2026-05-08,,,1473703712766152d673
VAL.W,NYSE,Valaris Limited Warrants,Stock,True,2026-05-08,,,8bdbfef0978ae1131bea
VALE,NYSE,VALE S.A. American Depositary Shares Each Representing one common share,Stock,True,2026-05-08,,,9c12a1b15538d6482074
VATE,NYSE,INNOVATE Corp. Common Stock,Stock,True,2026-05-08,,,03af1516354fba0754ec
VBF,NYSE,Invesco Bond Fund Common Stock,Stock,True,2026-05-08,,,4f6a64c38c821dd4e1d1
VCV,NYSE,Invesco California Value Municipal Income Trust Common Stock,Stock,True,2026-05-08,,,c2ca4d8ffd23f3726edc
VCX,NYSE,"Fundrise Innovation Fund, LLC Common Shares of Limited Liability Company Interests",Stock,True,2026-05-08,,,142542a0188c13794644
VECA,NYSE,Vernal Capital Acquisition Corp. Ordinary Shares,Stock,True,2026-05-19,,,e37a79574471848287ab
VECA.R,NYSE,"Vernal Capital Acquisition Corp. Rights, each right entitling the holder to receive one-fourth (1/4) of one Ordinary Share",Stock,True,2026-05-19,,,47f4a5c86f7597a44f69
VECA.U,NYSE,"Vernal Capital Acquisition Corp. Units, each consisting of one ordinary share and one right",Stock,True,2026-05-08,,,fe8c0857b26851d81ea5
VEEV,NYSE,Veeva Systems Inc. Class A Common Stock,Stock,True,2026-05-08,,,65cb4b45bc488d848de0
VEL,NYSE,"Velocity Financial, Inc. Common Stock",Stock,True,2026-05-08,,,811db5668ea437b0bef6
VET,NYSE,Vermilion Energy Inc. Common (Canada),Stock,True,2026-05-08,,,c39bc1fe464567fa6156
VFC,NYSE,V.F. Corporation Common Stock,Stock,True,2026-05-08,,,66aba32585edac242faf
VG,NYSE,"Venture Global, Inc. Class A common stock",Stock,True,2026-05-08,,,0aad2ba8a87f12332c27
VGI,NYSE,Virtus Global Multi-Sector Income Fund Common Shares of Beneficial Interest,Stock,True,2026-05-08,,,f5c97cae8621a160a076
VGM,NYSE,Invesco Trust for Investment Grade Municipals Common Stock (DE),Stock,True,2026-05-08,,,85301d1793c5005b663d
VGNT,NYSE,Versigent PLC Ordinary Shares,Stock,True,2026-05-08,,,f432b929390249ddfb68
VHI,NYSE,"Valhi, Inc. Common Stock",Stock,True,2026-05-08,,,d6da19fe988fc905ea89
VIA,NYSE,"Via Transportation, Inc. Class A Common Stock",Stock,True,2026-05-08,,,cfc199219cf1366734b6
VICI,NYSE,VICI Properties Inc. Common Stock,Stock,True,2026-05-08,,,15a2bae850c4123ef5b6
VII,NYSE,Viking Acquisition Corp. II Class A Ordinary Shares,Stock,True,2026-07-20,,,2653219924c307ba17c0
VII.U,NYSE,"Viking Acquisition Corp. II Units, each consisting of one Class A ordinary share and one-third of one Warrant",Stock,True,2026-07-02,,,c3709526f6b87caf5c7e
VII.W,NYSE,Viking Acquisition Corp. II Warrants to purchase one Class A Ordinary Share,Stock,True,2026-07-20,,,50ce071d8e447c21989b
VIK,NYSE,Viking Holdings Ltd Ordinary Shares,Stock,True,2026-05-08,,,0c8876b883f414da47cc
VIPS,NYSE,"Vipshop Holdings Limited American Depositary Shares, each representing two ordinary shares",Stock,True,2026-05-08,,,91481e6d63b4208e61fa
VIRT,NYSE,"Virtu Financial, Inc. Class A Common Stock",Stock,True,2026-05-08,,,abb8979f75b76adb95af
VIST,NYSE,"Vista Energy S.A.B. de C.V. American Depositary Shares, each representing one series A share, with no par value",Stock,True,2026-05-08,,,87b717118d45e2c79938
VIV,NYSE,Telefonica Brasil S.A. American Depositary Shares (Each representing One Common Share),Stock,True,2026-05-08,,,f05c4e70ea5ef2fde420
VKQ,NYSE,Invesco Municipal Trust Common Stock,Stock,True,2026-05-08,,,eeb69fa24cfe980fcdc9
VLN,NYSE,Valens Semiconductor Ltd. Ordinary Shares,Stock,True,2026-05-08,,,10d7c3790b3fae618952
VLN.W,NYSE,"Valens Semiconductor Ltd. Warrants, each warrant to purchase one-half of one Ordinary Share",Stock,True,2026-05-08,,,6b2f0e3663ff3ad907dc
VLO,NYSE,Valero Energy Corporation Common Stock,Stock,True,2026-05-08,,,1a6edec38ad13811827d
VLRS,NYSE,"Controladora Vuela Compania de Aviacion, S.A.B. de C.V. American Depositary Shares, each representing ten (10) Ordinary Participation Certificates",Stock,True,2026-05-08,,,25922576a43b7a6e492f
VLT,NYSE,Invesco High Income Trust II,Stock,True,2026-05-08,,,6f5f0c47d286a9d694e0
VLTO,NYSE,Veralto Corp Common Stock,Stock,True,2026-05-08,,,9318da772a126839cb19
VMC,NYSE,Vulcan Materials Company (Holding Company) Common Stock,Stock,True,2026-05-08,,,8a8a34c157336329f4c3
VMI,NYSE,"Valmont Industries, Inc. Common Stock",Stock,True,2026-05-08,,,b8e6c03ade20124ac9a7
VMO,NYSE,Invesco Municipal Opportunity Trust Common Stock,Stock,True,2026-05-08,,,02043d5a9120ccdb83a7
VNO,NYSE,Vornado Realty Trust Common Stock,Stock,True,2026-05-08,,,12657068184ba7385487
VNO$L,NYSE,Vornado Realty Trust Pfd Ser L %,Stock,True,2026-05-08,,,72c812c6c32ffd9957a4
VNO$M,NYSE,"Vornado Realty Trust 5.25% Series M Cumulative Redeemable Preferred Shares of Beneficial Interest, liquidation preference $25.00 per share, no par value per share",Stock,True,2026-05-08,,,7eafdf73b121883a4e99
VNO$N,NYSE,"Vornado Realty Trust 5.25% Series N Cumulative Redeemable Preferred Shares of Beneficial Interest, liquidation preference $25.00 per share",Stock,True,2026-05-08,,,54ec52fd0b40bc0c88b9
VNO$O,NYSE,"Vornado Realty Trust 4.45% Series O Cumulative Redeemable Preferred Shares, Liquidation Preference $25.00 Per Share",Stock,True,2026-05-08,,,dee5637d556506de5662
VNT,NYSE,Vontier Corporation Common Stock,Stock,True,2026-05-08,,,c2a05e3f95931ef6a8f6
VOC,NYSE,VOC Energy Trust Units of Beneficial Interest,Stock,True,2026-05-08,,,e9778d1c958bd924f2e3
VOYA,NYSE,"Voya Financial, Inc. Common Stock",Stock,True,2026-05-08,,,0d51d122cb66efe56006
VOYA$B,NYSE,"Voya Financial, Inc. Depositary Shares, each representing a 1/40th interest in a share of 5.35% Fixed-Rate Reset Non-Cumulative Preferred Stock, Series B",Stock,True,2026-05-08,,,e7efe04fa277d4d09895
VOYG,NYSE,"Voyager Technologies, Inc. Class A Common Stock",Stock,True,2026-05-08,,,044d2a85dfcc3ab58d0e
VPG,NYSE,"Vishay Precision Group, Inc. Common Stock",Stock,True,2026-05-08,,,30073dbd9fd98fd7e40d
VPV,NYSE,Invesco Pennsylvania Value Municipal Income Trust Common Stock (DE),Stock,True,2026-05-08,,,2e67237c6f0ac2adca15
VRE,NYSE,"Veris Residential, Inc. Common Stock",Stock,False,2026-05-08,2026-05-27,Missing from current NYSE source snapshot; reason unavailable,2295282cac31c5eec0d8
VRT,NYSE,"Vertiv Holdings, LLC Class A Common Stock",Stock,True,2026-05-08,,,288e57a8adfa15fff6ee
VRTS,NYSE,"Virtus Investment Partners, Inc. Common Stock",Stock,True,2026-05-08,,,a87415fb99a48d15a07b
VSCO,NYSE,Victorias Secret & Co. Common Stock,Stock,False,2026-05-08,2026-06-02,Missing from current NYSE source snapshot; reason unavailable,8bf78898a98b157fd61a
VSH,NYSE,"Vishay Intertechnology, Inc. Common Stock",Stock,True,2026-05-08,,,1deabdb26277ad541315
VST,NYSE,Vistra Corp. Common Stock,Stock,True,2026-05-08,,,f00d373258a961b43e6a
VSTS,NYSE,Vestis Corporation Common Stock,Stock,True,2026-05-08,,,66373884d98a7680e831
VSXY,NYSE,Victorias Secret & Co. Common Stock,Stock,True,2026-06-02,,,8bf78898a98b157fd61a
VTEX,NYSE,VTEX Class A Common Shares,Stock,True,2026-05-08,,,e018a66015261343d1e9
VTMX,NYSE,"Corporacion Inmobiliaria Vesta, S.A.B de C.V. American Depositary Shares, each representing ten (10) Common Shares",Stock,True,2026-05-08,,,090f315467412c92106c
VTN,NYSE,Invesco Trust for Investment Grade New York Municipals Common Stock,Stock,True,2026-05-08,,,fd22e27c922eae091585
VTOL,NYSE,"Bristow Group, Inc. Common Stock",Stock,True,2026-05-08,,,20090b79704a540e4935
VTR,NYSE,"Ventas, Inc. Common Stock",Stock,True,2026-05-08,,,5add40282d69430da556
VTS,NYSE,"Vitesse Energy, Inc. Common Stock",Stock,True,2026-05-08,,,2c65348f375f6d11e34b
VVR,NYSE,Invesco Senior Income Trust Common Stock (DE),Stock,True,2026-05-08,,,6cd21c6db9d8ff5042a0
VVV,NYSE,Valvoline Inc. Common Stock,Stock,True,2026-05-08,,,8ff50ad20c892a4201fb
VVX,NYSE,"V2X, Inc. Common Stock",Stock,True,2026-05-08,,,13720bab094e3a07d5d5
VYX,NYSE,NCR Voyix Corporation Common Stock,Stock,True,2026-05-08,,,82a64c38d7b15f62f9c7
VZ,NYSE,Verizon Communications Inc. Common Stock,Stock,True,2026-05-08,,,2241d960685578c5872b
W,NYSE,Wayfair Inc. Class A Common Stock,Stock,True,2026-05-08,,,3673f45233d9971c8545
WAB,NYSE,Westinghouse Air Brake Technologies Corporation Common Stock,Stock,True,2026-05-08,,,918622e604870ded5406
WAGN,NYSE,Pabrai Wagons ETF,ETF,False,2026-05-08,2026-06-30,Missing from current NYSE source snapshot; reason unavailable,df7384348e6d4c379792
WAL,NYSE,Western Alliance Bancorporation Common Stock (DE),Stock,True,2026-05-08,,,3d68bc1b784029432928
WAL$A,NYSE,"Western Alliance Bancorporation Depositary Shares, Each Representing a 1/400th Interest in a Share of 4.250% Fixed-Rate Non-Cumulative Perpetual Preferred Stock, Series A",Stock,True,2026-05-08,,,b4129371e755eea12c85
WAT,NYSE,Waters Corporation Common Stock,Stock,True,2026-05-08,,,5c44e8faad36172d4114
WBI,NYSE,WaterBridge Infrastructure LLC Class A Shares Representing Limited Liability Company Interests,Stock,True,2026-05-08,,,d5165d02a8a8f7b8241e
WBIY,NYSE,WBI Power Factor High Dividend ETF,ETF,True,2026-05-08,,,dd303dfd54bbaa754d88
WBS,NYSE,Webster Financial Corporation Common Stock,Stock,True,2026-05-08,,,dcfa247edaa79df362da
WBS$F,NYSE,"Webster Financial Corporation Depositary Shares, Each Representing 1/1,000th Interest in a Share of 5.25% Series F Non-Cumulative Perpetual Preferred Stock",Stock,True,2026-05-08,,,637844fdfe2b3e3216a7
WBS$G,NYSE,"Webster Financial Corporation Depositary Shares, each representing a 1/40th interest in a share of 6.50% Series G non-cumulative perpetual preferred stock",Stock,True,2026-05-08,,,9e25a39a810d6d214e81
WBX,NYSE,Wallbox N.V. Class A Ordinary Shares,Stock,True,2026-05-08,,,4b2d68dd7e811f00ddcd
WCC,NYSE,"WESCO International, Inc. Common Stock",Stock,True,2026-05-08,,,3f0079788ba3c97f66f7
WCN,NYSE,"Waste Connections, Inc. Common Shares",Stock,True,2026-05-08,,,24a6301b1c587052e7f9
WD,NYSE,"Walker & Dunlop, Inc Common Stock",Stock,True,2026-05-08,,,9b244291d59ffc3e21f4
WDH,NYSE,Waterdrop Inc. American Depositary Shares (each representing the right to receive 10 Class A Ordinary Shares),Stock,True,2026-05-08,,,db8d3ad3f089865b472f
WDI,NYSE,Western Asset Diversified Income Fund Common Shares of Beneficial Interest,Stock,True,2026-05-08,,,c5b57fc712274929771d
WDS,NYSE,"Woodside Energy Group Limited American Depositary Shares, each representing one Ordinary Share",Stock,True,2026-05-08,,,7ddcea74ad263d5fe715
WEA,NYSE,Western Asset Bond Fund Share of Beneficial Interest,Stock,True,2026-05-08,,,49411f7b046ba526d072
WEAV,NYSE,"Weave Communications, Inc. Common Stock",Stock,True,2026-05-08,,,37d2b25fafa77788661b
WEC,NYSE,"WEC Energy Group, Inc. Common Stock",Stock,True,2026-05-08,,,473d1ae9e4931a8bbfe5
WELL,NYSE,Welltower Inc. Common Stock,Stock,True,2026-05-08,,,e564f9ec595e59bb90f9
WENC,NYSE,West Enclave Merger Corp. Ordinary Shares,Stock,True,2026-05-13,,,d8cdd6c54b2706051e86
WENC.R,NYSE,"West Enclave Merger Corp. Rights, each Right to acquire one-tenth (1/10) of one Ordinary Share",Stock,True,2026-05-13,,,9f95564e73d697a16926
WENC.U,NYSE,"West Enclave Merger Corp. Units, each consisting of one Ordinary Share and one Right to acquire one-tenth (1/10) of one Ordinary Share",Stock,True,2026-05-08,,,0177566d5d4e18a82349
WES,NYSE,"Western Midstream Partners, LP Common Units Representing Limited Partner Interests",Stock,True,2026-05-08,,,4201b880103a059d86b3
WEX,NYSE,WEX Inc. common stock,Stock,True,2026-05-08,,,9021961f0ae9b407ecb7
WF,NYSE,Woori Financial Group Inc. American Depositary Shares (each representing three (3) shares of Common Stock),Stock,True,2026-05-08,,,054bceb479639d12e1ad
WFC,NYSE,Wells Fargo & Company Common Stock,Stock,True,2026-05-08,,,464fb609d657c9794c78
WFC$A,NYSE,"Wells Fargo & Company Depositary Shares, each representing a 1/1,000th interest in a share of Non-Cumulative Perpetual Class A Preferred Stock, Series AA",Stock,True,2026-05-08,,,77c5ec2cba2d584b1f72
WFC$C,NYSE,"Wells Fargo & Company Depositary Shares, each representing a 1/1,000th interest in a share of Non-Cumulative Perpetual Class A Preferred Stock, Series CC",Stock,True,2026-05-08,,,5c5e00a099a6547dee3b
WFC$D,NYSE,"Wells Fargo & Company Depositary Shares, each representing a 1/1,000th interest in a share of Non-Cumulative Perpetual Class A Preferred Stock, Series DD",Stock,True,2026-05-08,,,5f7fa65f31f98d6c35db
WFC$L,NYSE,"Wells Fargo & Company 7.50% Non-Cumulative Perpetual Convertible Class A Preferred Stock, Series L",Stock,True,2026-05-08,,,120c7c819c31426fe5ed
WFC$Y,NYSE,"Wells Fargo & Company Depositary Shares, each representing a 1/1,000th interest in a share of Non-Cumulative Perpetual Class A Preferred Stock, Series Y",Stock,True,2026-05-08,,,b16fd74e06facf835d55
WFC$Z,NYSE,"Wells Fargo & Company Depositary Shares, each representing a 1/1,000th interest in a share of Non-Cumulative Perpetual Class A Preferred Stock, Series Z",Stock,True,2026-05-08,,,e561f4522f01b90ceb2c
WFG,NYSE,West Fraser Timber Co. Ltd Common stock,Stock,True,2026-05-08,,,709469d7a0d2e3af51a7
WGO,NYSE,"Winnebago Industries, Inc. Common Stock",Stock,True,2026-05-08,,,db59b9ae36c62b755f43
WH,NYSE,"Wyndham Hotels & Resorts, Inc. Common Stock",Stock,True,2026-05-08,,,bc4fcf5754ece7c2ae4a
WHD,NYSE,"Cactus, Inc. Class A Common Stock",Stock,True,2026-05-08,,,e29a7852266fc0153bc7
WHG,NYSE,Westwood Holdings Group Inc Common Stock,Stock,True,2026-05-08,,,f61ab171407a04ddc80d
WHK,NYSE,WhiteHawk Minerals Corp Class A Common Stock,Stock,True,2026-06-09,,,671aa52f9a274c1e44f3
WHR,NYSE,Whirlpool Corporation Common Stock,Stock,True,2026-05-08,,,3e6f9c568a1c9f4ac4ca
WHR$A,NYSE,"Whirlpool Corporation Depositary Shares, each representing a 1/20th interest in a share of 8.50% Series A Mandatory Convertible Preferred Stock",Stock,True,2026-05-08,,,e7de7519c1f2bd741d86
WIA,NYSE,Western Asset Inflation-Linked Income Fund,Stock,True,2026-05-08,,,1ff6cac1e7022303b8f8
WINN,NYSE,Harbor Long-Term Growers ETF,ETF,True,2026-05-08,,,8ac7121dcc3997bfe8cd
WIT,NYSE,Wipro Limited Common Stock,Stock,True,2026-05-08,,,5dd6113e5a8c0488b4ae
WIW,NYSE,Western Asset Inflation-Linked Opportunities & Income Fund,Stock,True,2026-05-08,,,189d886c82b35d8b6588
WK,NYSE,Workiva Inc. Class A Common Stock,Stock,True,2026-05-08,,,3ab382383ad9f76d5704
WKC,NYSE,World Kinect Corporation Common Stock,Stock,True,2026-05-08,,,5d1c43d6ec985af831e5
WLK,NYSE,Westlake Corporation Common Stock,Stock,True,2026-05-08,,,4c0dc67a41ff7d1c4f84
WLKP,NYSE,Westlake Chemical Partners LP Common Units representing limited partner interests,Stock,True,2026-05-08,,,036cdbf6b45d94fc2a9a
WLTG,NYSE,WealthTrust DBS Long Term Growth ETF,ETF,True,2026-05-08,,,bac127c1e2c4965fcd15
WLY,NYSE,"John Wiley & Sons, Inc. Common Stock",Stock,True,2026-05-08,,,3fdcfd12126a6bce2d0b
WLYB,NYSE,"John Wiley & Sons, Inc. Common Stock",Stock,True,2026-05-08,,,3fdcfd12126a6bce2d0b
WM,NYSE,"Waste Management, Inc. Common Stock",Stock,True,2026-05-08,,,0664e0fcfc157e663620
WMB,NYSE,"Williams Companies, Inc. (The) Common Stock",Stock,True,2026-05-08,,,de15902a354059f97a1c
WMK,NYSE,"Weis Markets, Inc. Common Stock",Stock,True,2026-05-08,,,3e76121d90ae18c3818b
WMS,NYSE,"Advanced Drainage Systems, Inc. Common Stock",Stock,True,2026-05-08,,,fbff31d86ce6425a9be5
WNC,NYSE,Wabash National Corporation Common Stock,Stock,True,2026-05-08,,,fc095520777a54825d1a
WOLF,NYSE,"Wolfspeed, Inc. Common Stock New",Stock,True,2026-05-08,,,56528a0e9d15b7f6b4e7
WOR,NYSE,"Worthington Enterprises, Inc. Common Shares",Stock,True,2026-05-08,,,ecf7b6ce085075d28120
WPAC,NYSE,White Pearl Acquisition Corp. Class A Ordinary Shares,Stock,True,2026-05-08,,,9aceb31fa34e976ab352
WPAC.R,NYSE,"White Pearl Acquisition Corp. Rights, each right entitles the holder to receive one-fifth of one Class A ordinary share upon consummation of the initial business combination",Stock,True,2026-05-08,,,f3c350b7ef32edbfdec7
WPAC.U,NYSE,"White Pearl Acquisition Corp. Units, each consisting of one Class A ordinary share and one right to receive one-fifth (1/5) of one Class A ordinary share",Stock,True,2026-05-08,,,243702df371b425b91f3
WPC,NYSE,W. P. Carey Inc. REIT,Stock,True,2026-05-08,,,a1164cadb473bf9e5bf0
WPM,NYSE,Wheaton Precious Metals Corp Common Shares (Canada),Stock,True,2026-05-08,,,2f1d78825698f2ccaa1f
WPP,NYSE,WPP plc American Depositary Shares,Stock,True,2026-05-08,,,ffe916f3b7d54cde14a0
WRB,NYSE,W.R. Berkley Corporation Common Stock,Stock,True,2026-05-08,,,5f2252d2ac8b8b7b0f78
WRB$E,NYSE,W.R. Berkley Corporation 5.70% Subordinated Debentures due 2058,Stock,True,2026-05-08,,,771f1831ef4571b356ca
WRB$F,NYSE,W.R. Berkley Corporation 5.10% Subordinated Debentures due 2059,Stock,True,2026-05-08,,,27d623a605644257fca2
WRB$G,NYSE,W.R. Berkley Corporation 4.25% Subordinated Debentures due 2060,Stock,True,2026-05-08,,,f8b2aee69829cd972184
WRB$H,NYSE,W.R. Berkley Corporation 4.125% Subordinated Debentures due 2061,Stock,True,2026-05-08,,,41c8c14ea1cfbb986b2b
WRBY,NYSE,Warby Parker Inc. Class A Common Stock,Stock,True,2026-05-08,,,bef2285f946f14e712fc
WS,NYSE,"Worthington Steel, Inc. Common Shares",Stock,True,2026-05-08,,,917c7dc9df697728ee81
WSM,NYSE,"Williams-Sonoma, Inc. Common Stock (DE)",Stock,True,2026-05-08,,,d4c7d7660fe2adb9f1d2
WSO,NYSE,"Watsco, Inc. Common Stock",Stock,True,2026-05-08,,,413580fd4759db99672e
WSO.B,NYSE,"Watsco, Inc. Class B Common Stock",Stock,True,2026-05-08,,,3e9b692df7bef6d2afa4
WSR,NYSE,Whitestone REIT Common Shares,Stock,False,2026-05-08,2026-07-14,Missing from current NYSE source snapshot; reason unavailable,60277fc82ed25261edd2
WST,NYSE,"West Pharmaceutical Services, Inc. Common Stock",Stock,True,2026-05-08,,,7bae87fafbc706cdb941
WT,NYSE,"WisdomTree, Inc. Common Stock",Stock,True,2026-05-08,,,b42381bedc91716a4f17
WTI,NYSE,"W&T Offshore, Inc. Common Stock",Stock,True,2026-05-08,,,f9153f5b043ef12653f9
WTM,NYSE,"White Mountains Insurance Group, Ltd. Common Stock",Stock,True,2026-05-08,,,9f8d975806e9b0d36f27
WTRG,NYSE,"Essential Utilities, Inc. Common Stock",Stock,True,2026-05-08,,,b467fe8be34e9a040099
WTS,NYSE,"Watts Water Technologies, Inc. Class A Common Stock",Stock,True,2026-05-08,,,20bc5765740c6adcf43e
WTTR,NYSE,"Select Water Solutions, Inc. Class A common stock",Stock,True,2026-05-08,,,a42bfec1befafb227de2
WU,NYSE,Western Union Company (The) Common Stock,Stock,True,2026-05-08,,,d4ac492a3a84f4a003f7
WWW,NYSE,"Wolverine World Wide, Inc. Common Stock",Stock,True,2026-05-08,,,1df2b09da134159f208b
WY,NYSE,Weyerhaeuser Company Common Stock,Stock,True,2026-05-08,,,a7d040d461f21276663e
XFLH,NYSE,XFLH Capital Corporation Ordinary Shares,Stock,True,2026-05-08,,,88fbb04bdc52ab7ca445
XFLH.R,NYSE,XFLH Capital Corporation Rights to receive one-seventh (1/7) of one Ordinary Share,Stock,True,2026-05-08,,,0e5c4190f5abb1c0214f
XFLH.U,NYSE,"XFLH Capital Corporation Units, each consisting of one Ordinary Share and one Right",Stock,True,2026-05-08,,,24efb5df58bc65859bcd
XFLT,NYSE,XAI Octagon Floating Rate & Alternative Income Trust Common Shares of Beneficial Interest,Stock,False,2026-05-08,2026-06-09,Listing metadata changed,af140a86021ac005bd31
XFLT,NYSE,XAI Floating Rate & Alternative Income Trust Common Shares of Beneficial Interest,Stock,True,2026-06-09,,,2538e59fa8a6d1d4dc20
XHR,NYSE,"Xenia Hotels & Resorts, Inc. Common Stock",Stock,True,2026-05-08,,,6bd6842c0ce16a14f702
XIFR,NYSE,"XPLR Infrastructure, LP Common Units representing limited partner interests",Stock,True,2026-05-08,,,5475856dec8627260916
XOM,NYSE,Exxon Mobil Corporation Common Stock,Stock,False,2026-05-08,2026-07-02,Listing metadata changed,f75a8f1fe210e6d20028
XOM,NYSE,ExxonMobil Holdings Corporation Common Stock,Stock,True,2026-07-02,,,e0fe5cff85a6d71f3c98
XPER,NYSE,Xperi Inc. Common Stock,Stock,True,2026-05-08,,,c084c0bdb734b84ae1e4
XPEV,NYSE,"XPeng Inc. American depositary shares, each representing two Class A ordinary shares",Stock,True,2026-05-08,,,4c59a755cb5198b50d78
XPO,NYSE,"XPO, Inc. Common Stock",Stock,True,2026-05-08,,,0f9be3de16526d69b299
XPOF,NYSE,"Xponential Fitness, Inc. Class A Common Stock",Stock,True,2026-05-08,,,e4c25c1ecf0972703dce
XPRO,NYSE,Expro Group Holdings N.V. Common Stock,Stock,False,2026-05-08,2026-07-14,Listing metadata changed,0ccdd7b2f674add526b0
XPRO,NYSE,Expro Ltd Ordinary Shares,Stock,True,2026-07-14,,,e2b40028d09042fed34d
XRN,NYSE,Chiron Real Estate Inc. Common Stock,Stock,True,2026-05-08,,,8d5f9d0490eb6e8db078
XRN$A,NYSE,Chiron Real Estate Inc. Series A Cumulative Redeemable Preferred Stock,Stock,True,2026-05-08,,,c4f8be2e7ced909ee398
XRN$B,NYSE,"Chiron Real Estate Inc. 8.00% Series B Cumulative Redeemable Preferred Stock, $0.001 par value per share",Stock,True,2026-05-08,,,09c0e967fe6df798a5dc
XXI,NYSE,"Twenty One Capital, Inc. Class A Common Stock",Stock,True,2026-05-08,,,2904ae11135946aba5fc
XYF,NYSE,"X Financial American Depositary Shares, each representing six Class A Ordinary Shares",Stock,True,2026-05-08,,,9f0c58a8979ee3c1e9fa
XYL,NYSE,Xylem Inc. Common Stock New,Stock,True,2026-05-08,,,02d9cd42670fca4c609c
XYZ,NYSE,"Block, Inc. Class A Common Stock,",Stock,True,2026-05-08,,,ee52d1994cf15e5eb171
XZO,NYSE,"Exzeo Group, Inc. Common Stock",Stock,True,2026-05-08,,,fed6abac59b629fb11d7
YALA,NYSE,"Yalla Group Limited American Depositary Shares, each representing one Class A Ordinary Share",Stock,True,2026-05-08,,,a49b3a6c24e7320dc82b
YCY,NYSE,AA Mission Acquisition Corp. II Class A Ordinary Shares,Stock,True,2026-05-08,,,d76a2a4a7fbc40dbdcc7
YCY.U,NYSE,"AA Mission Acquisition Corp. II Units, each consisting of one Class A ordinary share and one-half of one warrant",Stock,True,2026-05-08,,,41cb97e172141ee49e21
YCY.W,NYSE,"AA Mission Acquisition Corp. II Warrants, each whole warrant entitles to purchase one Class A ordinary share at a price of $11.50 per share",Stock,True,2026-05-08,,,d26b23eca3dd7687e90a
YELP,NYSE,Yelp Inc. Common Stock,Stock,True,2026-05-08,,,7252b7a8cdfcf9891902
YETI,NYSE,"YETI Holdings, Inc. Common Stock",Stock,True,2026-05-08,,,5b3b6f84cedc9f5e1ceb
YEXT,NYSE,"Yext, Inc. Common Stock",Stock,True,2026-05-08,,,f06a1c3af4df2923b5b9
YMM,NYSE,Full Truck Alliance Co. Ltd. American Depositary Shares (each representing 20 Class A Ordinary Shares),Stock,True,2026-05-08,,,bda38dc66cdf8a974142
YOU,NYSE,"Clear Secure, Inc. Class A Common Stock",Stock,True,2026-05-08,,,7190446f9e9ae5836dc3
YPF,NYSE,YPF Sociedad Anonima Common Stock,Stock,True,2026-05-08,,,bff4de853f2afe51f8a0
YRD,NYSE,"Yiren Digital Ltd. American Depositary Shares, each representing two ordinary shares",Stock,True,2026-05-08,,,aecafe27d4701a6daf24
YSG,NYSE,"Yatsen Holding Limited American Depositary Shares, each representing twenty (20) Class A Ordinary Shares",Stock,True,2026-05-08,,,c465e8c315a0d5ce0c0b
YSS,NYSE,York Space Systems Inc. Common Stock,Stock,True,2026-05-08,,,b8e6bf133e8c81c2e7f3
YUM,NYSE,"Yum! Brands, Inc.",Stock,True,2026-05-08,,,76f12f10288821a79984
YUMC,NYSE,"Yum China Holdings, Inc. Common Stock",Stock,True,2026-05-08,,,b98b2b5c403638ce0926
ZBH,NYSE,"Zimmer Biomet Holdings, Inc. Common Stock",Stock,True,2026-05-08,,,b9cbea411e78ad93971e
ZEPP,NYSE,"Zepp Health Corporation American depositary shares, each representing sixteen Class A ordinary shares",Stock,True,2026-05-08,,,5d074f9e541ea1e64e66
ZETA,NYSE,Zeta Global Holdings Corp. Class A Common Stock,Stock,True,2026-05-08,,,8cc7ab310d820a27895c
ZGN,NYSE,Ermenegildo Zegna N.V. Ordinary Shares,Stock,True,2026-05-08,,,b72b96af80ee09116f97
ZH,NYSE,"Zhihu Inc. American Depositary Shares, each representing three (3) Class A Ordinary Shares",Stock,True,2026-05-08,,,c4aecb51f02fb26fb47b
ZIM,NYSE,ZIM Integrated Shipping Services Ltd. Ordinary Shares,Stock,True,2026-05-08,,,0a0fba7f2d42a5c0d570
ZIP,NYSE,"ZipRecruiter, Inc. Class A Common Stock",Stock,True,2026-05-08,,,26d8733f7e8a02ff5c35
ZKH,NYSE,"ZKH Group Limited American Depositary Shares, each representing thirty-five (35) Class A Ordinary Shares",Stock,True,2026-05-08,,,843e259727096d4bbf3b
ZTO,NYSE,"ZTO Express (Cayman) Inc. American Depositary Shares, each representing one Class A ordinary share.",Stock,True,2026-05-08,,,95831c9f2556623dc7bf
ZTR,NYSE,Virtus Total Return Fund Inc.,Stock,True,2026-05-08,,,578aabb0f8178451cbd9
ZTS,NYSE,Zoetis Inc. Class A Common Stock,Stock,True,2026-05-08,,,534bb74eebf337c34045
ZVIA,NYSE,Zevia PBC Class A Common Stock,Stock,True,2026-05-08,,,24197f214b45e575165c
ZWS,NYSE,Zurn Elkay Water Solutions Corporation Common Stock,Stock,True,2026-05-08,,,098790bb3533a7f936c1
