Exchange,Symbol,Name,InstrumentType,FirstIpoDate,Source
NASDAQ,AAAP,Pacer Barings CLO Market Flex ETF,ETF,,nasdaq_trader_symbol_directory
NASDAQ,AACB,Artius II Acquisition Inc. - Class A Ordinary Shares,Stock,,nasdaq_trader_symbol_directory
NASDAQ,AACBR,Artius II Acquisition Inc. - Rights,Stock,,nasdaq_trader_symbol_directory
NASDAQ,AACBU,Artius II Acquisition Inc. - Units,Stock,,nasdaq_trader_symbol_directory
NASDAQ,AACG,"ATA Creativity Global - American Depositary Shares, each representing two common shares",Stock,,nasdaq_trader_symbol_directory
NASDAQ,AACI,Armada Acquisition Corp. III - Class A Ordinary Share,Stock,,nasdaq_trader_symbol_directory
NASDAQ,AACIU,Armada Acquisition Corp. III - Units,Stock,,nasdaq_trader_symbol_directory
NASDAQ,AACIW,Armada Acquisition Corp. III - Warrant,Stock,,nasdaq_trader_symbol_directory
NASDAQ,AACO,Abony Acquisition Corp. I - Class A Ordinary Share,Stock,,nasdaq_trader_symbol_directory
NASDAQ,AACOU,Abony Acquisition Corp. I - Units,Stock,,nasdaq_trader_symbol_directory
NASDAQ,AACOW,Abony Acquisition Corp. I - Warrants,Stock,,nasdaq_trader_symbol_directory
NASDAQ,AACP,Apogee Acquisition Corp - Class A Ordinary Shares,Stock,,nasdaq_trader_symbol_directory
NASDAQ,AACPR,Apogee Acquisition Corp - Rights,Stock,,nasdaq_trader_symbol_directory
NASDAQ,AACPU,Apogee Acquisition Corp - Units,Stock,,nasdaq_trader_symbol_directory
NASDAQ,AACPW,Apogee Acquisition Corp - Warrant,Stock,,nasdaq_trader_symbol_directory
NASDAQ,AADR,AdvisorShares Dorsey Wright ADR ETF,ETF,,nasdaq_trader_symbol_directory
NASDAQ,AAEQ,Alpha Architect US Equity 2 ETF,ETF,,nasdaq_trader_symbol_directory
NASDAQ,AAL,"American Airlines Group, Inc. - Common Stock",Stock,,nasdaq_trader_symbol_directory
NASDAQ,AALG,Leverage Shares 2X Long AAL Daily ETF,ETF,,nasdaq_trader_symbol_directory
NASDAQ,AAME,Atlantic American Corporation - Common Stock,Stock,,nasdaq_trader_symbol_directory
NASDAQ,AAOI,"Applied Optoelectronics, Inc. - Common Stock",Stock,,nasdaq_trader_symbol_directory
NASDAQ,AAON,"AAON, Inc. - Common Stock",Stock,,nasdaq_trader_symbol_directory
NASDAQ,AAPB,GraniteShares 2x Long AAPL Daily ETF,ETF,,nasdaq_trader_symbol_directory
NASDAQ,AAPD,Direxion Daily AAPL Bear 1X ETF,ETF,,nasdaq_trader_symbol_directory
NASDAQ,AAPG,Ascentage Pharma Group International - American Depository Shares,Stock,,nasdaq_trader_symbol_directory
NASDAQ,AAPL,Apple Inc. - Common Stock,Stock,,nasdaq_trader_symbol_directory
NASDAQ,AAPU,Direxion Daily AAPL Bull 2X ETF,ETF,,nasdaq_trader_symbol_directory
NASDAQ,AARD,"Aardvark Therapeutics, Inc. - Common Stock",Stock,,nasdaq_trader_symbol_directory
NASDAQ,AAUS,Alpha Architect US Equity ETF,ETF,,nasdaq_trader_symbol_directory
NASDAQ,AAVM,Alpha Architect Global Factor Equity ETF,ETF,,nasdaq_trader_symbol_directory
NASDAQ,AAXJ,iShares MSCI All Country Asia ex Japan ETF,ETF,,nasdaq_trader_symbol_directory
NASDAQ,ABAT,American Battery Technology Company - Common Stock,Stock,,nasdaq_trader_symbol_directory
NASDAQ,ABCL,AbCellera Biologics Inc. - Common Shares,Stock,,nasdaq_trader_symbol_directory
NASDAQ,ABCS,Alpha Blue Capital US Small-Mid Cap Dynamic ETF,ETF,,nasdaq_trader_symbol_directory
NASDAQ,ABEO,Abeona Therapeutics Inc. - Common Stock,Stock,,nasdaq_trader_symbol_directory
NASDAQ,ABI,VictoryShares Pioneer Asset-Based Income ETF,ETF,,nasdaq_trader_symbol_directory
NASDAQ,ABIG,Argent Large Cap ETF,ETF,,nasdaq_trader_symbol_directory
NASDAQ,ABLV,Able View Global Inc. - Class B Ordinary Shares,Stock,,nasdaq_trader_symbol_directory
NASDAQ,ABLVW,Able View Global Inc. - Warrant,Stock,,nasdaq_trader_symbol_directory
NASDAQ,ABNB,"Airbnb, Inc. - Class A Common Stock",Stock,,nasdaq_trader_symbol_directory
NASDAQ,ABNG,Leverage Shares 2x Long ABNB Daily ETF,ETF,,nasdaq_trader_symbol_directory
NASDAQ,ABOS,"Acumen Pharmaceuticals, Inc. - Common Stock",Stock,,nasdaq_trader_symbol_directory
NASDAQ,ABSI,Absci Corporation - Common Stock,Stock,,nasdaq_trader_symbol_directory
NASDAQ,ABTC,American Bitcoin Corp. - Class A Common Stock,Stock,,nasdaq_trader_symbol_directory
NASDAQ,ABTS,Abits Group Inc - Ordinary Shares,Stock,,nasdaq_trader_symbol_directory
NASDAQ,ABUS,Arbutus Biopharma Corporation - Common Stock,Stock,,nasdaq_trader_symbol_directory
NASDAQ,ABVC,"ABVC BioPharma, Inc. - Common Stock",Stock,,nasdaq_trader_symbol_directory
NASDAQ,ABVX,Abivax SA - American Depositary Shares,Stock,,nasdaq_trader_symbol_directory
NASDAQ,ACAA,Averin Capital Acquisition Corp. - Class A Ordinary Shares,Stock,,nasdaq_trader_symbol_directory
NASDAQ,ACAAU,Averin Capital Acquisition Corp. - Units,Stock,,nasdaq_trader_symbol_directory
NASDAQ,ACAAW,Averin Capital Acquisition Corp. - Warrants,Stock,,nasdaq_trader_symbol_directory
NASDAQ,ACAD,ACADIA Pharmaceuticals Inc. - Common Stock,Stock,,nasdaq_trader_symbol_directory
NASDAQ,ACB,Aurora Cannabis Inc. - Common Shares,Stock,,nasdaq_trader_symbol_directory
NASDAQ,ACCL,Acco Group Holdings Limited - Class A Ordinary Shares,Stock,,nasdaq_trader_symbol_directory
NASDAQ,ACDC,ProFrac Holding Corp. - Class A Common Stock,Stock,,nasdaq_trader_symbol_directory
NASDAQ,ACEP,ARS Core Equity Portfolio ETF,ETF,,nasdaq_trader_symbol_directory
NASDAQ,ACET,"Adicet Bio, Inc. - Common Stock",Stock,,nasdaq_trader_symbol_directory
NASDAQ,ACFN,"Acorn Energy, Inc. - Common Stock",Stock,,nasdaq_trader_symbol_directory
NASDAQ,ACGC,ACP Holdings Acquisition Corp. - Class A Ordinary Shares,Stock,,nasdaq_trader_symbol_directory
NASDAQ,ACGCU,ACP Holdings Acquisition Corp. - Units,Stock,,nasdaq_trader_symbol_directory
NASDAQ,ACGCW,ACP Holdings Acquisition Corp. - Warrants,Stock,,nasdaq_trader_symbol_directory
NASDAQ,ACGL,Arch Capital Group Ltd. - Common Stock,Stock,,nasdaq_trader_symbol_directory
NASDAQ,ACGLN,"Arch Capital Group Ltd. - Depositary Shares, each Representing a 1/1,000th Interest in a 4.550% Non-Cumulative Preferred Share, Series G",Stock,,nasdaq_trader_symbol_directory
NASDAQ,ACGLO,"Arch Capital Group Ltd. - Depositary Shares Each Representing 1/1,000th Interest in a Share of5.45% Non-Cumulative Preferred Shares, Series F",Stock,,nasdaq_trader_symbol_directory
NASDAQ,ACHC,"Acadia Healthcare Company, Inc. - Common Stock",Stock,,nasdaq_trader_symbol_directory
NASDAQ,ACHV,"Achieve Life Sciences, Inc. - Common Shares",Stock,,nasdaq_trader_symbol_directory
NASDAQ,ACIC,American Coastal Insurance Corporation - Common Stock,Stock,,nasdaq_trader_symbol_directory
NASDAQ,ACIU,AC Immune SA - Common Stock,Stock,,nasdaq_trader_symbol_directory
NASDAQ,ACIW,"ACI Worldwide, Inc. - Common Stock",Stock,,nasdaq_trader_symbol_directory
NASDAQ,ACLS,"Axcelis Technologies, Inc. - Common Stock",Stock,,nasdaq_trader_symbol_directory
NASDAQ,ACMR,"ACM Research, Inc. - Class A Common Stock",Stock,,nasdaq_trader_symbol_directory
NASDAQ,ACNB,ACNB Corporation - Common Stock,Stock,,nasdaq_trader_symbol_directory
NASDAQ,ACNT,Ascent Industries Co. - Common Stock,Stock,,nasdaq_trader_symbol_directory
NASDAQ,ACOG,Alpha Cognition Inc. - Common Stock,Stock,,nasdaq_trader_symbol_directory
NASDAQ,ACON,"Aclarion, Inc. - Common Stock",Stock,,nasdaq_trader_symbol_directory
NASDAQ,ACONW,"Aclarion, Inc. - Warrant",Stock,,nasdaq_trader_symbol_directory
NASDAQ,ACRS,"Aclaris Therapeutics, Inc. - Common Stock",Stock,,nasdaq_trader_symbol_directory
NASDAQ,ACRV,"Acrivon Therapeutics, Inc. - Common Stock",Stock,,nasdaq_trader_symbol_directory
NASDAQ,ACT,"Enact Holdings, Inc. - Common Stock",Stock,,nasdaq_trader_symbol_directory
NASDAQ,ACTG,Acacia Research Corporation - Common Stock,Stock,,nasdaq_trader_symbol_directory
NASDAQ,ACTU,"Actuate Therapeutics, Inc. - Common stock",Stock,,nasdaq_trader_symbol_directory
NASDAQ,ACWI,iShares MSCI ACWI ETF,ETF,,nasdaq_trader_symbol_directory
NASDAQ,ACWX,iShares MSCI ACWI ex U.S. ETF,ETF,,nasdaq_trader_symbol_directory
NASDAQ,ACXP,"Acurx Pharmaceuticals, Inc. - Common Stock",Stock,,nasdaq_trader_symbol_directory
NASDAQ,ADAC,American Drive Acquisition Company - Class A Ordinary Shares,Stock,,nasdaq_trader_symbol_directory
NASDAQ,ADACU,American Drive Acquisition Company - Units,Stock,,nasdaq_trader_symbol_directory
NASDAQ,ADACW,American Drive Acquisition Company - Warrant,Stock,,nasdaq_trader_symbol_directory
NASDAQ,ADAG,"Adagene Inc. - ADS, each representing 1.25 ordinary shares",Stock,,nasdaq_trader_symbol_directory
NASDAQ,ADAM,"Adamas Trust, Inc. - Common Stock",Stock,,nasdaq_trader_symbol_directory
NASDAQ,ADAMG,"Adamas Trust, Inc. - 9.125% Senior Notes Due 2030",Stock,,nasdaq_trader_symbol_directory
NASDAQ,ADAMH,"Adamas Trust, Inc. - 9.875% Senior Notes Due 2030",Stock,,nasdaq_trader_symbol_directory
NASDAQ,ADAMI,"Adamas Trust, Inc. - 9.125% Senior Notes Due 2029",Stock,,nasdaq_trader_symbol_directory
NASDAQ,ADAML,"Adamas Trust, Inc. - 6.875% Series F Fixed-to-Floating Rate Cumulative Redeemable Preferred Stock, $0.01 par value per share",Stock,,nasdaq_trader_symbol_directory
NASDAQ,ADAMM,"Adamas Trust, Inc. - 7.875% Series E Fixed-to-Floating Rate Cumulative Redeemable Preferred Stock",Stock,,nasdaq_trader_symbol_directory
NASDAQ,ADAMN,"Adamas Trust, Inc. - 8.00% Series D Fixed-to-Floating Rate Cumulative Redeemable Preferred Stock",Stock,,nasdaq_trader_symbol_directory
NASDAQ,ADAMO,"Adamas Trust, Inc. - 9.250% Senior Notes Due 2031",Stock,,nasdaq_trader_symbol_directory
NASDAQ,ADAMZ,"Adamas Trust, Inc. - 7.000% Series G Cumulative Redeemable Preferred Stock, $0.01 par value per share",Stock,,nasdaq_trader_symbol_directory
NASDAQ,ADBE,Adobe Inc. - Common Stock,Stock,,nasdaq_trader_symbol_directory
NASDAQ,ADBG,Leverage Shares 2X Long ADBE Daily ETF,ETF,,nasdaq_trader_symbol_directory
NASDAQ,ADEA,Adeia Inc. - Common Stock,Stock,,nasdaq_trader_symbol_directory
NASDAQ,ADGM,"Adagio Medical Holdings, Inc - Common Stock",Stock,,nasdaq_trader_symbol_directory
NASDAQ,ADI,"Analog Devices, Inc. - Common Stock",Stock,,nasdaq_trader_symbol_directory
NASDAQ,ADIL,"Adial Pharmaceuticals, Inc - Common Stock",Stock,,nasdaq_trader_symbol_directory
NASDAQ,ADMA,ADMA Biologics Inc - Common Stock,Stock,,nasdaq_trader_symbol_directory
NASDAQ,ADP,"Automatic Data Processing, Inc. - Common Stock",Stock,,nasdaq_trader_symbol_directory
NASDAQ,ADPT,Adaptive Biotechnologies Corporation - Common Stock,Stock,,nasdaq_trader_symbol_directory
NASDAQ,ADSE,ADS-TEC ENERGY PLC - Ordinary Shares,Stock,,nasdaq_trader_symbol_directory
NASDAQ,ADSEW,ADS-TEC ENERGY PLC - Warrant,Stock,,nasdaq_trader_symbol_directory
NASDAQ,ADSK,"Autodesk, Inc. - Common Stock",Stock,,nasdaq_trader_symbol_directory
NASDAQ,ADTN,"ADTRAN Holdings, Inc. - Common Stock",Stock,,nasdaq_trader_symbol_directory
NASDAQ,ADUR,Aduro Clean Technologies Inc. - Common Stock,Stock,,nasdaq_trader_symbol_directory
NASDAQ,ADUS,Addus HomeCare Corporation - Common Stock,Stock,,nasdaq_trader_symbol_directory
NASDAQ,ADV,Advantage Solutions Inc. - Class A Common Stock,Stock,,nasdaq_trader_symbol_directory
NASDAQ,ADVB,Advanced Biomed Inc. - Common Stock,Stock,,nasdaq_trader_symbol_directory
NASDAQ,ADXN,Addex Therapeutics Ltd - American Depositary Shares,Stock,,nasdaq_trader_symbol_directory
NASDAQ,AEAQ,Activate Energy Acquisition Corp. - Class A Ordinary Share,Stock,,nasdaq_trader_symbol_directory
NASDAQ,AEAQU,Activate Energy Acquisition Corp. - Unit,Stock,,nasdaq_trader_symbol_directory
NASDAQ,AEAQW,Activate Energy Acquisition Corp. - Warrant,Stock,,nasdaq_trader_symbol_directory
NASDAQ,AEBI,Aebi Schmidt Holding AG - Common Stock,Stock,,nasdaq_trader_symbol_directory
NASDAQ,AEC,Anfield Energy Inc. - Common Shares,Stock,,nasdaq_trader_symbol_directory
NASDAQ,AEHL,Antelope Enterprise Holdings Limited - Class A Ordinary Shares,Stock,,nasdaq_trader_symbol_directory
NASDAQ,AEHR,Aehr Test Systems - Common Stock,Stock,,nasdaq_trader_symbol_directory
NASDAQ,AEI,Alset Inc. - Common Stock,Stock,,nasdaq_trader_symbol_directory
NASDAQ,AEIS,"Advanced Energy Industries, Inc. - Common Stock",Stock,,nasdaq_trader_symbol_directory
NASDAQ,AEMD,"Aethlon Medical, Inc. - Common Stock",Stock,,nasdaq_trader_symbol_directory
NASDAQ,AENT,Alliance Entertainment Holding Corporation - common stock,Stock,,nasdaq_trader_symbol_directory
NASDAQ,AENTW,Alliance Entertainment Holding Corporation - Warrants,Stock,,nasdaq_trader_symbol_directory
NASDAQ,AEP,"American Electric Power Company, Inc. - Common Stock",Stock,,nasdaq_trader_symbol_directory
NASDAQ,AERT,"Aeries Technology, Inc. - Class A Ordinary Share",Stock,,nasdaq_trader_symbol_directory
NASDAQ,AERTW,"Aeries Technology, Inc. - Warrant",Stock,,nasdaq_trader_symbol_directory
NASDAQ,AESP,Aeon Acquisition I Corp. - Class A Ordinary Shares,Stock,,nasdaq_trader_symbol_directory
NASDAQ,AESPR,Aeon Acquisition I Corp. - Rights,Stock,,nasdaq_trader_symbol_directory
NASDAQ,AESPU,Aeon Acquisition I Corp. - Units,Stock,,nasdaq_trader_symbol_directory
NASDAQ,AESPW,Aeon Acquisition I Corp. - Warrants,Stock,,nasdaq_trader_symbol_directory
NASDAQ,AEVA,"Aeva Technologies, Inc. - Common Stock",Stock,,nasdaq_trader_symbol_directory
NASDAQ,AEYE,"AudioEye, Inc. - Common Stock",Stock,,nasdaq_trader_symbol_directory
NASDAQ,AFBI,"Affinity Bancshares, Inc. - Common Stock",Stock,,nasdaq_trader_symbol_directory
NASDAQ,AFCG,Advanced Flower Capital Inc. - Common Stock,Stock,,nasdaq_trader_symbol_directory
NASDAQ,AFJK,"Aimei Health Technology Co., Ltd - Ordinary Share",Stock,,nasdaq_trader_symbol_directory
NASDAQ,AFJKR,"Aimei Health Technology Co., Ltd - Right",Stock,,nasdaq_trader_symbol_directory
NASDAQ,AFJKU,"Aimei Health Technology Co., Ltd - Unit",Stock,,nasdaq_trader_symbol_directory
NASDAQ,AFOS,ARS Focused Opportunity Strategy ETF,ETF,,nasdaq_trader_symbol_directory
NASDAQ,AFRI,Forafric Global PLC - Ordinary Shares,Stock,,nasdaq_trader_symbol_directory
NASDAQ,AFRIW,Forafric Global PLC - Warrants,Stock,,nasdaq_trader_symbol_directory
NASDAQ,AFRM,"Affirm Holdings, Inc. - Class A Common Stock",Stock,,nasdaq_trader_symbol_directory
NASDAQ,AFSC,abrdn Focused U.S. Small Cap Active ETF,ETF,,nasdaq_trader_symbol_directory
NASDAQ,AFYA,Afya Limited - Class A Common Shares,Stock,,nasdaq_trader_symbol_directory
NASDAQ,AGCC,Agencia Comercial Spirits Ltd - Class A Ordinary Share,Stock,,nasdaq_trader_symbol_directory
NASDAQ,AGEM,abrdn Emerging Markets Dividend Active ETF,ETF,,nasdaq_trader_symbol_directory
NASDAQ,AGEN,Agenus Inc. - Common Stock,Stock,,nasdaq_trader_symbol_directory
NASDAQ,AGGA,EA Astoria Dynamic Core US Fixed Income ETF,ETF,,nasdaq_trader_symbol_directory
NASDAQ,AGIO,"Agios Pharmaceuticals, Inc. - Common Stock",Stock,,nasdaq_trader_symbol_directory
NASDAQ,AGIX,KraneShares Public-Private AI & Technology ETF,ETF,,nasdaq_trader_symbol_directory
NASDAQ,AGMB,AgomAb Therapeutics NV - ADRs representing one common share.,Stock,,nasdaq_trader_symbol_directory
NASDAQ,AGMH,AGM Group Holdings Inc. - Class A Ordinary Shares,Stock,,nasdaq_trader_symbol_directory
NASDAQ,AGMI,Themes Silver Miners ETF,ETF,,nasdaq_trader_symbol_directory
NASDAQ,AGNC,AGNC Investment Corp. - Common Stock,Stock,,nasdaq_trader_symbol_directory
NASDAQ,AGNCL,"AGNC Investment Corp. - Depositary Shares Each Representing a 1/1,000th Interest in a Share of 7.75% Series G Fixed-Rate Reset Cumulative Redeemable Preferred Stock",Stock,,nasdaq_trader_symbol_directory
NASDAQ,AGNCM,AGNC Investment Corp. - Depositary Shares rep 6.875% Series D Fixed-to-Floating Cumulative Redeemable Preferred Stock,Stock,,nasdaq_trader_symbol_directory
NASDAQ,AGNCN,"AGNC Investment Corp. - Depositary Shares Each Representing a 1/1,000th Interest in a Share of 7.00% Series C Fixed-To-Floating Rate Cumulative Redeemable Preferred Stock",Stock,,nasdaq_trader_symbol_directory
NASDAQ,AGNCO,"AGNC Investment Corp. - Depositary Shares, each representing a 1/1,000th interest in a share of Series E Fixed-to-Floating Cumulative Redeemable Preferred Stock",Stock,,nasdaq_trader_symbol_directory
NASDAQ,AGNCP,"AGNC Investment Corp. - Depositary Shares Each Representing a 1/1,000th Interest in a Share of 6.125% Series F Fixed-to-Floating Rate Cumulative Redeemable Preferred Stock",Stock,,nasdaq_trader_symbol_directory
NASDAQ,AGNCZ,"AGNC Investment Corp. - Depositary Shares Each Representing a 1/1,000th Interest in a Share of 8.75% Series H Fixed-Rate Cumulative Redeemable Preferred Stock",Stock,,nasdaq_trader_symbol_directory
NASDAQ,AGNG,Global X Aging Population ETF,ETF,,nasdaq_trader_symbol_directory
NASDAQ,AGNT,"AGNT, Inc. - Common Stock",Stock,,nasdaq_trader_symbol_directory
NASDAQ,AGPU,Axe Compute Inc. - Common Stock,Stock,,nasdaq_trader_symbol_directory
NASDAQ,AGRZ,Agroz Inc. - Ordinary Shares,Stock,,nasdaq_trader_symbol_directory
NASDAQ,AGYS,"Agilysys, Inc. - Common Stock",Stock,,nasdaq_trader_symbol_directory
NASDAQ,AGZD,WisdomTree Interest Rate Hedged U.S. Aggregate Bond Fund,ETF,,nasdaq_trader_symbol_directory
NASDAQ,AHCO,AdaptHealth Corp. - Common Stock,Stock,,nasdaq_trader_symbol_directory
NASDAQ,AHD,GraniteShares Autocallable HOOD ETF,ETF,,nasdaq_trader_symbol_directory
NASDAQ,AHG,Akso Health Group - American Depositary Shares,Stock,,nasdaq_trader_symbol_directory
NASDAQ,AHMA,Ambitions Enterprise Management Co. L.L.C - Class A Ordinary Shares,Stock,,nasdaq_trader_symbol_directory
NASDAQ,AIA,iShares Asia 50 ETF,ETF,,nasdaq_trader_symbol_directory
NASDAQ,AIAI,AIAI Holdings Corporation - Class A common stock,Stock,,nasdaq_trader_symbol_directory
NASDAQ,AIBZ,Bitzero Holdings Inc. - Common Shares,Stock,,nasdaq_trader_symbol_directory
NASDAQ,AIDX,"20/20 Biolabs, Inc. - Common Stock",Stock,,nasdaq_trader_symbol_directory
NASDAQ,AIFA,"All In FutureTech Alliance, Inc. - Common Stock",Stock,,nasdaq_trader_symbol_directory
NASDAQ,AIFC,AI Financial Corporation - Common Stock,Stock,,nasdaq_trader_symbol_directory
NASDAQ,AIFD,TCW Artificial Intelligence ETF,ETF,,nasdaq_trader_symbol_directory
NASDAQ,AIFF,"Firefly Neuroscience, Inc. - Common Stock",Stock,,nasdaq_trader_symbol_directory
NASDAQ,AIFU,AIFU Inc. - Class A Ordinary Share,Stock,,nasdaq_trader_symbol_directory
NASDAQ,AIHS,Senmiao Technology Limited - Common Stock,Stock,,nasdaq_trader_symbol_directory
NASDAQ,AIIO,Robo.ai Inc. - Class B Ordinary Shares,Stock,,nasdaq_trader_symbol_directory
NASDAQ,AIIOW,Robo.ai Inc. - Warrant,Stock,,nasdaq_trader_symbol_directory
NASDAQ,AIIR,Air Global PLC - Ordinary shares,Stock,,nasdaq_trader_symbol_directory
NASDAQ,AIMD,"Ainos, Inc. - Common Stock",Stock,,nasdaq_trader_symbol_directory
NASDAQ,AIMDW,"Ainos, Inc. - warrants",Stock,,nasdaq_trader_symbol_directory
NASDAQ,AIMS,Acuitas Small Cap Active ETF,ETF,,nasdaq_trader_symbol_directory
NASDAQ,AIOS,AIOS Tech Inc. - Class A Common Shares,Stock,,nasdaq_trader_symbol_directory
NASDAQ,AIOT,"PowerFleet, Inc. - Common Stock",Stock,,nasdaq_trader_symbol_directory
NASDAQ,AIP,"Arteris, Inc. - Common Stock",Stock,,nasdaq_trader_symbol_directory
NASDAQ,AIPI,REX AI Equity Premium Income ETF,ETF,,nasdaq_trader_symbol_directory
NASDAQ,AIPO,Defiance AI & Power Infrastructure ETF,ETF,,nasdaq_trader_symbol_directory
NASDAQ,AIQ,Global X Artificial Intelligence & Technology ETF,ETF,,nasdaq_trader_symbol_directory
NASDAQ,AIRE,reAlpha Tech Corp. - Common Stock,Stock,,nasdaq_trader_symbol_directory
NASDAQ,AIRG,"Airgain, Inc. - Common Stock",Stock,,nasdaq_trader_symbol_directory
NASDAQ,AIRJ,AirJoule Technologies Corporation - Class A Common Stock,Stock,,nasdaq_trader_symbol_directory
NASDAQ,AIRJW,AirJoule Technologies Corporation - Warrant,Stock,,nasdaq_trader_symbol_directory
NASDAQ,AIRO,"AIRO Group Holdings, Inc. - Common Stock",Stock,,nasdaq_trader_symbol_directory
NASDAQ,AIRR,First Trust RBA American Industrial Renaissance ETF,ETF,,nasdaq_trader_symbol_directory
NASDAQ,AIRS,"AirSculpt Technologies, Inc. - Common Stock",Stock,,nasdaq_trader_symbol_directory
NASDAQ,AIRT,"Air T, Inc. - Common Stock",Stock,,nasdaq_trader_symbol_directory
NASDAQ,AIRTP,"Air T, Inc. - Trust Preferred Securities",Stock,,nasdaq_trader_symbol_directory
NASDAQ,AISP,"Airship AI Holdings, Inc - Class A Common Stock",Stock,,nasdaq_trader_symbol_directory
NASDAQ,AISPW,"Airship AI Holdings, Inc - Warrants",Stock,,nasdaq_trader_symbol_directory
NASDAQ,AIX,Defiance US 100 Tech AI Moat ETF,ETF,,nasdaq_trader_symbol_directory
NASDAQ,AIXC,"AIxCrypto Holdings, Inc. - Common Stock",Stock,,nasdaq_trader_symbol_directory
NASDAQ,AIXI,XIAO-I Corporation - American Depositary Shares,Stock,,nasdaq_trader_symbol_directory
NASDAQ,AKAM,"Akamai Technologies, Inc. - Common Stock",Stock,,nasdaq_trader_symbol_directory
NASDAQ,AKAN,Akanda Corp. - Common Shares,Stock,,nasdaq_trader_symbol_directory
NASDAQ,AKBA,"Akebia Therapeutics, Inc. - Common Stock",Stock,,nasdaq_trader_symbol_directory
NASDAQ,AKTS,"Aktis Oncology, Inc. - Common stock",Stock,,nasdaq_trader_symbol_directory
NASDAQ,AKTX,Akari Therapeutics Plc - American Depositary Shares,Stock,,nasdaq_trader_symbol_directory
NASDAQ,ALAB,"Astera Labs, Inc. - Common Stock",Stock,,nasdaq_trader_symbol_directory
NASDAQ,ALAR,Alarum Technologies Ltd. - American Depositary Shares,Stock,,nasdaq_trader_symbol_directory
NASDAQ,ALBG,Leverage Shares 2X Long ALB Daily ETF,ETF,,nasdaq_trader_symbol_directory
NASDAQ,ALBT,Avalon GloboCare Corp. - Common Stock,Stock,,nasdaq_trader_symbol_directory
NASDAQ,ALCO,"Alico, Inc. - Common Stock",Stock,,nasdaq_trader_symbol_directory
NASDAQ,ALDF,Aldel Financial II Inc. - Class A Ordinary Shares,Stock,,nasdaq_trader_symbol_directory
NASDAQ,ALDFU,Aldel Financial II Inc. - Units,Stock,,nasdaq_trader_symbol_directory
NASDAQ,ALDFW,Aldel Financial II Inc. - Warrants,Stock,,nasdaq_trader_symbol_directory
NASDAQ,ALDX,"Aldeyra Therapeutics, Inc. - Common Stock",Stock,,nasdaq_trader_symbol_directory
NASDAQ,ALEC,"Alector, Inc. - Common Stock",Stock,,nasdaq_trader_symbol_directory
NASDAQ,ALF,Centurion Acquisition Corp. - Class A Ordinary Shares,Stock,,nasdaq_trader_symbol_directory
NASDAQ,ALFUU,Centurion Acquisition Corp. - Unit,Stock,,nasdaq_trader_symbol_directory
NASDAQ,ALFUW,Centurion Acquisition Corp. - Warrant,Stock,,nasdaq_trader_symbol_directory
NASDAQ,ALGM,"Allegro MicroSystems, Inc. - Common Stock",Stock,,nasdaq_trader_symbol_directory
NASDAQ,ALGN,"Align Technology, Inc. - Common Stock",Stock,,nasdaq_trader_symbol_directory
NASDAQ,ALGS,"Aligos Therapeutics, Inc. - Common stock",Stock,,nasdaq_trader_symbol_directory
NASDAQ,ALGT,Allegiant Travel Company - Common Stock,Stock,,nasdaq_trader_symbol_directory
NASDAQ,ALHC,"Alignment Healthcare, Inc. - Common Stock",Stock,,nasdaq_trader_symbol_directory
NASDAQ,ALIL,Argent Focused Small Cap ETF,ETF,,nasdaq_trader_symbol_directory
NASDAQ,ALIS,Calisa Acquisition Corp - Ordinary shares,Stock,,nasdaq_trader_symbol_directory
NASDAQ,ALISR,Calisa Acquisition Corp - Right,Stock,,nasdaq_trader_symbol_directory
NASDAQ,ALISU,Calisa Acquisition Corp - Units,Stock,,nasdaq_trader_symbol_directory
NASDAQ,ALKS,Alkermes plc - Ordinary Shares,Stock,,nasdaq_trader_symbol_directory
NASDAQ,ALKT,"Alkami Technology, Inc. - Common Stock",Stock,,nasdaq_trader_symbol_directory
NASDAQ,ALLO,"Allogene Therapeutics, Inc. - Common Stock",Stock,,nasdaq_trader_symbol_directory
NASDAQ,ALLR,"Allarity Therapeutics, Inc. - Common stock",Stock,,nasdaq_trader_symbol_directory
NASDAQ,ALLT,Allot Ltd. - Ordinary Shares,Stock,,nasdaq_trader_symbol_directory
NASDAQ,ALLW,State Street Bridgewater All Weather ETF,ETF,,nasdaq_trader_symbol_directory
NASDAQ,ALM,Almonty Industries Inc. - Common Shares,Stock,,nasdaq_trader_symbol_directory
NASDAQ,ALMR,"Alamar Biosciences, Inc. - Class A common stock",Stock,,nasdaq_trader_symbol_directory
NASDAQ,ALMS,Alumis Inc. - Common Stock,Stock,,nasdaq_trader_symbol_directory
NASDAQ,ALMU,"Aeluma, Inc. - Common Stock",Stock,,nasdaq_trader_symbol_directory
NASDAQ,ALNT,Allient Inc. - Common Stock,Stock,,nasdaq_trader_symbol_directory
NASDAQ,ALNY,"Alnylam Pharmaceuticals, Inc. - Common Stock",Stock,,nasdaq_trader_symbol_directory
NASDAQ,ALOT,"AstroNova, Inc. - Common Stock",Stock,,nasdaq_trader_symbol_directory
NASDAQ,ALOV,"Aldabra 4 Liquidity Opportunity Vehicle, Inc. - Class A Ordinary Shares",Stock,,nasdaq_trader_symbol_directory
NASDAQ,ALOVU,"Aldabra 4 Liquidity Opportunity Vehicle, Inc. - Units",Stock,,nasdaq_trader_symbol_directory
NASDAQ,ALOVW,"Aldabra 4 Liquidity Opportunity Vehicle, Inc. - Warrants",Stock,,nasdaq_trader_symbol_directory
NASDAQ,ALOY,REalloys Inc. - Common Stock,Stock,,nasdaq_trader_symbol_directory
NASDAQ,ALP,Alpha Compute Corp - Common Stock,Stock,,nasdaq_trader_symbol_directory
NASDAQ,ALPS,ALPS Group Inc - Ordinary Share,Stock,,nasdaq_trader_symbol_directory
NASDAQ,ALPXU,Alpex Acquisition Corporation - Units,Stock,,nasdaq_trader_symbol_directory
NASDAQ,ALRM,"Alarm.com Holdings, Inc. - Common Stock",Stock,,nasdaq_trader_symbol_directory
NASDAQ,ALRS,Alerus Financial Corporation - Common Stock,Stock,,nasdaq_trader_symbol_directory
NASDAQ,ALT,"Altimmune, Inc. - Common Stock",Stock,,nasdaq_trader_symbol_directory
NASDAQ,ALTI,"AlTi Global, Inc. - Class A Common Stock",Stock,,nasdaq_trader_symbol_directory
NASDAQ,ALTO,"Alto Ingredients, Inc. - Common Stock",Stock,,nasdaq_trader_symbol_directory
NASDAQ,ALTY,Global X Alternative Income ETF,ETF,,nasdaq_trader_symbol_directory
NASDAQ,ALVO,Alvotech - Ordinary Shares,Stock,,nasdaq_trader_symbol_directory
NASDAQ,ALVOW,Alvotech - Warrant,Stock,,nasdaq_trader_symbol_directory
NASDAQ,ALXO,ALX Oncology Holdings Inc. - Common Stock,Stock,,nasdaq_trader_symbol_directory
NASDAQ,ALZN,"Alzamend Neuro, Inc. - Common Stock",Stock,,nasdaq_trader_symbol_directory
NASDAQ,AMA,Defiance Daily Target 2X Long AMAT ETF,ETF,,nasdaq_trader_symbol_directory
NASDAQ,AMAL,Amalgamated Financial Corp. - Common Stock,Stock,,nasdaq_trader_symbol_directory
NASDAQ,AMAN,Amanat Acquisition Corp - Class A Ordinary Shares,Stock,,nasdaq_trader_symbol_directory
NASDAQ,AMAT,"Applied Materials, Inc. - Common Stock",Stock,,nasdaq_trader_symbol_directory
NASDAQ,AMBA,"Ambarella, Inc. - Ordinary Shares",Stock,,nasdaq_trader_symbol_directory
NASDAQ,AMBR,Amber International Holding Limited - American Depositary Shares,Stock,,nasdaq_trader_symbol_directory
NASDAQ,AMCI,AMC Robotics Corporation - Common Stock,Stock,,nasdaq_trader_symbol_directory
NASDAQ,AMCX,AMC Global Media Inc. - Class A Common Stock,Stock,,nasdaq_trader_symbol_directory
NASDAQ,AMD,"Advanced Micro Devices, Inc. - Common Stock",Stock,,nasdaq_trader_symbol_directory
NASDAQ,AMDD,Direxion Daily AMD Bear 1X ETF,ETF,,nasdaq_trader_symbol_directory
NASDAQ,AMDG,Leverage Shares 2X Long AMD Daily ETF,ETF,,nasdaq_trader_symbol_directory
NASDAQ,AMDL,GraniteShares 2x Long AMD Daily ETF,ETF,,nasdaq_trader_symbol_directory
NASDAQ,AMEI,Amana Equity Income ETF,ETF,,nasdaq_trader_symbol_directory
NASDAQ,AMEM,Amana Developing World ETF,ETF,,nasdaq_trader_symbol_directory
NASDAQ,AMGN,Amgen Inc. - Common Stock,Stock,,nasdaq_trader_symbol_directory
NASDAQ,AMGR,Amana Growth ETF,ETF,,nasdaq_trader_symbol_directory
NASDAQ,AMID,Argent Mid Cap ETF,ETF,,nasdaq_trader_symbol_directory
NASDAQ,AMIX,"Autonomix Medical, Inc. - Common Stock",Stock,,nasdaq_trader_symbol_directory
NASDAQ,AMKR,"Amkor Technology, Inc. - Common Stock",Stock,,nasdaq_trader_symbol_directory
NASDAQ,AMLX,"Amylyx Pharmaceuticals, Inc. - Common Stock",Stock,,nasdaq_trader_symbol_directory
NASDAQ,AMOD,"Alpha Modus Holdings, Inc. - Class A Common Stock",Stock,,nasdaq_trader_symbol_directory
NASDAQ,AMODW,"Alpha Modus Holdings, Inc. - Warrant",Stock,,nasdaq_trader_symbol_directory
NASDAQ,AMPG,"Amplitech Group, Inc. - Common Stock",Stock,,nasdaq_trader_symbol_directory
NASDAQ,AMPGR,"Amplitech Group, Inc. - Series A Right",Stock,,nasdaq_trader_symbol_directory
NASDAQ,AMPGZ,"Amplitech Group, Inc. - Series B Right",Stock,,nasdaq_trader_symbol_directory
NASDAQ,AMPH,"Amphastar Pharmaceuticals, Inc. - Common Stock",Stock,,nasdaq_trader_symbol_directory
NASDAQ,AMPL,"Amplitude, Inc. - Class A Common Stock",Stock,,nasdaq_trader_symbol_directory
NASDAQ,AMRN,Amarin Corporation plc - American Depositary Shares,Stock,,nasdaq_trader_symbol_directory
NASDAQ,AMRX,"Amneal Pharmaceuticals, Inc. - Class A Common Stock",Stock,,nasdaq_trader_symbol_directory
NASDAQ,AMSC,American Superconductor Corporation - Common Stock,Stock,,nasdaq_trader_symbol_directory
NASDAQ,AMSF,"AMERISAFE, Inc. - Common Stock",Stock,,nasdaq_trader_symbol_directory
NASDAQ,AMSS,AMASS Brands Inc. - Common Stock,Stock,,nasdaq_trader_symbol_directory
NASDAQ,AMST,Amesite Inc. - Common Stock,Stock,,nasdaq_trader_symbol_directory
NASDAQ,AMTX,"Aemetis, Inc - Common Stock",Stock,,nasdaq_trader_symbol_directory
NASDAQ,AMUN,abrdn Ultra Short Municipal Income Active ETF,ETF,,nasdaq_trader_symbol_directory
NASDAQ,AMUU,Direxion Daily AMD Bull 2X ETF,ETF,,nasdaq_trader_symbol_directory
NASDAQ,AMYY,GraniteShares YieldBOOST AMD ETF,ETF,,nasdaq_trader_symbol_directory
NASDAQ,AMZD,Direxion Daily AMZN Bear 1X ETF,ETF,,nasdaq_trader_symbol_directory
NASDAQ,AMZN,"Amazon.com, Inc. - Common Stock",Stock,,nasdaq_trader_symbol_directory
NASDAQ,AMZU,Direxion Daily AMZN Bull 2X ETF,ETF,,nasdaq_trader_symbol_directory
NASDAQ,AMZZ,GraniteShares 2x Long AMZN Daily ETF,ETF,,nasdaq_trader_symbol_directory
NASDAQ,ANAB,"AnaptysBio, Inc. - Common Stock",Stock,,nasdaq_trader_symbol_directory
NASDAQ,ANDE,"The Andersons, Inc. - Common Stock",Stock,,nasdaq_trader_symbol_directory
NASDAQ,ANEL,Defiance Daily Target 2x Long ANET ETF,ETF,,nasdaq_trader_symbol_directory
NASDAQ,ANGH,Anghami Inc. - Ordinary Shares,Stock,,nasdaq_trader_symbol_directory
NASDAQ,ANGHW,Anghami Inc. - Warrants,Stock,,nasdaq_trader_symbol_directory
NASDAQ,ANGI,Angi Inc. - Class A Common Stock,Stock,,nasdaq_trader_symbol_directory
NASDAQ,ANGL,VanEck Fallen Angel High Yield Bond ETF,ETF,,nasdaq_trader_symbol_directory
NASDAQ,ANGO,"AngioDynamics, Inc. - Common Stock",Stock,,nasdaq_trader_symbol_directory
NASDAQ,ANIK,Anika Therapeutics Inc. - Common Stock,Stock,,nasdaq_trader_symbol_directory
NASDAQ,ANIP,"ANI Pharmaceuticals, Inc. - Common Stock",Stock,,nasdaq_trader_symbol_directory
NASDAQ,ANIX,"Anixa Biosciences, Inc. - Common Stock",Stock,,nasdaq_trader_symbol_directory
NASDAQ,ANL,Adlai Nortye Ltd. - American Depositary Shares,Stock,,nasdaq_trader_symbol_directory
NASDAQ,ANNA,"AleAnna, Inc. - Class A Common Stock",Stock,,nasdaq_trader_symbol_directory
NASDAQ,ANNAW,"AleAnna, Inc. - Warrant",Stock,,nasdaq_trader_symbol_directory
NASDAQ,ANNX,"Annexon, Inc. - common stock",Stock,,nasdaq_trader_symbol_directory
NASDAQ,ANPA,Rich Sparkle Holdings Limited - Ordinary Shares,Stock,,nasdaq_trader_symbol_directory
NASDAQ,ANSC,Agriculture & Natural Solutions Acquisition Corporation - Class A Ordinary Shares,Stock,,nasdaq_trader_symbol_directory
NASDAQ,ANSCU,Agriculture & Natural Solutions Acquisition Corporation - Unit,Stock,,nasdaq_trader_symbol_directory
NASDAQ,ANSCW,Agriculture & Natural Solutions Acquisition Corporation - Warrant,Stock,,nasdaq_trader_symbol_directory
NASDAQ,ANTA,Antalpha Platform Holding Company - Class A Ordinary Shares,Stock,,nasdaq_trader_symbol_directory
NASDAQ,ANTX,"AN2 Therapeutics, Inc. - Common Stock",Stock,,nasdaq_trader_symbol_directory
NASDAQ,ANV,GraniteShares Autocallable NVDA ETF,ETF,,nasdaq_trader_symbol_directory
NASDAQ,ANY,Sphere 3D Corp. - Common Shares,Stock,,nasdaq_trader_symbol_directory
NASDAQ,AOHY,Angel Oak High Yield Opportunities ETF,ETF,,nasdaq_trader_symbol_directory
NASDAQ,AOSL,Alpha and Omega Semiconductor Limited - Common Shares,Stock,,nasdaq_trader_symbol_directory
NASDAQ,AOTG,AOT Growth and Innovation ETF,ETF,,nasdaq_trader_symbol_directory
NASDAQ,AOUT,"American Outdoor Brands, Inc. - Common Stock",Stock,,nasdaq_trader_symbol_directory
NASDAQ,APA,APA Corporation - Common Stock,Stock,,nasdaq_trader_symbol_directory
NASDAQ,APAC,StoneBridge Acquisition II Corporation - Class A Ordinary Shares,Stock,,nasdaq_trader_symbol_directory
NASDAQ,APACR,StoneBridge Acquisition II Corporation - Rights,Stock,,nasdaq_trader_symbol_directory
NASDAQ,APACU,StoneBridge Acquisition II Corporation - Units,Stock,,nasdaq_trader_symbol_directory
NASDAQ,APC,ARKO Petroleum Corp. - Class A Common Stock,Stock,,nasdaq_trader_symbol_directory
NASDAQ,APEI,"American Public Education, Inc. - Common Stock",Stock,,nasdaq_trader_symbol_directory
NASDAQ,APGE,"Apogee Therapeutics, Inc. - Common Stock",Stock,,nasdaq_trader_symbol_directory
NASDAQ,API,"Agora, Inc. - ADS",Stock,,nasdaq_trader_symbol_directory
NASDAQ,APLD,Applied Digital Corporation - Common Stock,Stock,,nasdaq_trader_symbol_directory
NASDAQ,APLM,Apollomics Inc. - Class A Ordinary Shares,Stock,,nasdaq_trader_symbol_directory
NASDAQ,APLMW,Apollomics Inc. - Warrant,Stock,,nasdaq_trader_symbol_directory
NASDAQ,APM,Aptorum Group Limited - Class A Ordinary Shares,Stock,,nasdaq_trader_symbol_directory
NASDAQ,APMC,AmperCap Acquisition Company - Ordinary Shares,Stock,,nasdaq_trader_symbol_directory
NASDAQ,APMCR,AmperCap Acquisition Company - Right,Stock,,nasdaq_trader_symbol_directory
NASDAQ,APMCU,AmperCap Acquisition Company - Unit,Stock,,nasdaq_trader_symbol_directory
NASDAQ,APOG,"Apogee Enterprises, Inc. - Common Stock",Stock,,nasdaq_trader_symbol_directory
NASDAQ,APP,Applovin Corporation - Class A Common Stock,Stock,,nasdaq_trader_symbol_directory
NASDAQ,APPF,"AppFolio, Inc. - Class A Common Stock",Stock,,nasdaq_trader_symbol_directory
NASDAQ,APPN,Appian Corporation - Class A Common Stock,Stock,,nasdaq_trader_symbol_directory
NASDAQ,APPS,"Digital Turbine, Inc. - Common Stock",Stock,,nasdaq_trader_symbol_directory
NASDAQ,APPX,Tradr 2X Long APP Daily ETF,ETF,,nasdaq_trader_symbol_directory
NASDAQ,APRE,"Aprea Therapeutics, Inc. - Common Stock",Stock,,nasdaq_trader_symbol_directory
NASDAQ,APUR,Aperture AC - Class A Ordinary Shares,Stock,,nasdaq_trader_symbol_directory
NASDAQ,APURR,Aperture AC - Rights,Stock,,nasdaq_trader_symbol_directory
NASDAQ,APVO,Aptevo Therapeutics Inc. - Common Stock,Stock,,nasdaq_trader_symbol_directory
NASDAQ,APWC,"Asia Pacific Wire & Cable Corporation Limited - Common shares, Par value .01 per share",Stock,,nasdaq_trader_symbol_directory
NASDAQ,APXT,Apex Treasury Corporation - Class A Ordinary Share,Stock,,nasdaq_trader_symbol_directory
NASDAQ,APXTU,Apex Treasury Corporation - Units,Stock,,nasdaq_trader_symbol_directory
NASDAQ,APXTW,Apex Treasury Corporation - Warrants,Stock,,nasdaq_trader_symbol_directory
NASDAQ,APYX,Apyx Medical Corporation - Common Stock,Stock,,nasdaq_trader_symbol_directory
NASDAQ,AQB,"AquaBounty Technologies, Inc. - Common Stock",Stock,,nasdaq_trader_symbol_directory
NASDAQ,AQLG,HCM Large Cap Growth ETF,ETF,,nasdaq_trader_symbol_directory
NASDAQ,AQMS,"Aqua Metals, Inc. - Common Stock",Stock,,nasdaq_trader_symbol_directory
NASDAQ,AQST,"Aquestive Therapeutics, Inc. - Common Stock",Stock,,nasdaq_trader_symbol_directory
NASDAQ,AQWA,Global X Clean Water ETF,ETF,,nasdaq_trader_symbol_directory
NASDAQ,ARAI,Arrive AI Inc. - Common Stock,Stock,,nasdaq_trader_symbol_directory
NASDAQ,ARAY,Accuray Incorporated - Common Stock,Stock,,nasdaq_trader_symbol_directory
NASDAQ,ARBB,ARB IOT Group Limited - Ordinary Shares,Stock,,nasdaq_trader_symbol_directory
NASDAQ,ARBE,Arbe Robotics Ltd. - Ordinary Shares,Stock,,nasdaq_trader_symbol_directory
NASDAQ,ARBEW,Arbe Robotics Ltd. - Warrant,Stock,,nasdaq_trader_symbol_directory
NASDAQ,ARBK,Argo Blockchain plc - American Depositary Shares,Stock,,nasdaq_trader_symbol_directory
NASDAQ,ARCB,ArcBest Corporation - Common Stock,Stock,,nasdaq_trader_symbol_directory
NASDAQ,ARCC,Ares Capital Corporation - Closed End Fund,Stock,,nasdaq_trader_symbol_directory
NASDAQ,ARCI,Archimedes Tech SPAC Partners III Co. - Ordinary Share,Stock,,nasdaq_trader_symbol_directory
NASDAQ,ARCIU,Archimedes Tech SPAC Partners III Co. - Unit,Stock,,nasdaq_trader_symbol_directory
NASDAQ,ARCIW,Archimedes Tech SPAC Partners III Co. - Warrant,Stock,,nasdaq_trader_symbol_directory
NASDAQ,ARCL,ARC Group Acquisition I Corp - Class A Ordinary Shares,Stock,,nasdaq_trader_symbol_directory
NASDAQ,ARCLR,ARC Group Acquisition I Corp - Right,Stock,,nasdaq_trader_symbol_directory
NASDAQ,ARCLU,ARC Group Acquisition I Corp - Unit,Stock,,nasdaq_trader_symbol_directory
NASDAQ,ARCLW,ARC Group Acquisition I Corp - Warrants,Stock,,nasdaq_trader_symbol_directory
NASDAQ,ARCT,Arcturus Therapeutics Holdings Inc. - Common Stock,Stock,,nasdaq_trader_symbol_directory
NASDAQ,ARDX,"Ardelyx, Inc. - Common Stock",Stock,,nasdaq_trader_symbol_directory
NASDAQ,AREC,American Resources Corporation - Class A Common Stock,Stock,,nasdaq_trader_symbol_directory
NASDAQ,ARGX,argenx SE - American Depositary Shares,Stock,,nasdaq_trader_symbol_directory
NASDAQ,ARHS,"Arhaus, Inc. - Class A Common Stock",Stock,,nasdaq_trader_symbol_directory
NASDAQ,ARKO,ARKO Corp. - Common Stock,Stock,,nasdaq_trader_symbol_directory
NASDAQ,ARKR,Ark Restaurants Corp. - Common Stock,Stock,,nasdaq_trader_symbol_directory
NASDAQ,ARLP,"Alliance Resource Partners, L.P. - Common Units Representing Limited Partnership Interests",Stock,,nasdaq_trader_symbol_directory
NASDAQ,ARM,Arm Holdings plc - American Depositary Shares,Stock,,nasdaq_trader_symbol_directory
NASDAQ,ARMG,Leverage Shares 2X Long ARM Daily ETF,ETF,,nasdaq_trader_symbol_directory
NASDAQ,ARMY,Tema International Defense ETF,ETF,,nasdaq_trader_symbol_directory
NASDAQ,AROW,Arrow Financial Corporation - Common Stock,Stock,,nasdaq_trader_symbol_directory
NASDAQ,ARQ,"Arq, Inc. - Common Stock",Stock,,nasdaq_trader_symbol_directory
NASDAQ,ARQQ,Arqit Quantum Inc. - Ordinary Shares,Stock,,nasdaq_trader_symbol_directory
NASDAQ,ARQQW,Arqit Quantum Inc. - Warrants,Stock,,nasdaq_trader_symbol_directory
NASDAQ,ARQT,"Arcutis Biotherapeutics, Inc. - Common stock",Stock,,nasdaq_trader_symbol_directory
NASDAQ,ARRY,"Array Technologies, Inc. - Common Stock",Stock,,nasdaq_trader_symbol_directory
NASDAQ,ARTC,Art Technology Acquisition Corp. - Class A Ordinary Shares,Stock,,nasdaq_trader_symbol_directory
NASDAQ,ARTCU,Art Technology Acquisition Corp. - Units,Stock,,nasdaq_trader_symbol_directory
NASDAQ,ARTCW,Art Technology Acquisition Corp. - Warrants,Stock,,nasdaq_trader_symbol_directory
NASDAQ,ARTL,"Artelo Biosciences, Inc. - Common Stock",Stock,,nasdaq_trader_symbol_directory
NASDAQ,ARTNA,Artesian Resources Corporation - Class A Non-Voting Common Stock,Stock,,nasdaq_trader_symbol_directory
NASDAQ,ARTV,"Artiva Biotherapeutics, Inc. - Common Stock",Stock,,nasdaq_trader_symbol_directory
NASDAQ,ARTW,"Art's-Way Manufacturing Co., Inc. - Common Stock",Stock,,nasdaq_trader_symbol_directory
NASDAQ,ARVN,"Arvinas, Inc. - Common Stock",Stock,,nasdaq_trader_symbol_directory
NASDAQ,ARVR,First Trust Indxx Metaverse ETF,ETF,,nasdaq_trader_symbol_directory
NASDAQ,ARWR,"Arrowhead Pharmaceuticals, Inc. - Common Stock",Stock,,nasdaq_trader_symbol_directory
NASDAQ,ARXS,"Arxis, Inc. - Class A Common Stock",Stock,,nasdaq_trader_symbol_directory
NASDAQ,ASBP,"Aspire Biopharma Holdings, Inc. - Common Stock",Stock,,nasdaq_trader_symbol_directory
NASDAQ,ASBPW,"Aspire Biopharma Holdings, Inc. - Warrant",Stock,,nasdaq_trader_symbol_directory
NASDAQ,ASCI,abrdn International Small Cap Active ETF,ETF,,nasdaq_trader_symbol_directory
NASDAQ,ASD,Defiance Autism Impact ETF,ETF,,nasdaq_trader_symbol_directory
NASDAQ,ASEC,American Century Securitized Credit ETF,ETF,,nasdaq_trader_symbol_directory
NASDAQ,ASLE,AerSale Corporation - Common Stock,Stock,,nasdaq_trader_symbol_directory
NASDAQ,ASMB,"Assembly Biosciences, Inc. - Common Stock",Stock,,nasdaq_trader_symbol_directory
NASDAQ,ASMG,Leverage Shares 2X Long ASML Daily ETF,ETF,,nasdaq_trader_symbol_directory
NASDAQ,ASML,ASML Holding N.V. - New York Registry Shares,Stock,,nasdaq_trader_symbol_directory
NASDAQ,ASMU,Direxion Daily ASML Bull 2X ETF,ETF,,nasdaq_trader_symbol_directory
NASDAQ,ASND,Ascendis Pharma A/S - Ordinary Share,Stock,,nasdaq_trader_symbol_directory
NASDAQ,ASO,"Academy Sports and Outdoors, Inc. - Common Stock",Stock,,nasdaq_trader_symbol_directory
NASDAQ,ASPC,A SPAC III Acquisition Corp. - Class A Ordinary Shares,Stock,,nasdaq_trader_symbol_directory
NASDAQ,ASPCR,A SPAC III Acquisition Corp. - Right,Stock,,nasdaq_trader_symbol_directory
NASDAQ,ASPCU,A SPAC III Acquisition Corp. - Unit,Stock,,nasdaq_trader_symbol_directory
NASDAQ,ASPI,ASP Isotopes Inc. - Common Stock,Stock,,nasdaq_trader_symbol_directory
NASDAQ,ASPS,Altisource Portfolio Solutions S.A. - Common Stock,Stock,,nasdaq_trader_symbol_directory
NASDAQ,ASPSW,Altisource Portfolio Solutions S.A. - Net Settle Stakeholder Warrants,Stock,,nasdaq_trader_symbol_directory
NASDAQ,ASPSZ,Altisource Portfolio Solutions S.A. - Cash Exercise Stakeholder Warrants,Stock,,nasdaq_trader_symbol_directory
NASDAQ,ASRV,AmeriServ Financial Inc. - Common Stock,Stock,,nasdaq_trader_symbol_directory
NASDAQ,ASST,"Strive, Inc. - Class A Common Stock",Stock,,nasdaq_trader_symbol_directory
NASDAQ,ASTC,Astrotech Corporation - Common Stock,Stock,,nasdaq_trader_symbol_directory
NASDAQ,ASTE,"Astec Industries, Inc. - Common Stock",Stock,,nasdaq_trader_symbol_directory
NASDAQ,ASTH,Astrana Health Inc. - Common Stock,Stock,,nasdaq_trader_symbol_directory
NASDAQ,ASTI,"Ascent Solar Technologies, Inc - Common Stock",Stock,,nasdaq_trader_symbol_directory
NASDAQ,ASTL,Algoma Steel Group Inc. - Common Shares,Stock,,nasdaq_trader_symbol_directory
NASDAQ,ASTLW,Algoma Steel Group Inc. - Warrant,Stock,,nasdaq_trader_symbol_directory
NASDAQ,ASTS,"AST SpaceMobile, Inc. - Class A Common Stock",Stock,,nasdaq_trader_symbol_directory
NASDAQ,ASUR,Asure Software Inc - Common Stock,Stock,,nasdaq_trader_symbol_directory
NASDAQ,ASYS,"Amtech Systems, Inc. - Common Stock",Stock,,nasdaq_trader_symbol_directory
NASDAQ,ATAI,AtaiBeckley Inc. - Common Stock,Stock,,nasdaq_trader_symbol_directory
NASDAQ,ATAT,Atour Lifestyle Holdings Limited - American Depositary Shares,Stock,,nasdaq_trader_symbol_directory
NASDAQ,ATC,GraniteShares Autocallable COIN ETF,ETF,,nasdaq_trader_symbol_directory
NASDAQ,ATCX,Atlas Critical Minerals Corporation - Common Stock,Stock,,nasdaq_trader_symbol_directory
NASDAQ,ATEC,"Alphatec Holdings, Inc. - Common Stock",Stock,,nasdaq_trader_symbol_directory
NASDAQ,ATER,"Aterian, Inc. - Common Stock",Stock,,nasdaq_trader_symbol_directory
NASDAQ,ATEX,Anterix Inc. - Common Stock,Stock,,nasdaq_trader_symbol_directory
NASDAQ,ATGL,Alpha Technology Group Limited - Class A Ordinary Shares,Stock,,nasdaq_trader_symbol_directory
NASDAQ,ATHE,Alterity Therapeutics Limited - American Depositary Shares,Stock,,nasdaq_trader_symbol_directory
NASDAQ,ATHR,"Aether Holdings, Inc. - Common Stock",Stock,,nasdaq_trader_symbol_directory
NASDAQ,ATII,Archimedes Tech SPAC Partners II Co. - Ordinary Shares,Stock,,nasdaq_trader_symbol_directory
NASDAQ,ATIIU,Archimedes Tech SPAC Partners II Co. - Unit,Stock,,nasdaq_trader_symbol_directory
NASDAQ,ATIIW,Archimedes Tech SPAC Partners II Co. - Warrant,Stock,,nasdaq_trader_symbol_directory
NASDAQ,ATLC,Atlanticus Holdings Corporation - Common Stock,Stock,,nasdaq_trader_symbol_directory
NASDAQ,ATLCL,Atlanticus Holdings Corporation - 6.125% Senior Notes due 2026,Stock,,nasdaq_trader_symbol_directory
NASDAQ,ATLCP,"Atlanticus Holdings Corporation - 7.625% Series B Cumulative Perpetual Preferred Stock, no par value per share",Stock,,nasdaq_trader_symbol_directory
NASDAQ,ATLCZ,Atlanticus Holdings Corporation - 9.25% Senior Notes due 2029,Stock,,nasdaq_trader_symbol_directory
NASDAQ,ATLO,Ames National Corporation - Common Stock,Stock,,nasdaq_trader_symbol_directory
NASDAQ,ATLX,Atlas Lithium Corporation - Common Stock,Stock,,nasdaq_trader_symbol_directory
NASDAQ,ATNI,"ATN International, Inc. - Common Stock",Stock,,nasdaq_trader_symbol_directory
NASDAQ,ATOM,Atomera Incorporated - Common Stock,Stock,,nasdaq_trader_symbol_directory
NASDAQ,ATOS,"Atossa Therapeutics, Inc. - Common Stock",Stock,,nasdaq_trader_symbol_directory
NASDAQ,ATPC,Agape ATP Corporation - Common Stock,Stock,,nasdaq_trader_symbol_directory
NASDAQ,ATRA,"Atara Biotherapeutics, Inc. - Common Stock",Stock,,nasdaq_trader_symbol_directory
NASDAQ,ATRC,"AtriCure, Inc. - Common Stock",Stock,,nasdaq_trader_symbol_directory
NASDAQ,ATRO,Astronics Corporation - Common Stock,Stock,,nasdaq_trader_symbol_directory
NASDAQ,ATXG,Addentax Group Corp. - Common Stock,Stock,,nasdaq_trader_symbol_directory
NASDAQ,ATYR,"aTyr Pharma, Inc. - Common Stock",Stock,,nasdaq_trader_symbol_directory
NASDAQ,AUBN,"Auburn National Bancorporation, Inc. - Common Stock",Stock,,nasdaq_trader_symbol_directory
NASDAQ,AUC,ATIF Holdings Limited - Ordinary Shares,Stock,,nasdaq_trader_symbol_directory
NASDAQ,AUDC,AudioCodes Ltd. - Ordinary Shares,Stock,,nasdaq_trader_symbol_directory
NASDAQ,AUGO,Aura Minerals Inc. - Common Shares,Stock,,nasdaq_trader_symbol_directory
NASDAQ,AUID,authID Inc. - Common Stock,Stock,,nasdaq_trader_symbol_directory
NASDAQ,AUMI,Themes Gold Miners ETF,ETF,,nasdaq_trader_symbol_directory
NASDAQ,AUPH,Aurinia Pharmaceuticals Inc - Common Shares,Stock,,nasdaq_trader_symbol_directory
NASDAQ,AUR,"Aurora Innovation, Inc. - Class A Common Stock",Stock,,nasdaq_trader_symbol_directory
NASDAQ,AURA,"Aura Biosciences, Inc. - Common Stock",Stock,,nasdaq_trader_symbol_directory
NASDAQ,AURE,Aurelion Inc. - Class A Ordinary Shares,Stock,,nasdaq_trader_symbol_directory
NASDAQ,AUROW,"Aurora Innovation, Inc. - Warrant",Stock,,nasdaq_trader_symbol_directory
NASDAQ,AUTL,Autolus Therapeutics plc - American Depositary Shares,Stock,,nasdaq_trader_symbol_directory
NASDAQ,AUUD,Auddia Inc. - Common Stock,Stock,,nasdaq_trader_symbol_directory
NASDAQ,AVAH,Aveanna Healthcare Holdings Inc. - Common Stock,Stock,,nasdaq_trader_symbol_directory
NASDAQ,AVAT,Avalanche Treasury Corporation - Class A Common Stock,Stock,,nasdaq_trader_symbol_directory
NASDAQ,AVAV,"AeroVironment, Inc. - Common Stock",Stock,,nasdaq_trader_symbol_directory
NASDAQ,AVBH,"Avidbank Holdings, Inc. - Common Stock",Stock,,nasdaq_trader_symbol_directory
NASDAQ,AVBP,"ArriVent BioPharma, Inc. - Common Stock",Stock,,nasdaq_trader_symbol_directory
NASDAQ,AVGB,Avantis Credit ETF,ETF,,nasdaq_trader_symbol_directory
NASDAQ,AVGG,Leverage Shares 2X Long AVGO Daily ETF,ETF,,nasdaq_trader_symbol_directory
NASDAQ,AVGO,Broadcom Inc. - Common Stock,Stock,,nasdaq_trader_symbol_directory
NASDAQ,AVGU,GraniteShares 2x Long AVGO Daily ETF,ETF,,nasdaq_trader_symbol_directory
NASDAQ,AVGX,Defiance Daily Target 2X Long AVGO ETF,ETF,,nasdaq_trader_symbol_directory
NASDAQ,AVIR,"Atea Pharmaceuticals, Inc. - common stock",Stock,,nasdaq_trader_symbol_directory
NASDAQ,AVL,Direxion Daily AVGO Bull 2X ETF,ETF,,nasdaq_trader_symbol_directory
NASDAQ,AVLN,Avalyn Pharma Inc. - common stock,Stock,,nasdaq_trader_symbol_directory
NASDAQ,AVNW,"Aviat Networks, Inc. - Common Stock",Stock,,nasdaq_trader_symbol_directory
NASDAQ,AVO,"Mission Produce, Inc. - Common Stock",Stock,,nasdaq_trader_symbol_directory
NASDAQ,AVOS,Avos Global Equities ETF,ETF,,nasdaq_trader_symbol_directory
NASDAQ,AVPT,"AvePoint, Inc. - Class A Common Stock",Stock,,nasdaq_trader_symbol_directory
NASDAQ,AVR,Anteris Technologies Global Corp. - Common Stock,Stock,,nasdaq_trader_symbol_directory
NASDAQ,AVS,Direxion Daily AVGO Bear 1X ETF,ETF,,nasdaq_trader_symbol_directory
NASDAQ,AVT,"Avnet, Inc. - Common Stock",Stock,,nasdaq_trader_symbol_directory
NASDAQ,AVTX,"Avalo Therapeutics, Inc. - Common Stock",Stock,,nasdaq_trader_symbol_directory
NASDAQ,AVUQ,Avantis U.S. Quality ETF,ETF,,nasdaq_trader_symbol_directory
NASDAQ,AVX,Avax One Technology Ltd. - Common Shares,Stock,,nasdaq_trader_symbol_directory
NASDAQ,AVXC,Avantis Emerging Markets ex-China Equity ETF,ETF,,nasdaq_trader_symbol_directory
NASDAQ,AVXL,Anavex Life Sciences Corp. - Common Stock,Stock,,nasdaq_trader_symbol_directory
NASDAQ,AVXX,Defiance Daily Target 2x Long AVAV ETF,ETF,,nasdaq_trader_symbol_directory
NASDAQ,AWRE,"Aware, Inc. - Common Stock",Stock,,nasdaq_trader_symbol_directory
NASDAQ,AXG,Solowin Holdings - Class A Ordinary Share,Stock,,nasdaq_trader_symbol_directory
NASDAQ,AXGN,"Axogen, Inc. - Common Stock",Stock,,nasdaq_trader_symbol_directory
NASDAQ,AXIN,Axiom Intelligence Acquisition Corp 1 - Class A Ordinary Shares,Stock,,nasdaq_trader_symbol_directory
NASDAQ,AXINR,Axiom Intelligence Acquisition Corp 1 - Right,Stock,,nasdaq_trader_symbol_directory
NASDAQ,AXINU,Axiom Intelligence Acquisition Corp 1 - Units,Stock,,nasdaq_trader_symbol_directory
NASDAQ,AXON,"Axon Enterprise, Inc. - Common Stock",Stock,,nasdaq_trader_symbol_directory
NASDAQ,AXPG,Leverage Shares 2x Long AXP Daily ETF,ETF,,nasdaq_trader_symbol_directory
NASDAQ,AXSM,"Axsome Therapeutics, Inc. - Common Stock",Stock,,nasdaq_trader_symbol_directory
NASDAQ,AXTI,AXT Inc - Common Stock,Stock,,nasdaq_trader_symbol_directory
NASDAQ,AYA,Aya Gold & Silver Inc. - Common Shares,Stock,,nasdaq_trader_symbol_directory
NASDAQ,AYTU,"Aytu BioPharma, Inc. - Common Stock",Stock,,nasdaq_trader_symbol_directory
NASDAQ,AZ,A2Z Cust2Mate Solutions Corp. - Common Shares,Stock,,nasdaq_trader_symbol_directory
NASDAQ,AZI,Autozi Internet Technology (Global) Ltd. - Class A Ordinary Shares,Stock,,nasdaq_trader_symbol_directory
NASDAQ,AZTA,"Azenta, Inc. - Common Stock",Stock,,nasdaq_trader_symbol_directory
NASDAQ,AZYY,GraniteShares YieldBoost AMZN ETF,ETF,,nasdaq_trader_symbol_directory
NASDAQ,BABU,Direxion Daily BABA Bull 2X ETF,ETF,,nasdaq_trader_symbol_directory
NASDAQ,BABX,GraniteShares 2x Long BABA Daily ETF,ETF,,nasdaq_trader_symbol_directory
NASDAQ,BACC,Blue Acquisition Corp. - Class A Ordinary Shares,Stock,,nasdaq_trader_symbol_directory
NASDAQ,BACCR,Blue Acquisition Corp. - Right,Stock,,nasdaq_trader_symbol_directory
NASDAQ,BACCU,Blue Acquisition Corp. - Unit,Stock,,nasdaq_trader_symbol_directory
NASDAQ,BAER,"Bridger Aerospace Group Holdings, Inc. - Common Stock",Stock,,nasdaq_trader_symbol_directory
NASDAQ,BAERW,"Bridger Aerospace Group Holdings, Inc. - Warrant",Stock,,nasdaq_trader_symbol_directory
NASDAQ,BAFE,Brown Advisory Flexible Equity ETF,ETF,,nasdaq_trader_symbol_directory
NASDAQ,BAFN,BayFirst Financial Corp. - Common Stock,Stock,,nasdaq_trader_symbol_directory
NASDAQ,BAIG,Leverage Shares 2X Long BBAI Daily ETF,ETF,,nasdaq_trader_symbol_directory
NASDAQ,BAIV,Brown Advisory International Value Select ETF,ETF,,nasdaq_trader_symbol_directory
NASDAQ,BALQ,iShares Nasdaq Premium Income Active ETF,ETF,,nasdaq_trader_symbol_directory
NASDAQ,BAND,Bandwidth Inc. - Class A Common Stock,Stock,,nasdaq_trader_symbol_directory
NASDAQ,BANF,BancFirst Corporation - Common Stock,Stock,,nasdaq_trader_symbol_directory
NASDAQ,BANFP,BancFirst Corporation - 7.2% Cumulative Trust Preferred Securities,Stock,,nasdaq_trader_symbol_directory
NASDAQ,BANL,CBL International Limited - Class B Ordinary Shares,Stock,,nasdaq_trader_symbol_directory
NASDAQ,BANR,Banner Corporation - Common Stock,Stock,,nasdaq_trader_symbol_directory
NASDAQ,BANX,ArrowMark Financial Corp. - Closed End Fund,Stock,,nasdaq_trader_symbol_directory
NASDAQ,BAOS,Baosheng Media Group Holdings Limited - Ordinary shares,Stock,,nasdaq_trader_symbol_directory
NASDAQ,BASG,Brown Advisory Sustainable Growth ETF,ETF,,nasdaq_trader_symbol_directory
NASDAQ,BASV,Brown Advisory Sustainable Value ETF,ETF,,nasdaq_trader_symbol_directory
NASDAQ,BATRA,"Atlanta Braves Holdings, Inc. - Series A Common Stock",Stock,,nasdaq_trader_symbol_directory
NASDAQ,BATRK,"Atlanta Braves Holdings, Inc. - Series C Common Stock",Stock,,nasdaq_trader_symbol_directory
NASDAQ,BAYA,Bayview Acquisition Corp - Ordinary Share,Stock,,nasdaq_trader_symbol_directory
NASDAQ,BAYAR,Bayview Acquisition Corp - Right,Stock,,nasdaq_trader_symbol_directory
NASDAQ,BAYAU,Bayview Acquisition Corp - Unit,Stock,,nasdaq_trader_symbol_directory
NASDAQ,BBB,CYBER HORNET S&P 500 and Bitcoin 75/25 Strategy ETF,ETF,,nasdaq_trader_symbol_directory
NASDAQ,BBCP,"Concrete Pumping Holdings, Inc. - Common Stock",Stock,,nasdaq_trader_symbol_directory
NASDAQ,BBCQ,Bleichroeder Acquisition Corp. II - Class A Ordinary Shares,Stock,,nasdaq_trader_symbol_directory
NASDAQ,BBCQU,Bleichroeder Acquisition Corp. II - Units,Stock,,nasdaq_trader_symbol_directory
NASDAQ,BBCQW,Bleichroeder Acquisition Corp. II - Warrants,Stock,,nasdaq_trader_symbol_directory
NASDAQ,BBGI,"Beasley Broadcast Group, Inc. - Class A Common Stock",Stock,,nasdaq_trader_symbol_directory
NASDAQ,BBH,VanEck Biotech ETF,ETF,,nasdaq_trader_symbol_directory
NASDAQ,BBIO,"BridgeBio Pharma, Inc. - Common Stock",Stock,,nasdaq_trader_symbol_directory
NASDAQ,BBLG,Bone Biologics Corp - Common Stock,Stock,,nasdaq_trader_symbol_directory
NASDAQ,BBLGW,Bone Biologics Corp - warrants,Stock,,nasdaq_trader_symbol_directory
NASDAQ,BBNX,"Beta Bionics, Inc. - Common Stock",Stock,,nasdaq_trader_symbol_directory
NASDAQ,BBOT,"BridgeBio Oncology Therapeutics, Inc. - Common Stock",Stock,,nasdaq_trader_symbol_directory
NASDAQ,BBSI,"Barrett Business Services, Inc. - Common Stock",Stock,,nasdaq_trader_symbol_directory
NASDAQ,BBYY,GraniteShares YieldBOOST BABA ETF,ETF,,nasdaq_trader_symbol_directory
NASDAQ,BCAB,"BioAtla, Inc. - Common Stock",Stock,,nasdaq_trader_symbol_directory
NASDAQ,BCAL,California BanCorp - Common Stock,Stock,,nasdaq_trader_symbol_directory
NASDAQ,BCAR,D. Boral ARC Acquisition I Corp. - Class A Ordinary Shares,Stock,,nasdaq_trader_symbol_directory
NASDAQ,BCARU,D. Boral ARC Acquisition I Corp. - Units,Stock,,nasdaq_trader_symbol_directory
NASDAQ,BCARW,D. Boral ARC Acquisition I Corp. - Warrant,Stock,,nasdaq_trader_symbol_directory
NASDAQ,BCAX,Bicara Therapeutics Inc. - Common Stock,Stock,,nasdaq_trader_symbol_directory
NASDAQ,BCBP,"BCB Bancorp, Inc. (NJ) - Common Stock",Stock,,nasdaq_trader_symbol_directory
NASDAQ,BCDA,"BioCardia, Inc. - Common Stock",Stock,,nasdaq_trader_symbol_directory
NASDAQ,BCFN,Baron Financials ETF,ETF,,nasdaq_trader_symbol_directory
NASDAQ,BCG,"Binah Capital Group, Inc. - Common Stock",Stock,,nasdaq_trader_symbol_directory
NASDAQ,BCGWW,"Binah Capital Group, Inc. - Warrants",Stock,,nasdaq_trader_symbol_directory
NASDAQ,BCIC,BCP Investment Corporation - Closed End Fund,Stock,,nasdaq_trader_symbol_directory
NASDAQ,BCLO,iShares BBB-B CLO Active ETF,ETF,,nasdaq_trader_symbol_directory
NASDAQ,BCML,BayCom Corp - Common Stock,Stock,,nasdaq_trader_symbol_directory
NASDAQ,BCPC,Balchem Corporation - Common Stock,Stock,,nasdaq_trader_symbol_directory
NASDAQ,BCRX,"BioCryst Pharmaceuticals, Inc. - Common Stock",Stock,,nasdaq_trader_symbol_directory
NASDAQ,BCTK,Baron Technology ETF,ETF,,nasdaq_trader_symbol_directory
NASDAQ,BCTX,BriaCell Therapeutics Corp. - Common Shares,Stock,,nasdaq_trader_symbol_directory
NASDAQ,BCTXL,BriaCell Therapeutics Corp. - Warrants,Stock,,nasdaq_trader_symbol_directory
NASDAQ,BCTXZ,BriaCell Therapeutics Corp. - Warrant,Stock,,nasdaq_trader_symbol_directory
NASDAQ,BCYC,Bicycle Therapeutics plc - American Depositary Shares,Stock,,nasdaq_trader_symbol_directory
NASDAQ,BDCI,BTC Development Corp. - Class A Ordinary Shares,Stock,,nasdaq_trader_symbol_directory
NASDAQ,BDCIU,BTC Development Corp. - Unit,Stock,,nasdaq_trader_symbol_directory
NASDAQ,BDCIW,BTC Development Corp. - Warrant,Stock,,nasdaq_trader_symbol_directory
NASDAQ,BDGS,Bridges Capital Tactical ETF,ETF,,nasdaq_trader_symbol_directory
NASDAQ,BDMD,Baird Medical Investment Holdings Ltd - Ordinary Share,Stock,,nasdaq_trader_symbol_directory
NASDAQ,BDMDW,Baird Medical Investment Holdings Ltd - Warrant,Stock,,nasdaq_trader_symbol_directory
NASDAQ,BDRX,Biodexa Pharmaceuticals plc - American Depositary Shares,Stock,,nasdaq_trader_symbol_directory
NASDAQ,BDSX,"Biodesix, Inc. - Common Stock",Stock,,nasdaq_trader_symbol_directory
NASDAQ,BDTX,"Black Diamond Therapeutics, Inc. - Common Stock",Stock,,nasdaq_trader_symbol_directory
NASDAQ,BDVL,iShares Disciplined Volatility Equity Active ETF,ETF,,nasdaq_trader_symbol_directory
NASDAQ,BDYN,iShares Dynamic Equity Active ETF,ETF,,nasdaq_trader_symbol_directory
NASDAQ,BEAG,Bold Eagle Acquisition Corp. - Class A Ordinary Shares,Stock,,nasdaq_trader_symbol_directory
NASDAQ,BEAGR,Bold Eagle Acquisition Corp. - Right,Stock,,nasdaq_trader_symbol_directory
NASDAQ,BEAGU,Bold Eagle Acquisition Corp. - Units,Stock,,nasdaq_trader_symbol_directory
NASDAQ,BEAM,Beam Therapeutics Inc. - Common Stock,Stock,,nasdaq_trader_symbol_directory
NASDAQ,BEAT,"Heartbeam, Inc. - Common Stock",Stock,,nasdaq_trader_symbol_directory
NASDAQ,BEATW,"Heartbeam, Inc. - Warrant",Stock,,nasdaq_trader_symbol_directory
NASDAQ,BEDY,BNY Mellon Enhanced Dividend and Income ETF,ETF,,nasdaq_trader_symbol_directory
NASDAQ,BEEM,Beam Global - Common Stock,Stock,,nasdaq_trader_symbol_directory
NASDAQ,BEEP,Mobile Infrastructure Corporation - Common Stock,Stock,,nasdaq_trader_symbol_directory
NASDAQ,BEEX,The Beehive ETF,ETF,,nasdaq_trader_symbol_directory
NASDAQ,BEEZ,Honeytree U.S. Equity ETF,ETF,,nasdaq_trader_symbol_directory
NASDAQ,BEG,Leverage Shares 2x Long BE Daily ETF,ETF,,nasdaq_trader_symbol_directory
NASDAQ,BELFA,Bel Fuse Inc. - Class A Common Stock,Stock,,nasdaq_trader_symbol_directory
NASDAQ,BELFB,Bel Fuse Inc. - Class B Common Stock,Stock,,nasdaq_trader_symbol_directory
NASDAQ,BELT,iShares U.S. Select Equity Active ETF,ETF,,nasdaq_trader_symbol_directory
NASDAQ,BENF,Beneficient - Class A Common Stock,Stock,,nasdaq_trader_symbol_directory
NASDAQ,BENFW,Beneficient - Warrant,Stock,,nasdaq_trader_symbol_directory
NASDAQ,BESO,GSR Crypto Core3 ETF,ETF,,nasdaq_trader_symbol_directory
NASDAQ,BETR,Better Home & Finance Holding Company - Class A Common Stock,Stock,,nasdaq_trader_symbol_directory
NASDAQ,BETRW,Better Home & Finance Holding Company - Warrant,Stock,,nasdaq_trader_symbol_directory
NASDAQ,BFC,Bank First Corporation - Common Stock,Stock,,nasdaq_trader_symbol_directory
NASDAQ,BFLX,iShares Flexible Equity Active ETF,ETF,,nasdaq_trader_symbol_directory
NASDAQ,BFRG,"Bullfrog AI Holdings, Inc. - Common Stock",Stock,,nasdaq_trader_symbol_directory
NASDAQ,BFRGW,"Bullfrog AI Holdings, Inc. - Warrants",Stock,,nasdaq_trader_symbol_directory
NASDAQ,BFRI,Biofrontera Inc. - Common Stock,Stock,,nasdaq_trader_symbol_directory
NASDAQ,BFRIW,Biofrontera Inc. - Warrants,Stock,,nasdaq_trader_symbol_directory
NASDAQ,BFST,"Business First Bancshares, Inc. - Common Stock",Stock,,nasdaq_trader_symbol_directory
NASDAQ,BGC,"BGC Group, Inc. - Class A Common Stock",Stock,,nasdaq_trader_symbol_directory
NASDAQ,BGCG,Baillie Gifford International Concentrated Growth ETF,ETF,,nasdaq_trader_symbol_directory
NASDAQ,BGDE,"Big Digital Energy, Inc. - Common Stock",Stock,,nasdaq_trader_symbol_directory
NASDAQ,BGEG,Baillie Gifford Emerging Markets ETF,ETF,,nasdaq_trader_symbol_directory
NASDAQ,BGGG,Baillie Gifford Long Term Global Growth ETF,ETF,,nasdaq_trader_symbol_directory
NASDAQ,BGIA,Baillie Gifford International Alpha ETF,ETF,,nasdaq_trader_symbol_directory
NASDAQ,BGIN,Bgin Blockchain Limited - Class A Ordinary Shares,Stock,,nasdaq_trader_symbol_directory
NASDAQ,BGL,Blue Gold Limited - Class A ordinary shares,Stock,,nasdaq_trader_symbol_directory
NASDAQ,BGLC,BioNexus Gene Lab Corp - Common stock,Stock,,nasdaq_trader_symbol_directory
NASDAQ,BGLWW,Blue Gold Limited - Warrant,Stock,,nasdaq_trader_symbol_directory
NASDAQ,BGM,BGM Group Ltd. - Class A Ordinary Shares,Stock,,nasdaq_trader_symbol_directory
NASDAQ,BGMS,"Bio Green Med Solution, Inc. - Common Stock",Stock,,nasdaq_trader_symbol_directory
NASDAQ,BGRN,iShares USD Green Bond ETF,ETF,,nasdaq_trader_symbol_directory
NASDAQ,BGRO,iShares Large Cap Growth Active ETF,ETF,,nasdaq_trader_symbol_directory
NASDAQ,BHAV,BHAV Acquisition Corp - Class A Ordinary Shares,Stock,,nasdaq_trader_symbol_directory
NASDAQ,BHAVR,BHAV Acquisition Corp - Rights,Stock,,nasdaq_trader_symbol_directory
NASDAQ,BHAVU,BHAV Acquisition Corp - Units,Stock,,nasdaq_trader_symbol_directory
NASDAQ,BHDG,Nicholas Bitcoin Tail ETF,ETF,,nasdaq_trader_symbol_directory
NASDAQ,BHF,"Brighthouse Financial, Inc. - Common Stock",Stock,,nasdaq_trader_symbol_directory
NASDAQ,BHFAL,"Brighthouse Financial, Inc. - Junior Subordinated Debentures due 2058",Stock,,nasdaq_trader_symbol_directory
NASDAQ,BHFAM,"Brighthouse Financial, Inc. - Depositary shares each representing a 1/1,000th Interest in a Share of 4.625% Non-Cumulative Preferred Stock, Series D",Stock,,nasdaq_trader_symbol_directory
NASDAQ,BHFAN,"Brighthouse Financial, Inc. - depositary shares, each representing a 1/1,000th interest in a share of 5.375% Non-Cumulative Preferred Stock, Series C",Stock,,nasdaq_trader_symbol_directory
NASDAQ,BHFAO,"Brighthouse Financial, Inc. - Depositary Shares, each representing a 1/1,000th interest in a share of 6.750% Non-Cumulative Preferred Stock, Series B",Stock,,nasdaq_trader_symbol_directory
NASDAQ,BHFAP,"Brighthouse Financial, Inc. - Depositary Shares 6.6% Non-Cumulative Preferred Stock, Series A",Stock,,nasdaq_trader_symbol_directory
NASDAQ,BHRB,Burke & Herbert Financial Services Corp. - Common Stock,Stock,,nasdaq_trader_symbol_directory
NASDAQ,BHST,BioHarvest Sciences Inc. - Common Stock,Stock,,nasdaq_trader_symbol_directory
NASDAQ,BIAF,"bioAffinity Technologies, Inc. - Common Stock",Stock,,nasdaq_trader_symbol_directory
NASDAQ,BIAFW,"bioAffinity Technologies, Inc. - Warrant",Stock,,nasdaq_trader_symbol_directory
NASDAQ,BIB,ProShares Ultra Nasdaq Biotechnology,ETF,,nasdaq_trader_symbol_directory
NASDAQ,BIDG,Leverage Shares 2X Long BIDU Daily ETF,ETF,,nasdaq_trader_symbol_directory
NASDAQ,BIDU,"Baidu, Inc. - American Depositary Shares, each representing 8 ordinary share",Stock,,nasdaq_trader_symbol_directory
NASDAQ,BIDWU,Tribeca Strategic Acquisition Corp. - Unit,Stock,,nasdaq_trader_symbol_directory
NASDAQ,BIIB,Biogen Inc. - Common Stock,Stock,,nasdaq_trader_symbol_directory
NASDAQ,BILI,Bilibili Inc. - American Depositary Shares,Stock,,nasdaq_trader_symbol_directory
NASDAQ,BIOA,"BioAge Labs, Inc. - Common Stock",Stock,,nasdaq_trader_symbol_directory
NASDAQ,BIOX,Bioceres Crop Solutions Corp. - Ordinary Shares,Stock,,nasdaq_trader_symbol_directory
NASDAQ,BIOY,GraniteShares YieldBOOST Biotech ETF,ETF,,nasdaq_trader_symbol_directory
NASDAQ,BIRD,"Smartbird, Inc. - Class A Common Stock",Stock,,nasdaq_trader_symbol_directory
NASDAQ,BIS,ProShares UltraShort Nasdaq Biotechnology,ETF,,nasdaq_trader_symbol_directory
NASDAQ,BITA,iShares Bitcoin Premium Income ETF,ETF,,nasdaq_trader_symbol_directory
NASDAQ,BITS,Global X Blockchain & Bitcoin Strategy ETF,ETF,,nasdaq_trader_symbol_directory
NASDAQ,BIVI,BioVie Inc. - Common stock,Stock,,nasdaq_trader_symbol_directory
NASDAQ,BIVIW,BioVie Inc. - Warrant,Stock,,nasdaq_trader_symbol_directory
NASDAQ,BIXI,Bitcoin Infrastructure Acquisition Corp Ltd. - Class A Ordinary Shares,Stock,,nasdaq_trader_symbol_directory
NASDAQ,BIXIU,Bitcoin Infrastructure Acquisition Corp Ltd. - Units,Stock,,nasdaq_trader_symbol_directory
NASDAQ,BIXIW,Bitcoin Infrastructure Acquisition Corp Ltd. - Warrants,Stock,,nasdaq_trader_symbol_directory
NASDAQ,BIYA,Baiya International Group Inc. - Ordinary Shares,Stock,,nasdaq_trader_symbol_directory
NASDAQ,BJDX,"Bluejay Diagnostics, Inc. - Common Stock",Stock,,nasdaq_trader_symbol_directory
NASDAQ,BJRI,"BJ's Restaurants, Inc. - Common Stock",Stock,,nasdaq_trader_symbol_directory
NASDAQ,BKCH,Global X Blockchain ETF,ETF,,nasdaq_trader_symbol_directory
NASDAQ,BKHA,Black Hawk Acquisition Corporation - Class A Ordinary Shares,Stock,,nasdaq_trader_symbol_directory
NASDAQ,BKHAR,Black Hawk Acquisition Corporation - Rights,Stock,,nasdaq_trader_symbol_directory
NASDAQ,BKHAU,Black Hawk Acquisition Corporation - Units,Stock,,nasdaq_trader_symbol_directory
NASDAQ,BKMI,BNY Mellon Municipal Intermediate ETF,ETF,,nasdaq_trader_symbol_directory
NASDAQ,BKMS,BNY Mellon Municipal Short Duration ETF,ETF,,nasdaq_trader_symbol_directory
NASDAQ,BKNG,Booking Holdings Inc. - Common Stock,Stock,,nasdaq_trader_symbol_directory
NASDAQ,BKR,Baker Hughes Company - Common Stock,Stock,,nasdaq_trader_symbol_directory
NASDAQ,BL,"BlackLine, Inc. - Common Stock",Stock,,nasdaq_trader_symbol_directory
NASDAQ,BLBD,Blue Bird Corporation - Common Stock,Stock,,nasdaq_trader_symbol_directory
NASDAQ,BLCN,Siren NexGen Economy ETF,ETF,,nasdaq_trader_symbol_directory
NASDAQ,BLCR,iShares Large Cap Core Active ETF,ETF,,nasdaq_trader_symbol_directory
NASDAQ,BLDP,"Ballard Power Systems, Inc. - Common Shares",Stock,,nasdaq_trader_symbol_directory
NASDAQ,BLFS,"BioLife Solutions, Inc. - Common Stock",Stock,,nasdaq_trader_symbol_directory
NASDAQ,BLIN,"Bridgeline Digital, Inc. - Common Stock",Stock,,nasdaq_trader_symbol_directory
NASDAQ,BLIV,BeLive Holdings - ordinary shares,Stock,,nasdaq_trader_symbol_directory
NASDAQ,BLKB,"Blackbaud, Inc. - Common Stock",Stock,,nasdaq_trader_symbol_directory
NASDAQ,BLLN,"BillionToOne, Inc. - Class A common stock",Stock,,nasdaq_trader_symbol_directory
NASDAQ,BLMN,"Bloomin' Brands, Inc. - Common Stock",Stock,,nasdaq_trader_symbol_directory
NASDAQ,BLNE,"Beeline Holdings, Inc. - Common Stock",Stock,,nasdaq_trader_symbol_directory
NASDAQ,BLNK,Blink Charging Co. - Common Stock,Stock,,nasdaq_trader_symbol_directory
NASDAQ,BLRK,Bluerock Acquisition Corp. - Class A Ordinary Shares,Stock,,nasdaq_trader_symbol_directory
NASDAQ,BLRKU,Bluerock Acquisition Corp. - Units,Stock,,nasdaq_trader_symbol_directory
NASDAQ,BLRKW,Bluerock Acquisition Corp. - Warrants,Stock,,nasdaq_trader_symbol_directory
NASDAQ,BLRX,BioLineRx Ltd. - American Depositary Shares,Stock,,nasdaq_trader_symbol_directory
NASDAQ,BLSG,Leverage Shares 2X Long BLSH Daily ETF,ETF,,nasdaq_trader_symbol_directory
NASDAQ,BLTE,"Belite Bio, Inc - American Depositary Shares",Stock,,nasdaq_trader_symbol_directory
NASDAQ,BLUW,Blue Water Acquisition Corp. III - Class A Ordinary Shares,Stock,,nasdaq_trader_symbol_directory
NASDAQ,BLUWU,Blue Water Acquisition Corp. III - Unit.,Stock,,nasdaq_trader_symbol_directory
NASDAQ,BLUWW,Blue Water Acquisition Corp. III - Warrant.,Stock,,nasdaq_trader_symbol_directory
NASDAQ,BLZE,"Backblaze, Inc. - Common Stock",Stock,,nasdaq_trader_symbol_directory
NASDAQ,BLZR,Trailblazer Acquisition Corp. - Class A Ordinary Shares,Stock,,nasdaq_trader_symbol_directory
NASDAQ,BLZRU,Trailblazer Acquisition Corp. - Unit,Stock,,nasdaq_trader_symbol_directory
NASDAQ,BLZRW,Trailblazer Acquisition Corp. - Warrant,Stock,,nasdaq_trader_symbol_directory
NASDAQ,BMBL,Bumble Inc. - common stock,Stock,,nasdaq_trader_symbol_directory
NASDAQ,BMEA,"Biomea Fusion, Inc. - Common Stock",Stock,,nasdaq_trader_symbol_directory
NASDAQ,BMGL,Basel Medical Group Ltd - ordinary shares,Stock,,nasdaq_trader_symbol_directory
NASDAQ,BMHL,Bluemount Holdings Limited - Class B Ordinary Shares,Stock,,nasdaq_trader_symbol_directory
NASDAQ,BMM,Blue Moon Metals Inc. - Common Shares,Stock,,nasdaq_trader_symbol_directory
NASDAQ,BMNG,Leverage Shares 2X Long BMNR Daily ETF,ETF,,nasdaq_trader_symbol_directory
NASDAQ,BMOP,BNY Mellon Municipal Opportunities ETF,ETF,,nasdaq_trader_symbol_directory
NASDAQ,BMR,Beamr Imaging Ltd. - Ordinary Share,Stock,,nasdaq_trader_symbol_directory
NASDAQ,BMRA,"Biomerica, Inc. - Common Stock",Stock,,nasdaq_trader_symbol_directory
NASDAQ,BMRC,Bank of Marin Bancorp - Common Stock,Stock,,nasdaq_trader_symbol_directory
NASDAQ,BMRN,BioMarin Pharmaceutical Inc. - Common Stock,Stock,,nasdaq_trader_symbol_directory
NASDAQ,BNAI,Brand Engagement Network Inc. - Common Stock,Stock,,nasdaq_trader_symbol_directory
NASDAQ,BNAIW,Brand Engagement Network Inc. - Warrant,Stock,,nasdaq_trader_symbol_directory
NASDAQ,BNBX,BNB Plus Corp. - Common Stock,Stock,,nasdaq_trader_symbol_directory
NASDAQ,BNC,CEA Industries Inc. - Common Stock,Stock,,nasdaq_trader_symbol_directory
NASDAQ,BNCWW,CEA Industries Inc. - Warrant,Stock,,nasdaq_trader_symbol_directory
NASDAQ,BNCWZ,CEA Industries Inc. - Warrants,Stock,,nasdaq_trader_symbol_directory
NASDAQ,BND,Vanguard Total Bond Market ETF,ETF,,nasdaq_trader_symbol_directory
NASDAQ,BNDP,Vanguard Core-Plus Bond Index ETF,ETF,,nasdaq_trader_symbol_directory
NASDAQ,BNDW,Vanguard Total World Bond ETF,ETF,,nasdaq_trader_symbol_directory
NASDAQ,BNDX,Vanguard Total International Bond ETF,ETF,,nasdaq_trader_symbol_directory
NASDAQ,BNGO,"Bionano Genomics, Inc. - Common Stock",Stock,,nasdaq_trader_symbol_directory
NASDAQ,BNKK,"Bonk, Inc. - Common Stock",Stock,,nasdaq_trader_symbol_directory
NASDAQ,BNR,Burning Rock Biotech Limited - American Depositary Shares,Stock,,nasdaq_trader_symbol_directory
NASDAQ,BNRG,Brenmiller Energy Ltd - Ordinary Shares,Stock,,nasdaq_trader_symbol_directory
NASDAQ,BNTC,Benitec Biopharma Inc. - Common Stock,Stock,,nasdaq_trader_symbol_directory
NASDAQ,BNTX,BioNTech SE - American Depositary Shares,Stock,,nasdaq_trader_symbol_directory
NASDAQ,BNZI,"Banzai International, Inc. - Class A Common Stock",Stock,,nasdaq_trader_symbol_directory
NASDAQ,BNZIW,"Banzai International, Inc. - Warrant",Stock,,nasdaq_trader_symbol_directory
NASDAQ,BODI,"The Beachbody Company, Inc. - Class A Common Stock",Stock,,nasdaq_trader_symbol_directory
NASDAQ,BOEG,Leverage Shares 2X Long BA Daily ETF,ETF,,nasdaq_trader_symbol_directory
NASDAQ,BOEU,Direxion Daily BA Bull 2X ETF,ETF,,nasdaq_trader_symbol_directory
NASDAQ,BOF,BranchOut Food Inc. - Common Stock,Stock,,nasdaq_trader_symbol_directory
NASDAQ,BOKF,BOK Financial Corporation - Common Stock,Stock,,nasdaq_trader_symbol_directory
NASDAQ,BOLD,"Boundless Bio, Inc. - Common Stock",Stock,,nasdaq_trader_symbol_directory
NASDAQ,BOLT,"Bolt Biotherapeutics, Inc. - Common Stock",Stock,,nasdaq_trader_symbol_directory
NASDAQ,BON,Bon Natural Life Limited - Class A Ordinary Shares,Stock,,nasdaq_trader_symbol_directory
NASDAQ,BOOM,DMC Global Inc. - Common Stock,Stock,,nasdaq_trader_symbol_directory
NASDAQ,BOSC,B.O.S. Better Online Solutions - Ordinary Shares,Stock,,nasdaq_trader_symbol_directory
NASDAQ,BOT,"RoboStrategy, Inc. - Common Stock",Stock,,nasdaq_trader_symbol_directory
NASDAQ,BOTJ,"Bank of the James Financial Group, Inc. - Common Stock",Stock,,nasdaq_trader_symbol_directory
NASDAQ,BOTT,Themes Humanoid Robotics ETF,ETF,,nasdaq_trader_symbol_directory
NASDAQ,BOTZ,Global X Robotics & Artificial Intelligence ETF,ETF,,nasdaq_trader_symbol_directory
NASDAQ,BOXL,Boxlight Corporation - Class A Common Stock,Stock,,nasdaq_trader_symbol_directory
NASDAQ,BPAC,Blueport Acquisition Ltd - Class A Ordinary Shares,Stock,,nasdaq_trader_symbol_directory
NASDAQ,BPACR,Blueport Acquisition Ltd - Rights,Stock,,nasdaq_trader_symbol_directory
NASDAQ,BPACU,Blueport Acquisition Ltd - Units,Stock,,nasdaq_trader_symbol_directory
NASDAQ,BPOP,"Popular, Inc. - Common Stock",Stock,,nasdaq_trader_symbol_directory
NASDAQ,BPOPM,"Popular, Inc. - Popular Capital Trust II - 6.125% Cumulative Monthly Income Trust Preferred Securities",Stock,,nasdaq_trader_symbol_directory
NASDAQ,BPRN,"Princeton Bancorp, Inc. - Common Stock",Stock,,nasdaq_trader_symbol_directory
NASDAQ,BPYPM,"Brookfield Property Partners L.P. - 6.25% Class A Cumulative Redeemable Preferred Units, Series 1",Stock,,nasdaq_trader_symbol_directory
NASDAQ,BPYPN,"Brookfield Property Partners L.P. - 5.750% Class A Cumulative Redeemable Perpetual Preferred Units, Series 3",Stock,,nasdaq_trader_symbol_directory
NASDAQ,BPYPO,"Brookfield Property Partners L.P. - 6.375% Class A Cumulative Redeemable Perpetual Preferred Units, Series 2",Stock,,nasdaq_trader_symbol_directory
NASDAQ,BPYPP,Brookfield Property Partners L.P. - 6.50% Class A Cumulative Redeemable Perpetual Preferred Units,Stock,,nasdaq_trader_symbol_directory
NASDAQ,BRAG,Bragg Gaming Group Inc. - Common Shares,Stock,,nasdaq_trader_symbol_directory
NASDAQ,BRAI,Braiin Limited - Common Stock,Stock,,nasdaq_trader_symbol_directory
NASDAQ,BRBI,BRBI BR Partners S.A. - ADSs,Stock,,nasdaq_trader_symbol_directory
NASDAQ,BRCB,"Black Rock Coffee Bar, Inc. - Class A Common Stock",Stock,,nasdaq_trader_symbol_directory
NASDAQ,BREM,iShares Emerging Markets Bond Active ETF,ETF,,nasdaq_trader_symbol_directory
NASDAQ,BRES,Burney U.S. Equity Select ETF,ETF,,nasdaq_trader_symbol_directory
NASDAQ,BREZ,Breeze Acquisition Corp. II - Ordinary Shares,Stock,,nasdaq_trader_symbol_directory
NASDAQ,BREZR,Breeze Acquisition Corp. II - Rights,Stock,,nasdaq_trader_symbol_directory
NASDAQ,BRFH,Barfresh Food Group Inc. - Common Stock,Stock,,nasdaq_trader_symbol_directory
NASDAQ,BRHY,iShares High Yield Active ETF,ETF,,nasdaq_trader_symbol_directory
NASDAQ,BRID,Bridgford Foods Corporation - Common Stock,Stock,,nasdaq_trader_symbol_directory
NASDAQ,BRKHU,Burtech Acquisition Corp II - Units,Stock,,nasdaq_trader_symbol_directory
NASDAQ,BRKR,Bruker Corporation - Common Stock,Stock,,nasdaq_trader_symbol_directory
NASDAQ,BRKRP,"Bruker Corporation - 6.375% Mandatory Convertible Preferred Stock, Series A",Stock,,nasdaq_trader_symbol_directory
NASDAQ,BRKU,Direxion Daily BRKB Bull 2X ETF,ETF,,nasdaq_trader_symbol_directory
NASDAQ,BRLS,Borealis Foods Inc. - Class A Common Shares,Stock,,nasdaq_trader_symbol_directory
NASDAQ,BRLSW,Borealis Foods Inc. - Warrant,Stock,,nasdaq_trader_symbol_directory
NASDAQ,BRLT,"Brilliant Earth Group, Inc. - Class A Common Stock",Stock,,nasdaq_trader_symbol_directory
NASDAQ,BRNS,Barinthus Biotherapeutics plc - American Depositary Shares,Stock,,nasdaq_trader_symbol_directory
NASDAQ,BRNY,Burney U.S. Factor Rotation ETF,ETF,,nasdaq_trader_symbol_directory
NASDAQ,BRR,"ProCap Financial, Inc. - Common Stock",Stock,,nasdaq_trader_symbol_directory
NASDAQ,BRRR,Coinshares Bitcoin ETF,ETF,,nasdaq_trader_symbol_directory
NASDAQ,BRRWW,"ProCap Financial, Inc. - Warrant.",Stock,,nasdaq_trader_symbol_directory
NASDAQ,BRTR,iShares Total Return Active ETF,ETF,,nasdaq_trader_symbol_directory
NASDAQ,BRTX,"BioRestorative Therapies, Inc. - Common Stock",Stock,,nasdaq_trader_symbol_directory
NASDAQ,BRUN,Boost Run Inc. - Class A Common Stock,Stock,,nasdaq_trader_symbol_directory
NASDAQ,BRUNW,Boost Run Inc. - Warrant,Stock,,nasdaq_trader_symbol_directory
NASDAQ,BRZE,"Braze, Inc. - Class A Common Stock",Stock,,nasdaq_trader_symbol_directory
NASDAQ,BSAA,BEST SPAC I Acquisition Corp. - Class A Ordinary Shares,Stock,,nasdaq_trader_symbol_directory
NASDAQ,BSAAR,BEST SPAC I Acquisition Corp. - Rights,Stock,,nasdaq_trader_symbol_directory
NASDAQ,BSAAU,BEST SPAC I Acquisition Corp. - Unit,Stock,,nasdaq_trader_symbol_directory
NASDAQ,BSBK,Bogota Financial Corp. - Common Stock,Stock,,nasdaq_trader_symbol_directory
NASDAQ,BSCA,Invesco BulletShares 2036 Corporate Bond ETF,ETF,,nasdaq_trader_symbol_directory
NASDAQ,BSCQ,Invesco BulletShares 2026 Corporate Bond ETF,ETF,,nasdaq_trader_symbol_directory
NASDAQ,BSCR,Invesco BulletShares 2027 Corporate Bond ETF,ETF,,nasdaq_trader_symbol_directory
NASDAQ,BSCS,Invesco BulletShares 2028 Corporate Bond ETF,ETF,,nasdaq_trader_symbol_directory
NASDAQ,BSCT,Invesco BulletShares 2029 Corporate Bond ETF,ETF,,nasdaq_trader_symbol_directory
NASDAQ,BSCU,Invesco BulletShares 2030 Corporate Bond ETF,ETF,,nasdaq_trader_symbol_directory
NASDAQ,BSCV,Invesco BulletShares 2031 Corporate Bond ETF,ETF,,nasdaq_trader_symbol_directory
NASDAQ,BSCW,Invesco BulletShares 2032 Corporate Bond ETF,ETF,,nasdaq_trader_symbol_directory
NASDAQ,BSCX,Invesco BulletShares 2033 Corporate Bond ETF,ETF,,nasdaq_trader_symbol_directory
NASDAQ,BSCY,Invesco BulletShares 2034 Corporate Bond ETF,ETF,,nasdaq_trader_symbol_directory
NASDAQ,BSCZ,Invesco BulletShares 2035 Corporate Bond ETF,ETF,,nasdaq_trader_symbol_directory
NASDAQ,BSET,"Bassett Furniture Industries, Incorporated - Common Stock",Stock,,nasdaq_trader_symbol_directory
NASDAQ,BSGR,Invesco BulletShares 2027 Treasury Bond ETF,ETF,,nasdaq_trader_symbol_directory
NASDAQ,BSGT,Invesco BulletShares 2029 Treasury Bond ETF,ETF,,nasdaq_trader_symbol_directory
NASDAQ,BSIN,Big Sky Industrial Inc. - Common Stock,Stock,,nasdaq_trader_symbol_directory
NASDAQ,BSJQ,Invesco BulletShares 2026 High Yield Corporate Bond ETF,ETF,,nasdaq_trader_symbol_directory
NASDAQ,BSJR,Invesco BulletShares 2027 High Yield Corporate Bond ETF,ETF,,nasdaq_trader_symbol_directory
NASDAQ,BSJS,Invesco BulletShares 2028 High Yield Corporate Bond ETF,ETF,,nasdaq_trader_symbol_directory
NASDAQ,BSJT,Invesco BulletShares 2029 High Yield Corporate Bond ETF,ETF,,nasdaq_trader_symbol_directory
NASDAQ,BSJU,Invesco BulletShares 2030 High Yield Corporate Bond ETF,ETF,,nasdaq_trader_symbol_directory
NASDAQ,BSJV,Invesco BulletShares 2031 High Yield Corporate Bond ETF,ETF,,nasdaq_trader_symbol_directory
NASDAQ,BSJW,Invesco BulletShares 2032 High Yield Corporate Bond ETF,ETF,,nasdaq_trader_symbol_directory
NASDAQ,BSJX,Invesco BulletShares 2033 High Yield Corporate Bond ETF,ETF,,nasdaq_trader_symbol_directory
NASDAQ,BSJY,Invesco BulletShares 2034 High Yield Corporate Bond ETF,ETF,,nasdaq_trader_symbol_directory
NASDAQ,BSMQ,Invesco BulletShares 2026 Municipal Bond ETF,ETF,,nasdaq_trader_symbol_directory
NASDAQ,BSMR,Invesco BulletShares 2027 Municipal Bond ETF,ETF,,nasdaq_trader_symbol_directory
NASDAQ,BSMS,Invesco BulletShares 2028 Municipal Bond ETF,ETF,,nasdaq_trader_symbol_directory
NASDAQ,BSMT,Invesco BulletShares 2029 Municipal Bond ETF,ETF,,nasdaq_trader_symbol_directory
NASDAQ,BSMU,Invesco BulletShares 2030 Municipal Bond ETF,ETF,,nasdaq_trader_symbol_directory
NASDAQ,BSMV,Invesco BulletShares 2031 Municipal Bond ETF,ETF,,nasdaq_trader_symbol_directory
NASDAQ,BSMW,Invesco BulletShares 2032 Municipal Bond ETF,ETF,,nasdaq_trader_symbol_directory
NASDAQ,BSMY,Invesco BulletShares 2034 Municipal Bond ETF,ETF,,nasdaq_trader_symbol_directory
NASDAQ,BSMZ,Invesco BulletShares 2035 Municipal Bond ETF,ETF,,nasdaq_trader_symbol_directory
NASDAQ,BSP,Bending Spoons S.p.A. - Ordinary Shares,Stock,,nasdaq_trader_symbol_directory
NASDAQ,BSRR,Sierra Bancorp - Common Stock,Stock,,nasdaq_trader_symbol_directory
NASDAQ,BSSX,Invesco BulletShares 2033 Municipal Bond ETF,ETF,,nasdaq_trader_symbol_directory
NASDAQ,BSTS,Invesco BulletShares 2028 Treasury Bond ETF,ETF,,nasdaq_trader_symbol_directory
NASDAQ,BSTU,Invesco BulletShares 2030 Treasury Bond ETF,ETF,,nasdaq_trader_symbol_directory
NASDAQ,BSTV,Invesco BulletShares 2031 Treasury Bond ETF,ETF,,nasdaq_trader_symbol_directory
NASDAQ,BSVN,Bank7 Corp. - Common stock,Stock,,nasdaq_trader_symbol_directory
NASDAQ,BSVO,EA Bridgeway Omni Small-Cap Value ETF,ETF,,nasdaq_trader_symbol_directory
NASDAQ,BSY,"Bentley Systems, Incorporated - Class B Common Stock",Stock,,nasdaq_trader_symbol_directory
NASDAQ,BTAI,"BioXcel Therapeutics, Inc. - Common Stock",Stock,,nasdaq_trader_symbol_directory
NASDAQ,BTBD,"BT Brands, Inc. - Common Stock",Stock,,nasdaq_trader_symbol_directory
NASDAQ,BTBDW,"BT Brands, Inc. - Warrant",Stock,,nasdaq_trader_symbol_directory
NASDAQ,BTBT,"Bit Digital, Inc. - Ordinary Share",Stock,,nasdaq_trader_symbol_directory
NASDAQ,BTCS,BTCS Inc. - Common Stock,Stock,,nasdaq_trader_symbol_directory
NASDAQ,BTCT,BTC Digital Ltd. - Ordinary Shares,Stock,,nasdaq_trader_symbol_directory
NASDAQ,BTDR,Bitdeer Technologies Group - Ordinary Shares,Stock,,nasdaq_trader_symbol_directory
NASDAQ,BTF,CoinShares Bitcoin and Ether ETF,ETF,,nasdaq_trader_symbol_directory
NASDAQ,BTGD,STKd 100% Bitcoin & 100% Gold ETF,ETF,,nasdaq_trader_symbol_directory
NASDAQ,BTMD,Biote Corp. - Class A common stock,Stock,,nasdaq_trader_symbol_directory
NASDAQ,BTOC,Armlogi Holding Corp. - common stock,Stock,,nasdaq_trader_symbol_directory
NASDAQ,BTOG,Bit Origin Limited - Class A Ordinary Shares,Stock,,nasdaq_trader_symbol_directory
NASDAQ,BTQ,BTQ Technologies Corp. - Common Stock,Stock,,nasdaq_trader_symbol_directory
NASDAQ,BTSG,"BrightSpring Health Services, Inc. - Common Stock",Stock,,nasdaq_trader_symbol_directory
NASDAQ,BTSGU,"BrightSpring Health Services, Inc. - Tangible Equity Unit",Stock,,nasdaq_trader_symbol_directory
NASDAQ,BTTC,Black Titan Corp - Ordinary Shares,Stock,,nasdaq_trader_symbol_directory
NASDAQ,BUFC,AB Conservative Buffer ETF,ETF,,nasdaq_trader_symbol_directory
NASDAQ,BUFI,AB International Buffer ETF,ETF,,nasdaq_trader_symbol_directory
NASDAQ,BUFM,AB Moderate Buffer ETF,ETF,,nasdaq_trader_symbol_directory
NASDAQ,BUG,Global X Cybersecurity ETF,ETF,,nasdaq_trader_symbol_directory
NASDAQ,BULD,Pacer BlueStar Engineering the Future ETF,ETF,,nasdaq_trader_symbol_directory
NASDAQ,BULG,Leverage Shares 2X Long BULL Daily ETF,ETF,,nasdaq_trader_symbol_directory
NASDAQ,BULL,Webull Corporation - Class A Ordinary Shares,Stock,,nasdaq_trader_symbol_directory
NASDAQ,BULLW,Webull Corporation - Warrants,Stock,,nasdaq_trader_symbol_directory
NASDAQ,BUSE,First Busey Corporation - Common Stock,Stock,,nasdaq_trader_symbol_directory
NASDAQ,BUSEP,"First Busey Corporation - Depositary Shares, Each Representing a 1/40th Interest in a Share of 8.25% Fixed-Rate Series B Non-Cumulative Perpetual Preferred Stock, $0.001 par value",Stock,,nasdaq_trader_symbol_directory
NASDAQ,BUUU,BUUU Group Limited - Class A Ordinary Share,Stock,,nasdaq_trader_symbol_directory
NASDAQ,BVC,BitVentures Limited - Ordinary Share,Stock,,nasdaq_trader_symbol_directory
NASDAQ,BVFL,"BV Financial, Inc. - Common Stock",Stock,,nasdaq_trader_symbol_directory
NASDAQ,BVS,Bioventus Inc. - Class A Common Stock,Stock,,nasdaq_trader_symbol_directory
NASDAQ,BWAY,BrainsWay Ltd. - American Depositary Shares,Stock,,nasdaq_trader_symbol_directory
NASDAQ,BWB,"Bridgewater Bancshares, Inc. - Common Stock",Stock,,nasdaq_trader_symbol_directory
NASDAQ,BWBBP,"Bridgewater Bancshares, Inc. - Depositary Shares, Each Representing a 1/100th Interest in a Share of 5.875% Non-Cumulative Perpetual Preferred Stock, Series A",Stock,,nasdaq_trader_symbol_directory
NASDAQ,BWEN,"Broadwind, Inc. - Common Stock",Stock,,nasdaq_trader_symbol_directory
NASDAQ,BWFG,"Bankwell Financial Group, Inc. - Common Stock",Stock,,nasdaq_trader_symbol_directory
NASDAQ,BWIN,"The Baldwin Insurance Group, Inc. - Class A Common Stock",Stock,,nasdaq_trader_symbol_directory
NASDAQ,BWMN,Bowman Consulting Group Ltd. - Common Stock,Stock,,nasdaq_trader_symbol_directory
NASDAQ,BYAH,"Park Ha Biological Technology Co., Ltd. - Class A Ordinary Shares",Stock,,nasdaq_trader_symbol_directory
NASDAQ,BYFC,Broadway Financial Corporation - Class A Common Stock,Stock,,nasdaq_trader_symbol_directory
NASDAQ,BYND,"Beyond Meat, Inc. - Common stock",Stock,,nasdaq_trader_symbol_directory
NASDAQ,BYRN,"Byrna Technologies, Inc. - Common Stock",Stock,,nasdaq_trader_symbol_directory
NASDAQ,BYSI,"BeyondSpring, Inc. - Ordinary Shares",Stock,,nasdaq_trader_symbol_directory
NASDAQ,BZ,KANZHUN LIMITED - American Depository Shares,Stock,,nasdaq_trader_symbol_directory
NASDAQ,BZAI,"Blaize Holdings, Inc. - Common Stock",Stock,,nasdaq_trader_symbol_directory
NASDAQ,BZAIW,"Blaize Holdings, Inc. - Warrant",Stock,,nasdaq_trader_symbol_directory
NASDAQ,BZFD,"BuzzFeed, Inc. - Class A Common Stock",Stock,,nasdaq_trader_symbol_directory
NASDAQ,BZFDW,"BuzzFeed, Inc. - Warrant",Stock,,nasdaq_trader_symbol_directory
NASDAQ,BZUN,Baozun Inc. - American Depositary Shares,Stock,,nasdaq_trader_symbol_directory
NASDAQ,CAAS,"China Automotive Systems, Inc. - Ordinary Share",Stock,,nasdaq_trader_symbol_directory
NASDAQ,CABA,"Cabaletta Bio, Inc. - Common Stock",Stock,,nasdaq_trader_symbol_directory
NASDAQ,CABR,"Caring Brands, Inc. - Common Stock",Stock,,nasdaq_trader_symbol_directory
NASDAQ,CAC,Camden National Corporation - Common Stock,Stock,,nasdaq_trader_symbol_directory
NASDAQ,CACC,Credit Acceptance Corporation - Common Stock,Stock,,nasdaq_trader_symbol_directory
NASDAQ,CADL,"Candel Therapeutics, Inc. - Common Stock",Stock,,nasdaq_trader_symbol_directory
NASDAQ,CAES,"Cantor Equity Partners VII, Inc. - Class A Ordinary Shares",Stock,,nasdaq_trader_symbol_directory
NASDAQ,CAFG,Pacer US Small Cap Cash Cows Growth Leaders ETF,ETF,,nasdaq_trader_symbol_directory
NASDAQ,CAI,"Caris Life Sciences, Inc. - Common Stock",Stock,,nasdaq_trader_symbol_directory
NASDAQ,CAII,Collective Acquisition Corp. II - Class A Ordinary Shares,Stock,,nasdaq_trader_symbol_directory
NASDAQ,CAIIU,Collective Acquisition Corp. II - Units,Stock,,nasdaq_trader_symbol_directory
NASDAQ,CAIIW,Collective Acquisition Corp. II - Warrants,Stock,,nasdaq_trader_symbol_directory
NASDAQ,CAIQ,Calamos Nasdaq Autocallable Income ETF,ETF,,nasdaq_trader_symbol_directory
NASDAQ,CAKE,The Cheesecake Factory Incorporated - Common Stock,Stock,,nasdaq_trader_symbol_directory
NASDAQ,CALC,"CalciMedica, Inc. - Common Stock",Stock,,nasdaq_trader_symbol_directory
NASDAQ,CALI,iShares Short-Term California Muni Active ETF,ETF,,nasdaq_trader_symbol_directory
NASDAQ,CALM,"Cal-Maine Foods, Inc. - Common Stock",Stock,,nasdaq_trader_symbol_directory
NASDAQ,CAMP,CAMP4 Therapeutics Corporation - Common Stock,Stock,,nasdaq_trader_symbol_directory
NASDAQ,CAMT,Camtek Ltd. - Ordinary Shares,Stock,,nasdaq_trader_symbol_directory
NASDAQ,CAN,Canaan Inc. - American Depositary Shares,Stock,,nasdaq_trader_symbol_directory
NASDAQ,CANC,Tema Oncology ETF,ETF,,nasdaq_trader_symbol_directory
NASDAQ,CANQ,Calamos Nasdaq Equity & Income ETF,ETF,,nasdaq_trader_symbol_directory
NASDAQ,CAPN,Cayson Acquisition Corp - Ordinary Shares,Stock,,nasdaq_trader_symbol_directory
NASDAQ,CAPNR,Cayson Acquisition Corp - Right,Stock,,nasdaq_trader_symbol_directory
NASDAQ,CAPNU,Cayson Acquisition Corp - Units,Stock,,nasdaq_trader_symbol_directory
NASDAQ,CAPR,"Capricor Therapeutics, Inc. - Common Stock",Stock,,nasdaq_trader_symbol_directory
NASDAQ,CAPS,Capstone Holding Corp. - Common Stock,Stock,,nasdaq_trader_symbol_directory
NASDAQ,CAQ,Cambridge Acquisition Corp. - Class A Ordinary Shares,Stock,,nasdaq_trader_symbol_directory
NASDAQ,CAQUU,Cambridge Acquisition Corp. - Unit,Stock,,nasdaq_trader_symbol_directory
NASDAQ,CAQUW,Cambridge Acquisition Corp. - Warrants,Stock,,nasdaq_trader_symbol_directory
NASDAQ,CAR,"Avis Budget Group, Inc. - Common Stock",Stock,,nasdaq_trader_symbol_directory
NASDAQ,CARE,"Carter Bankshares, Inc. - Common Stock",Stock,,nasdaq_trader_symbol_directory
NASDAQ,CARG,"CarGurus, Inc. - Class A Common Stock",Stock,,nasdaq_trader_symbol_directory
NASDAQ,CARL,"Carlsmed, Inc. - Common Stock",Stock,,nasdaq_trader_symbol_directory
NASDAQ,CART,Maplebear Inc. - Common Stock,Stock,,nasdaq_trader_symbol_directory
NASDAQ,CARY,Angel Oak Income ETF,ETF,,nasdaq_trader_symbol_directory
NASDAQ,CARZ,First Trust S-Network Future Vehicles & Technology ETF,ETF,,nasdaq_trader_symbol_directory
NASDAQ,CASH,"Pathward Financial, Inc. - Common Stock",Stock,,nasdaq_trader_symbol_directory
NASDAQ,CASS,"Cass Information Systems, Inc - Common Stock",Stock,,nasdaq_trader_symbol_directory
NASDAQ,CAST,"FreeCast, Inc. - Class A common stock",Stock,,nasdaq_trader_symbol_directory
NASDAQ,CASY,"Caseys General Stores, Inc. - Common Stock",Stock,,nasdaq_trader_symbol_directory
NASDAQ,CATH,Global X S&P 500 Catholic Values ETF,ETF,,nasdaq_trader_symbol_directory
NASDAQ,CATY,Cathay General Bancorp - Common Stock,Stock,,nasdaq_trader_symbol_directory
NASDAQ,CBAT,CBAK Energy Technology Limited - Ordinary Shares,Stock,,nasdaq_trader_symbol_directory
NASDAQ,CBC,"Central Bancompany, Inc. - Class A Common Stock",Stock,,nasdaq_trader_symbol_directory
NASDAQ,CBFV,"CB Financial Services, Inc. - Common Stock",Stock,,nasdaq_trader_symbol_directory
NASDAQ,CBIO,"Crescent Biopharma, Inc. - Common Stock",Stock,,nasdaq_trader_symbol_directory
NASDAQ,CBK,"Commercial Bancgroup, Inc. - Common Stock",Stock,,nasdaq_trader_symbol_directory
NASDAQ,CBLL,"CeriBell, Inc. - Common Stock",Stock,,nasdaq_trader_symbol_directory
NASDAQ,CBNK,"Capital Bancorp, Inc. - Common Stock",Stock,,nasdaq_trader_symbol_directory
NASDAQ,CBRL,"Cracker Barrel Old Country Store, Inc. - Common Stock",Stock,,nasdaq_trader_symbol_directory
NASDAQ,CBRS,Cerebras Systems Inc. - Class A Common Stock,Stock,,nasdaq_trader_symbol_directory
NASDAQ,CBSH,"Commerce Bancshares, Inc. - Common Stock",Stock,,nasdaq_trader_symbol_directory
NASDAQ,CBUS,"Cibus, Inc. - Class A Common Stock",Stock,,nasdaq_trader_symbol_directory
NASDAQ,CCAP,"Crescent Capital BDC, Inc. - Common Stock",Stock,,nasdaq_trader_symbol_directory
NASDAQ,CCAQ,Collective Acquisition Corp. - Class A ordinary shares,Stock,,nasdaq_trader_symbol_directory
NASDAQ,CCAQU,Collective Acquisition Corp. - Units,Stock,,nasdaq_trader_symbol_directory
NASDAQ,CCAQW,Collective Acquisition Corp. - Warrants,Stock,,nasdaq_trader_symbol_directory
NASDAQ,CCB,Coastal Financial Corporation - Common Stock,Stock,,nasdaq_trader_symbol_directory
NASDAQ,CCBG,Capital City Bank Group - Common Stock,Stock,,nasdaq_trader_symbol_directory
NASDAQ,CCC,CCC Intelligent Solutions Holdings Inc. - Common Stock,Stock,,nasdaq_trader_symbol_directory
NASDAQ,CCCC,"C4 Therapeutics, Inc. - Common Stock",Stock,,nasdaq_trader_symbol_directory
NASDAQ,CCD,Calamos Dynamic Convertible & Income Fund - Closed End Fund,Stock,,nasdaq_trader_symbol_directory
NASDAQ,CCEC,Capital Clean Energy Carriers Corp. - Common Share,Stock,,nasdaq_trader_symbol_directory
NASDAQ,CCEP,Coca-Cola Europacific Partners plc - Ordinary Shares,Stock,,nasdaq_trader_symbol_directory
NASDAQ,CCFE,Concourse Capital Focused Equity ETF,ETF,,nasdaq_trader_symbol_directory
NASDAQ,CCG,Cheche Group Inc. - Class A Ordinary Shares,Stock,,nasdaq_trader_symbol_directory
NASDAQ,CCGWW,Cheche Group Inc. - Warrant,Stock,,nasdaq_trader_symbol_directory
NASDAQ,CCHH,CCH Holdings Ltd - Class A Ordinary Shares,Stock,,nasdaq_trader_symbol_directory
NASDAQ,CCII,Cohen Circle Acquisition Corp. II - Class A Ordinary Shares,Stock,,nasdaq_trader_symbol_directory
NASDAQ,CCIIU,Cohen Circle Acquisition Corp. II - Unit,Stock,,nasdaq_trader_symbol_directory
NASDAQ,CCIIW,Cohen Circle Acquisition Corp. II - Warrant,Stock,,nasdaq_trader_symbol_directory
NASDAQ,CCIX,Churchill Capital Corp IX - Ordinary Shares,Stock,,nasdaq_trader_symbol_directory
NASDAQ,CCIXU,Churchill Capital Corp IX - Unit,Stock,,nasdaq_trader_symbol_directory
NASDAQ,CCIXW,Churchill Capital Corp IX - Warrant,Stock,,nasdaq_trader_symbol_directory
NASDAQ,CCLD,"CareCloud, Inc. - Common Stock",Stock,,nasdaq_trader_symbol_directory
NASDAQ,CCNE,CNB Financial Corporation - Common Stock,Stock,,nasdaq_trader_symbol_directory
NASDAQ,CCNEP,"CNB Financial Corporation - Depositary shares, each representing a 1/40th ownership interest in a share of 7.125% Series A Fixed- Rate Non-Cumulative Perpetual Preferred Stock",Stock,,nasdaq_trader_symbol_directory
NASDAQ,CCNR,ALPS/CoreCommodity Natural Resources ETF,ETF,,nasdaq_trader_symbol_directory
NASDAQ,CCOI,"Cogent Communications Holdings, Inc. - Common Stock",Stock,,nasdaq_trader_symbol_directory
NASDAQ,CCRN,"Cross Country Healthcare, Inc. - Common Stock",Stock,,nasdaq_trader_symbol_directory
NASDAQ,CCSB,Carbon Collective Short Duration Green Bond ETF,ETF,,nasdaq_trader_symbol_directory
NASDAQ,CCSI,"Consensus Cloud Solutions, Inc. - Common Stock",Stock,,nasdaq_trader_symbol_directory
NASDAQ,CCSO,Carbon Collective Climate Solutions U.S. Equity ETF,ETF,,nasdaq_trader_symbol_directory
NASDAQ,CCTG,CCSC Technology International Holdings Limited - Class A Ordinary Shares,Stock,,nasdaq_trader_symbol_directory
NASDAQ,CCXI,Churchill Capital Corp XI - Class A Ordinary Shares,Stock,,nasdaq_trader_symbol_directory
NASDAQ,CCXIU,Churchill Capital Corp XI - Units,Stock,,nasdaq_trader_symbol_directory
NASDAQ,CCXIW,Churchill Capital Corp XI - Warrants,Stock,,nasdaq_trader_symbol_directory
NASDAQ,CD,Chaince Digital Holdings Inc. - American Ordinary Shares,Stock,,nasdaq_trader_symbol_directory
NASDAQ,CDC,VictoryShares US EQ Income Enhanced Volatility Wtd ETF,ETF,,nasdaq_trader_symbol_directory
NASDAQ,CDIG,City Different Investments Global Equity ETF,ETF,,nasdaq_trader_symbol_directory
NASDAQ,CDIO,Cardio Diagnostics Holdings Inc. - Common stock,Stock,,nasdaq_trader_symbol_directory
NASDAQ,CDIOW,Cardio Diagnostics Holdings Inc. - Warrant,Stock,,nasdaq_trader_symbol_directory
NASDAQ,CDL,VictoryShares US Large Cap High Div Volatility Wtd ETF,ETF,,nasdaq_trader_symbol_directory
NASDAQ,CDLX,"Cardlytics, Inc. - Common Stock",Stock,,nasdaq_trader_symbol_directory
NASDAQ,CDNA,"CareDx, Inc. - Common Stock",Stock,,nasdaq_trader_symbol_directory
NASDAQ,CDNL,Cardinal Infrastructure Group Inc. - Class A Common Stock,Stock,,nasdaq_trader_symbol_directory
NASDAQ,CDNS,"Cadence Design Systems, Inc. - Common Stock",Stock,,nasdaq_trader_symbol_directory
NASDAQ,CDRO,"Codere Online Luxembourg, S.A. - Ordinary Shares",Stock,,nasdaq_trader_symbol_directory
NASDAQ,CDROW,"Codere Online Luxembourg, S.A. - Warrants",Stock,,nasdaq_trader_symbol_directory
NASDAQ,CDT,CDT Equity Inc. - Common Stock,Stock,,nasdaq_trader_symbol_directory
NASDAQ,CDTG,CDT Environmental Technology Investment Holdings Limited - ordinary shares,Stock,,nasdaq_trader_symbol_directory
NASDAQ,CDTTW,CDT Equity Inc. - Warrant,Stock,,nasdaq_trader_symbol_directory
NASDAQ,CDW,CDW Corporation - Common Stock,Stock,,nasdaq_trader_symbol_directory
NASDAQ,CDXS,"Codexis, Inc. - Common Stock",Stock,,nasdaq_trader_symbol_directory
NASDAQ,CDZI,"Cadiz, Inc. - Common Stock",Stock,,nasdaq_trader_symbol_directory
NASDAQ,CDZIP,"Cadiz, Inc. - Depositary Shares",Stock,,nasdaq_trader_symbol_directory
NASDAQ,CECO,CECO Environmental Corp. - Common Stock,Stock,,nasdaq_trader_symbol_directory
NASDAQ,CEFA,Global X S&P Catholic Values Developed ex-U.S. ETF,ETF,,nasdaq_trader_symbol_directory
NASDAQ,CEG,Constellation Energy Corporation - Common Stock When-Issued,Stock,,nasdaq_trader_symbol_directory
NASDAQ,CELC,Celcuity Inc. - Common Stock,Stock,,nasdaq_trader_symbol_directory
NASDAQ,CELH,"Celsius Holdings, Inc. - Common Stock",Stock,,nasdaq_trader_symbol_directory
NASDAQ,CELU,Celularity Inc. - Class A Common Stock,Stock,,nasdaq_trader_symbol_directory
NASDAQ,CELUW,Celularity Inc. - Warrant,Stock,,nasdaq_trader_symbol_directory
NASDAQ,CELZ,"Creative Medical Technology Holdings, Inc. - Common Stock",Stock,,nasdaq_trader_symbol_directory
NASDAQ,CENN,Cenntro Inc. - Common Stock,Stock,,nasdaq_trader_symbol_directory
NASDAQ,CENT,Central Garden & Pet Company - Common Stock,Stock,,nasdaq_trader_symbol_directory
NASDAQ,CENTA,Central Garden & Pet Company - Class A Common Stock Nonvoting,Stock,,nasdaq_trader_symbol_directory
NASDAQ,CENX,Century Aluminum Company - Common Stock,Stock,,nasdaq_trader_symbol_directory
NASDAQ,CEPF,"Cantor Equity Partners IV, Inc. - Class A Ordinary Shares",Stock,,nasdaq_trader_symbol_directory
NASDAQ,CEPI,REX Crypto Equity Premium Income ETF,ETF,,nasdaq_trader_symbol_directory
NASDAQ,CEPO,"Cantor Equity Partners I, Inc. - Class A Ordinary Shares",Stock,,nasdaq_trader_symbol_directory
NASDAQ,CEPS,"Cantor Equity Partners VI, Inc. - Class A Ordinary Shares",Stock,,nasdaq_trader_symbol_directory
NASDAQ,CEPV,"Cantor Equity Partners V, Inc. - Class A Ordinary Shares",Stock,,nasdaq_trader_symbol_directory
NASDAQ,CERS,Cerus Corporation - Common Stock,Stock,,nasdaq_trader_symbol_directory
NASDAQ,CERT,"Certara, Inc. - Common Stock",Stock,,nasdaq_trader_symbol_directory
NASDAQ,CETX,Cemtrex Inc. - Common Stock,Stock,,nasdaq_trader_symbol_directory
NASDAQ,CETY,"Clean Energy Technologies, Inc. - Common Stock",Stock,,nasdaq_trader_symbol_directory
NASDAQ,CEVA,"CEVA, Inc. - Common Stock",Stock,,nasdaq_trader_symbol_directory
NASDAQ,CFA,VictoryShares US 500 Volatility Wtd ETF,ETF,,nasdaq_trader_symbol_directory
NASDAQ,CFBK,CF Bankshares Inc. - Common Stock,Stock,,nasdaq_trader_symbol_directory
NASDAQ,CFFI,C&F Financial Corporation - Common Stock,Stock,,nasdaq_trader_symbol_directory
NASDAQ,CFFN,"Capitol Federal Financial, Inc. - Common Stock",Stock,,nasdaq_trader_symbol_directory
NASDAQ,CFO,VictoryShares US 500 Enhanced Volatility Wtd ETF,ETF,,nasdaq_trader_symbol_directory
NASDAQ,CG,The Carlyle Group Inc. - Common Stock,Stock,,nasdaq_trader_symbol_directory
NASDAQ,CGABL,The Carlyle Group Inc. - 4.625% Subordinated Notes due 2061,Stock,,nasdaq_trader_symbol_directory
NASDAQ,CGBD,"Carlyle Secured Lending, Inc. - Closed End Fund",Stock,,nasdaq_trader_symbol_directory
NASDAQ,CGC,Canopy Growth Corporation - Common Shares,Stock,,nasdaq_trader_symbol_directory
NASDAQ,CGCFU,Cartesian Growth Corporation IV - Units,Stock,,nasdaq_trader_symbol_directory
NASDAQ,CGEM,"Cullinan Therapeutics, Inc. - Common Stock",Stock,,nasdaq_trader_symbol_directory
NASDAQ,CGEN,Compugen Ltd. - Ordinary Shares,Stock,,nasdaq_trader_symbol_directory
NASDAQ,CGNT,Cognyte Software Ltd. - Ordinary Shares,Stock,,nasdaq_trader_symbol_directory
NASDAQ,CGNX,Cognex Corporation - Common Stock,Stock,,nasdaq_trader_symbol_directory
NASDAQ,CGO,Calamos Global Total Return Fund - Closed End Fund,Stock,,nasdaq_trader_symbol_directory
NASDAQ,CGON,"CG Oncology, Inc. - Common stock",Stock,,nasdaq_trader_symbol_directory
NASDAQ,CGTL,Creative Global Technology Holdings Limited - Class A Ordinary Shares,Stock,,nasdaq_trader_symbol_directory
NASDAQ,CGTX,"Cognition Therapeutics, Inc. - Common Stock",Stock,,nasdaq_trader_symbol_directory
NASDAQ,CHA,"Chagee Holdings Limited - American Depositary Shares, each representing 1 Class A ordinary share",Stock,,nasdaq_trader_symbol_directory
NASDAQ,CHAI,"Core AI Holdings, Inc. - Common Shares",Stock,,nasdaq_trader_symbol_directory
NASDAQ,CHAR,Charlton Aria Acquisition Corporation - Class A Ordinary Shares,Stock,,nasdaq_trader_symbol_directory
NASDAQ,CHARR,Charlton Aria Acquisition Corporation - Rights,Stock,,nasdaq_trader_symbol_directory
NASDAQ,CHARU,Charlton Aria Acquisition Corporation - Units,Stock,,nasdaq_trader_symbol_directory
NASDAQ,CHCI,"Comstock Holding Companies, Inc. - Class A Common Stock",Stock,,nasdaq_trader_symbol_directory
NASDAQ,CHCO,City Holding Company - Common Stock,Stock,,nasdaq_trader_symbol_directory
NASDAQ,CHDN,"Churchill Downs, Incorporated - Common Stock",Stock,,nasdaq_trader_symbol_directory
NASDAQ,CHEC,Chenghe Acquisition III Co. - Class A Ordinary Shares,Stock,,nasdaq_trader_symbol_directory
NASDAQ,CHECU,Chenghe Acquisition III Co. - Units,Stock,,nasdaq_trader_symbol_directory
NASDAQ,CHECW,Chenghe Acquisition III Co. - Warrants,Stock,,nasdaq_trader_symbol_directory
NASDAQ,CHEF,"The Chefs' Warehouse, Inc. - Common Stock",Stock,,nasdaq_trader_symbol_directory
NASDAQ,CHGX,Stance Sustainable Beta ETF,ETF,,nasdaq_trader_symbol_directory
NASDAQ,CHI,Calamos Convertible Opportunities and Income Fund - Closed End Fund,Stock,,nasdaq_trader_symbol_directory
NASDAQ,CHKP,Check Point Software Technologies Ltd. - Ordinary Shares,Stock,,nasdaq_trader_symbol_directory
NASDAQ,CHMG,Chemung Financial Corp - Common Stock,Stock,,nasdaq_trader_symbol_directory
NASDAQ,CHNR,"China Natural Resources, Inc. - Common Shares",Stock,,nasdaq_trader_symbol_directory
NASDAQ,CHPG,ChampionsGate Acquisition Corporation - Class A Ordinary Share,Stock,,nasdaq_trader_symbol_directory
NASDAQ,CHPGR,ChampionsGate Acquisition Corporation - Rights,Stock,,nasdaq_trader_symbol_directory
NASDAQ,CHPGU,ChampionsGate Acquisition Corporation - Unit,Stock,,nasdaq_trader_symbol_directory
NASDAQ,CHPS,Xtrackers Semiconductor Select Equity ETF,ETF,,nasdaq_trader_symbol_directory
NASDAQ,CHPX,Global X AI Semiconductor & Quantum ETF,ETF,,nasdaq_trader_symbol_directory
NASDAQ,CHR,"Cheer Holding, Inc. - Class A Ordinary Share",Stock,,nasdaq_trader_symbol_directory
NASDAQ,CHRD,Chord Energy Corporation - Common Stock,Stock,,nasdaq_trader_symbol_directory
NASDAQ,CHRI,Global X S&P 500 Christian Values ETF,ETF,,nasdaq_trader_symbol_directory
NASDAQ,CHRN,ChronoScale Holdings Corporation - Common Stock,Stock,,nasdaq_trader_symbol_directory
NASDAQ,CHRS,"Coherus Oncology, Inc. - Common Stock",Stock,,nasdaq_trader_symbol_directory
NASDAQ,CHRW,"C.H. Robinson Worldwide, Inc. - Common Stock",Stock,,nasdaq_trader_symbol_directory
NASDAQ,CHSCL,"CHS Inc - Class B Cumulative Redeemable Preferred Stock, Series 4",Stock,,nasdaq_trader_symbol_directory
NASDAQ,CHSCM,"CHS Inc - Class B Reset Rate Cumulative Redeemable Preferred Stock, Series 3",Stock,,nasdaq_trader_symbol_directory
NASDAQ,CHSCN,CHS Inc - Preferred Class B Series 2 Reset Rate,Stock,,nasdaq_trader_symbol_directory
NASDAQ,CHSCO,CHS Inc - Class B Cumulative Redeemable Preferred Stock,Stock,,nasdaq_trader_symbol_directory
NASDAQ,CHSCP,CHS Inc - 8% Cumulative Redeemable Preferred Stock,Stock,,nasdaq_trader_symbol_directory
NASDAQ,CHSN,Chanson International Holding - Class A Ordinary Shares,Stock,,nasdaq_trader_symbol_directory
NASDAQ,CHTR,"Charter Communications, Inc. - Class A Common Stock",Stock,,nasdaq_trader_symbol_directory
NASDAQ,CHW,Calamos Global Dynamic Income Fund - Closed End Fund,Stock,,nasdaq_trader_symbol_directory
NASDAQ,CHY,Calamos Convertible and High Income Fund - Closed End Fund,Stock,,nasdaq_trader_symbol_directory
NASDAQ,CHYM,"Chime Financial, Inc. - Class A Common Stock",Stock,,nasdaq_trader_symbol_directory
NASDAQ,CIBR,First Trust NASDAQ Cybersecurity ETF,ETF,,nasdaq_trader_symbol_directory
NASDAQ,CIFG,Leverage Shares 2X Long CIFR Daily ETF,ETF,,nasdaq_trader_symbol_directory
NASDAQ,CIFR,Cipher Digital Inc. - Common Stock,Stock,,nasdaq_trader_symbol_directory
NASDAQ,CIGI,Colliers International Group Inc. - Subordinate Voting Shares,Stock,,nasdaq_trader_symbol_directory
NASDAQ,CIIT,"Tianci International, Inc. - Common Stock",Stock,,nasdaq_trader_symbol_directory
NASDAQ,CINF,Cincinnati Financial Corporation - Common Stock,Stock,,nasdaq_trader_symbol_directory
NASDAQ,CING,Cingulate Inc. - Common Stock,Stock,,nasdaq_trader_symbol_directory
NASDAQ,CINGW,Cingulate Inc. - Warrants,Stock,,nasdaq_trader_symbol_directory
NASDAQ,CIRC,"Circle8 Group, Inc. - Common Stock",Stock,,nasdaq_trader_symbol_directory
NASDAQ,CISO,"CISO Global, Inc. - Common Stock",Stock,,nasdaq_trader_symbol_directory
NASDAQ,CISS,C3is Inc. - Common Stock,Stock,,nasdaq_trader_symbol_directory
NASDAQ,CIVB,"Civista Bancshares, Inc. - Common Stock",Stock,,nasdaq_trader_symbol_directory
NASDAQ,CJMB,Callan JMB Inc. - Common Stock,Stock,,nasdaq_trader_symbol_directory
NASDAQ,CLAR,Clarus Corporation - Common Stock,Stock,,nasdaq_trader_symbol_directory
NASDAQ,CLBK,"Columbia Financial, Inc. - Common Stock",Stock,,nasdaq_trader_symbol_directory
NASDAQ,CLBT,Cellebrite DI Ltd. - Ordinary Shares,Stock,,nasdaq_trader_symbol_directory
NASDAQ,CLDX,"Celldex Therapeutics, Inc. - Common Stock",Stock,,nasdaq_trader_symbol_directory
NASDAQ,CLFD,"Clearfield, Inc. - Common Stock",Stock,,nasdaq_trader_symbol_directory
NASDAQ,CLGN,CollPlant Biotechnologies Ltd. - Ordinary Shares,Stock,,nasdaq_trader_symbol_directory
NASDAQ,CLIK,Click Holdings Limited - Ordinary Share,Stock,,nasdaq_trader_symbol_directory
NASDAQ,CLIR,ClearSign Technologies Corporation - Common Stock,Stock,,nasdaq_trader_symbol_directory
NASDAQ,CLLS,Cellectis S.A. - American Depositary Shares,Stock,,nasdaq_trader_symbol_directory
NASDAQ,CLMB,"Climb Global Solutions, Inc. - Common Stock",Stock,,nasdaq_trader_symbol_directory
NASDAQ,CLMT,"Calumet, Inc - Common Stock",Stock,,nasdaq_trader_symbol_directory
NASDAQ,CLNE,Clean Energy Fuels Corp. - Common Stock,Stock,,nasdaq_trader_symbol_directory
NASDAQ,CLNN,Clene Inc. - Common Stock,Stock,,nasdaq_trader_symbol_directory
NASDAQ,CLOA,iShares AAA CLO Active ETF,ETF,,nasdaq_trader_symbol_directory
NASDAQ,CLOD,Themes Cloud Computing ETF,ETF,,nasdaq_trader_symbol_directory
NASDAQ,CLOU,Global X Cloud Computing ETF,ETF,,nasdaq_trader_symbol_directory
NASDAQ,CLOV,"Clover Health Investments, Corp. - Class A Common stock",Stock,,nasdaq_trader_symbol_directory
NASDAQ,CLPS,CLPS Incorporation - Common Stock,Stock,,nasdaq_trader_symbol_directory
NASDAQ,CLPT,ClearPoint Neuro Inc. - Common Stock,Stock,,nasdaq_trader_symbol_directory
NASDAQ,CLRB,"Cellectar Biosciences, Inc. - Common Stock",Stock,,nasdaq_trader_symbol_directory
NASDAQ,CLRO,"ClearOne, Inc. - Common Stock",Stock,,nasdaq_trader_symbol_directory
NASDAQ,CLSK,"CleanSpark, Inc. - Common Stock",Stock,,nasdaq_trader_symbol_directory
NASDAQ,CLSKW,"CleanSpark, Inc. - Warrant",Stock,,nasdaq_trader_symbol_directory
NASDAQ,CLSM,ETC Cabana Target Leading Sector Moderate ETF,ETF,,nasdaq_trader_symbol_directory
NASDAQ,CLST,"Catalyst Bancorp, Inc. - common stock",Stock,,nasdaq_trader_symbol_directory
NASDAQ,CLWT,Euro Tech Holdings Company Limited - Ordinary Shares,Stock,,nasdaq_trader_symbol_directory
NASDAQ,CLYM,"Climb Bio, Inc. - Common Stock",Stock,,nasdaq_trader_symbol_directory
NASDAQ,CMBO,Wayfinder Dynamic U.S. Interest Rate ETF,ETF,,nasdaq_trader_symbol_directory
NASDAQ,CMCO,Columbus McKinnon Corporation - Common Stock,Stock,,nasdaq_trader_symbol_directory
NASDAQ,CMCSA,Comcast Corporation - Class A Common Stock,Stock,,nasdaq_trader_symbol_directory
NASDAQ,CMCT,Creative Media - Common Stock,Stock,,nasdaq_trader_symbol_directory
NASDAQ,CME,CME Group Inc. - Class A Common Stock,Stock,,nasdaq_trader_symbol_directory
NASDAQ,CMGG,Leverage Shares 2X Long CMG Daily ETF,ETF,,nasdaq_trader_symbol_directory
NASDAQ,CMII,Columbus Circle Capital Corp II - Class A Ordinary Shares,Stock,,nasdaq_trader_symbol_directory
NASDAQ,CMIIU,Columbus Circle Capital Corp II - Unit,Stock,,nasdaq_trader_symbol_directory
NASDAQ,CMIIW,Columbus Circle Capital Corp II - Warrant,Stock,,nasdaq_trader_symbol_directory
NASDAQ,CMMB,Chemomab Therapeutics Ltd. - American Depositary Shares,Stock,,nasdaq_trader_symbol_directory
NASDAQ,CMND,Clearmind Medicine Inc. - Common Shares,Stock,,nasdaq_trader_symbol_directory
NASDAQ,CMPR,Cimpress plc - Ordinary Shares,Stock,,nasdaq_trader_symbol_directory
NASDAQ,CMPS,COMPASS Pathways Plc - American Depository Shares,Stock,,nasdaq_trader_symbol_directory
NASDAQ,CMPX,"Compass Therapeutics, Inc. - Common Stock",Stock,,nasdaq_trader_symbol_directory
NASDAQ,CMRC,"Commerce.com, Inc. - Series 1 Common Stock",Stock,,nasdaq_trader_symbol_directory
NASDAQ,CMTL,Comtech Telecommunications Corp. - Common Stock,Stock,,nasdaq_trader_symbol_directory
NASDAQ,CMTV,Community Bancorp. - Common stock,Stock,,nasdaq_trader_symbol_directory
NASDAQ,CNCG,Leverage Shares 2X Long CNC Daily ETF,ETF,,nasdaq_trader_symbol_directory
NASDAQ,CNCK,Coincheck Group N.V. - Ordinary Shares,Stock,,nasdaq_trader_symbol_directory
NASDAQ,CNCKW,Coincheck Group N.V. - Warrants,Stock,,nasdaq_trader_symbol_directory
NASDAQ,CNDT,Conduent Incorporated - Common Stock,Stock,,nasdaq_trader_symbol_directory
NASDAQ,CNET,ZW Data Action Technologies Inc. - Common Stock,Stock,,nasdaq_trader_symbol_directory
NASDAQ,CNEY,CN Energy Group Inc. - Class A Ordinary Shares,Stock,,nasdaq_trader_symbol_directory
NASDAQ,CNOB,"ConnectOne Bancorp, Inc. - Common Stock",Stock,,nasdaq_trader_symbol_directory
NASDAQ,CNOBP,"ConnectOne Bancorp, Inc. - Depositary Shares (each representing a 1/40th interest in a share of 5.25% Fixed-Rate Reset Non-Cumulative Perpetual Preferred Stock, Series A, par value $0.00 per share)",Stock,,nasdaq_trader_symbol_directory
NASDAQ,CNQQ,Rayliant-ChinaAMC Transformative China Tech ETF,ETF,,nasdaq_trader_symbol_directory
NASDAQ,CNSP,"CNS Pharmaceuticals, Inc. - Common Stock",Stock,,nasdaq_trader_symbol_directory
NASDAQ,CNTB,Connect Biopharma Holdings Limited - Ordinary Shares,Stock,,nasdaq_trader_symbol_directory
NASDAQ,CNTN,"Canton Strategic Holdings, Inc. - Common Stock",Stock,,nasdaq_trader_symbol_directory
NASDAQ,CNTX,Context Therapeutics Inc. - Common Stock,Stock,,nasdaq_trader_symbol_directory
NASDAQ,CNTY,"Century Casinos, Inc. - Common Stock",Stock,,nasdaq_trader_symbol_directory
NASDAQ,CNVS,Cineverse Corp. - Class A Common Stock,Stock,,nasdaq_trader_symbol_directory
NASDAQ,CNXC,Concentrix Corporation - Common Stock,Stock,,nasdaq_trader_symbol_directory
NASDAQ,CNXN,"PC Connection, Inc. - Common Stock",Stock,,nasdaq_trader_symbol_directory
NASDAQ,CNXU,Conexeu Sciences Inc. - Common Stock,Stock,,nasdaq_trader_symbol_directory
NASDAQ,COAG,"Hemab Therapeutics Holdings, Inc. - Common Stock",Stock,,nasdaq_trader_symbol_directory
NASDAQ,COCH,"Envoy Medical, Inc. - Class A Common Stock",Stock,,nasdaq_trader_symbol_directory
NASDAQ,COCHW,"Envoy Medical, Inc. - Warrant",Stock,,nasdaq_trader_symbol_directory
NASDAQ,COCO,"The Vita Coco Company, Inc. - Common Stock",Stock,,nasdaq_trader_symbol_directory
NASDAQ,COCP,"Cocrystal Pharma, Inc. - Common Stock",Stock,,nasdaq_trader_symbol_directory
NASDAQ,CODA,"Coda Octopus Group, Inc. - Common stock",Stock,,nasdaq_trader_symbol_directory
NASDAQ,CODX,"Co-Diagnostics, Inc. - Common Stock",Stock,,nasdaq_trader_symbol_directory
NASDAQ,COFS,"ChoiceOne Financial Services, Inc. - Common Stock",Stock,,nasdaq_trader_symbol_directory
NASDAQ,COGT,"Cogent Biosciences, Inc. - Common Stock",Stock,,nasdaq_trader_symbol_directory
NASDAQ,COHU,"Cohu, Inc. - Common Stock",Stock,,nasdaq_trader_symbol_directory
NASDAQ,COIG,Leverage Shares 2X Long COIN Daily ETF,ETF,,nasdaq_trader_symbol_directory
NASDAQ,COIN,"Coinbase Global, Inc. - Class A Common Stock",Stock,,nasdaq_trader_symbol_directory
NASDAQ,COKE,"Coca-Cola Consolidated, Inc. - Common Stock",Stock,,nasdaq_trader_symbol_directory
NASDAQ,COLA,Columbus Acquisition Corp - Ordinary Shares,Stock,,nasdaq_trader_symbol_directory
NASDAQ,COLAR,Columbus Acquisition Corp - Rights,Stock,,nasdaq_trader_symbol_directory
NASDAQ,COLAU,Columbus Acquisition Corp - Unit,Stock,,nasdaq_trader_symbol_directory
NASDAQ,COLB,"Columbia Banking System, Inc. - Common Stock",Stock,,nasdaq_trader_symbol_directory
NASDAQ,COLL,"Collegium Pharmaceutical, Inc. - Common Stock",Stock,,nasdaq_trader_symbol_directory
NASDAQ,COLM,Columbia Sportswear Company - Common Stock,Stock,,nasdaq_trader_symbol_directory
NASDAQ,COMT,iShares GSCI Commodity Dynamic Roll Strategy ETF,ETF,,nasdaq_trader_symbol_directory
NASDAQ,CONI,GraniteShares 2x Short COIN Daily ETF,ETF,,nasdaq_trader_symbol_directory
NASDAQ,CONL,GraniteShares 2x Long COIN Daily ETF,ETF,,nasdaq_trader_symbol_directory
NASDAQ,CONX,Direxion Daily COIN Bull 2X ETF,ETF,,nasdaq_trader_symbol_directory
NASDAQ,COO,"The Cooper Companies, Inc. - Common Stock",Stock,,nasdaq_trader_symbol_directory
NASDAQ,COOT,Australian Oilseeds Holdings Limited - Ordinary Shares,Stock,,nasdaq_trader_symbol_directory
NASDAQ,COOTW,Australian Oilseeds Holdings Limited - Warrant,Stock,,nasdaq_trader_symbol_directory
NASDAQ,COPJ,Sprott Junior Copper Miners ETF,ETF,,nasdaq_trader_symbol_directory
NASDAQ,COPP,Sprott Copper Miners ETF,ETF,,nasdaq_trader_symbol_directory
NASDAQ,CORO,iShares International Country Rotation Active ETF,ETF,,nasdaq_trader_symbol_directory
NASDAQ,CORT,Corcept Therapeutics Incorporated - Common Stock,Stock,,nasdaq_trader_symbol_directory
NASDAQ,CORZ,"Core Scientific, Inc. - Common Stock",Stock,,nasdaq_trader_symbol_directory
NASDAQ,CORZW,"Core Scientific, Inc. - Tranche 1 Warrants",Stock,,nasdaq_trader_symbol_directory
NASDAQ,CORZZ,"Core Scientific, Inc. - Tranche 2 Warrants",Stock,,nasdaq_trader_symbol_directory
NASDAQ,COSM,Cosmos Health Inc. - Common Stock,Stock,,nasdaq_trader_symbol_directory
NASDAQ,COST,Costco Wholesale Corporation - Common Stock,Stock,,nasdaq_trader_symbol_directory
NASDAQ,COTG,Leverage Shares 2X Long COST Daily ETF,ETF,,nasdaq_trader_symbol_directory
NASDAQ,COWG,Pacer US Large Cap Cash Cows Growth Leaders ETF,ETF,,nasdaq_trader_symbol_directory
NASDAQ,COWS,Amplify Cash Flow Dividend Leaders ETF,ETF,,nasdaq_trader_symbol_directory
NASDAQ,COYA,"Coya Therapeutics, Inc. - Common Stock",Stock,,nasdaq_trader_symbol_directory
NASDAQ,COYY,GraniteShares YieldBOOST COIN ETF,ETF,,nasdaq_trader_symbol_directory
NASDAQ,CPAG,F/m Compoundr U.S. Aggregate Bond ETF,ETF,,nasdaq_trader_symbol_directory
NASDAQ,CPB,The Campbell's Company - Common Stock,Stock,,nasdaq_trader_symbol_directory
NASDAQ,CPBI,"Central Plains Bancshares, Inc. - Common Stock",Stock,,nasdaq_trader_symbol_directory
NASDAQ,CPHC,Canterbury Park Holding Corporation - Common Stock,Stock,,nasdaq_trader_symbol_directory
NASDAQ,CPHY,F/m Compoundr High Yield Bond ETF,ETF,,nasdaq_trader_symbol_directory
NASDAQ,CPIX,Cumberland Pharmaceuticals Inc. - Common Stock,Stock,,nasdaq_trader_symbol_directory
NASDAQ,CPLS,AB Core Plus Bond ETF,ETF,,nasdaq_trader_symbol_directory
NASDAQ,CPOP,"Pop Culture Group Co., Ltd - Class A Ordinary Shares",Stock,,nasdaq_trader_symbol_directory
NASDAQ,CPRT,"Copart, Inc. - Common Stock",Stock,,nasdaq_trader_symbol_directory
NASDAQ,CPRX,"Catalyst Pharmaceuticals, Inc. - Common Stock",Stock,,nasdaq_trader_symbol_directory
NASDAQ,CPSH,CPS Technologies Corp. - Common Stock,Stock,,nasdaq_trader_symbol_directory
NASDAQ,CPSS,"Consumer Portfolio Services, Inc. - Common Stock",Stock,,nasdaq_trader_symbol_directory
NASDAQ,CPZ,Calamos Long/Short Equity & Dynamic Income Trust - Closed End Fund,Stock,,nasdaq_trader_symbol_directory
NASDAQ,CRAC,Crown Reserve Acquisition Corp. I - Class A Ordinary Shares,Stock,,nasdaq_trader_symbol_directory
NASDAQ,CRACR,Crown Reserve Acquisition Corp. I - Rights,Stock,,nasdaq_trader_symbol_directory
NASDAQ,CRACU,Crown Reserve Acquisition Corp. I - Unit,Stock,,nasdaq_trader_symbol_directory
NASDAQ,CRACW,Crown Reserve Acquisition Corp. I - Warrant,Stock,,nasdaq_trader_symbol_directory
NASDAQ,CRAI,"CRA International,Inc. - Common Stock",Stock,,nasdaq_trader_symbol_directory
NASDAQ,CRAN,Crane Harbor Acquisition Corp. II - Class A Ordinary Shares,Stock,,nasdaq_trader_symbol_directory
NASDAQ,CRANR,Crane Harbor Acquisition Corp. II - Rights,Stock,,nasdaq_trader_symbol_directory
NASDAQ,CRANU,Crane Harbor Acquisition Corp. II - Units,Stock,,nasdaq_trader_symbol_directory
NASDAQ,CRAQ,Cal Redwood Acquisition Corp. - Class A Ordinary Shares,Stock,,nasdaq_trader_symbol_directory
NASDAQ,CRAQR,Cal Redwood Acquisition Corp. - Right,Stock,,nasdaq_trader_symbol_directory
NASDAQ,CRAQU,Cal Redwood Acquisition Corp. - Units,Stock,,nasdaq_trader_symbol_directory
NASDAQ,CRBP,"Corbus Pharmaceuticals Holdings, Inc. - Common Stock",Stock,,nasdaq_trader_symbol_directory
NASDAQ,CRBU,"Caribou Biosciences, Inc. - Common Stock",Stock,,nasdaq_trader_symbol_directory
NASDAQ,CRCG,Leverage Shares 2X Long CRCL Daily ETF,ETF,,nasdaq_trader_symbol_directory
NASDAQ,CRCT,"Cricut, Inc. - Class A common stock",Stock,,nasdaq_trader_symbol_directory
NASDAQ,CRDF,"Cardiff Oncology, Inc. - Common Stock",Stock,,nasdaq_trader_symbol_directory
NASDAQ,CRDL,Cardiol Therapeutics Inc. - Class A Common Shares,Stock,,nasdaq_trader_symbol_directory
NASDAQ,CRDO,Credo Technology Group Holding Ltd - Ordinary Shares,Stock,,nasdaq_trader_symbol_directory
NASDAQ,CRE,Cre8 Enterprise Limited - Class A Ordinary Shares,Stock,,nasdaq_trader_symbol_directory
NASDAQ,CREG,Smart Powerr Corp. - Common Stock,Stock,,nasdaq_trader_symbol_directory
NASDAQ,CRESY,"Cresud S.A.C.I.F. y A. - American Depositary Shares, each representing ten shares of Common Stock",Stock,,nasdaq_trader_symbol_directory
NASDAQ,CREX,"Creative Realities, Inc. - Common Stock",Stock,,nasdaq_trader_symbol_directory
NASDAQ,CRGO,Freightos Limited - Ordinary shares,Stock,,nasdaq_trader_symbol_directory
NASDAQ,CRGOW,Freightos Limited - Warrants,Stock,,nasdaq_trader_symbol_directory
NASDAQ,CRIS,"Curis, Inc. - Common Stock",Stock,,nasdaq_trader_symbol_directory
NASDAQ,CRMD,CorMedix Inc. - Common Stock,Stock,,nasdaq_trader_symbol_directory
NASDAQ,CRMG,Leverage Shares 2X Long CRM Daily ETF,ETF,,nasdaq_trader_symbol_directory
NASDAQ,CRML,Critical Metals Corp. - Ordinary Shares,Stock,,nasdaq_trader_symbol_directory
NASDAQ,CRMLW,Critical Metals Corp. - Warrants,Stock,,nasdaq_trader_symbol_directory
NASDAQ,CRMT,"America's Car-Mart, Inc. - Common Stock",Stock,,nasdaq_trader_symbol_directory
NASDAQ,CRMU,Leverage Shares 2x Long CRML Daily ETF,ETF,,nasdaq_trader_symbol_directory
NASDAQ,CRNC,Cerence Inc. - Common Stock,Stock,,nasdaq_trader_symbol_directory
NASDAQ,CRNT,Ceragon Networks Ltd. - Ordinary Shares,Stock,,nasdaq_trader_symbol_directory
NASDAQ,CRNX,"Crinetics Pharmaceuticals, Inc. - Common Stock",Stock,,nasdaq_trader_symbol_directory
NASDAQ,CRON,Cronos Group Inc. - Common Share,Stock,,nasdaq_trader_symbol_directory
NASDAQ,CROX,"Crocs, Inc. - Common Stock",Stock,,nasdaq_trader_symbol_directory
NASDAQ,CRSP,CRISPR Therapeutics AG - Common Shares,Stock,,nasdaq_trader_symbol_directory
NASDAQ,CRSR,"Corsair Gaming, Inc. - Common Stock",Stock,,nasdaq_trader_symbol_directory
NASDAQ,CRTO,Criteo S.A. - American Depositary Shares,Stock,,nasdaq_trader_symbol_directory
NASDAQ,CRUS,"Cirrus Logic, Inc. - Common Stock",Stock,,nasdaq_trader_symbol_directory
NASDAQ,CRVL,CorVel Corp. - Common Stock,Stock,,nasdaq_trader_symbol_directory
NASDAQ,CRVO,CervoMed Inc. - Common Stock,Stock,,nasdaq_trader_symbol_directory
NASDAQ,CRVS,"Corvus Pharmaceuticals, Inc. - Common Stock",Stock,,nasdaq_trader_symbol_directory
NASDAQ,CRWD,"CrowdStrike Holdings, Inc. - Class A Common Stock",Stock,,nasdaq_trader_symbol_directory
NASDAQ,CRWG,Leverage Shares 2X Long CRWV Daily ETF,ETF,,nasdaq_trader_symbol_directory
NASDAQ,CRWL,GraniteShares 2x Long CRWD Daily ETF,ETF,,nasdaq_trader_symbol_directory
NASDAQ,CRWS,"Crown Crafts, Inc. - Common Stock",Stock,,nasdaq_trader_symbol_directory
NASDAQ,CRWV,"CoreWeave, Inc. - Class A Common Stock",Stock,,nasdaq_trader_symbol_directory
NASDAQ,CRY,GraniteShares YieldBOOST CRCL ETF,ETF,,nasdaq_trader_symbol_directory
NASDAQ,CSAI,"Cloudastructure, Inc. - Class A Common Stock",Stock,,nasdaq_trader_symbol_directory
NASDAQ,CSB,VictoryShares US Small Cap High Div Volatility Wtd ETF,ETF,,nasdaq_trader_symbol_directory
NASDAQ,CSBR,"Champions Oncology, Inc. - Common Stock",Stock,,nasdaq_trader_symbol_directory
NASDAQ,CSCL,Direxion Daily CSCO Bull 2X ETF,ETF,,nasdaq_trader_symbol_directory
NASDAQ,CSCO,"Cisco Systems, Inc. - Common Stock",Stock,,nasdaq_trader_symbol_directory
NASDAQ,CSCS,Direxion Daily CSCO Bear 1X ETF,ETF,,nasdaq_trader_symbol_directory
NASDAQ,CSEN,Cohen & Steers Future of Energy Active ETF,ETF,,nasdaq_trader_symbol_directory
NASDAQ,CSGP,"CoStar Group, Inc. - Common Stock",Stock,,nasdaq_trader_symbol_directory
NASDAQ,CSHR,CoinShares PLC - Ordinary Shares,Stock,,nasdaq_trader_symbol_directory
NASDAQ,CSHRW,CoinShares PLC - Warrants,Stock,,nasdaq_trader_symbol_directory
NASDAQ,CSIQ,Canadian Solar Inc. - Common Shares,Stock,,nasdaq_trader_symbol_directory
NASDAQ,CSPI,CSP Inc. - Common Stock,Stock,,nasdaq_trader_symbol_directory
NASDAQ,CSQ,Calamos Strategic Total Return Fund - Closed End Fund,Stock,,nasdaq_trader_symbol_directory
NASDAQ,CSTE,Caesarstone Ltd. - Ordinary Shares,Stock,,nasdaq_trader_symbol_directory
NASDAQ,CSTL,"Castle Biosciences, Inc. - Common stock",Stock,,nasdaq_trader_symbol_directory
NASDAQ,CSWC,Capital Southwest Corporation - Common Stock,Stock,,nasdaq_trader_symbol_directory
NASDAQ,CSX,CSX Corporation - Common Stock,Stock,,nasdaq_trader_symbol_directory
NASDAQ,CTAA,ClearThink 1 Acquisition Corp. - Class A Ordinary Shares,Stock,,nasdaq_trader_symbol_directory
NASDAQ,CTAAR,ClearThink 1 Acquisition Corp. - Rights,Stock,,nasdaq_trader_symbol_directory
NASDAQ,CTAAU,ClearThink 1 Acquisition Corp. - Units,Stock,,nasdaq_trader_symbol_directory
NASDAQ,CTAS,Cintas Corporation - Common Stock,Stock,,nasdaq_trader_symbol_directory
NASDAQ,CTBI,"Community Trust Bancorp, Inc. - Common Stock",Stock,,nasdaq_trader_symbol_directory
NASDAQ,CTEC,Global X ClimateTech ETF,ETF,,nasdaq_trader_symbol_directory
NASDAQ,CTKB,"Cytek Biosciences, Inc. - Common Stock",Stock,,nasdaq_trader_symbol_directory
NASDAQ,CTMX,"CytomX Therapeutics, Inc. - Common Stock",Stock,,nasdaq_trader_symbol_directory
NASDAQ,CTNM,"Contineum Therapeutics, Inc. - Common stock",Stock,,nasdaq_trader_symbol_directory
NASDAQ,CTNT,Cheetah Net Supply Chain Service Inc. - Class A Common Stock,Stock,,nasdaq_trader_symbol_directory
NASDAQ,CTOR,"Citius Oncology, Inc. - Common Stock",Stock,,nasdaq_trader_symbol_directory
NASDAQ,CTRM,Castor Maritime Inc. - Common Shares,Stock,,nasdaq_trader_symbol_directory
NASDAQ,CTRN,"Citi Trends, Inc. - Common Stock",Stock,,nasdaq_trader_symbol_directory
NASDAQ,CTSH,Cognizant Technology Solutions Corporation - Class A Common Stock,Stock,,nasdaq_trader_symbol_directory
NASDAQ,CTSO,Cytosorbents Corporation - Common Stock,Stock,,nasdaq_trader_symbol_directory
NASDAQ,CTW,CTW - Class A Ordinary Shares,Stock,,nasdaq_trader_symbol_directory
NASDAQ,CTXR,"Citius Pharmaceuticals, Inc. - Common Stock",Stock,,nasdaq_trader_symbol_directory
NASDAQ,CUB,Lionheart Holdings - Class A Ordinary Shares,Stock,,nasdaq_trader_symbol_directory
NASDAQ,CUBWU,Lionheart Holdings - Unit,Stock,,nasdaq_trader_symbol_directory
NASDAQ,CUBWW,Lionheart Holdings - Warrant,Stock,,nasdaq_trader_symbol_directory
NASDAQ,CUE,"Cue Biopharma, Inc. - Common Stock",Stock,,nasdaq_trader_symbol_directory
NASDAQ,CULP,"Culp, Inc. - Common Shares",Stock,,nasdaq_trader_symbol_directory
NASDAQ,CUPR,Cuprina Holdings (Cayman) Limited - Class A Ordinary shares,Stock,,nasdaq_trader_symbol_directory
NASDAQ,CURI,CuriosityStream Inc. - Class A Common Stock,Stock,,nasdaq_trader_symbol_directory
NASDAQ,CURR,Currenc Group Inc. - Ordinary Shares,Stock,,nasdaq_trader_symbol_directory
NASDAQ,CURX,Curanex Pharmaceuticals Inc - Common Stock,Stock,,nasdaq_trader_symbol_directory
NASDAQ,CUSD,CrossingBridge Ultra-Short Duration ETF,ETF,,nasdaq_trader_symbol_directory
NASDAQ,CV,"CapsoVision, Inc. - Common Stock",Stock,,nasdaq_trader_symbol_directory
NASDAQ,CVBF,CVB Financial Corporation - Common Stock,Stock,,nasdaq_trader_symbol_directory
NASDAQ,CVCO,"Cavco Industries, Inc. - Common Stock",Stock,,nasdaq_trader_symbol_directory
NASDAQ,CVGI,"Commercial Vehicle Group, Inc. - Common Stock",Stock,,nasdaq_trader_symbol_directory
NASDAQ,CVKD,"Cadrenal Therapeutics, Inc. - Common Stock",Stock,,nasdaq_trader_symbol_directory
NASDAQ,CVLT,"Commvault Systems, Inc. - Common Stock",Stock,,nasdaq_trader_symbol_directory
NASDAQ,CVRX,"CVRx, Inc. - Common Stock",Stock,,nasdaq_trader_symbol_directory
NASDAQ,CVV,CVD Equipment Corporation - Common Stock,Stock,,nasdaq_trader_symbol_directory
NASDAQ,CWBC,Community West Bancshares - Common Stock,Stock,,nasdaq_trader_symbol_directory
NASDAQ,CWCO,Consolidated Water Co. Ltd. - Ordinary Shares,Stock,,nasdaq_trader_symbol_directory
NASDAQ,CWD,CaliberCos Inc. - Class A Common Stock,Stock,,nasdaq_trader_symbol_directory
NASDAQ,CWST,"Casella Waste Systems, Inc. - Class A Common Stock",Stock,,nasdaq_trader_symbol_directory
NASDAQ,CWY,GraniteShares YieldBOOST CRWV ETF,ETF,,nasdaq_trader_symbol_directory
NASDAQ,CXAI,CXApp Inc. - Class A Common Stock,Stock,,nasdaq_trader_symbol_directory
NASDAQ,CXAIW,CXApp Inc. - Warrant,Stock,,nasdaq_trader_symbol_directory
NASDAQ,CXDO,"Crexendo, Inc. - Common Stock",Stock,,nasdaq_trader_symbol_directory
NASDAQ,CXII,Churchill Capital Corp XII - Class A Ordinary Shares,Stock,,nasdaq_trader_symbol_directory
NASDAQ,CXIIU,Churchill Capital Corp XII - Units,Stock,,nasdaq_trader_symbol_directory
NASDAQ,CXIIW,Churchill Capital Corp XII - Warrants,Stock,,nasdaq_trader_symbol_directory
NASDAQ,CXSE,WisdomTree China ex-State-Owned Enterprises Fund,ETF,,nasdaq_trader_symbol_directory
NASDAQ,CYAB,"Cyabra, Inc. - Common Stock",Stock,,nasdaq_trader_symbol_directory
NASDAQ,CYCN,"Cyclerion Therapeutics, Inc. - Common Stock",Stock,,nasdaq_trader_symbol_directory
NASDAQ,CYCU,"Cycurion, Inc. - Common Stock",Stock,,nasdaq_trader_symbol_directory
NASDAQ,CYCUW,"Cycurion, Inc. - Warrants",Stock,,nasdaq_trader_symbol_directory
NASDAQ,CYN,Cyngn Inc. - Common stock,Stock,,nasdaq_trader_symbol_directory
NASDAQ,CYPH,Cypherpunk Technologies Inc. - Common Stock,Stock,,nasdaq_trader_symbol_directory
NASDAQ,CYRX,"CryoPort, Inc. - Common Stock",Stock,,nasdaq_trader_symbol_directory
NASDAQ,CYTK,"Cytokinetics, Incorporated - Common Stock",Stock,,nasdaq_trader_symbol_directory
NASDAQ,CZAR,Themes Natural Monopoly ETF,ETF,,nasdaq_trader_symbol_directory
NASDAQ,CZFS,"Citizens Financial Services, Inc. - Common Stock",Stock,,nasdaq_trader_symbol_directory
NASDAQ,CZNC,Citizens & Northern Corp - Common Stock,Stock,,nasdaq_trader_symbol_directory
NASDAQ,CZR,"Caesars Entertainment, Inc. - Common Stock",Stock,,nasdaq_trader_symbol_directory
NASDAQ,CZWI,"Citizens Community Bancorp, Inc. - Common Stock",Stock,,nasdaq_trader_symbol_directory
NASDAQ,DAAQ,Digital Asset Acquisition Corp. - Class A Ordinary shares,Stock,,nasdaq_trader_symbol_directory
NASDAQ,DAAQU,Digital Asset Acquisition Corp. - Units,Stock,,nasdaq_trader_symbol_directory
NASDAQ,DAAQW,Digital Asset Acquisition Corp. - Warrant,Stock,,nasdaq_trader_symbol_directory
NASDAQ,DADS,Digital Asset Debt Strategy ETF,ETF,,nasdaq_trader_symbol_directory
NASDAQ,DAIC,"CID HoldCo, Inc. - Common Stock",Stock,,nasdaq_trader_symbol_directory
NASDAQ,DAICW,"CID HoldCo, Inc. - Warrants",Stock,,nasdaq_trader_symbol_directory
NASDAQ,DAIO,Data I/O Corporation - Common Stock,Stock,,nasdaq_trader_symbol_directory
NASDAQ,DAK,Dakota Active Equity ETF,ETF,,nasdaq_trader_symbol_directory
NASDAQ,DAKT,"Daktronics, Inc. - Common Stock",Stock,,nasdaq_trader_symbol_directory
NASDAQ,DALI,First Trust Dorsey Wright DALI Equity ETF,ETF,,nasdaq_trader_symbol_directory
NASDAQ,DAPP,VanEck Digital Transformation ETF,ETF,,nasdaq_trader_symbol_directory
NASDAQ,DARE,"Dare Bioscience, Inc. - Common Stock",Stock,,nasdaq_trader_symbol_directory
NASDAQ,DASH,"DoorDash, Inc. - Common Stock",Stock,,nasdaq_trader_symbol_directory
NASDAQ,DAVE,Dave Inc. - Class A Common Stock,Stock,,nasdaq_trader_symbol_directory
NASDAQ,DAVEW,Dave Inc. - Warrants,Stock,,nasdaq_trader_symbol_directory
NASDAQ,DAX,Global X DAX Germany ETF,ETF,,nasdaq_trader_symbol_directory
NASDAQ,DBCA,D. Boral Acquisition I Corp. - Class A Ordinary Shares,Stock,,nasdaq_trader_symbol_directory
NASDAQ,DBCAU,D. Boral Acquisition I Corp. - Unit,Stock,,nasdaq_trader_symbol_directory
NASDAQ,DBCAW,D. Boral Acquisition I Corp. - Warrants,Stock,,nasdaq_trader_symbol_directory
NASDAQ,DBGI,"Digital Brands Group, Inc. - Common Stock",Stock,,nasdaq_trader_symbol_directory
NASDAQ,DBVT,DBV Technologies S.A. - American Depositary Shares,Stock,,nasdaq_trader_symbol_directory
NASDAQ,DBX,"Dropbox, Inc. - Class A Common Stock",Stock,,nasdaq_trader_symbol_directory
NASDAQ,DCBO,Docebo Inc. - Common Shares,Stock,,nasdaq_trader_symbol_directory
NASDAQ,DCGO,DocGo Inc. - Common Stock,Stock,,nasdaq_trader_symbol_directory
NASDAQ,DCOY,Decoy Therapeutics Inc. - Common Stock,Stock,,nasdaq_trader_symbol_directory
NASDAQ,DCTH,"Delcath Systems, Inc. - Common Stock",Stock,,nasdaq_trader_symbol_directory
NASDAQ,DCX,Digital Currency X Technology Inc. - Class A Ordinary Shares,Stock,,nasdaq_trader_symbol_directory
NASDAQ,DDI,"DoubleDown Interactive Co., Ltd. - American Depository Shares",Stock,,nasdaq_trader_symbol_directory
NASDAQ,DDIV,First Trust Dorsey Wright Momentum & Dividend ETF,ETF,,nasdaq_trader_symbol_directory
NASDAQ,DDOG,"Datadog, Inc. - Class A Common Stock",Stock,,nasdaq_trader_symbol_directory
NASDAQ,DECO,State Street Galaxy Digital Asset Ecosystem ETF,ETF,,nasdaq_trader_symbol_directory
NASDAQ,DEFT,"Defi Technologies, Inc. - Common Stock",Stock,,nasdaq_trader_symbol_directory
NASDAQ,DEMZ,Democratic Large Cap Core ETF,ETF,,nasdaq_trader_symbol_directory
NASDAQ,DERM,Journey Medical Corporation - Common Stock,Stock,,nasdaq_trader_symbol_directory
NASDAQ,DETX,"Liberty Defense Holdings, Ltd. - Common Shares",Stock,,nasdaq_trader_symbol_directory
NASDAQ,DFDV,DeFi Development Corp. - Common Stock,Stock,,nasdaq_trader_symbol_directory
NASDAQ,DFDVW,DeFi Development Corp. - Warrant,Stock,,nasdaq_trader_symbol_directory
NASDAQ,DFGP,Dimensional Global Core Plus Fixed Income ETF,ETF,,nasdaq_trader_symbol_directory
NASDAQ,DFGX,Dimensional International Core Fixed Income ETF,ETF,,nasdaq_trader_symbol_directory
NASDAQ,DFLI,Dragonfly Energy Holdings Corp - Common Stock,Stock,,nasdaq_trader_symbol_directory
NASDAQ,DFLIW,Dragonfly Energy Holdings Corp - Warrant,Stock,,nasdaq_trader_symbol_directory
NASDAQ,DFNS,T3 Defense Inc. - Common Stock,Stock,,nasdaq_trader_symbol_directory
NASDAQ,DFNSW,T3 Defense Inc. - Warrants,Stock,,nasdaq_trader_symbol_directory
NASDAQ,DFSC,"DEFSEC Technologies Inc. - common stock, no R/S concurrent with offering",Stock,,nasdaq_trader_symbol_directory
NASDAQ,DFSCW,DEFSEC Technologies Inc. - warrant,Stock,,nasdaq_trader_symbol_directory
NASDAQ,DFTX,"Definium Therapeutics, Inc. - Common Shares",Stock,,nasdaq_trader_symbol_directory
NASDAQ,DGCB,Dimensional Global Credit ETF,ETF,,nasdaq_trader_symbol_directory
NASDAQ,DGICA,"Donegal Group, Inc. - Class A Common Stock",Stock,,nasdaq_trader_symbol_directory
NASDAQ,DGICB,"Donegal Group, Inc. - Class B Common Stock",Stock,,nasdaq_trader_symbol_directory
NASDAQ,DGII,Digi International Inc. - Common Stock,Stock,,nasdaq_trader_symbol_directory
NASDAQ,DGLO,First Trust RBA Deglobalization ETF,ETF,,nasdaq_trader_symbol_directory
NASDAQ,DGNX,Diginex Limited - Ordinary Shares,Stock,,nasdaq_trader_symbol_directory
NASDAQ,DGRE,WisdomTree Emerging Markets Quality Dividend Growth Fund,ETF,,nasdaq_trader_symbol_directory
NASDAQ,DGRS,WisdomTree U.S. SmallCap Quality Dividend Growth Fund,ETF,,nasdaq_trader_symbol_directory
NASDAQ,DGRW,WisdomTree U.S. Quality Dividend Growth Fund,ETF,,nasdaq_trader_symbol_directory
NASDAQ,DGXX,Digi Power X Inc. - Common Subordinate Voting Shares,Stock,,nasdaq_trader_symbol_directory
NASDAQ,DH,Definitive Healthcare Corp. - Class A Common Stock,Stock,,nasdaq_trader_symbol_directory
NASDAQ,DHC,Diversified Healthcare Trust - Common Shares of Beneficial Interest,Stock,,nasdaq_trader_symbol_directory
NASDAQ,DHCNI,Diversified Healthcare Trust - 5.625% Senior Notes due 2042,Stock,,nasdaq_trader_symbol_directory
NASDAQ,DHCNL,Diversified Healthcare Trust - 6.25% Senior Notes Due 2046,Stock,,nasdaq_trader_symbol_directory
NASDAQ,DIBS,"1stdibs.com, Inc. - Common Stock",Stock,,nasdaq_trader_symbol_directory
NASDAQ,DIME,CoinShares Altcoins ETF,ETF,,nasdaq_trader_symbol_directory
NASDAQ,DINE,Simplify Tax Aware Diversified Income Strategy ETF,ETF,,nasdaq_trader_symbol_directory
NASDAQ,DIOD,Diodes Incorporated - Common Stock,Stock,,nasdaq_trader_symbol_directory
NASDAQ,DIVD,Altrius Global Dividend ETF,ETF,,nasdaq_trader_symbol_directory
NASDAQ,DJCO,Daily Journal Corp. (S.C.) - Common Stock,Stock,,nasdaq_trader_symbol_directory
NASDAQ,DJT,Trump Media & Technology Group Corp. - Common Stock,Stock,,nasdaq_trader_symbol_directory
NASDAQ,DJTWW,Trump Media & Technology Group Corp. - Warrants,Stock,,nasdaq_trader_symbol_directory
NASDAQ,DKI,DarkIris Inc. - Class A Ordinary Shares,Stock,,nasdaq_trader_symbol_directory
NASDAQ,DKNG,DraftKings Inc. - Class A Common Stock,Stock,,nasdaq_trader_symbol_directory
NASDAQ,DKNX,Defiance Daily Target 2X Long DKNG ETF,ETF,,nasdaq_trader_symbol_directory
NASDAQ,DLHC,DLH Holdings Corp. - Common Stock,Stock,,nasdaq_trader_symbol_directory
NASDAQ,DLLL,GraniteShares 2x Long DELL Daily ETF,ETF,,nasdaq_trader_symbol_directory
NASDAQ,DLO,DLocal Limited - Class A Common Shares,Stock,,nasdaq_trader_symbol_directory
NASDAQ,DLPN,"Dolphin Entertainment, Inc. - Common Stock",Stock,,nasdaq_trader_symbol_directory
NASDAQ,DLTH,Duluth Holdings Inc. - Class B Common Stock,Stock,,nasdaq_trader_symbol_directory
NASDAQ,DLTR,"Dollar Tree, Inc. - Common Stock",Stock,,nasdaq_trader_symbol_directory
NASDAQ,DLXY,Delixy Holdings Limited - Class A Ordinary Shares,Stock,,nasdaq_trader_symbol_directory
NASDAQ,DMAA,Drugs Made In America Acquisition Corp. - Ordinary Shares,Stock,,nasdaq_trader_symbol_directory
NASDAQ,DMAAR,Drugs Made In America Acquisition Corp. - Rights,Stock,,nasdaq_trader_symbol_directory
NASDAQ,DMAAU,Drugs Made In America Acquisition Corp. - Units,Stock,,nasdaq_trader_symbol_directory
NASDAQ,DMAC,DiaMedica Therapeutics Inc. - Common Stock,Stock,,nasdaq_trader_symbol_directory
NASDAQ,DMII,Drugs Made In America Acquisition II Corp. - Ordinary Shares,Stock,,nasdaq_trader_symbol_directory
NASDAQ,DMIIR,Drugs Made In America Acquisition II Corp. - Right,Stock,,nasdaq_trader_symbol_directory
NASDAQ,DMIIU,Drugs Made In America Acquisition II Corp. - Unit,Stock,,nasdaq_trader_symbol_directory
NASDAQ,DMLP,"Dorchester Minerals, L.P. - Common Units Representing Limited Partnership Interests",Stock,,nasdaq_trader_symbol_directory
NASDAQ,DMRA,"Damora Therapeutics, Inc. - Common Stock",Stock,,nasdaq_trader_symbol_directory
NASDAQ,DMRC,Digimarc Corporation - Common Stock,Stock,,nasdaq_trader_symbol_directory
NASDAQ,DMXF,iShares ESG Advanced MSCI EAFE ETF,ETF,,nasdaq_trader_symbol_directory
NASDAQ,DNLI,Denali Therapeutics Inc. - Common Stock,Stock,,nasdaq_trader_symbol_directory
NASDAQ,DNMX,Dynamix Corporation III - Class A Ordinary Shares,Stock,,nasdaq_trader_symbol_directory
NASDAQ,DNMXU,Dynamix Corporation III - Unit,Stock,,nasdaq_trader_symbol_directory
NASDAQ,DNMXW,Dynamix Corporation III - Warrants,Stock,,nasdaq_trader_symbol_directory
NASDAQ,DNNG,Leverage Shares 2x Long DNN Daily ETF,ETF,,nasdaq_trader_symbol_directory
NASDAQ,DNTH,"Dianthus Therapeutics, Inc. - Common Stock",Stock,,nasdaq_trader_symbol_directory
NASDAQ,DNUT,"Krispy Kreme, Inc. - Common Stock",Stock,,nasdaq_trader_symbol_directory
NASDAQ,DOCU,"DocuSign, Inc. - Common Stock",Stock,,nasdaq_trader_symbol_directory
NASDAQ,DOGZ,Dogness (International) Corporation - Class A Common Stock,Stock,,nasdaq_trader_symbol_directory
NASDAQ,DOMH,Dominari Holdings Inc. - Common Stock,Stock,,nasdaq_trader_symbol_directory
NASDAQ,DOMO,"Domo, Inc. - Class B Common Stock",Stock,,nasdaq_trader_symbol_directory
NASDAQ,DOO,BRP Inc. - Common Subordinate Voting Shares,Stock,,nasdaq_trader_symbol_directory
NASDAQ,DORM,"Dorman Products, Inc. - Common Stock",Stock,,nasdaq_trader_symbol_directory
NASDAQ,DOX,Amdocs Limited - Ordinary Shares,Stock,,nasdaq_trader_symbol_directory
NASDAQ,DOYU,DouYu International Holdings Limited - American Depositary Shares,Stock,,nasdaq_trader_symbol_directory
NASDAQ,DPRO,Draganfly Inc. - Common Shares,Stock,,nasdaq_trader_symbol_directory
NASDAQ,DPZ,Domino's Pizza Inc - Common Stock,Stock,,nasdaq_trader_symbol_directory
NASDAQ,DRCT,"Direct Digital Holdings, Inc. - Class A Common Stock",Stock,,nasdaq_trader_symbol_directory
NASDAQ,DRDB,Roman DBDR Acquisition Corp. II - Ordinary shares,Stock,,nasdaq_trader_symbol_directory
NASDAQ,DRDBU,Roman DBDR Acquisition Corp. II - Unit,Stock,,nasdaq_trader_symbol_directory
NASDAQ,DRDBW,Roman DBDR Acquisition Corp. II - Warrants,Stock,,nasdaq_trader_symbol_directory
NASDAQ,DRH,Diamondrock Hospitality Company - Common Stock,Stock,,nasdaq_trader_symbol_directory
NASDAQ,DRIO,DarioHealth Corp. - Common Stock,Stock,,nasdaq_trader_symbol_directory
NASDAQ,DRIV,Global X Autonomous & Electric Vehicles ETF,ETF,,nasdaq_trader_symbol_directory
NASDAQ,DRMA,"Dermata Therapeutics, Inc. - Common Stock",Stock,,nasdaq_trader_symbol_directory
NASDAQ,DRMAW,"Dermata Therapeutics, Inc. - Warrant",Stock,,nasdaq_trader_symbol_directory
NASDAQ,DRNZ,REX Drone ETF,ETF,,nasdaq_trader_symbol_directory
NASDAQ,DRS,"Leonardo DRS, Inc. - Common Stock",Stock,,nasdaq_trader_symbol_directory
NASDAQ,DRTS,Alpha Tau Medical Ltd. - Ordinary Shares,Stock,,nasdaq_trader_symbol_directory
NASDAQ,DRTSW,Alpha Tau Medical Ltd. - Warrant,Stock,,nasdaq_trader_symbol_directory
NASDAQ,DRUG,Bright Minds Biosciences Inc. - common stock,Stock,,nasdaq_trader_symbol_directory
NASDAQ,DRVN,Driven Brands Holdings Inc. - Common Stock,Stock,,nasdaq_trader_symbol_directory
NASDAQ,DSAC,Daedalus Special Acquisition Corp. - Class A Ordinary Shares,Stock,,nasdaq_trader_symbol_directory
NASDAQ,DSACU,Daedalus Special Acquisition Corp. - Unit,Stock,,nasdaq_trader_symbol_directory
NASDAQ,DSACW,Daedalus Special Acquisition Corp. - Warrant,Stock,,nasdaq_trader_symbol_directory
NASDAQ,DSC,DSC Holdings Ltd. - American Depositary Shares,Stock,,nasdaq_trader_symbol_directory
NASDAQ,DSGN,"Design Therapeutics, Inc. - Common Stock",Stock,,nasdaq_trader_symbol_directory
NASDAQ,DSGR,"Distribution Solutions Group, Inc. - Common Stock",Stock,,nasdaq_trader_symbol_directory
NASDAQ,DSGX,The Descartes Systems Group Inc. - Common Stock,Stock,,nasdaq_trader_symbol_directory
NASDAQ,DSP,Viant Technology Inc. - common stock,Stock,,nasdaq_trader_symbol_directory
NASDAQ,DSWL,"Deswell Industries, Inc. - Common Shares",Stock,,nasdaq_trader_symbol_directory
NASDAQ,DSY,Big Tree Cloud Holdings Limited - Class A Ordinary Shares,Stock,,nasdaq_trader_symbol_directory
NASDAQ,DSYWW,Big Tree Cloud Holdings Limited - Warrants,Stock,,nasdaq_trader_symbol_directory
NASDAQ,DTCR,Global X Data Center & Digital Infrastructure ETF,ETF,,nasdaq_trader_symbol_directory
NASDAQ,DTCX,"Datacentrex, Inc. - Common Stock",Stock,,nasdaq_trader_symbol_directory
NASDAQ,DTI,Drilling Tools International Corporation - Common Stock,Stock,,nasdaq_trader_symbol_directory
NASDAQ,DTIL,"Precision BioSciences, Inc. - Common Stock",Stock,,nasdaq_trader_symbol_directory
NASDAQ,DTSQ,DT Cloud Star Acquisition Corporation - Ordinary Shares,Stock,,nasdaq_trader_symbol_directory
NASDAQ,DTSQR,DT Cloud Star Acquisition Corporation - Right,Stock,,nasdaq_trader_symbol_directory
NASDAQ,DTSQU,DT Cloud Star Acquisition Corporation - Units,Stock,,nasdaq_trader_symbol_directory
NASDAQ,DTSS,Datasea Intelligent Technology Ltd. - Class A Ordinary Shares,Stock,,nasdaq_trader_symbol_directory
NASDAQ,DTST,Data Storage Corporation - Common Stock,Stock,,nasdaq_trader_symbol_directory
NASDAQ,DUKH,Ocean Park High Income ETF,ETF,,nasdaq_trader_symbol_directory
NASDAQ,DUKR,DUKE Robotics Corp. - Common Stock,Stock,,nasdaq_trader_symbol_directory
NASDAQ,DUKRW,DUKE Robotics Corp. - Warrant,Stock,,nasdaq_trader_symbol_directory
NASDAQ,DUKX,Ocean Park International ETF,ETF,,nasdaq_trader_symbol_directory
NASDAQ,DUO,Fangdd Network Group Ltd. - Class A Ordinary Shares,Stock,,nasdaq_trader_symbol_directory
NASDAQ,DUOG,Leverage Shares 2X Long DUOL Daily ETF,ETF,,nasdaq_trader_symbol_directory
NASDAQ,DUOL,"Duolingo, Inc. - Class A Common Stock",Stock,,nasdaq_trader_symbol_directory
NASDAQ,DUOT,"Duos Technologies Group, Inc. - Common Stock",Stock,,nasdaq_trader_symbol_directory
NASDAQ,DUSG,U.S. Small Cap Growth Portfolio: ETF Class Shares,ETF,,nasdaq_trader_symbol_directory
NASDAQ,DVAL,BrandywineGLOBAL-Dynamic US Large Cap Value ETF,ETF,,nasdaq_trader_symbol_directory
NASDAQ,DVGR,DAC 3D Dividend Growth ETF,ETF,,nasdaq_trader_symbol_directory
NASDAQ,DVIN,WEBs Industrials XLI Defined Volatility ETF,ETF,,nasdaq_trader_symbol_directory
NASDAQ,DVLT,Datavault AI Inc. - Common Stock,Stock,,nasdaq_trader_symbol_directory
NASDAQ,DVLU,First Trust Dorsey Wright Momentum & Value ETF,ETF,,nasdaq_trader_symbol_directory
NASDAQ,DVOL,First Trust Dorsey Wright Momentum & Low Volatility ETF,ETF,,nasdaq_trader_symbol_directory
NASDAQ,DVQQ,WEBs QQQ Defined Volatility ETF,ETF,,nasdaq_trader_symbol_directory
NASDAQ,DVRE,WEBs Real Estate XLRE Defined Volatility ETF,ETF,,nasdaq_trader_symbol_directory
NASDAQ,DVSP,WEBs SPY Defined Volatility ETF,ETF,,nasdaq_trader_symbol_directory
NASDAQ,DVUT,WEBs Utilities XLU Defined Volatility ETF,ETF,,nasdaq_trader_symbol_directory
NASDAQ,DVXB,WEBs Materials XLB Defined Volatility ETF,ETF,,nasdaq_trader_symbol_directory
NASDAQ,DVXC,WEBs Communication Services XLC Defined Volatility ETF,ETF,,nasdaq_trader_symbol_directory
NASDAQ,DVXE,WEBs Energy XLE Defined Volatility ETF,ETF,,nasdaq_trader_symbol_directory
NASDAQ,DVXF,WEBs Financial XLF Defined Volatility ETF,ETF,,nasdaq_trader_symbol_directory
NASDAQ,DVXK,WEBs Technology XLK Defined Volatility ETF,ETF,,nasdaq_trader_symbol_directory
NASDAQ,DVXP,WEBs Consumer Staples XLP Defined Volatility ETF,ETF,,nasdaq_trader_symbol_directory
NASDAQ,DVXV,WEBs Health Care XLV Defined Volatility ETF,ETF,,nasdaq_trader_symbol_directory
NASDAQ,DVXY,WEBs Consumer Discretionary XLY Defined Volatility ETF,ETF,,nasdaq_trader_symbol_directory
NASDAQ,DVY,iShares Select Dividend ETF,ETF,,nasdaq_trader_symbol_directory
NASDAQ,DWAS,Invesco Dorsey Wright SmallCap Momentum ETF,ETF,,nasdaq_trader_symbol_directory
NASDAQ,DWAW,AdvisorShares Dorsey Wright FSM All Cap World ETF,ETF,,nasdaq_trader_symbol_directory
NASDAQ,DWSH,AdvisorShares Dorsey Wright Short ETF,ETF,,nasdaq_trader_symbol_directory
NASDAQ,DWSN,Dawson Geophysical Company - Common Stock,Stock,,nasdaq_trader_symbol_directory
NASDAQ,DWTX,"Dogwood Therapeutics, Inc. - Common Stock",Stock,,nasdaq_trader_symbol_directory
NASDAQ,DWUS,AdvisorShares Dorsey Wright FSM US Core ETF,ETF,,nasdaq_trader_symbol_directory
NASDAQ,DXCM,"DexCom, Inc. - Common Stock",Stock,,nasdaq_trader_symbol_directory
NASDAQ,DXLG,"Destination XL Group, Inc. - Common Stock",Stock,,nasdaq_trader_symbol_directory
NASDAQ,DXPE,"DXP Enterprises, Inc. - Common Stock",Stock,,nasdaq_trader_symbol_directory
NASDAQ,DXR,Daxor Corporation - Closed End Fund,Stock,,nasdaq_trader_symbol_directory
NASDAQ,DXST,Decent Holding Inc. - Class A Ordinary Shares,Stock,,nasdaq_trader_symbol_directory
NASDAQ,DYAI,"Dyadic International, Inc. - Common Stock",Stock,,nasdaq_trader_symbol_directory
NASDAQ,DYFI,IDX Dynamic Fixed Income ETF,ETF,,nasdaq_trader_symbol_directory
NASDAQ,DYN,"Dyne Therapeutics, Inc. - Common Stock",Stock,,nasdaq_trader_symbol_directory
NASDAQ,DYNB,Hartford Dynamic Bond ETF,ETF,,nasdaq_trader_symbol_directory
NASDAQ,DYNC,Dynamix Corporation - Class A Ordinary Share,Stock,,nasdaq_trader_symbol_directory
NASDAQ,DYNCU,Dynamix Corporation - Unit,Stock,,nasdaq_trader_symbol_directory
NASDAQ,DYNCW,Dynamix Corporation - Warrant,Stock,,nasdaq_trader_symbol_directory
NASDAQ,DYOR,Insight Digital Partners II - Class A Ordinary Shares,Stock,,nasdaq_trader_symbol_directory
NASDAQ,DYORU,Insight Digital Partners II - Units,Stock,,nasdaq_trader_symbol_directory
NASDAQ,DYORW,Insight Digital Partners II - Warrants,Stock,,nasdaq_trader_symbol_directory
NASDAQ,DYTA,SGI Dynamic Tactical ETF,ETF,,nasdaq_trader_symbol_directory
NASDAQ,EA,Electronic Arts Inc. - Common Stock,Stock,,nasdaq_trader_symbol_directory
NASDAQ,EART,Global X Rare Earth & Critical Materials ETF,ETF,,nasdaq_trader_symbol_directory
NASDAQ,EASY,Liberty One Defensive Dividend Growth ETF,ETF,,nasdaq_trader_symbol_directory
NASDAQ,EBAY,eBay Inc. - Common Stock,Stock,,nasdaq_trader_symbol_directory
NASDAQ,EBC,"Eastern Bankshares, Inc. - Common Stock",Stock,,nasdaq_trader_symbol_directory
NASDAQ,EBI,Longview Advantage ETF,ETF,,nasdaq_trader_symbol_directory
NASDAQ,EBIZ,Global X E-commerce ETF,ETF,,nasdaq_trader_symbol_directory
NASDAQ,EBMT,"Eagle Bancorp Montana, Inc. - Common Stock",Stock,,nasdaq_trader_symbol_directory
NASDAQ,EBON,Ebang International Holdings Inc. - Class A Ordinary Shares,Stock,,nasdaq_trader_symbol_directory
NASDAQ,ECBK,"ECB Bancorp, Inc. - Common Stock",Stock,,nasdaq_trader_symbol_directory
NASDAQ,ECHO,EchoStar Corporation - Common stock,Stock,,nasdaq_trader_symbol_directory
NASDAQ,ECHX,Leverage Shares 2X Long ECHO Daily ETF,ETF,,nasdaq_trader_symbol_directory
NASDAQ,ECOR,"electroCore, Inc. - Common Stock",Stock,,nasdaq_trader_symbol_directory
NASDAQ,ECOW,Pacer Emerging Markets Cash Cows 100 ETF,ETF,,nasdaq_trader_symbol_directory
NASDAQ,ECPG,Encore Capital Group Inc - Common Stock,Stock,,nasdaq_trader_symbol_directory
NASDAQ,ECX,ECARX Holdings Inc. - Class A Ordinary shares,Stock,,nasdaq_trader_symbol_directory
NASDAQ,ECXWW,ECARX Holdings Inc. - Warrants,Stock,,nasdaq_trader_symbol_directory
NASDAQ,EDBL,Edible Garden AG Incorporated - Common Stock,Stock,,nasdaq_trader_symbol_directory
NASDAQ,EDBLW,Edible Garden AG Incorporated - Warrant,Stock,,nasdaq_trader_symbol_directory
NASDAQ,EDHL,Everbright Digital Holding Limited - Ordinary Shares,Stock,,nasdaq_trader_symbol_directory
NASDAQ,EDIT,"Editas Medicine, Inc. - Common Stock",Stock,,nasdaq_trader_symbol_directory
NASDAQ,EDRY,EuroDry Ltd. - Common Shares,Stock,,nasdaq_trader_symbol_directory
NASDAQ,EDSA,"Edesa Biotech, Inc. - Common Shares",Stock,,nasdaq_trader_symbol_directory
NASDAQ,EDTK,Skillful Craftsman Education Technology Limited - Ordinary Share,Stock,,nasdaq_trader_symbol_directory
NASDAQ,EDUC,Educational Development Corporation - Common Stock,Stock,,nasdaq_trader_symbol_directory
NASDAQ,EEE,CYBER HORNET S&P 500 and Ethereum 75/25 Strategy ETF,ETF,,nasdaq_trader_symbol_directory
NASDAQ,EEFT,"Euronet Worldwide, Inc. - Common Stock",Stock,,nasdaq_trader_symbol_directory
NASDAQ,EEIQ,EpicQuest Education Group International Limited - Common Stock,Stock,,nasdaq_trader_symbol_directory
NASDAQ,EEMA,iShares MSCI Emerging Markets Asia ETF,ETF,,nasdaq_trader_symbol_directory
NASDAQ,EFAS,Global X MSCI SuperDividend EAFE ETF,ETF,,nasdaq_trader_symbol_directory
NASDAQ,EFOI,"Energy Focus, Inc. - Common Stock",Stock,,nasdaq_trader_symbol_directory
NASDAQ,EFRA,iShares Environmental Infrastructure and Industrials ETF,ETF,,nasdaq_trader_symbol_directory
NASDAQ,EFSC,Enterprise Financial Services Corporation - Common Stock,Stock,,nasdaq_trader_symbol_directory
NASDAQ,EFSCP,"Enterprise Financial Services Corporation - Depositary Shares Each Representing a 1/40th Interest in a Share of 5% Fixed Rate Non-Cumulative Perpetual Preferred Stock, Series A",Stock,,nasdaq_trader_symbol_directory
NASDAQ,EFSI,Eagle Financial Services Inc - Common Stock,Stock,,nasdaq_trader_symbol_directory
NASDAQ,EFTY,"Etoiles Capital Group Co., Ltd. - Class A Ordinary Shares",Stock,,nasdaq_trader_symbol_directory
NASDAQ,EGAN,eGain Corporation - Common Stock,Stock,,nasdaq_trader_symbol_directory
NASDAQ,EGBN,"Eagle Bancorp, Inc. - Common Stock",Stock,,nasdaq_trader_symbol_directory
NASDAQ,EGGQ,NestYield Visionary ETF,ETF,,nasdaq_trader_symbol_directory
NASDAQ,EGHA,EGH Acquisition Corp. - Class A ordinary shares,Stock,,nasdaq_trader_symbol_directory
NASDAQ,EGHAR,EGH Acquisition Corp. - rights,Stock,,nasdaq_trader_symbol_directory
NASDAQ,EGHAU,EGH Acquisition Corp. - Unit,Stock,,nasdaq_trader_symbol_directory
NASDAQ,EGHT,8x8 Inc - Common stock,Stock,,nasdaq_trader_symbol_directory
NASDAQ,EH,EHang Holdings Limited - ADS,Stock,,nasdaq_trader_symbol_directory
NASDAQ,EHGO,Eshallgo Inc. - Class A Ordinary Shares,Stock,,nasdaq_trader_symbol_directory
NASDAQ,EHLD,Euroholdings Ltd. - Common Stock,Stock,,nasdaq_trader_symbol_directory
NASDAQ,EHLS,Even Herd Long Short ETF,ETF,,nasdaq_trader_symbol_directory
NASDAQ,EHTH,"eHealth, Inc. - Common Stock",Stock,,nasdaq_trader_symbol_directory
NASDAQ,EIKN,"Eikon Therapeutics, Inc. - Common Stock",Stock,,nasdaq_trader_symbol_directory
NASDAQ,EJH,E-Home Household Service Holdings Limited - Ordinary shares,Stock,,nasdaq_trader_symbol_directory
NASDAQ,EKG,First Trust Nasdaq Lux Digital Health Solutions ETF,ETF,,nasdaq_trader_symbol_directory
NASDAQ,ELAB,PMGC Holdings Inc. - Common Stock,Stock,,nasdaq_trader_symbol_directory
NASDAQ,ELBM,Electra Battery Materials Corporation - Common Stock,Stock,,nasdaq_trader_symbol_directory
NASDAQ,ELDN,"Eledon Pharmaceuticals, Inc. - Common Stock",Stock,,nasdaq_trader_symbol_directory
NASDAQ,ELE,Elemental Royalty Corporation - Common Stock,Stock,,nasdaq_trader_symbol_directory
NASDAQ,ELFY,ALPS Electrification Infrastructure ETF,ETF,,nasdaq_trader_symbol_directory
NASDAQ,ELIL,Direxion Daily LLY Bull 2X ETF,ETF,,nasdaq_trader_symbol_directory
NASDAQ,ELMT,The Elmet Group Co. - Common Stock,Stock,,nasdaq_trader_symbol_directory
NASDAQ,ELOG,Eastern International Ltd. - Ordinary Shares,Stock,,nasdaq_trader_symbol_directory
NASDAQ,ELOX,"Eloxx Pharmaceuticals, Inc. - Common Stock",Stock,,nasdaq_trader_symbol_directory
NASDAQ,ELPW,Elong Power Holding Limited - Class A Ordinary Shares,Stock,,nasdaq_trader_symbol_directory
NASDAQ,ELSE,"Electro-Sensors, Inc. - Common Stock",Stock,,nasdaq_trader_symbol_directory
NASDAQ,ELTK,Eltek Ltd. - Ordinary Shares,Stock,,nasdaq_trader_symbol_directory
NASDAQ,ELTX,"Elicio Therapeutics, Inc. - Common Stock",Stock,,nasdaq_trader_symbol_directory
NASDAQ,ELUT,"Elutia, Inc. - Class A Common Stock",Stock,,nasdaq_trader_symbol_directory
NASDAQ,ELVA,Electrovaya Inc. - Common Shares,Stock,,nasdaq_trader_symbol_directory
NASDAQ,ELVN,"Enliven Therapeutics, Inc. - Common Stock",Stock,,nasdaq_trader_symbol_directory
NASDAQ,ELVR,Elevra Lithium Limited - American Depository Shares,Stock,,nasdaq_trader_symbol_directory
NASDAQ,ELWT,"Elauwit Connection, Inc. - Common Stock",Stock,,nasdaq_trader_symbol_directory
NASDAQ,EMAT,Evolution Metals & Technologies Corp. - Common Stock,Stock,,nasdaq_trader_symbol_directory
NASDAQ,EMB,iShares J.P. Morgan USD Emerging Markets Bond ETF,ETF,,nasdaq_trader_symbol_directory
NASDAQ,EMBC,Embecta Corp. - Common Stock,Stock,,nasdaq_trader_symbol_directory
NASDAQ,EMCB,WisdomTree Emerging Markets Corporate Bond Fund,ETF,,nasdaq_trader_symbol_directory
NASDAQ,EMEM,Sophus Capital Emerging Market ETF,ETF,,nasdaq_trader_symbol_directory
NASDAQ,EMEQ,Nomura Focused Emerging Markets Equity ETF,ETF,,nasdaq_trader_symbol_directory
NASDAQ,EMIF,iShares Emerging Markets Infrastructure ETF,ETF,,nasdaq_trader_symbol_directory
NASDAQ,EMIS,Emmis Acquisition Corp. - Class A Ordinary Share,Stock,,nasdaq_trader_symbol_directory
NASDAQ,EMISR,Emmis Acquisition Corp. - Rights,Stock,,nasdaq_trader_symbol_directory
NASDAQ,EML,Eastern Company (The) - Common Stock,Stock,,nasdaq_trader_symbol_directory
NASDAQ,EMPD,Empery Digital Inc. - Common stock,Stock,,nasdaq_trader_symbol_directory
NASDAQ,EMPG,Empro Group Inc. - Ordinary shares,Stock,,nasdaq_trader_symbol_directory
NASDAQ,EMSC,Sophus Capital Emerging Market Small Cap ETF,ETF,,nasdaq_trader_symbol_directory
NASDAQ,EMXC,iShares MSCI Emerging Markets ex China ETF,ETF,,nasdaq_trader_symbol_directory
NASDAQ,EMXF,iShares ESG Advanced MSCI EM ETF,ETF,,nasdaq_trader_symbol_directory
NASDAQ,ENDW,Cambria Endowment Style ETF,ETF,,nasdaq_trader_symbol_directory
NASDAQ,ENGN,enGene Therapeutics Inc. - Common Stock,Stock,,nasdaq_trader_symbol_directory
NASDAQ,ENGNW,enGene Therapeutics Inc. - Warrants,Stock,,nasdaq_trader_symbol_directory
NASDAQ,ENGS,Energys Group Limited - Ordinary Shares,Stock,,nasdaq_trader_symbol_directory
NASDAQ,ENHI,iShares Enhanced International Active ETF,ETF,,nasdaq_trader_symbol_directory
NASDAQ,ENHU,iShares Enhanced Large Cap Core Active ETF,ETF,,nasdaq_trader_symbol_directory
NASDAQ,ENLT,Enlight Renewable Energy Ltd. - Ordinary Shares,Stock,,nasdaq_trader_symbol_directory
NASDAQ,ENLV,Enlivex Ltd. - Ordinary Shares,Stock,,nasdaq_trader_symbol_directory
NASDAQ,ENPH,"Enphase Energy, Inc. - Common Stock",Stock,,nasdaq_trader_symbol_directory
NASDAQ,ENRD,Einride AB - American Depositary Shares,Stock,,nasdaq_trader_symbol_directory
NASDAQ,ENRDW,Einride AB - Warrants,Stock,,nasdaq_trader_symbol_directory
NASDAQ,ENSC,"Ensysce Biosciences, Inc. - Common Stock",Stock,,nasdaq_trader_symbol_directory
NASDAQ,ENSG,"The Ensign Group, Inc. - Common Stock",Stock,,nasdaq_trader_symbol_directory
NASDAQ,ENTA,"Enanta Pharmaceuticals, Inc. - Common Stock",Stock,,nasdaq_trader_symbol_directory
NASDAQ,ENTG,"Entegris, Inc. - Common Stock",Stock,,nasdaq_trader_symbol_directory
NASDAQ,ENTX,Entera Bio Ltd. - Ordinary Shares,Stock,,nasdaq_trader_symbol_directory
NASDAQ,ENVB,"Enveric Biosciences, Inc. - Common Stock",Stock,,nasdaq_trader_symbol_directory
NASDAQ,ENVX,Enovix Corporation - Common Stock,Stock,,nasdaq_trader_symbol_directory
NASDAQ,ENZL,iShares MSCI New Zealand ETF,ETF,,nasdaq_trader_symbol_directory
NASDAQ,EOLS,"Evolus, Inc. - Common Stock",Stock,,nasdaq_trader_symbol_directory
NASDAQ,EOSE,"Eos Energy Enterprises, Inc. - Common Stock",Stock,,nasdaq_trader_symbol_directory
NASDAQ,EPOW,E-Power Inc. - Class A Ordinary Shares,Stock,,nasdaq_trader_symbol_directory
NASDAQ,EPRX,Eupraxia Pharmaceuticals Inc. - Common Stock,Stock,,nasdaq_trader_symbol_directory
NASDAQ,EPSM,Epsium Enterprise Limited - Class A Ordinary Shares,Stock,,nasdaq_trader_symbol_directory
NASDAQ,EPSN,Epsilon Energy Ltd. - Common Shares,Stock,,nasdaq_trader_symbol_directory
NASDAQ,EQ,"Equillium, Inc. - Common Stock",Stock,,nasdaq_trader_symbol_directory
NASDAQ,EQIX,"Equinix, Inc. - Common Stock",Stock,,nasdaq_trader_symbol_directory
NASDAQ,EQPT,EquipmentShare.com Inc - Class A Common Stock,Stock,,nasdaq_trader_symbol_directory
NASDAQ,EQRR,ProShares Equities for Rising Rates ETF,ETF,,nasdaq_trader_symbol_directory
NASDAQ,ERAS,"Erasca, Inc. - Common Stock",Stock,,nasdaq_trader_symbol_directory
NASDAQ,ERET,iShares Environmentally Aware Real Estate ETF,ETF,,nasdaq_trader_symbol_directory
NASDAQ,ERIC,Ericsson - American Depositary Shares each representing 1 underlying Class B share,Stock,,nasdaq_trader_symbol_directory
NASDAQ,ERIE,Erie Indemnity Company - Class A Common Stock,Stock,,nasdaq_trader_symbol_directory
NASDAQ,ERII,"Energy Recovery, Inc. - Common Stock",Stock,,nasdaq_trader_symbol_directory
NASDAQ,ERNA,Ernexa Therapeutics Inc. - Common Stock,Stock,,nasdaq_trader_symbol_directory
NASDAQ,ERNAW,Ernexa Therapeutics Inc. - Warrants,Stock,,nasdaq_trader_symbol_directory
NASDAQ,ESCA,"Escalade, Incorporated - Common Stock",Stock,,nasdaq_trader_symbol_directory
NASDAQ,ESEA,Euroseas Ltd. - Common Stock,Stock,,nasdaq_trader_symbol_directory
NASDAQ,ESGD,iShares ESG Aware MSCI EAFE ETF,ETF,,nasdaq_trader_symbol_directory
NASDAQ,ESGE,iShares ESG Aware MSCI EM ETF,ETF,,nasdaq_trader_symbol_directory
NASDAQ,ESGU,iShares ESG Aware MSCI USA ETF,ETF,,nasdaq_trader_symbol_directory
NASDAQ,ESLA,"Estrella Immunopharma, Inc. - Common Stock",Stock,,nasdaq_trader_symbol_directory
NASDAQ,ESLAW,"Estrella Immunopharma, Inc. - Warrant",Stock,,nasdaq_trader_symbol_directory
NASDAQ,ESLT,Elbit Systems Ltd. - Ordinary Shares,Stock,,nasdaq_trader_symbol_directory
NASDAQ,ESMV,iShares ESG Optimized MSCI USA Min Vol Factor ETF,ETF,,nasdaq_trader_symbol_directory
NASDAQ,ESN,Essential 40 Stock ETF,ETF,,nasdaq_trader_symbol_directory
NASDAQ,ESOA,Energy Services of America Corporation - Common Stock,Stock,,nasdaq_trader_symbol_directory
NASDAQ,ESPO,VanEck Video Gaming and eSports ETF,ETF,,nasdaq_trader_symbol_directory
NASDAQ,ESPR,"Esperion Therapeutics, Inc. - Common Stock",Stock,,nasdaq_trader_symbol_directory
NASDAQ,ESQ,"Esquire Financial Holdings, Inc. - Common Stock",Stock,,nasdaq_trader_symbol_directory
NASDAQ,ESTA,Establishment Labs Holdings Inc. - Common Shares,Stock,,nasdaq_trader_symbol_directory
NASDAQ,ETEC,iShares Breakthrough Environmental Solutions ETF,ETF,,nasdaq_trader_symbol_directory
NASDAQ,ETHA,iShares Ethereum Trust ETF,ETF,,nasdaq_trader_symbol_directory
NASDAQ,ETHB,iShares Staked Ethereum Trust ETF,ETF,,nasdaq_trader_symbol_directory
NASDAQ,ETON,"Eton Pharmaceuticals, Inc. - Common Stock",Stock,,nasdaq_trader_symbol_directory
NASDAQ,ETOR,eToro Group Ltd. - Class A Common Shares,Stock,,nasdaq_trader_symbol_directory
NASDAQ,ETS,Elite Express Holding Inc. - Class A Common Stock,Stock,,nasdaq_trader_symbol_directory
NASDAQ,EU,enCore Energy Corp. - Common Stock,Stock,,nasdaq_trader_symbol_directory
NASDAQ,EUDA,Euda Health Holdings Limited - Ordinary Shares,Stock,,nasdaq_trader_symbol_directory
NASDAQ,EUDAW,Euda Health Holdings Limited - Warrant,Stock,,nasdaq_trader_symbol_directory
NASDAQ,EUFN,iShares MSCI Europe Financials ETF,ETF,,nasdaq_trader_symbol_directory
NASDAQ,EURK,Eureka Acquisition Corp - Class A Ordinary Share,Stock,,nasdaq_trader_symbol_directory
NASDAQ,EURKR,Eureka Acquisition Corp - Right,Stock,,nasdaq_trader_symbol_directory
NASDAQ,EURKU,Eureka Acquisition Corp - Unit,Stock,,nasdaq_trader_symbol_directory
NASDAQ,EVAX,Evaxion A/S - American Depositary Share,Stock,,nasdaq_trader_symbol_directory
NASDAQ,EVCM,EverCommerce Inc. - Common Stock,Stock,,nasdaq_trader_symbol_directory
NASDAQ,EVER,"EverQuote, Inc. - Class A Common Stock",Stock,,nasdaq_trader_symbol_directory
NASDAQ,EVGN,Evogene Ltd. - Ordinary Shares,Stock,,nasdaq_trader_symbol_directory
NASDAQ,EVGO,EVgo Inc. - Common Stock,Stock,,nasdaq_trader_symbol_directory
NASDAQ,EVLV,"Evolv Technologies Holdings, Inc. - Class A Common Stock",Stock,,nasdaq_trader_symbol_directory
NASDAQ,EVLVW,"Evolv Technologies Holdings, Inc. - Warrant",Stock,,nasdaq_trader_symbol_directory
NASDAQ,EVMT,Invesco Electric Vehicle Metals Commodity Strategy No K-1 ETF,ETF,,nasdaq_trader_symbol_directory
NASDAQ,EVO,Evotec SE - American Depositary Shares each representing 1/2 of one ordinary share,Stock,,nasdaq_trader_symbol_directory
NASDAQ,EVOX,Evolution Global Acquisition Corp - Class A Ordinary Shares,Stock,,nasdaq_trader_symbol_directory
NASDAQ,EVOXU,Evolution Global Acquisition Corp - Units,Stock,,nasdaq_trader_symbol_directory
NASDAQ,EVOXW,Evolution Global Acquisition Corp - Warrants,Stock,,nasdaq_trader_symbol_directory
NASDAQ,EVPF,Eaton Vance Preferred Securities and Income ETF,ETF,,nasdaq_trader_symbol_directory
NASDAQ,EVRG,"Evergy, Inc. - Common Stock",Stock,,nasdaq_trader_symbol_directory
NASDAQ,EVSD,Eaton Vance Short Duration Income ETF,ETF,,nasdaq_trader_symbol_directory
NASDAQ,EVTV,"Envirotech Vehicles, Inc. - Common stock",Stock,,nasdaq_trader_symbol_directory
NASDAQ,EVYM,Eaton Vance High Income Municipal ETF,ETF,,nasdaq_trader_symbol_directory
NASDAQ,EWBC,"East West Bancorp, Inc. - Common Stock",Stock,,nasdaq_trader_symbol_directory
NASDAQ,EWJV,iShares MSCI Japan Value ETF,ETF,,nasdaq_trader_symbol_directory
NASDAQ,EWTX,"Edgewise Therapeutics, Inc. - Common Stock",Stock,,nasdaq_trader_symbol_directory
NASDAQ,EWZS,iShares MSCI Brazil Small-Cap ETF,ETF,,nasdaq_trader_symbol_directory
NASDAQ,EXC,Exelon Corporation - Common Stock,Stock,,nasdaq_trader_symbol_directory
NASDAQ,EXE,Expand Energy Corporation - Common Stock,Stock,,nasdaq_trader_symbol_directory
NASDAQ,EXEL,"Exelixis, Inc. - Common Stock",Stock,,nasdaq_trader_symbol_directory
NASDAQ,EXFY,"Expensify, Inc. - Class A Common Stock",Stock,,nasdaq_trader_symbol_directory
NASDAQ,EXLS,"ExlService Holdings, Inc. - Common Stock",Stock,,nasdaq_trader_symbol_directory
NASDAQ,EXOZ,eXoZymes Inc. - Common Stock,Stock,,nasdaq_trader_symbol_directory
NASDAQ,EXPE,"Expedia Group, Inc. - Common Stock",Stock,,nasdaq_trader_symbol_directory
NASDAQ,EXPO,"Exponent, Inc. - Common Stock",Stock,,nasdaq_trader_symbol_directory
NASDAQ,EXTR,"Extreme Networks, Inc. - Common Stock",Stock,,nasdaq_trader_symbol_directory
NASDAQ,EXUS,Nomura Focused International Core ETF,ETF,,nasdaq_trader_symbol_directory
NASDAQ,EXYN,"Exyn Technologies, Inc. - Common Stock",Stock,,nasdaq_trader_symbol_directory
NASDAQ,EXYNW,"Exyn Technologies, Inc. - Warrant",Stock,,nasdaq_trader_symbol_directory
NASDAQ,EYE,"National Vision Holdings, Inc. - Common Stock",Stock,,nasdaq_trader_symbol_directory
NASDAQ,EYEG,AB Corporate Bond ETF,ETF,,nasdaq_trader_symbol_directory
NASDAQ,EYPT,"EyePoint, Inc. - Common Stock",Stock,,nasdaq_trader_symbol_directory
NASDAQ,EZGO,EZGO Technologies Ltd. - Ordinary Shares,Stock,,nasdaq_trader_symbol_directory
NASDAQ,EZMO,AlphaDroid Broad Markets Momentum ETF,ETF,,nasdaq_trader_symbol_directory
NASDAQ,EZPW,"EZCORP, Inc. - Class A Non-Voting Common Stock",Stock,,nasdaq_trader_symbol_directory
NASDAQ,EZRA,"Reliance Global Group, Inc. - Common Stock",Stock,,nasdaq_trader_symbol_directory
NASDAQ,EZRO,AlphaDroid Defensive Sector Rotation ETF,ETF,,nasdaq_trader_symbol_directory
NASDAQ,FA,First Advantage Corporation - Common Stock,Stock,,nasdaq_trader_symbol_directory
NASDAQ,FAAA,Fidelity AAA CLO ETF,ETF,,nasdaq_trader_symbol_directory
NASDAQ,FAAR,First Trust Alternative Absolute Return Strategy ETF,ETF,,nasdaq_trader_symbol_directory
NASDAQ,FAB,First Trust Multi Cap Value AlphaDEX Fund,ETF,,nasdaq_trader_symbol_directory
NASDAQ,FABC,"Fabric.AI, Inc. - Common Stock",Stock,,nasdaq_trader_symbol_directory
NASDAQ,FAC,Factorial Energy Inc. - Class A Common Stock,Stock,,nasdaq_trader_symbol_directory
NASDAQ,FACT,FACT II Acquisition Corp. - Class A Ordinary Shares,Stock,,nasdaq_trader_symbol_directory
NASDAQ,FACTU,FACT II Acquisition Corp. - Unit,Stock,,nasdaq_trader_symbol_directory
NASDAQ,FACTW,FACT II Acquisition Corp. - Warrant,Stock,,nasdaq_trader_symbol_directory
NASDAQ,FACWW,Factorial Energy Inc. - Warrant,Stock,,nasdaq_trader_symbol_directory
NASDAQ,FAD,First Trust Multi Cap Growth AlphaDEX Fund,ETF,,nasdaq_trader_symbol_directory
NASDAQ,FALN,iShares Fallen Angels USD Bond ETF,ETF,,nasdaq_trader_symbol_directory
NASDAQ,FAMI,"Farmmi, Inc. - Class A Ordinary Shares",Stock,,nasdaq_trader_symbol_directory
NASDAQ,FANG,"Diamondback Energy, Inc. - Common Stock",Stock,,nasdaq_trader_symbol_directory
NASDAQ,FAST,Fastenal Company - Common Stock,Stock,,nasdaq_trader_symbol_directory
NASDAQ,FATE,"Fate Therapeutics, Inc. - Common Stock",Stock,,nasdaq_trader_symbol_directory
NASDAQ,FATN,"FatPipe, Inc. - common stock",Stock,,nasdaq_trader_symbol_directory
NASDAQ,FBGL,FBS Global Limited - Ordinary Shares,Stock,,nasdaq_trader_symbol_directory
NASDAQ,FBIO,"Fortress Biotech, Inc. - Common Stock",Stock,,nasdaq_trader_symbol_directory
NASDAQ,FBIOP,"Fortress Biotech, Inc. - 9.375% Series A Cumulative Redeemable Perpetual Preferred Stock",Stock,,nasdaq_trader_symbol_directory
NASDAQ,FBIZ,"First Business Financial Services, Inc. - Common Stock",Stock,,nasdaq_trader_symbol_directory
NASDAQ,FBL,GraniteShares 2x Long META Daily ETF,ETF,,nasdaq_trader_symbol_directory
NASDAQ,FBLA,"FB Bancorp, Inc. - Common Stock",Stock,,nasdaq_trader_symbol_directory
NASDAQ,FBLG,"FibroBiologics, Inc. - Common Stock",Stock,,nasdaq_trader_symbol_directory
NASDAQ,FBNC,First Bancorp - Common Stock,Stock,,nasdaq_trader_symbol_directory
NASDAQ,FBOT,Fidelity Disruptive Automation ETF,ETF,,nasdaq_trader_symbol_directory
NASDAQ,FBRX,"Forte Biosciences, Inc. - Common Stock",Stock,,nasdaq_trader_symbol_directory
NASDAQ,FBYD,"Falcon's Beyond Global, Inc. - Class A Common Stock",Stock,,nasdaq_trader_symbol_directory
NASDAQ,FBYDP,"Falcon's Beyond Global, Inc. - 11% Series B Cumulative Convertible Preferred Stock",Stock,,nasdaq_trader_symbol_directory
NASDAQ,FBYDW,"Falcon's Beyond Global, Inc. - Warrants",Stock,,nasdaq_trader_symbol_directory
NASDAQ,FBYY,GraniteShares YieldBOOST META ETF,ETF,,nasdaq_trader_symbol_directory
NASDAQ,FCA,First Trust China AlphaDEX Fund,ETF,,nasdaq_trader_symbol_directory
NASDAQ,FCAL,First Trust California Municipal High income ETF,ETF,,nasdaq_trader_symbol_directory
NASDAQ,FCAP,"First Capital, Inc. - Common Stock",Stock,,nasdaq_trader_symbol_directory
NASDAQ,FCBC,"First Community Bankshares, Inc. - Common Stock",Stock,,nasdaq_trader_symbol_directory
NASDAQ,FCCO,First Community Corporation - Common Stock,Stock,,nasdaq_trader_symbol_directory
NASDAQ,FCEF,First Trust Income Opportunities ETF,ETF,,nasdaq_trader_symbol_directory
NASDAQ,FCEL,"FuelCell Energy, Inc. - Common Stock",Stock,,nasdaq_trader_symbol_directory
NASDAQ,FCFS,"FirstCash Holdings, Inc. - Common Stock",Stock,,nasdaq_trader_symbol_directory
NASDAQ,FCHL,Fitness Champs Holdings Limited - Ordinary Shares,Stock,,nasdaq_trader_symbol_directory
NASDAQ,FCLO,Fidelity CLO ETF,ETF,,nasdaq_trader_symbol_directory
NASDAQ,FCNCA,"First Citizens BancShares, Inc. - Class A Common Stock",Stock,,nasdaq_trader_symbol_directory
NASDAQ,FCNCN,"First Citizens BancShares, Inc. - Depositary Shares, each representing a 1/40th interest in a share of 6.625% Non-Cumulative Perpetual Preferred Stock, Series E",Stock,,nasdaq_trader_symbol_directory
NASDAQ,FCNCO,"First Citizens BancShares, Inc. - 5.625% Non-Cumulative Perpetual Preferred Stock, Series C",Stock,,nasdaq_trader_symbol_directory
NASDAQ,FCNCP,"First Citizens BancShares, Inc. - Depositary Shares Each Representing a 1/40th Interest in a Share of 5.375% Non-Cumulative Perpetual Preferred Stock, Series A",Stock,,nasdaq_trader_symbol_directory
NASDAQ,FCTE,SMI 3Fourteen Full-Cycle Trend ETF,ETF,,nasdaq_trader_symbol_directory
NASDAQ,FCUV,Focus Universal Inc. - Common Stock,Stock,,nasdaq_trader_symbol_directory
NASDAQ,FCVT,First Trust SSI Strategic Convertible Securities ETF,ETF,,nasdaq_trader_symbol_directory
NASDAQ,FCXG,Leverage Shares 2x Long FCX Daily ETF,ETF,,nasdaq_trader_symbol_directory
NASDAQ,FDBC,"Fidelity D & D Bancorp, Inc. - Common Stock",Stock,,nasdaq_trader_symbol_directory
NASDAQ,FDCF,Fidelity Disruptive Communications ETF,ETF,,nasdaq_trader_symbol_directory
NASDAQ,FDFF,Fidelity Disruptive Finance ETF,ETF,,nasdaq_trader_symbol_directory
NASDAQ,FDIF,Fidelity Disruptors ETF,ETF,,nasdaq_trader_symbol_directory
NASDAQ,FDIG,Fidelity Crypto Industry and Digital Payments ETF,ETF,,nasdaq_trader_symbol_directory
NASDAQ,FDIQ,Invesco Bloomberg Financial Data Providers ETF,ETF,,nasdaq_trader_symbol_directory
NASDAQ,FDIV,MarketDesk Focused U.S. Dividend ETF,ETF,,nasdaq_trader_symbol_directory
NASDAQ,FDMT,"4D Molecular Therapeutics, Inc. - Common Stock",Stock,,nasdaq_trader_symbol_directory
NASDAQ,FDNI,First Trust Dow Jones International Internet ETF,ETF,,nasdaq_trader_symbol_directory
NASDAQ,FDRS,Founder-Led ETF,ETF,,nasdaq_trader_symbol_directory
NASDAQ,FDRX,Founder-Led 2X Daily ETF,ETF,,nasdaq_trader_symbol_directory
NASDAQ,FDSB,"Fifth District Bancorp, Inc. - Common Stock",Stock,,nasdaq_trader_symbol_directory
NASDAQ,FDT,First Trust Developed Markets Ex-US AlphaDEX Fund,ETF,,nasdaq_trader_symbol_directory
NASDAQ,FDTS,First Trust Developed Markets ex-US Small Cap AlphaDEX Fund,ETF,,nasdaq_trader_symbol_directory
NASDAQ,FDTX,Fidelity Disruptive Technology ETF,ETF,,nasdaq_trader_symbol_directory
NASDAQ,FDUS,Fidus Investment Corporation - Closed End Fund,Stock,,nasdaq_trader_symbol_directory
NASDAQ,FEAM,"5E Advanced Materials, Inc. - Common Stock",Stock,,nasdaq_trader_symbol_directory
NASDAQ,FEBO,Fenbo Holdings Limited - Class A Ordinary Shares,Stock,,nasdaq_trader_symbol_directory
NASDAQ,FEED,"ENvue Medical, Inc. - Common Stock",Stock,,nasdaq_trader_symbol_directory
NASDAQ,FEIM,"Frequency Electronics, Inc. - Common Stock",Stock,,nasdaq_trader_symbol_directory
NASDAQ,FELE,"Franklin Electric Co., Inc. - Common Stock",Stock,,nasdaq_trader_symbol_directory
NASDAQ,FEM,First Trust Emerging Markets AlphaDEX Fund,ETF,,nasdaq_trader_symbol_directory
NASDAQ,FEMB,First Trust Emerging Markets Local Currency Bond ETF,ETF,,nasdaq_trader_symbol_directory
NASDAQ,FEMS,First Trust Emerging Markets Small Cap AlphaDEX Fund,ETF,,nasdaq_trader_symbol_directory
NASDAQ,FEMY,Femasys Inc. - Common Stock,Stock,,nasdaq_trader_symbol_directory
NASDAQ,FENC,Fennec Pharmaceuticals Inc. - Common Stock,Stock,,nasdaq_trader_symbol_directory
NASDAQ,FEP,First Trust Europe AlphaDEX Fund,ETF,,nasdaq_trader_symbol_directory
NASDAQ,FEPI,REX FANG & Innovation Equity Premium Income ETF,ETF,,nasdaq_trader_symbol_directory
NASDAQ,FER,Ferrovial N.V. - Ordinary Shares,Stock,,nasdaq_trader_symbol_directory
NASDAQ,FERA,Fifth Era Acquisition Corp I - Class A Ordinary Shares,Stock,,nasdaq_trader_symbol_directory
NASDAQ,FERAR,Fifth Era Acquisition Corp I - Rights,Stock,,nasdaq_trader_symbol_directory
NASDAQ,FERAU,Fifth Era Acquisition Corp I - Units,Stock,,nasdaq_trader_symbol_directory
NASDAQ,FEUZ,First Trust Eurozone AlphaDEX ETF,ETF,,nasdaq_trader_symbol_directory
NASDAQ,FEX,First Trust Large Cap Core AlphaDEX Fund,ETF,,nasdaq_trader_symbol_directory
NASDAQ,FFAI,Faraday Future Intelligent Electric Inc. - Class A Common Stock,Stock,,nasdaq_trader_symbol_directory
NASDAQ,FFAIW,Faraday Future Intelligent Electric Inc. - Warrant,Stock,,nasdaq_trader_symbol_directory
NASDAQ,FFBC,First Financial Bancorp. - Common Stock,Stock,,nasdaq_trader_symbol_directory
NASDAQ,FFIN,"First Financial Bankshares, Inc. - Common Stock",Stock,,nasdaq_trader_symbol_directory
NASDAQ,FFIV,"F5, Inc. - Common Stock",Stock,,nasdaq_trader_symbol_directory
NASDAQ,FFUT,Fidelity Managed Futures ETF,ETF,,nasdaq_trader_symbol_directory
NASDAQ,FGBI,"First Guaranty Bancshares, Inc. - Common Stock",Stock,,nasdaq_trader_symbol_directory
NASDAQ,FGBIP,"First Guaranty Bancshares, Inc. - 6.75% Series A Fixed-Rate Non-Cumulative Perpetual Preferred Stock",Stock,,nasdaq_trader_symbol_directory
NASDAQ,FGI,FGI Industries Ltd. - Ordinary Shares,Stock,,nasdaq_trader_symbol_directory
NASDAQ,FGII,FG Imperii Acquisition Corp. - Class A Ordinary Shares,Stock,,nasdaq_trader_symbol_directory
NASDAQ,FGIIU,FG Imperii Acquisition Corp. - Units,Stock,,nasdaq_trader_symbol_directory
NASDAQ,FGIIW,FG Imperii Acquisition Corp. - Warrants,Stock,,nasdaq_trader_symbol_directory
NASDAQ,FGIWW,FGI Industries Ltd. - warrant,Stock,,nasdaq_trader_symbol_directory
NASDAQ,FGL,Founder Group Limited - Class A Ordinary Shares,Stock,,nasdaq_trader_symbol_directory
NASDAQ,FGM,First Trust Germany AlphaDEX Fund,ETF,,nasdaq_trader_symbol_directory
NASDAQ,FGMC,FG Merger II Corp. - Common stock,Stock,,nasdaq_trader_symbol_directory
NASDAQ,FGMCR,FG Merger II Corp. - Rights,Stock,,nasdaq_trader_symbol_directory
NASDAQ,FGMCU,FG Merger II Corp. - Unit,Stock,,nasdaq_trader_symbol_directory
NASDAQ,FGNX,FG Nexus Inc. - Common Stock,Stock,,nasdaq_trader_symbol_directory
NASDAQ,FGNXP,FG Nexus Inc. - 8.00% Cumulative Series A Preferred Stock,Stock,,nasdaq_trader_symbol_directory
NASDAQ,FGSI,FT Vest Growth Strength & Target Income ETF,ETF,,nasdaq_trader_symbol_directory
NASDAQ,FHB,"First Hawaiian, Inc. - Common Stock",Stock,,nasdaq_trader_symbol_directory
NASDAQ,FHTX,Foghorn Therapeutics Inc. - Common Stock,Stock,,nasdaq_trader_symbol_directory
NASDAQ,FIBK,"First Interstate BancSystem, Inc. - Common Stock",Stock,,nasdaq_trader_symbol_directory
NASDAQ,FICS,First Trust International Developed Capital Strength ETF,ETF,,nasdaq_trader_symbol_directory
NASDAQ,FID,First Trust S&P International Dividend Aristocrats ETF,ETF,,nasdaq_trader_symbol_directory
NASDAQ,FIEE,"FiEE, Inc - Common Stock",Stock,,nasdaq_trader_symbol_directory
NASDAQ,FIGG,Leverage Shares 2x Long FIG Daily ETF,ETF,,nasdaq_trader_symbol_directory
NASDAQ,FIGR,"Figure Technology Solutions, Inc. - Class A Common Stock",Stock,,nasdaq_trader_symbol_directory
NASDAQ,FIGX,FIGX Capital Acquisition Corp. - Class A ordinary share,Stock,,nasdaq_trader_symbol_directory
NASDAQ,FIGXU,FIGX Capital Acquisition Corp. - Units,Stock,,nasdaq_trader_symbol_directory
NASDAQ,FIGXW,FIGX Capital Acquisition Corp. - one-half of one redeemable warrant.,Stock,,nasdaq_trader_symbol_directory
NASDAQ,FIMU,Fidelity Intermediate Municipal Income ETF,ETF,,nasdaq_trader_symbol_directory
NASDAQ,FINW,FinWise Bancorp - Common Stock,Stock,,nasdaq_trader_symbol_directory
NASDAQ,FINX,Global X FinTech ETF,ETF,,nasdaq_trader_symbol_directory
NASDAQ,FINY,GraniteShares YieldBOOST Financials ETF,ETF,,nasdaq_trader_symbol_directory
NASDAQ,FIP,FTAI Infrastructure Inc. - Common Stock,Stock,,nasdaq_trader_symbol_directory
NASDAQ,FISI,"Financial Institutions, Inc. - Common Stock",Stock,,nasdaq_trader_symbol_directory
NASDAQ,FISN,"Deep Fission, Inc. - Common Stock",Stock,,nasdaq_trader_symbol_directory
NASDAQ,FISV,"Fiserv, Inc. - Common Stock",Stock,,nasdaq_trader_symbol_directory
NASDAQ,FIVE,"Five Below, Inc. - Common Stock",Stock,,nasdaq_trader_symbol_directory
NASDAQ,FIVN,"Five9, Inc. - Common Stock",Stock,,nasdaq_trader_symbol_directory
NASDAQ,FIXD,First Trust Smith Opportunistic Fixed Income ETF,ETF,,nasdaq_trader_symbol_directory
NASDAQ,FIYY,GraniteShares YieldBOOST 20Y Treasuries ETF,ETF,,nasdaq_trader_symbol_directory
NASDAQ,FIZZ,National Beverage Corp. - Common Stock,Stock,,nasdaq_trader_symbol_directory
NASDAQ,FJP,First Trust Japan AlphaDEX Fund,ETF,,nasdaq_trader_symbol_directory
NASDAQ,FKU,First Trust United Kingdom AlphaDEX Fund,ETF,,nasdaq_trader_symbol_directory
NASDAQ,FKWL,Franklin Wireless Corp. - common stock,Stock,,nasdaq_trader_symbol_directory
NASDAQ,FLD,"Fold Holdings, Inc. - Class A Common Stock",Stock,,nasdaq_trader_symbol_directory
NASDAQ,FLDB,Fidelity Low Duration Bond ETF,ETF,,nasdaq_trader_symbol_directory
NASDAQ,FLDDW,"Fold Holdings, Inc. - Warrant",Stock,,nasdaq_trader_symbol_directory
NASDAQ,FLEX,Flex Ltd. - Ordinary Shares,Stock,,nasdaq_trader_symbol_directory
NASDAQ,FLGT,"Fulgent Genetics, Inc. - Common Stock",Stock,,nasdaq_trader_symbol_directory
NASDAQ,FLL,"Full House Resorts, Inc. - Common Stock",Stock,,nasdaq_trader_symbol_directory
NASDAQ,FLN,First Trust Latin America AlphaDEX Fund,ETF,,nasdaq_trader_symbol_directory
NASDAQ,FLNA,"Filana Therapeutics, Inc. - Common Stock",Stock,,nasdaq_trader_symbol_directory
NASDAQ,FLNC,"Fluence Energy, Inc. - Class A Common Stock",Stock,,nasdaq_trader_symbol_directory
NASDAQ,FLNT,"Fluent, Inc. - Common Stock",Stock,,nasdaq_trader_symbol_directory
NASDAQ,FLUX,"Flux Power Holdings, Inc. - Common Stock",Stock,,nasdaq_trader_symbol_directory
NASDAQ,FLWS,"1-800-FLOWERS.COM, Inc. - Class A Common Stock",Stock,,nasdaq_trader_symbol_directory
NASDAQ,FLX,BingEx Limited - American Depositary Shares,Stock,,nasdaq_trader_symbol_directory
NASDAQ,FLXS,"Flexsteel Industries, Inc. - Common Stock",Stock,,nasdaq_trader_symbol_directory
NASDAQ,FLY,Firefly Aerospace Inc. - Common Stock,Stock,,nasdaq_trader_symbol_directory
NASDAQ,FLYE,"Fly-E Group, Inc. - Common Stock",Stock,,nasdaq_trader_symbol_directory
NASDAQ,FLYW,Flywire Corporation - Voting Common Stock,Stock,,nasdaq_trader_symbol_directory
NASDAQ,FLZH,"Flash Sports & Media Holdings, Inc. - Common Stock",Stock,,nasdaq_trader_symbol_directory
NASDAQ,FMAC,Future Money Acquisition Corporation - Ordinary Shares,Stock,,nasdaq_trader_symbol_directory
NASDAQ,FMACR,Future Money Acquisition Corporation - Rights,Stock,,nasdaq_trader_symbol_directory
NASDAQ,FMACU,Future Money Acquisition Corporation - Units,Stock,,nasdaq_trader_symbol_directory
NASDAQ,FMAO,"Farmers & Merchants Bancorp, Inc. - Common Stock",Stock,,nasdaq_trader_symbol_directory
NASDAQ,FMB,First Trust Managed Municipal ETF,ETF,,nasdaq_trader_symbol_directory
NASDAQ,FMBH,"First Mid Bancshares, Inc. - Common Stock",Stock,,nasdaq_trader_symbol_directory
NASDAQ,FMED,Fidelity Disruptive Medicine ETF,ETF,,nasdaq_trader_symbol_directory
NASDAQ,FMET,Fidelity Metaverse ETF,ETF,,nasdaq_trader_symbol_directory
NASDAQ,FMFC,Kandal M Venture Limited - Class A ordinary Shares,Stock,,nasdaq_trader_symbol_directory
NASDAQ,FMHI,First Trust Municipal High Income ETF,ETF,,nasdaq_trader_symbol_directory
NASDAQ,FMNB,Farmers National Banc Corp. - Common Stock,Stock,,nasdaq_trader_symbol_directory
NASDAQ,FMST,Foremost Clean Energy Ltd. - Common Shares,Stock,,nasdaq_trader_symbol_directory
NASDAQ,FMSTW,Foremost Clean Energy Ltd. - Warrant,Stock,,nasdaq_trader_symbol_directory
NASDAQ,FMTM,MarketDesk Focused U.S. Momentum ETF,ETF,,nasdaq_trader_symbol_directory
NASDAQ,FMUB,Fidelity Municipal Bond Opportunities ETF,ETF,,nasdaq_trader_symbol_directory
NASDAQ,FMUN,Fidelity Systematic Municipal Bond Index ETF,ETF,,nasdaq_trader_symbol_directory
NASDAQ,FNGR,"FingerMotion, Inc. - common stock",Stock,,nasdaq_trader_symbol_directory
NASDAQ,FNK,First Trust Mid Cap Value AlphaDEX Fund,ETF,,nasdaq_trader_symbol_directory
NASDAQ,FNKO,"Funko, Inc. - Class A Common Stock",Stock,,nasdaq_trader_symbol_directory
NASDAQ,FNLC,"First Bancorp, Inc (ME) - Common Stock",Stock,,nasdaq_trader_symbol_directory
NASDAQ,FNRN,First Northern Community Bancorp - Common stock,Stock,,nasdaq_trader_symbol_directory
NASDAQ,FNUC,Frontier Nuclear and Minerals Inc. - Common Shares,Stock,,nasdaq_trader_symbol_directory
NASDAQ,FNWB,First Northwest Bancorp - Common Stock,Stock,,nasdaq_trader_symbol_directory
NASDAQ,FNWD,Finward Bancorp - common stock,Stock,,nasdaq_trader_symbol_directory
NASDAQ,FNX,First Trust Mid Cap Core AlphaDEX Fund,ETF,,nasdaq_trader_symbol_directory
NASDAQ,FNY,First Trust Mid Cap Growth AlphaDEX Fund,ETF,,nasdaq_trader_symbol_directory
NASDAQ,FOCL,"EDAP TMS S.A. - American Depositary Shares, each representing One Ordinary Share",Stock,,nasdaq_trader_symbol_directory
NASDAQ,FOFO,"Hang Feng Technology Innovation Co., Ltd. - Ordinary Shares",Stock,,nasdaq_trader_symbol_directory
NASDAQ,FORM,"FormFactor, Inc. - Common Stock",Stock,,nasdaq_trader_symbol_directory
NASDAQ,FORR,"Forrester Research, Inc. - Common Stock",Stock,,nasdaq_trader_symbol_directory
NASDAQ,FORTY,Formula Systems (1985) Ltd. - American Depositary Shares,Stock,,nasdaq_trader_symbol_directory
NASDAQ,FOSL,"Fossil Group, Inc. - Common Stock",Stock,,nasdaq_trader_symbol_directory
NASDAQ,FOX,Fox Corporation - Class B Common Stock,Stock,,nasdaq_trader_symbol_directory
NASDAQ,FOXA,Fox Corporation - Class A Common Stock,Stock,,nasdaq_trader_symbol_directory
NASDAQ,FOXF,Fox Factory Holding Corp. - Common Stock,Stock,,nasdaq_trader_symbol_directory
NASDAQ,FOXX,Foxx Development Holdings Inc. - Common Stock,Stock,,nasdaq_trader_symbol_directory
NASDAQ,FOXXW,Foxx Development Holdings Inc. - Warrant,Stock,,nasdaq_trader_symbol_directory
NASDAQ,FPA,First Trust Asia Pacific Ex-Japan AlphaDEX Fund,ETF,,nasdaq_trader_symbol_directory
NASDAQ,FPXE,First Trust IPOX Europe Equity Opportunities ETF,ETF,,nasdaq_trader_symbol_directory
NASDAQ,FPXI,First Trust International Equity Opportunities ETF,ETF,,nasdaq_trader_symbol_directory
NASDAQ,FRAF,Franklin Financial Services Corporation - Common Stock,Stock,,nasdaq_trader_symbol_directory
NASDAQ,FRBA,First Bank - Common Stock,Stock,,nasdaq_trader_symbol_directory
NASDAQ,FRBT,"Forbright, Inc. - Class A Common Stock",Stock,,nasdaq_trader_symbol_directory
NASDAQ,FRD,Friedman Industries Inc. - Common Stock,Stock,,nasdaq_trader_symbol_directory
NASDAQ,FREI,Fidelity Real Estate Income ETF,ETF,,nasdaq_trader_symbol_directory
NASDAQ,FRGT,"Freight Technologies, Inc. - Ordinary Shares",Stock,,nasdaq_trader_symbol_directory
NASDAQ,FRHC,Freedom Holding Corp. - Common Stock,Stock,,nasdaq_trader_symbol_directory
NASDAQ,FRME,First Merchants Corporation - Common Stock,Stock,,nasdaq_trader_symbol_directory
NASDAQ,FRMEP,"First Merchants Corporation - Depository Shares, each representing a 1/100th interest in a share of 7.50% Non-Cumulative Perpetual Preferred Stock, A",Stock,,nasdaq_trader_symbol_directory
NASDAQ,FRMI,Fermi Inc. - Common Stock,Stock,,nasdaq_trader_symbol_directory
NASDAQ,FRMM,"Forum Markets, Incorporated - Common Stock",Stock,,nasdaq_trader_symbol_directory
NASDAQ,FROG,JFrog Ltd. - Ordinary shares,Stock,,nasdaq_trader_symbol_directory
NASDAQ,FRPH,"FRP Holdings, Inc. - Common Stock",Stock,,nasdaq_trader_symbol_directory
NASDAQ,FRPT,"Freshpet, Inc. - Common Stock",Stock,,nasdaq_trader_symbol_directory
NASDAQ,FRSH,Freshworks Inc. - Class A Common Stock,Stock,,nasdaq_trader_symbol_directory
NASDAQ,FRST,Primis Financial Corp. - Common Stock,Stock,,nasdaq_trader_symbol_directory
NASDAQ,FRSX,Foresight Autonomous Holdings Ltd. - American Depositary Shares,Stock,,nasdaq_trader_symbol_directory
NASDAQ,FRTT,Fort Technology Inc. - Common Shares,Stock,,nasdaq_trader_symbol_directory
NASDAQ,FRVO,Fervo Energy Company - Class A common stock,Stock,,nasdaq_trader_symbol_directory
NASDAQ,FRWD,Nomura Transformational Technologies ETF,ETF,,nasdaq_trader_symbol_directory
NASDAQ,FSBC,Five Star Bancorp - Common Stock,Stock,,nasdaq_trader_symbol_directory
NASDAQ,FSBW,"FS Bancorp, Inc. - Common Stock",Stock,,nasdaq_trader_symbol_directory
NASDAQ,FSCS,First Trust SMID Capital Strength ETF,ETF,,nasdaq_trader_symbol_directory
NASDAQ,FSEA,"First Seacoast Bancorp, Inc. - Common Stock",Stock,,nasdaq_trader_symbol_directory
NASDAQ,FSGS,First Trust SMID Growth Strength ETF,ETF,,nasdaq_trader_symbol_directory
NASDAQ,FSHP,Flag Ship Acquisition Corp. - Ordinary Shares,Stock,,nasdaq_trader_symbol_directory
NASDAQ,FSHPR,Flag Ship Acquisition Corp. - Right,Stock,,nasdaq_trader_symbol_directory
NASDAQ,FSHPU,Flag Ship Acquisition Corp. - Unit,Stock,,nasdaq_trader_symbol_directory
NASDAQ,FSLR,"First Solar, Inc. - Common Stock",Stock,,nasdaq_trader_symbol_directory
NASDAQ,FSLY,"Fastly, Inc. - Class A Common Stock",Stock,,nasdaq_trader_symbol_directory
NASDAQ,FSTB,Fidelity Short-Term Bond ETF,ETF,,nasdaq_trader_symbol_directory
NASDAQ,FSTR,L.B. Foster Company - Common Stock,Stock,,nasdaq_trader_symbol_directory
NASDAQ,FSUN,FirstSun Capital Bancorp - Common Stock,Stock,,nasdaq_trader_symbol_directory
NASDAQ,FSV,FirstService Corporation - Common Shares,Stock,,nasdaq_trader_symbol_directory
NASDAQ,FSZ,First Trust Switzerland AlphaDEX Fund,ETF,,nasdaq_trader_symbol_directory
NASDAQ,FTA,First Trust Large Cap Value AlphaDEX Fund,ETF,,nasdaq_trader_symbol_directory
NASDAQ,FTAG,First Trust Indxx Global Agriculture ETF,ETF,,nasdaq_trader_symbol_directory
NASDAQ,FTAI,FTAI Aviation Ltd. - Common Stock,Stock,,nasdaq_trader_symbol_directory
NASDAQ,FTAIM,FTAI Aviation Ltd. - 9.500% Fixed-Rate Reset Series D Cumulative Perpetual Redeemable Preferred Shares,Stock,,nasdaq_trader_symbol_directory
NASDAQ,FTC,First Trust Large Cap Growth AlphaDEX Fund,ETF,,nasdaq_trader_symbol_directory
NASDAQ,FTCI,"FTC Solar, Inc. - Common Stock",Stock,,nasdaq_trader_symbol_directory
NASDAQ,FTCS,First Trust Capital Strength ETF,ETF,,nasdaq_trader_symbol_directory
NASDAQ,FTDR,"Frontdoor, Inc. - Common Stock",Stock,,nasdaq_trader_symbol_directory
NASDAQ,FTDS,First Trust Dividend Strength ETF,ETF,,nasdaq_trader_symbol_directory
NASDAQ,FTEK,"Fuel Tech, Inc. - Common Stock",Stock,,nasdaq_trader_symbol_directory
NASDAQ,FTFT,Future FinTech Group Inc. - Common Stock,Stock,,nasdaq_trader_symbol_directory
NASDAQ,FTGC,First Trust Global Tactical Commodity Strategy Fund,ETF,,nasdaq_trader_symbol_directory
NASDAQ,FTGS,First Trust Growth Strength ETF,ETF,,nasdaq_trader_symbol_directory
NASDAQ,FTH,"Faeth Therapeutics, Inc. - Common Stock",Stock,,nasdaq_trader_symbol_directory
NASDAQ,FTHA,Forefront Tech Holdings Acquisition Corp - Class A Ordinary Shares,Stock,,nasdaq_trader_symbol_directory
NASDAQ,FTHAU,Forefront Tech Holdings Acquisition Corp - Unit,Stock,,nasdaq_trader_symbol_directory
NASDAQ,FTHAW,Forefront Tech Holdings Acquisition Corp - Warrant,Stock,,nasdaq_trader_symbol_directory
NASDAQ,FTHI,First Trust BuyWrite Income ETF,ETF,,nasdaq_trader_symbol_directory
NASDAQ,FTHM,Fathom Holdings Inc. - Common Stock,Stock,,nasdaq_trader_symbol_directory
NASDAQ,FTLF,"FitLife Brands, Inc. - Common Stock",Stock,,nasdaq_trader_symbol_directory
NASDAQ,FTNT,"Fortinet, Inc. - Common Stock",Stock,,nasdaq_trader_symbol_directory
NASDAQ,FTQI,First Trust Nasdaq BuyWrite Income ETF,ETF,,nasdaq_trader_symbol_directory
NASDAQ,FTRE,Fortrea Holdings Inc. - Common Stock,Stock,,nasdaq_trader_symbol_directory
NASDAQ,FTRI,First Trust Indxx Global Natural Resources Income ETF,ETF,,nasdaq_trader_symbol_directory
NASDAQ,FTRK,FAST TRACK GROUP - Ordinary shares,Stock,,nasdaq_trader_symbol_directory
NASDAQ,FTSL,First Trust Senior Loan Fund,ETF,,nasdaq_trader_symbol_directory
NASDAQ,FTSM,First Trust Enhanced Short Maturity ETF,ETF,,nasdaq_trader_symbol_directory
NASDAQ,FTXG,First Trust Nasdaq Food & Beverage ETF,ETF,,nasdaq_trader_symbol_directory
NASDAQ,FTXH,First Trust Nasdaq Pharmaceuticals ETF,ETF,,nasdaq_trader_symbol_directory
NASDAQ,FTXL,First Trust Nasdaq Semiconductor ETF,ETF,,nasdaq_trader_symbol_directory
NASDAQ,FTXN,First Trust Nasdaq Oil & Gas ETF,ETF,,nasdaq_trader_symbol_directory
NASDAQ,FTXO,First Trust Nasdaq Bank ETF,ETF,,nasdaq_trader_symbol_directory
NASDAQ,FTXR,First Trust Nasdaq Transportation ETF,ETF,,nasdaq_trader_symbol_directory
NASDAQ,FUFU,BitFuFu Inc. - Class A Ordinary Shares,Stock,,nasdaq_trader_symbol_directory
NASDAQ,FUFUW,BitFuFu Inc. - Warrant,Stock,,nasdaq_trader_symbol_directory
NASDAQ,FULC,"Fulcrum Therapeutics, Inc. - Common Stock",Stock,,nasdaq_trader_symbol_directory
NASDAQ,FULT,Fulton Financial Corporation - Common Stock,Stock,,nasdaq_trader_symbol_directory
NASDAQ,FULTP,"Fulton Financial Corporation - Depositary Shares Each Representing a 1/40th Interest in a Share of Fixed Rate Non-Cumulative Perpetual Preferred Stock, Series A",Stock,,nasdaq_trader_symbol_directory
NASDAQ,FUNC,First United Corporation - Common Stock,Stock,,nasdaq_trader_symbol_directory
NASDAQ,FUND,"Sprott Focus Trust, Inc. - Closed End Fund",Stock,,nasdaq_trader_symbol_directory
NASDAQ,FUSB,"First US Bancshares, Inc. - Common Stock",Stock,,nasdaq_trader_symbol_directory
NASDAQ,FUSE,Fusemachines Inc. - Common stock,Stock,,nasdaq_trader_symbol_directory
NASDAQ,FUSEW,Fusemachines Inc. - Warrants,Stock,,nasdaq_trader_symbol_directory
NASDAQ,FUTG,Leverage Shares 2x Long FUTU Daily ETF,ETF,,nasdaq_trader_symbol_directory
NASDAQ,FUTU,Futu Holdings Limited - American Depositary Shares,Stock,,nasdaq_trader_symbol_directory
NASDAQ,FV,First Trust Dorsey Wright Focus 5 ETF,ETF,,nasdaq_trader_symbol_directory
NASDAQ,FVAV,Fortress Value Acquisition Corp. V - Class A Ordinary Shares,Stock,,nasdaq_trader_symbol_directory
NASDAQ,FVC,First Trust Dorsey Wright Dynamic Focus 5 ETF,ETF,,nasdaq_trader_symbol_directory
NASDAQ,FVCB,"FVCBankcorp, Inc. - Common Stock",Stock,,nasdaq_trader_symbol_directory
NASDAQ,FVN,Future Vision II Acquisition Corporation - Ordinary Shares,Stock,,nasdaq_trader_symbol_directory
NASDAQ,FVNNR,Future Vision II Acquisition Corporation - Right,Stock,,nasdaq_trader_symbol_directory
NASDAQ,FVNNU,Future Vision II Acquisition Corporation - Units,Stock,,nasdaq_trader_symbol_directory
NASDAQ,FWACU,Futurewave Acquisition Corporation - Units,Stock,,nasdaq_trader_symbol_directory
NASDAQ,FWDI,"Forward Industries, Inc. - Common Stock",Stock,,nasdaq_trader_symbol_directory
NASDAQ,FWONA,Liberty Media Corporation - Series A Liberty Formula One Common Stock,Stock,,nasdaq_trader_symbol_directory
NASDAQ,FWONK,Liberty Media Corporation - Series C Liberty Formula One Common Stock,Stock,,nasdaq_trader_symbol_directory
NASDAQ,FWRD,Forward Air Corporation - Common Stock,Stock,,nasdaq_trader_symbol_directory
NASDAQ,FWRG,"First Watch Restaurant Group, Inc. - Common Stock",Stock,,nasdaq_trader_symbol_directory
NASDAQ,FXACU,FortuneX Acquisition Corporation - Units,Stock,,nasdaq_trader_symbol_directory
NASDAQ,FXHO,UTime Limited - Class A Ordinary Shares,Stock,,nasdaq_trader_symbol_directory
NASDAQ,FXNC,First National Corporation - Common Stock,Stock,,nasdaq_trader_symbol_directory
NASDAQ,FYC,First Trust Small Cap Growth AlphaDEX Fund,ETF,,nasdaq_trader_symbol_directory
NASDAQ,FYT,First Trust Small Cap Value AlphaDEX Fund,ETF,,nasdaq_trader_symbol_directory
NASDAQ,FYX,First Trust Small Cap Core AlphaDEX Fund,ETF,,nasdaq_trader_symbol_directory
NASDAQ,GABC,"German American Bancorp, Inc. - Common Stock",Stock,,nasdaq_trader_symbol_directory
NASDAQ,GAIA,"Gaia, Inc. - Class A Common Stock",Stock,,nasdaq_trader_symbol_directory
NASDAQ,GAIN,Gladstone Investment Corporation - Business Development Company,Stock,,nasdaq_trader_symbol_directory
NASDAQ,GAING,Gladstone Investment Corporation - 7.125% Notes due 2031,Stock,,nasdaq_trader_symbol_directory
NASDAQ,GAINI,Gladstone Investment Corporation - 7.875% Notes due 2030,Stock,,nasdaq_trader_symbol_directory
NASDAQ,GAINZ,Gladstone Investment Corporation - 4.875% Notes due 2028,Stock,,nasdaq_trader_symbol_directory
NASDAQ,GALT,Galectin Therapeutics Inc. - Common Stock,Stock,,nasdaq_trader_symbol_directory
NASDAQ,GAMB,Gambling.com Group Limited - Ordinary Shares,Stock,,nasdaq_trader_symbol_directory
NASDAQ,GAME,"GameSquare Holdings, Inc. - Common stock",Stock,,nasdaq_trader_symbol_directory
NASDAQ,GANX,"Gain Therapeutics, Inc. - Common Stock",Stock,,nasdaq_trader_symbol_directory
NASDAQ,GARY,Mango Growth ETF,ETF,,nasdaq_trader_symbol_directory
NASDAQ,GASS,"StealthGas, Inc. - common stock",Stock,,nasdaq_trader_symbol_directory
NASDAQ,GAUZ,Gauzy Ltd. - Ordinary Shares,Stock,,nasdaq_trader_symbol_directory
NASDAQ,GAVA,Grayscale Avalanche Staking ETF,ETF,,nasdaq_trader_symbol_directory
NASDAQ,GBDC,"Golub Capital BDC, Inc. - Closed End Fund",Stock,,nasdaq_trader_symbol_directory
NASDAQ,GBFH,GBank Financial Holdings Inc. - Common Stock,Stock,,nasdaq_trader_symbol_directory
NASDAQ,GBLI,"Global Indemnity Group, LLC - Class A Common Shares",Stock,,nasdaq_trader_symbol_directory
NASDAQ,GBUG,Sprott Active Gold & Silver Miners ETF,ETF,,nasdaq_trader_symbol_directory
NASDAQ,GCBC,"Greene County Bancorp, Inc. - Common Stock",Stock,,nasdaq_trader_symbol_directory
NASDAQ,GCGR,General Catalyst Global Resilience Merger Corp. - Class A Ordinary Shares,Stock,,nasdaq_trader_symbol_directory
NASDAQ,GCGRU,General Catalyst Global Resilience Merger Corp. - Units,Stock,,nasdaq_trader_symbol_directory
NASDAQ,GCGRW,General Catalyst Global Resilience Merger Corp. - Warrants,Stock,,nasdaq_trader_symbol_directory
NASDAQ,GCL,GCL Global Holdings Ltd - Ordinary Shares,Stock,,nasdaq_trader_symbol_directory
NASDAQ,GCLWW,GCL Global Holdings Ltd - Warrants,Stock,,nasdaq_trader_symbol_directory
NASDAQ,GCMG,GCM Grosvenor Inc. - Class A Common Stock,Stock,,nasdaq_trader_symbol_directory
NASDAQ,GCT,GigaCloud Technology Inc - Class A Ordinary Shares,Stock,,nasdaq_trader_symbol_directory
NASDAQ,GCTK,"GlucoTrack, Inc. - Common Stock",Stock,,nasdaq_trader_symbol_directory
NASDAQ,GDC,GD Culture Group Limited - Common Stock,Stock,,nasdaq_trader_symbol_directory
NASDAQ,GDEV,GDEV Inc. - Ordinary Shares,Stock,,nasdaq_trader_symbol_directory
NASDAQ,GDEVW,GDEV Inc. - Warrant,Stock,,nasdaq_trader_symbol_directory
NASDAQ,GDHG,Golden Heaven Group Holdings Ltd. - Class A Ordinary Shares,Stock,,nasdaq_trader_symbol_directory
NASDAQ,GDRX,"GoodRx Holdings, Inc. - Class A Common Stock",Stock,,nasdaq_trader_symbol_directory
NASDAQ,GDS,GDS Holdings Limited - American Depositary Shares,Stock,,nasdaq_trader_symbol_directory
NASDAQ,GDTC,CytoMed Therapeutics Limited - Ordinary Shares,Stock,,nasdaq_trader_symbol_directory
NASDAQ,GDYN,"Grid Dynamics Holdings, Inc. - Class A Common Stock",Stock,,nasdaq_trader_symbol_directory
NASDAQ,GECC,Great Elm Capital Corp. - Closed End Fund,Stock,,nasdaq_trader_symbol_directory
NASDAQ,GECCG,Great Elm Capital Corp. - 7.75% Notes Due 2030,Stock,,nasdaq_trader_symbol_directory
NASDAQ,GECCH,Great Elm Capital Corp. - 8.125% Notes Due 2029,Stock,,nasdaq_trader_symbol_directory
NASDAQ,GECCI,Great Elm Capital Corp. - 8.50% NOTES DUE 2029,Stock,,nasdaq_trader_symbol_directory
NASDAQ,GEG,"Great Elm Group, Inc. - Common Stock",Stock,,nasdaq_trader_symbol_directory
NASDAQ,GEGGL,"Great Elm Group, Inc. - 7.25% Notes due 2027",Stock,,nasdaq_trader_symbol_directory
NASDAQ,GEHC,GE HealthCare Technologies Inc. - Common Stock,Stock,,nasdaq_trader_symbol_directory
NASDAQ,GELS,Gelteq Limited - Ordinary Shares,Stock,,nasdaq_trader_symbol_directory
NASDAQ,GEME,Pacific North of South EM Equity Active ETF,ETF,,nasdaq_trader_symbol_directory
NASDAQ,GEMG,Leverage Shares 2X Long GEMI Daily ETF,ETF,,nasdaq_trader_symbol_directory
NASDAQ,GEMI,"Gemini Space Station, Inc. - Class A Common Stock",Stock,,nasdaq_trader_symbol_directory
NASDAQ,GEN,Gen Digital Inc. - Common Stock,Stock,,nasdaq_trader_symbol_directory
NASDAQ,GENB,"Generate Biomedicines, Inc. - Common Stock",Stock,,nasdaq_trader_symbol_directory
NASDAQ,GENK,"GEN Restaurant Group, Inc. - Class A Common Stock",Stock,,nasdaq_trader_symbol_directory
NASDAQ,GENVR,Gen Digital Inc. - Contingent Value Rights,Stock,,nasdaq_trader_symbol_directory
NASDAQ,GENZ,VanEck Digital Native Economy ETF,ETF,,nasdaq_trader_symbol_directory
NASDAQ,GEOS,Geospace Technologies Corporation - Common Stock,Stock,,nasdaq_trader_symbol_directory
NASDAQ,GEQ,Cambria Global EW 2 ETF,ETF,,nasdaq_trader_symbol_directory
NASDAQ,GERN,Geron Corporation - Common Stock,Stock,,nasdaq_trader_symbol_directory
NASDAQ,GEVG,Leverage Shares 2X Long GEV Daily ETF,ETF,,nasdaq_trader_symbol_directory
NASDAQ,GEVO,"Gevo, Inc. - Common Stock",Stock,,nasdaq_trader_symbol_directory
NASDAQ,GEW,Cambria Global EW ETF,ETF,,nasdaq_trader_symbol_directory
NASDAQ,GFAI,"Guardforce AI Co., Limited - Ordinary Shares",Stock,,nasdaq_trader_symbol_directory
NASDAQ,GFAIW,"Guardforce AI Co., Limited - Warrant",Stock,,nasdaq_trader_symbol_directory
NASDAQ,GFGF,Guru Favorite Stocks ETF,ETF,,nasdaq_trader_symbol_directory
NASDAQ,GFLW,VictoryShares Free Cash Flow Growth ETF,ETF,,nasdaq_trader_symbol_directory
NASDAQ,GFS,GlobalFoundries Inc. - Ordinary Share,Stock,,nasdaq_trader_symbol_directory
NASDAQ,GGAL,"Grupo Financiero Galicia S.A. - American Depositary Shares, Class B Shares underlying",Stock,,nasdaq_trader_symbol_directory
NASDAQ,GGLL,Direxion Daily GOOGL Bull 2X ETF,ETF,,nasdaq_trader_symbol_directory
NASDAQ,GGLS,Direxion Daily GOOGL Bear 1X ETF,ETF,,nasdaq_trader_symbol_directory
NASDAQ,GGR,Gogoro Inc. - Ordinary Shares,Stock,,nasdaq_trader_symbol_directory
NASDAQ,GGROW,Gogoro Inc. - Warrant,Stock,,nasdaq_trader_symbol_directory
NASDAQ,GGRP,"The Glimpse Group, Inc. - Common Stock",Stock,,nasdaq_trader_symbol_directory
NASDAQ,GH,"Guardant Health, Inc. - Common Stock",Stock,,nasdaq_trader_symbol_directory
NASDAQ,GHRS,GH Research PLC - Ordinary Shares,Stock,,nasdaq_trader_symbol_directory
NASDAQ,GHXIU,"Gores Holdings XI, Inc. - Units",Stock,,nasdaq_trader_symbol_directory
NASDAQ,GIBO,GIBO Holdings Limited - Class A Ordinary Shares,Stock,,nasdaq_trader_symbol_directory
NASDAQ,GIBOW,GIBO Holdings Limited - Warrants,Stock,,nasdaq_trader_symbol_directory
NASDAQ,GIEQ,Goldman Sachs Data Enhanced International Equity ETF,ETF,,nasdaq_trader_symbol_directory
NASDAQ,GIFT,"Giftify, Inc. - Common Stock",Stock,,nasdaq_trader_symbol_directory
NASDAQ,GIGM,GigaMedia Limited - Ordinary Shares,Stock,,nasdaq_trader_symbol_directory
NASDAQ,GIII,"G-III Apparel Group, LTD. - Common Stock",Stock,,nasdaq_trader_symbol_directory
NASDAQ,GILD,"Gilead Sciences, Inc. - Common Stock",Stock,,nasdaq_trader_symbol_directory
NASDAQ,GILT,Gilat Satellite Networks Ltd. - Ordinary Shares,Stock,,nasdaq_trader_symbol_directory
NASDAQ,GIND,Goldman Sachs India Equity ETF,ETF,,nasdaq_trader_symbol_directory
NASDAQ,GINX,SGI Enhanced Global Income ETF,ETF,,nasdaq_trader_symbol_directory
NASDAQ,GIPR,Generation Income Properties Inc. - Common stock,Stock,,nasdaq_trader_symbol_directory
NASDAQ,GIPRW,Generation Income Properties Inc. - Warrant,Stock,,nasdaq_trader_symbol_directory
NASDAQ,GITS,"Global Interactive Technologies, Inc. Common Stock - Common Stock",Stock,,nasdaq_trader_symbol_directory
NASDAQ,GIW,GigCapital8 Corp. - Class A Ordinary Shares,Stock,,nasdaq_trader_symbol_directory
NASDAQ,GIWWR,GigCapital8 Corp. - Rights,Stock,,nasdaq_trader_symbol_directory
NASDAQ,GIWWU,GigCapital8 Corp. - Units,Stock,,nasdaq_trader_symbol_directory
NASDAQ,GIX,GigCapital9 Corp. - Class A Ordinary Share,Stock,,nasdaq_trader_symbol_directory
NASDAQ,GIXXR,GigCapital9 Corp. - Rights,Stock,,nasdaq_trader_symbol_directory
NASDAQ,GIXXU,GigCapital9 Corp. - Units,Stock,,nasdaq_trader_symbol_directory
NASDAQ,GKAT,Scharf Global Opportunity ETF,ETF,,nasdaq_trader_symbol_directory
NASDAQ,GLAD,Gladstone Capital Corporation - Closed End Fund,Stock,,nasdaq_trader_symbol_directory
NASDAQ,GLBE,Global-E Online Ltd. - ordinary shares,Stock,,nasdaq_trader_symbol_directory
NASDAQ,GLBS,Globus Maritime Limited - Common Stock,Stock,,nasdaq_trader_symbol_directory
NASDAQ,GLCR,GlacierShares Nasdaq Iceland ETF,ETF,,nasdaq_trader_symbol_directory
NASDAQ,GLDB,IDX Alternative FIAT ETF,ETF,,nasdaq_trader_symbol_directory
NASDAQ,GLDI,"ETRACS Gold Shares Covered Call ETNs due February 2, 2033",ETF,,nasdaq_trader_symbol_directory
NASDAQ,GLE,Global Engine Group Holding Limited - Class A Ordinary Shares,Stock,,nasdaq_trader_symbol_directory
NASDAQ,GLGG,Leverage Shares 2X Long GLXY Daily ETF,ETF,,nasdaq_trader_symbol_directory
NASDAQ,GLIBA,Liberty Capital Corporation - Series A GCI Group Common Stock,Stock,,nasdaq_trader_symbol_directory
NASDAQ,GLIBK,Liberty Capital Corporation - Series C GCI Group Common Stock,Stock,,nasdaq_trader_symbol_directory
NASDAQ,GLMD,Galmed Pharmaceuticals Ltd. - Ordinary Shares,Stock,,nasdaq_trader_symbol_directory
NASDAQ,GLND,Greenland Energy Company - Common Stock,Stock,,nasdaq_trader_symbol_directory
NASDAQ,GLNDW,Greenland Energy Company - Warrant,Stock,,nasdaq_trader_symbol_directory
NASDAQ,GLNG,Golar LNG Limited - Common Shares,Stock,,nasdaq_trader_symbol_directory
NASDAQ,GLOO,"Gloo Holdings, Inc. - Common Stock",Stock,,nasdaq_trader_symbol_directory
NASDAQ,GLOW,VictoryShares WestEnd Global Equity ETF,ETF,,nasdaq_trader_symbol_directory
NASDAQ,GLPI,"Gaming and Leisure Properties, Inc. - Common Stock",Stock,,nasdaq_trader_symbol_directory
NASDAQ,GLRE,"Greenlight Reinsurance, Ltd. - Class A Ordinary Shares",Stock,,nasdaq_trader_symbol_directory
NASDAQ,GLSI,"Greenwich LifeSciences, Inc. - Common stock",Stock,,nasdaq_trader_symbol_directory
NASDAQ,GLUE,"Monte Rosa Therapeutics, Inc. - Common Stock",Stock,,nasdaq_trader_symbol_directory
NASDAQ,GLWG,Leverage Shares 2X Long GLW Daily ETF,ETF,,nasdaq_trader_symbol_directory
NASDAQ,GLXG,Galaxy Payroll Group Limited - Class A Ordinary Shares,Stock,,nasdaq_trader_symbol_directory
NASDAQ,GLXY,Galaxy Digital Inc. - Class A common stock,Stock,,nasdaq_trader_symbol_directory
NASDAQ,GMAB,Genmab A/S - American Depositary Shares,Stock,,nasdaq_trader_symbol_directory
NASDAQ,GMEX,GMEX ROBOTICS CORPORATION - Class A Ordinary Shares,Stock,,nasdaq_trader_symbol_directory
NASDAQ,GMHS,Gamehaus Holdings Inc. - Class A Ordinary Shares,Stock,,nasdaq_trader_symbol_directory
NASDAQ,GMM,Global Mofy AI Limited - Class A Ordinary Shares,Stock,,nasdaq_trader_symbol_directory
NASDAQ,GNLN,"Greenlane Holdings, Inc. - Class A Common Stock",Stock,,nasdaq_trader_symbol_directory
NASDAQ,GNLX,Genelux Corporation - Common Stock,Stock,,nasdaq_trader_symbol_directory
NASDAQ,GNMA,iShares GNMA Bond ETF,ETF,,nasdaq_trader_symbol_directory
NASDAQ,GNOM,Global X Genomics & Biotechnology ETF,ETF,,nasdaq_trader_symbol_directory
NASDAQ,GNPX,"Genprex, Inc. - Common Stock",Stock,,nasdaq_trader_symbol_directory
NASDAQ,GNSS,Genasys Inc. - Common Stock,Stock,,nasdaq_trader_symbol_directory
NASDAQ,GNTA,Genenta Science S.p.A. - American Depositary Shares,Stock,,nasdaq_trader_symbol_directory
NASDAQ,GNTX,Gentex Corporation - Common Stock,Stock,,nasdaq_trader_symbol_directory
NASDAQ,GO,Grocery Outlet Holding Corp. - Common Stock,Stock,,nasdaq_trader_symbol_directory
NASDAQ,GOAI,Eva Live Inc. - Common Stock,Stock,,nasdaq_trader_symbol_directory
NASDAQ,GOGO,Gogo Inc. - Common Stock,Stock,,nasdaq_trader_symbol_directory
NASDAQ,GOLI,Defiance Gold Enhanced Options Income ETF,ETF,,nasdaq_trader_symbol_directory
NASDAQ,GOOD,Gladstone Commercial Corporation - Real Estate Investment Trust,Stock,,nasdaq_trader_symbol_directory
NASDAQ,GOODN,Gladstone Commercial Corporation - 6.625% Series E Cumulative Redeemable Preferred Stock,Stock,,nasdaq_trader_symbol_directory
NASDAQ,GOODO,"Gladstone Commercial Corporation - 6.00% Series G Cumulative Redeemable Preferred Stock, par value $0.001 per share",Stock,,nasdaq_trader_symbol_directory
NASDAQ,GOOG,Alphabet Inc. - Class C Capital Stock,Stock,,nasdaq_trader_symbol_directory
NASDAQ,GOOGL,Alphabet Inc. - Class A Common Stock,Stock,,nasdaq_trader_symbol_directory
NASDAQ,GOOGM,Alphabet Inc. - Depositary Shares representing a 1/20th Interest in a Share of Series A Mandatory Convertible Preferred Stock,Stock,,nasdaq_trader_symbol_directory
NASDAQ,GOOGN,Alphabet Inc. - Depositary Shares representing a 1/20th Interest in a Share of Series B Mandatory Convertible Preferred Stock,Stock,,nasdaq_trader_symbol_directory
NASDAQ,GOSS,"Gossamer Bio, Inc. - Common Stock",Stock,,nasdaq_trader_symbol_directory
NASDAQ,GOU,GraniteShares 2x Long GOOGL Daily ETF,ETF,,nasdaq_trader_symbol_directory
NASDAQ,GOVI,Invesco Equal Weight 0-30 Year Treasury ETF,ETF,,nasdaq_trader_symbol_directory
NASDAQ,GOVX,"GeoVax Labs, Inc. - Common Stock",Stock,,nasdaq_trader_symbol_directory
NASDAQ,GP,GreenPower Motor Company Inc. - Common Shares,Stock,,nasdaq_trader_symbol_directory
NASDAQ,GPAC,General Purpose Acquisition Corp. - Class A Ordinary Shares,Stock,,nasdaq_trader_symbol_directory
NASDAQ,GPACU,General Purpose Acquisition Corp. - Units,Stock,,nasdaq_trader_symbol_directory
NASDAQ,GPACW,General Purpose Acquisition Corp. - Warrant,Stock,,nasdaq_trader_symbol_directory
NASDAQ,GPAT,GP-Act III Acquisition Corp. - Class A Ordinary Share,Stock,,nasdaq_trader_symbol_directory
NASDAQ,GPATU,GP-Act III Acquisition Corp. - Units,Stock,,nasdaq_trader_symbol_directory
NASDAQ,GPATW,GP-Act III Acquisition Corp. - Warrants,Stock,,nasdaq_trader_symbol_directory
NASDAQ,GPCR,Structure Therapeutics Inc. - American Depositary Shares,Stock,,nasdaq_trader_symbol_directory
NASDAQ,GPIQ,Goldman Sachs Nasdaq-100 Premium Income ETF,ETF,,nasdaq_trader_symbol_directory
NASDAQ,GPIX,Goldman Sachs S&P 500 Premium Income ETF,ETF,,nasdaq_trader_symbol_directory
NASDAQ,GPRE,"Green Plains, Inc. - Common Stock",Stock,,nasdaq_trader_symbol_directory
NASDAQ,GPRF,Goldman Sachs Access U.S. Preferred Stock and Hybrid Securities ETF,ETF,,nasdaq_trader_symbol_directory
NASDAQ,GPRO,"GoPro, Inc. - Class A Common Stock",Stock,,nasdaq_trader_symbol_directory
NASDAQ,GPT,Intelligent Alpha Atlas ETF,ETF,,nasdaq_trader_symbol_directory
NASDAQ,GQQQ,Astoria US Quality Growth Kings ETF,ETF,,nasdaq_trader_symbol_directory
NASDAQ,GRAB,Grab Holdings Limited - Class A Ordinary Shares,Stock,,nasdaq_trader_symbol_directory
NASDAQ,GRABW,Grab Holdings Limited - Warrant,Stock,,nasdaq_trader_symbol_directory
NASDAQ,GRAG,Leverage Shares 2X Long GRAB Daily ETF,ETF,,nasdaq_trader_symbol_directory
NASDAQ,GRAL,"GRAIL, Inc. - Common Stock",Stock,,nasdaq_trader_symbol_directory
NASDAQ,GRAN,Grande Group Limited - Class A Ordinary Shares,Stock,,nasdaq_trader_symbol_directory
NASDAQ,GRCE,"Grace Therapeutics, Inc. - Common Stock",Stock,,nasdaq_trader_symbol_directory
NASDAQ,GRDX,GridAI Technologies Corp. - Common Stock,Stock,,nasdaq_trader_symbol_directory
NASDAQ,GREE,Greenidge Generation Holdings Inc. - Class A Common Stock,Stock,,nasdaq_trader_symbol_directory
NASDAQ,GREEL,Greenidge Generation Holdings Inc. - 8.50% Senior Notes due 2026,Stock,,nasdaq_trader_symbol_directory
NASDAQ,GRFS,"Grifols, S.A. - American Depositary Shares",Stock,,nasdaq_trader_symbol_directory
NASDAQ,GRI,"GRI Bio, Inc. - Common Stock",Stock,,nasdaq_trader_symbol_directory
NASDAQ,GRID,First Trust NASDAQ Clean Edge Smart Grid Infrastructure Index Fund,ETF,,nasdaq_trader_symbol_directory
NASDAQ,GRIN,VictoryShares International Free Cash Flow Growth ETF,ETF,,nasdaq_trader_symbol_directory
NASDAQ,GRML,Greenland Mines Ltd - Common Stock,Stock,,nasdaq_trader_symbol_directory
NASDAQ,GRMLW,Greenland Mines Ltd - Warrants,Stock,,nasdaq_trader_symbol_directory
NASDAQ,GRNQ,Greenpro Capital Corp. - Common Stock,Stock,,nasdaq_trader_symbol_directory
NASDAQ,GROW,"U.S. Global Investors, Inc. - Class A Common Stock",Stock,,nasdaq_trader_symbol_directory
NASDAQ,GRPN,"Groupon, Inc. - Common Stock",Stock,,nasdaq_trader_symbol_directory
NASDAQ,GRRR,Gorilla Technology Group Inc. - Ordinary shares,Stock,,nasdaq_trader_symbol_directory
NASDAQ,GRRRW,Gorilla Technology Group Inc. - Warrant,Stock,,nasdaq_trader_symbol_directory
NASDAQ,GRVY,"GRAVITY Co., Ltd. - American depositary shares, each representing one common share.",Stock,,nasdaq_trader_symbol_directory
NASDAQ,GRW,TCW Durable Growth ETF,ETF,,nasdaq_trader_symbol_directory
NASDAQ,GRWG,GrowGeneration Corp. - Common Stock,Stock,,nasdaq_trader_symbol_directory
NASDAQ,GSAT,"Globalstar, Inc. - Common Stock",Stock,,nasdaq_trader_symbol_directory
NASDAQ,GSBC,"Great Southern Bancorp, Inc. - Common Stock",Stock,,nasdaq_trader_symbol_directory
NASDAQ,GSGO,Goldman Sachs Growth Opportunities ETF,ETF,,nasdaq_trader_symbol_directory
NASDAQ,GSHD,"Goosehead Insurance, Inc. - Class A Common Stock",Stock,,nasdaq_trader_symbol_directory
NASDAQ,GSHR,Gesher Acquisition Corp. II - Class A Ordinary Shares,Stock,,nasdaq_trader_symbol_directory
NASDAQ,GSHRU,Gesher Acquisition Corp. II - Units,Stock,,nasdaq_trader_symbol_directory
NASDAQ,GSHRW,Gesher Acquisition Corp. II - Warrants,Stock,,nasdaq_trader_symbol_directory
NASDAQ,GSIB,Themes Global Systemically Important Banks ETF,ETF,,nasdaq_trader_symbol_directory
NASDAQ,GSIT,"GSI Technology, Inc. - Common Stock",Stock,,nasdaq_trader_symbol_directory
NASDAQ,GSIW,Garden Stage Limited - Class A Ordinary Shares,Stock,,nasdaq_trader_symbol_directory
NASDAQ,GSM,Ferroglobe PLC - Ordinary Shares,Stock,,nasdaq_trader_symbol_directory
NASDAQ,GSRF,GSR IV Acquisition Corp. - Class A ordinary share,Stock,,nasdaq_trader_symbol_directory
NASDAQ,GSRFR,GSR IV Acquisition Corp. - Rights,Stock,,nasdaq_trader_symbol_directory
NASDAQ,GSRFU,GSR IV Acquisition Corp. - Units,Stock,,nasdaq_trader_symbol_directory
NASDAQ,GSRV,GSR V Acquisition Corp. - Class A ordinary shares,Stock,,nasdaq_trader_symbol_directory
NASDAQ,GSRVR,GSR V Acquisition Corp. - Rights,Stock,,nasdaq_trader_symbol_directory
NASDAQ,GSRVU,GSR V Acquisition Corp. - Units,Stock,,nasdaq_trader_symbol_directory
NASDAQ,GSUN,Golden Sun Technology Group Limited - Class A Ordinary Shares,Stock,,nasdaq_trader_symbol_directory
NASDAQ,GT,The Goodyear Tire & Rubber Company - Common Stock,Stock,,nasdaq_trader_symbol_directory
NASDAQ,GTBP,"GT Biopharma, Inc. - Common Stock",Stock,,nasdaq_trader_symbol_directory
NASDAQ,GTEC,Greenland Technologies Holding Corporation - Class A Ordinary Shares,Stock,,nasdaq_trader_symbol_directory
NASDAQ,GTEN,"Gores Holdings X, Inc. - Class A ordinary shares",Stock,,nasdaq_trader_symbol_directory
NASDAQ,GTENU,"Gores Holdings X, Inc. - Units",Stock,,nasdaq_trader_symbol_directory
NASDAQ,GTENW,"Gores Holdings X, Inc. - Warrants",Stock,,nasdaq_trader_symbol_directory
NASDAQ,GTERA,Globa Terra Acquisition Corporation - Class A Ordinary Shares,Stock,,nasdaq_trader_symbol_directory
NASDAQ,GTERR,Globa Terra Acquisition Corporation - Rights,Stock,,nasdaq_trader_symbol_directory
NASDAQ,GTERU,Globa Terra Acquisition Corporation - Units,Stock,,nasdaq_trader_symbol_directory
NASDAQ,GTERW,Globa Terra Acquisition Corporation - Warrants,Stock,,nasdaq_trader_symbol_directory
NASDAQ,GTIM,Good Times Restaurants Inc. - Common Stock,Stock,,nasdaq_trader_symbol_directory
NASDAQ,GTLB,GitLab Inc. - Class A Common Stock,Stock,,nasdaq_trader_symbol_directory
NASDAQ,GTM,ZoomInfo Technologies Inc. - Common Stock,Stock,,nasdaq_trader_symbol_directory
NASDAQ,GTOP,Goldman Sachs Technology Opportunities ETF,ETF,,nasdaq_trader_symbol_directory
NASDAQ,GTOQ,Invesco High Yield Systematic Bond ETF,ETF,,nasdaq_trader_symbol_directory
NASDAQ,GTPE,Goldman Sachs MSCI World Private Equity Return Tracker ETF,ETF,,nasdaq_trader_symbol_directory
NASDAQ,GTR,WisdomTree Target Range Fund,ETF,,nasdaq_trader_symbol_directory
NASDAQ,GTX,Garrett Motion Inc. - Common Stock,Stock,,nasdaq_trader_symbol_directory
NASDAQ,GUACU,Berto Acquisition Corp. II - Units,Stock,,nasdaq_trader_symbol_directory
NASDAQ,GURE,"Gulf Resources, Inc. - Common Stock",Stock,,nasdaq_trader_symbol_directory
NASDAQ,GUSE,Goldman Sachs Enhanced U.S. Equity ETF,ETF,,nasdaq_trader_symbol_directory
NASDAQ,GUTS,"Fractyl Health, Inc. - Common Stock",Stock,,nasdaq_trader_symbol_directory
NASDAQ,GV,Visionary Holdings Inc. - Common Shares,Stock,,nasdaq_trader_symbol_directory
NASDAQ,GVH,Globavend Holdings Limited - Ord Shares,Stock,,nasdaq_trader_symbol_directory
NASDAQ,GVLE,Goldman Sachs Value Opportunities ETF,ETF,,nasdaq_trader_symbol_directory
NASDAQ,GWAV,"Greenwave Technology Solutions, Inc. - Common Stock",Stock,,nasdaq_trader_symbol_directory
NASDAQ,GWRS,"Global Water Resources, Inc. - common stock",Stock,,nasdaq_trader_symbol_directory
NASDAQ,GXAI,Gaxos.ai Inc. - Common Stock,Stock,,nasdaq_trader_symbol_directory
NASDAQ,GXDW,Global X Dorsey Wright Thematic ETF,ETF,,nasdaq_trader_symbol_directory
NASDAQ,GYRE,"Gyre Therapeutics, Inc. - Common Stock",Stock,,nasdaq_trader_symbol_directory
NASDAQ,GYRO,"Gyrodyne , LLC - Common Stock",Stock,,nasdaq_trader_symbol_directory
NASDAQ,HACQ,HCM IV Acquisition Corp. - Class A Ordinary Share,Stock,,nasdaq_trader_symbol_directory
NASDAQ,HACQU,HCM IV Acquisition Corp. - Unit,Stock,,nasdaq_trader_symbol_directory
NASDAQ,HACQW,HCM IV Acquisition Corp. - Warrants,Stock,,nasdaq_trader_symbol_directory
NASDAQ,HAFC,Hanmi Financial Corporation - Common Stock,Stock,,nasdaq_trader_symbol_directory
NASDAQ,HAIN,"The Hain Celestial Group, Inc. - Common Stock",Stock,,nasdaq_trader_symbol_directory
NASDAQ,HALO,"Halozyme Therapeutics, Inc. - Common Stock",Stock,,nasdaq_trader_symbol_directory
NASDAQ,HAO,Haoxi Health Technology Limited - Class A Ord Share,Stock,,nasdaq_trader_symbol_directory
NASDAQ,HAPN,"Happen, Inc. - Common Stock",Stock,,nasdaq_trader_symbol_directory
NASDAQ,HAS,"Hasbro, Inc. - Common Stock",Stock,,nasdaq_trader_symbol_directory
NASDAQ,HAVA,Harvard Ave Acquisition Corporation - Class A Ordinary Share,Stock,,nasdaq_trader_symbol_directory
NASDAQ,HAVAR,Harvard Ave Acquisition Corporation - Rights that convert on a 1/10th of 1 basis to Class A ordinary Shares,Stock,,nasdaq_trader_symbol_directory
NASDAQ,HAVAU,Harvard Ave Acquisition Corporation - Unit,Stock,,nasdaq_trader_symbol_directory
NASDAQ,HBAN,Huntington Bancshares Incorporated - Common Stock,Stock,,nasdaq_trader_symbol_directory
NASDAQ,HBANL,"Huntington Bancshares Incorporated - Depositary Shares, Each Representing a 1/40th Interest in a Share of 6.875% Series J Non-Cumulative Perpetual Preferred Stock",Stock,,nasdaq_trader_symbol_directory
NASDAQ,HBANM,Huntington Bancshares Incorporated - Depositary Shares each representing a 1/1000th interest in a share of Huntington Series I Preferred Stock,Stock,,nasdaq_trader_symbol_directory
NASDAQ,HBANP,Huntington Bancshares Incorporated - Depositary Shares 4.500% Series H Non-Cumulative Perpetual Preferred Stock,Stock,,nasdaq_trader_symbol_directory
NASDAQ,HBANZ,"Huntington Bancshares Incorporated - Depositary Shares, Each Representing a 1/1000th Interest in a Share of 5.50% Series L Non-Cumulative Perpetual Preferred Stock",Stock,,nasdaq_trader_symbol_directory
NASDAQ,HBCP,"Home Bancorp, Inc. - Common Stock",Stock,,nasdaq_trader_symbol_directory
NASDAQ,HBDC,Hilton BDC Corporate Bond ETF,ETF,,nasdaq_trader_symbol_directory
NASDAQ,HBIO,"Harvard Bioscience, Inc. - Common Stock",Stock,,nasdaq_trader_symbol_directory
NASDAQ,HBNB,Hotel101 Global Holdings Corp. - Class A Ordinary Shares,Stock,,nasdaq_trader_symbol_directory
NASDAQ,HBNC,"Horizon Bancorp, Inc. - Common Stock",Stock,,nasdaq_trader_symbol_directory
NASDAQ,HBR,Canary HBAR ETF,ETF,,nasdaq_trader_symbol_directory
NASDAQ,HBT,"HBT Financial, Inc. - Common Stock",Stock,,nasdaq_trader_symbol_directory
NASDAQ,HCAC,Hall Chadwick Acquisition Corp. - Class A Ordinary Shares,Stock,,nasdaq_trader_symbol_directory
NASDAQ,HCACR,Hall Chadwick Acquisition Corp. - Rights,Stock,,nasdaq_trader_symbol_directory
NASDAQ,HCACU,Hall Chadwick Acquisition Corp. - Unit,Stock,,nasdaq_trader_symbol_directory
NASDAQ,HCAI,"Huachen AI Parking Management Technology Holding Co., Ltd. - Class A Ordinary Shares",Stock,,nasdaq_trader_symbol_directory
NASDAQ,HCAT,"Health Catalyst, Inc - Common stock",Stock,,nasdaq_trader_symbol_directory
NASDAQ,HCHL,Happy City Holdings Limited - Class A Ordinary shares,Stock,,nasdaq_trader_symbol_directory
NASDAQ,HCIC,Hennessy Capital Investment Corp. VIII - Class A Ordinary Shares,Stock,,nasdaq_trader_symbol_directory
NASDAQ,HCICR,Hennessy Capital Investment Corp. VIII - Share Rights,Stock,,nasdaq_trader_symbol_directory
NASDAQ,HCICU,Hennessy Capital Investment Corp. VIII - Units,Stock,,nasdaq_trader_symbol_directory
NASDAQ,HCKT,"The Hackett Group, Inc. - Common Stock",Stock,,nasdaq_trader_symbol_directory
NASDAQ,HCM,HUTCHMED (China) Limited - American Depositary Shares,Stock,,nasdaq_trader_symbol_directory
NASDAQ,HCMA,HCM III Acquisition Corp. - Class A Ordinary Share,Stock,,nasdaq_trader_symbol_directory
NASDAQ,HCMAU,HCM III Acquisition Corp. - Units,Stock,,nasdaq_trader_symbol_directory
NASDAQ,HCMAW,HCM III Acquisition Corp. - Warrants,Stock,,nasdaq_trader_symbol_directory
NASDAQ,HCOW,Amplify COWS Covered Call ETF,ETF,,nasdaq_trader_symbol_directory
NASDAQ,HCSG,"Healthcare Services Group, Inc. - Common Stock",Stock,,nasdaq_trader_symbol_directory
NASDAQ,HCTI,"Healthcare Triangle, Inc. - Common Stock",Stock,,nasdaq_trader_symbol_directory
NASDAQ,HCWB,HCW Biologics Inc. - Common Stock,Stock,,nasdaq_trader_symbol_directory
NASDAQ,HDL,SUPER HI INTERNATIONAL HOLDING LTD. - American Depositary Shares,Stock,,nasdaq_trader_symbol_directory
NASDAQ,HDRN,"Hadron Energy, Inc. - Common Stock",Stock,,nasdaq_trader_symbol_directory
NASDAQ,HDRNW,"Hadron Energy, Inc. - Warrant",Stock,,nasdaq_trader_symbol_directory
NASDAQ,HDSN,"Hudson Technologies, Inc. - Common Stock",Stock,,nasdaq_trader_symbol_directory
NASDAQ,HEAL,Global X HealthTech ETF,ETF,,nasdaq_trader_symbol_directory
NASDAQ,HECO,State Street Galaxy Hedged Digital Asset Ecosystem ETF,ETF,,nasdaq_trader_symbol_directory
NASDAQ,HELE,Helen of Troy Limited - Common Stock,Stock,,nasdaq_trader_symbol_directory
NASDAQ,HELP,Cybin Inc. - Common Stock,Stock,,nasdaq_trader_symbol_directory
NASDAQ,HEPS,D-Market Electronic Services & Trading - American Depositary Shares,Stock,,nasdaq_trader_symbol_directory
NASDAQ,HEQQ,JPMorgan Nasdaq Hedged Equity Laddered Overlay ETF,ETF,,nasdaq_trader_symbol_directory
NASDAQ,HERD,Pacer Cash Cows Fund of Funds ETF,ETF,,nasdaq_trader_symbol_directory
NASDAQ,HERE,Here Group Limited - American Depositary Shares,Stock,,nasdaq_trader_symbol_directory
NASDAQ,HERO,Global X Video Games & Esports ETF,ETF,,nasdaq_trader_symbol_directory
NASDAQ,HERZ,"Herzfeld Credit Income Fund, Inc. - Closed End Fund",Stock,,nasdaq_trader_symbol_directory
NASDAQ,HFBL,"Home Federal Bancorp, Inc. of Louisiana - Common Stock",Stock,,nasdaq_trader_symbol_directory
NASDAQ,HFFG,HF Foods Group Inc. - Common Stock,Stock,,nasdaq_trader_symbol_directory
NASDAQ,HFSP,TradersAI Large Cap Equity & Cash ETF,ETF,,nasdaq_trader_symbol_directory
NASDAQ,HFWA,Heritage Financial Corporation - Common Stock,Stock,,nasdaq_trader_symbol_directory
NASDAQ,HGBL,Heritage Global Inc. - Common Stock,Stock,,nasdaq_trader_symbol_directory
NASDAQ,HHS,"Harte Hanks, Inc. - Common Stock",Stock,,nasdaq_trader_symbol_directory
NASDAQ,HIDE,Alpha Architect High Inflation and Deflation ETF,ETF,,nasdaq_trader_symbol_directory
NASDAQ,HIFS,Hingham Institution for Savings - Common Stock,Stock,,nasdaq_trader_symbol_directory
NASDAQ,HIHO,Highway Holdings Limited - Common Stock,Stock,,nasdaq_trader_symbol_directory
NASDAQ,HIMX,"Himax Technologies, Inc. - American depositary shares, each of which represents two ordinary shares.",Stock,,nasdaq_trader_symbol_directory
NASDAQ,HIMZ,Defiance Daily Target 2X Long HIMS ETF,ETF,,nasdaq_trader_symbol_directory
NASDAQ,HIND,"Vyome Holdings, Inc. - Common Stock",Stock,,nasdaq_trader_symbol_directory
NASDAQ,HIS,Humilis US Focused Opportunities ETF,ETF,,nasdaq_trader_symbol_directory
NASDAQ,HISF,First Trust High Income Strategic Focus ETF,ETF,,nasdaq_trader_symbol_directory
NASDAQ,HIT,"Health In Tech, Inc. - Class A Common Stock",Stock,,nasdaq_trader_symbol_directory
NASDAQ,HITI,High Tide Inc. - Common Shares,Stock,,nasdaq_trader_symbol_directory
NASDAQ,HIVE,HIVE Digital Technologies Ltd - Common Shares,Stock,,nasdaq_trader_symbol_directory
NASDAQ,HKIT,Hitek Global Inc. - Class A Ordinary Share,Stock,,nasdaq_trader_symbol_directory
NASDAQ,HKPD,"Cellyan Biotechnology Co., Ltd - Class A Ordinary Shares",Stock,,nasdaq_trader_symbol_directory
NASDAQ,HLAL,Wahed FTSE USA Shariah ETF,ETF,,nasdaq_trader_symbol_directory
NASDAQ,HLIT,Harmonic Inc. - Common Stock,Stock,,nasdaq_trader_symbol_directory
NASDAQ,HLMN,Hillman Solutions Corp. - Common Stock,Stock,,nasdaq_trader_symbol_directory
NASDAQ,HLNE,Hamilton Lane Incorporated - Class A Common Stock,Stock,,nasdaq_trader_symbol_directory
NASDAQ,HLP,Hongli Group Inc. - Ordinary Shares,Stock,,nasdaq_trader_symbol_directory
NASDAQ,HLXC,Helix Acquisition Corp. III - Class A Ordinary Shares,Stock,,nasdaq_trader_symbol_directory
NASDAQ,HMH,HMH Holding Inc. - Common Stock,Stock,,nasdaq_trader_symbol_directory
NASDAQ,HMR,Heidmar Maritime Holdings Corp. - Common Stock,Stock,,nasdaq_trader_symbol_directory
NASDAQ,HMYY,GraniteShares YieldBoost HIMS ETF,ETF,,nasdaq_trader_symbol_directory
NASDAQ,HNDL,Strategy Shares Nasdaq 7HANDL Index ETF,ETF,,nasdaq_trader_symbol_directory
NASDAQ,HNNA,"Hennessy Advisors, Inc. - Common Stock",Stock,,nasdaq_trader_symbol_directory
NASDAQ,HNRG,Hallador Energy Company - Common Stock,Stock,,nasdaq_trader_symbol_directory
NASDAQ,HNST,"The Honest Company, Inc. - Common Stock",Stock,,nasdaq_trader_symbol_directory
NASDAQ,HNVR,"Hanover Bancorp, Inc. - Common Stock",Stock,,nasdaq_trader_symbol_directory
NASDAQ,HODO,House of Doge Inc. - Common Stock,Stock,,nasdaq_trader_symbol_directory
NASDAQ,HODU,Direxion Daily HOOD Bull 2X ETF,ETF,,nasdaq_trader_symbol_directory
NASDAQ,HOFT,Hooker Furnishings Corporation - Common Stock,Stock,,nasdaq_trader_symbol_directory
NASDAQ,HOLO,MicroCloud Hologram Inc. - Ordinary Shares,Stock,,nasdaq_trader_symbol_directory
NASDAQ,HOLOW,MicroCloud Hologram Inc. - Warrant,Stock,,nasdaq_trader_symbol_directory
NASDAQ,HON,Honeywell International Inc. - Common Stock,Stock,,nasdaq_trader_symbol_directory
NASDAQ,HONA,Honeywell Aerospace Inc. - Common Stock,Stock,,nasdaq_trader_symbol_directory
NASDAQ,HOOD,"Robinhood Markets, Inc. - Class A Common Stock",Stock,,nasdaq_trader_symbol_directory
NASDAQ,HOOG,Leverage Shares 2X Long HOOD Daily ETF,ETF,,nasdaq_trader_symbol_directory
NASDAQ,HOOX,Defiance Daily Target 2X Long HOOD ETF,ETF,,nasdaq_trader_symbol_directory
NASDAQ,HOPE,"Hope Bancorp, Inc. - Common Stock",Stock,,nasdaq_trader_symbol_directory
NASDAQ,HOUR,"Hour Loop, Inc. - common stock",Stock,,nasdaq_trader_symbol_directory
NASDAQ,HOVNP,Hovnanian Enterprises Inc - Depositary Share representing 1/1000th of 7.625% Series A Preferred Stock,Stock,,nasdaq_trader_symbol_directory
NASDAQ,HOVR,New Horizon Aircraft Ltd. - Class A Ordinary Shares,Stock,,nasdaq_trader_symbol_directory
NASDAQ,HOVRW,New Horizon Aircraft Ltd. - Warrant,Stock,,nasdaq_trader_symbol_directory
NASDAQ,HOWL,"Werewolf Therapeutics, Inc. - Common Stock",Stock,,nasdaq_trader_symbol_directory
NASDAQ,HOYY,GraniteShares YieldBOOST HOOD ETF,ETF,,nasdaq_trader_symbol_directory
NASDAQ,HPAI,Helport AI Limited - Ordinary Shares,Stock,,nasdaq_trader_symbol_directory
NASDAQ,HPAIW,Helport AI Limited - Warrants,Stock,,nasdaq_trader_symbol_directory
NASDAQ,HPK,"HighPeak Energy, Inc. - Common Stock",Stock,,nasdaq_trader_symbol_directory
NASDAQ,HQ,Horizon Quantum Holdings Ltd. - Class A Ordinary Shares,Stock,,nasdaq_trader_symbol_directory
NASDAQ,HQGO,Hartford US Quality Growth ETF,ETF,,nasdaq_trader_symbol_directory
NASDAQ,HQI,"HireQuest, Inc. - Common Stock",Stock,,nasdaq_trader_symbol_directory
NASDAQ,HQWWW,Horizon Quantum Holdings Ltd. - Warrant,Stock,,nasdaq_trader_symbol_directory
NASDAQ,HQY,"HealthEquity, Inc. - Common Stock",Stock,,nasdaq_trader_symbol_directory
NASDAQ,HRMY,"Harmony Biosciences Holdings, Inc. - Common Stock",Stock,,nasdaq_trader_symbol_directory
NASDAQ,HROW,"Harrow, Inc. - Common Stock",Stock,,nasdaq_trader_symbol_directory
NASDAQ,HRTS,Tema Heart & Health ETF,ETF,,nasdaq_trader_symbol_directory
NASDAQ,HRTX,"Heron Therapeutics, Inc. - Common Stock",Stock,,nasdaq_trader_symbol_directory
NASDAQ,HRZN,Horizon Technology Finance Corporation - Common Stock,Stock,,nasdaq_trader_symbol_directory
NASDAQ,HSAI,"Hesai Group - American Depositary Share, each ADS represents one Class B ordinary share",Stock,,nasdaq_trader_symbol_directory
NASDAQ,HSCS,HeartSciences Inc. - Common Stock,Stock,,nasdaq_trader_symbol_directory
NASDAQ,HSCSW,HeartSciences Inc. - Warrant,Stock,,nasdaq_trader_symbol_directory
NASDAQ,HSDT,Solana Company - Class A Common Stock,Stock,,nasdaq_trader_symbol_directory
NASDAQ,HSIC,"Henry Schein, Inc. - Common Stock",Stock,,nasdaq_trader_symbol_directory
NASDAQ,HST,"Host Hotels & Resorts, Inc. - Common Stock",Stock,,nasdaq_trader_symbol_directory
NASDAQ,HSTM,"HealthStream, Inc. - Common Stock",Stock,,nasdaq_trader_symbol_directory
NASDAQ,HTCO,High-Trend International Group - Class A Ordinary Shares,Stock,,nasdaq_trader_symbol_directory
NASDAQ,HTCR,"Heartcore Enterprises, Inc. - Common Stock",Stock,,nasdaq_trader_symbol_directory
NASDAQ,HTFL,"Heartflow, Inc. - Common Stock",Stock,,nasdaq_trader_symbol_directory
NASDAQ,HTHT,H World Group Limited - American Depositary Shares,Stock,,nasdaq_trader_symbol_directory
NASDAQ,HTLD,"Heartland Express, Inc. - Common Stock",Stock,,nasdaq_trader_symbol_directory
NASDAQ,HTLM,HomesToLife Ltd - Ordinary Shares,Stock,,nasdaq_trader_symbol_directory
NASDAQ,HTO,H2O America - Common Stock,Stock,,nasdaq_trader_symbol_directory
NASDAQ,HTOO,Fusion Fuel Green PLC - Ordinary Shares,Stock,,nasdaq_trader_symbol_directory
NASDAQ,HTZ,"Hertz Global Holdings, Inc - Common Stock",Stock,,nasdaq_trader_symbol_directory
NASDAQ,HTZWW,"Hertz Global Holdings, Inc - Warrant",Stock,,nasdaq_trader_symbol_directory
NASDAQ,HUBC,Hub Cyber Security Ltd. - Ordinary Shares,Stock,,nasdaq_trader_symbol_directory
NASDAQ,HUBCW,Hub Cyber Security Ltd. - Warrant expiring 2/27/28,Stock,,nasdaq_trader_symbol_directory
NASDAQ,HUBCZ,Hub Cyber Security Ltd. - Warrant,Stock,,nasdaq_trader_symbol_directory
NASDAQ,HUBG,"Hub Group, Inc. - Class A Common Stock",Stock,,nasdaq_trader_symbol_directory
NASDAQ,HUDI,"Huadi International Group Co., Ltd. - Ordinary Shares",Stock,,nasdaq_trader_symbol_directory
NASDAQ,HUHU,HUHUTECH International Group Inc. - Ordinary Shares,Stock,,nasdaq_trader_symbol_directory
NASDAQ,HUIZ,Huize Holding Limited - American Depositary Shares,Stock,,nasdaq_trader_symbol_directory
NASDAQ,HUMA,"Humacyte, Inc. - Common Stock",Stock,,nasdaq_trader_symbol_directory
NASDAQ,HUMAW,"Humacyte, Inc. - Warrant",Stock,,nasdaq_trader_symbol_directory
NASDAQ,HURA,"TuHURA Biosciences, Inc. - Common Stock",Stock,,nasdaq_trader_symbol_directory
NASDAQ,HURC,"Hurco Companies, Inc. - Common Stock",Stock,,nasdaq_trader_symbol_directory
NASDAQ,HURN,Huron Consulting Group Inc. - Common Stock,Stock,,nasdaq_trader_symbol_directory
NASDAQ,HUT,Hut 8 Corp. - Common Stock,Stock,,nasdaq_trader_symbol_directory
NASDAQ,HUTG,Leverage Shares 2X Long HUT Daily ETF,ETF,,nasdaq_trader_symbol_directory
NASDAQ,HVII,Hennessy Capital Investment Corp. VII - Ordinary Shares,Stock,,nasdaq_trader_symbol_directory
NASDAQ,HVIIR,Hennessy Capital Investment Corp. VII - Rights,Stock,,nasdaq_trader_symbol_directory
NASDAQ,HVIIU,Hennessy Capital Investment Corp. VII - Unit,Stock,,nasdaq_trader_symbol_directory
NASDAQ,HVMC,Highview Merger Corp. - Class A Ordinary Share,Stock,,nasdaq_trader_symbol_directory
NASDAQ,HVMCU,Highview Merger Corp. - Units,Stock,,nasdaq_trader_symbol_directory
NASDAQ,HVMCW,Highview Merger Corp. - Warrants,Stock,,nasdaq_trader_symbol_directory
NASDAQ,HWAY,Themes US Infrastructure ETF,ETF,,nasdaq_trader_symbol_directory
NASDAQ,HWBK,"Hawthorn Bancshares, Inc. - Common Stock",Stock,,nasdaq_trader_symbol_directory
NASDAQ,HWC,Hancock Whitney Corporation - Common Stock,Stock,,nasdaq_trader_symbol_directory
NASDAQ,HWCPZ,Hancock Whitney Corporation - 6.25% Subordinated Notes due 2060,Stock,,nasdaq_trader_symbol_directory
NASDAQ,HWH,HWH International Inc. - Common Stock,Stock,,nasdaq_trader_symbol_directory
NASDAQ,HWKN,"Hawkins, Inc. - Common Stock",Stock,,nasdaq_trader_symbol_directory
NASDAQ,HWSM,Hotchkis & Wiley SMID Cap Diversified Value Fund,ETF,,nasdaq_trader_symbol_directory
NASDAQ,HXHX,Haoxin Holdings Limited - Class A Ordinary Shares,Stock,,nasdaq_trader_symbol_directory
NASDAQ,HYBI,NEOS Enhanced Income Credit Select ETF,ETF,,nasdaq_trader_symbol_directory
NASDAQ,HYDR,Global X Hydrogen ETF,ETF,,nasdaq_trader_symbol_directory
NASDAQ,HYFM,"Hydrofarm Holdings Group, Inc. - Common Stock",Stock,,nasdaq_trader_symbol_directory
NASDAQ,HYFT,MindWalk Holdings Corp. - Common Stock,Stock,,nasdaq_trader_symbol_directory
NASDAQ,HYLS,First Trust Tactical High Yield ETF,ETF,,nasdaq_trader_symbol_directory
NASDAQ,HYMC,Hycroft Mining Holding Corporation - Class A Common Stock,Stock,,nasdaq_trader_symbol_directory
NASDAQ,HYNE,"Hoyne Bancorp, Inc. - Common Stock",Stock,,nasdaq_trader_symbol_directory
NASDAQ,HYP,Golden Eagle Dynamic Hypergrowth ETF,ETF,,nasdaq_trader_symbol_directory
NASDAQ,HYPD,"Hyperion DeFi, Inc. - Common Stock",Stock,,nasdaq_trader_symbol_directory
NASDAQ,HYPG,Grayscale Hyperliquid Staking ETF,ETF,,nasdaq_trader_symbol_directory
NASDAQ,HYPR,"Hyperfine, Inc. - Class A Common Stock",Stock,,nasdaq_trader_symbol_directory
NASDAQ,HYXF,iShares ESG Advanced High Yield Corporate Bond ETF,ETF,,nasdaq_trader_symbol_directory
NASDAQ,HYZD,WisdomTree Interest Rate Hedged High Yield Bond Fund,ETF,,nasdaq_trader_symbol_directory
NASDAQ,IACO,Idea Acquisition Corp. - Class A Ordinary Shares,Stock,,nasdaq_trader_symbol_directory
NASDAQ,IACOU,Idea Acquisition Corp. - Units,Stock,,nasdaq_trader_symbol_directory
NASDAQ,IACOW,Idea Acquisition Corp. - Warrants,Stock,,nasdaq_trader_symbol_directory
NASDAQ,IACQ,Irenic Acquisition Corp. - Class A Ordinary Shares,Stock,,nasdaq_trader_symbol_directory
NASDAQ,IACQU,Irenic Acquisition Corp. - Unit,Stock,,nasdaq_trader_symbol_directory
NASDAQ,IACQW,Irenic Acquisition Corp. - Warrants,Stock,,nasdaq_trader_symbol_directory
NASDAQ,IALT,iShares Systematic Alternatives Active ETF,ETF,,nasdaq_trader_symbol_directory
NASDAQ,IART,Integra LifeSciences Holdings Corporation - Common Stock,Stock,,nasdaq_trader_symbol_directory
NASDAQ,IBAC,IB Acquisition Corp. - Common Stock,Stock,,nasdaq_trader_symbol_directory
NASDAQ,IBACR,IB Acquisition Corp. - Right,Stock,,nasdaq_trader_symbol_directory
NASDAQ,IBAT,iShares Energy Storage & Materials ETF,ETF,,nasdaq_trader_symbol_directory
NASDAQ,IBB,iShares Biotechnology ETF,ETF,,nasdaq_trader_symbol_directory
NASDAQ,IBBQ,Invesco Nasdaq Biotechnology ETF,ETF,,nasdaq_trader_symbol_directory
NASDAQ,IBCP,Independent Bank Corporation - Common Stock,Stock,,nasdaq_trader_symbol_directory
NASDAQ,IBEX,IBEX Limited - Common Share,Stock,,nasdaq_trader_symbol_directory
NASDAQ,IBG,Innovation Beverage Group Limited - Ordinary Shares,Stock,,nasdaq_trader_symbol_directory
NASDAQ,IBGA,iShares iBonds Dec 2044 Term Treasury ETF,ETF,,nasdaq_trader_symbol_directory
NASDAQ,IBGB,iShares iBonds Dec 2045 Term Treasury ETF,ETF,,nasdaq_trader_symbol_directory
NASDAQ,IBGC,iShares iBonds Dec 2046 Term Treasury ETF,ETF,,nasdaq_trader_symbol_directory
NASDAQ,IBGK,iShares iBonds Dec 2054 Term Treasury ETF,ETF,,nasdaq_trader_symbol_directory
NASDAQ,IBGL,iShares iBonds Dec 2055 Term Treasury ETF,ETF,,nasdaq_trader_symbol_directory
NASDAQ,IBGM,iShares iBonds Dec 2056 Term Treasury ETF,ETF,,nasdaq_trader_symbol_directory
NASDAQ,IBIO,"iBio, Inc. - Common Stock",Stock,,nasdaq_trader_symbol_directory
NASDAQ,IBIT,iShares Bitcoin Trust ETF,ETF,,nasdaq_trader_symbol_directory
NASDAQ,IBKR,"Interactive Brokers Group, Inc. - Class A Common Stock",Stock,,nasdaq_trader_symbol_directory
NASDAQ,IBOC,International Bancshares Corporation - Common Stock,Stock,,nasdaq_trader_symbol_directory
NASDAQ,IBOT,VanEck Robotics ETF,ETF,,nasdaq_trader_symbol_directory
NASDAQ,IBRX,"ImmunityBio, Inc. - Common Stock",Stock,,nasdaq_trader_symbol_directory
NASDAQ,IBTG,iShares iBonds Dec 2026 Term Treasury ETF,ETF,,nasdaq_trader_symbol_directory
NASDAQ,IBTH,iShares iBonds Dec 2027 Term Treasury ETF,ETF,,nasdaq_trader_symbol_directory
NASDAQ,IBTI,iShares iBonds Dec 2028 Term Treasury ETF,ETF,,nasdaq_trader_symbol_directory
NASDAQ,IBTJ,iShares iBonds Dec 2029 Term Treasury ETF,ETF,,nasdaq_trader_symbol_directory
NASDAQ,IBTK,iShares iBonds Dec 2030 Term Treasury ETF,ETF,,nasdaq_trader_symbol_directory
NASDAQ,IBTL,iShares iBonds Dec 2031 Term Treasury ETF,ETF,,nasdaq_trader_symbol_directory
NASDAQ,IBTM,iShares iBonds Dec 2032 Term Treasury ETF,ETF,,nasdaq_trader_symbol_directory
NASDAQ,IBTO,iShares iBonds Dec 2033 Term Treasury ETF,ETF,,nasdaq_trader_symbol_directory
NASDAQ,IBTP,iShares iBonds Dec 2034 Term Treasury ETF,ETF,,nasdaq_trader_symbol_directory
NASDAQ,IBTQ,iShares iBonds Dec 2035 Term Treasury ETF,ETF,,nasdaq_trader_symbol_directory
NASDAQ,IBTR,iShares iBonds Dec 2036 Term Treasury ETF,ETF,,nasdaq_trader_symbol_directory
NASDAQ,ICCC,ImmuCell Corporation - Common Stock,Stock,,nasdaq_trader_symbol_directory
NASDAQ,ICCM,IceCure Medical Ltd. - Ordinary Shares,Stock,,nasdaq_trader_symbol_directory
NASDAQ,ICFI,"ICF International, Inc. - Common Stock",Stock,,nasdaq_trader_symbol_directory
NASDAQ,ICG,Intchains Group Limited - American Depositary Shares,Stock,,nasdaq_trader_symbol_directory
NASDAQ,ICHR,Ichor Holdings - Ordinary Shares,Stock,,nasdaq_trader_symbol_directory
NASDAQ,ICLN,iShares Global Clean Energy ETF,ETF,,nasdaq_trader_symbol_directory
NASDAQ,ICLR,ICON plc - Ordinary Shares,Stock,,nasdaq_trader_symbol_directory
NASDAQ,ICMB,"Investcorp Credit Management BDC, Inc. - Common Stock",Stock,,nasdaq_trader_symbol_directory
NASDAQ,ICON,Icon Energy Corp. - Common stock,Stock,,nasdaq_trader_symbol_directory
NASDAQ,ICOP,iShares Copper and Metals Mining ETF,ETF,,nasdaq_trader_symbol_directory
NASDAQ,ICU,SeaStar Medical Holding Corporation - Common Stock,Stock,,nasdaq_trader_symbol_directory
NASDAQ,ICUCW,SeaStar Medical Holding Corporation - Warrant,Stock,,nasdaq_trader_symbol_directory
NASDAQ,ICUI,"ICU Medical, Inc. - Common Stock",Stock,,nasdaq_trader_symbol_directory
NASDAQ,IDACU,Iron Dome Acquisition I Corp. - Units,Stock,,nasdaq_trader_symbol_directory
NASDAQ,IDAI,T Stamp Inc. - Class A Common Stock,Stock,,nasdaq_trader_symbol_directory
NASDAQ,IDCC,"InterDigital, Inc. - Common Stock",Stock,,nasdaq_trader_symbol_directory
NASDAQ,IDEF,iShares Defense Industrials Active ETF,ETF,,nasdaq_trader_symbol_directory
NASDAQ,IDN,"Intellicheck, Inc. - Common Stock",Stock,,nasdaq_trader_symbol_directory
NASDAQ,IDVY,First Trust International Rising Dividend Achievers ETF,ETF,,nasdaq_trader_symbol_directory
NASDAQ,IDXX,"IDEXX Laboratories, Inc. - Common Stock",Stock,,nasdaq_trader_symbol_directory
NASDAQ,IDYA,"IDEAYA Biosciences, Inc. - Common Stock",Stock,,nasdaq_trader_symbol_directory
NASDAQ,IEAG,Infinite Eagle Acquisition Corp. - Class A Ordinary Shares,Stock,,nasdaq_trader_symbol_directory
NASDAQ,IEAGR,Infinite Eagle Acquisition Corp. - Rights,Stock,,nasdaq_trader_symbol_directory
NASDAQ,IEAGU,Infinite Eagle Acquisition Corp. - Unit,Stock,,nasdaq_trader_symbol_directory
NASDAQ,IEF,iShares 7-10 Year Treasury Bond ETF,ETF,,nasdaq_trader_symbol_directory
NASDAQ,IEI,iShares 3-7 Year Treasury Bond ETF,ETF,,nasdaq_trader_symbol_directory
NASDAQ,IEP,Icahn Enterprises L.P. - Depositary Units representing Limited Partner Interests,Stock,,nasdaq_trader_symbol_directory
NASDAQ,IESC,"IES Holdings, Inc. - Common Stock",Stock,,nasdaq_trader_symbol_directory
NASDAQ,IEUS,iShares MSCI Europe Small-Cap ETF,ETF,,nasdaq_trader_symbol_directory
NASDAQ,IFBD,"Infobird Co., Ltd - Ordinary Shares",Stock,,nasdaq_trader_symbol_directory
NASDAQ,IFGL,iShares International Developed Real Estate ETF,ETF,,nasdaq_trader_symbol_directory
NASDAQ,IFLO,VictoryShares International Free Cash Flow ETF,ETF,,nasdaq_trader_symbol_directory
NASDAQ,IFRX,InflaRx N.V. - Common Stock,Stock,,nasdaq_trader_symbol_directory
NASDAQ,IFV,First Trust Dorsey Wright International Focus 5 ETF,ETF,,nasdaq_trader_symbol_directory
NASDAQ,IGAC,Invest Green Acquisition Corporation - Class A Ordinary Shares,Stock,,nasdaq_trader_symbol_directory
NASDAQ,IGACR,Invest Green Acquisition Corporation - Rights,Stock,,nasdaq_trader_symbol_directory
NASDAQ,IGACU,Invest Green Acquisition Corporation - Units,Stock,,nasdaq_trader_symbol_directory
NASDAQ,IGF,iShares Global Infrastructure ETF,ETF,,nasdaq_trader_symbol_directory
NASDAQ,IGIB,iShares 5-10 Year Investment Grade Corporate Bond ETF,ETF,,nasdaq_trader_symbol_directory
NASDAQ,IGIC,International General Insurance Holdings Ltd. - Ordinary Shares,Stock,,nasdaq_trader_symbol_directory
NASDAQ,IGOV,iShares International Treasury Bond ETF,ETF,,nasdaq_trader_symbol_directory
NASDAQ,IGSB,iShares 1-5 Year Investment Grade Corporate Bond ETF,ETF,,nasdaq_trader_symbol_directory
NASDAQ,IHRT,"iHeartMedia, Inc. - Class A Common Stock",Stock,,nasdaq_trader_symbol_directory
NASDAQ,III,"Information Services Group, Inc. - Common Stock",Stock,,nasdaq_trader_symbol_directory
NASDAQ,IIIV,"i3 Verticals, Inc. - Common Stock",Stock,,nasdaq_trader_symbol_directory
NASDAQ,IJT,iShares S&P SmallCap 600 Growth ETF,ETF,,nasdaq_trader_symbol_directory
NASDAQ,IKT,"Inhibikase Therapeutics, Inc. - Common Stock",Stock,,nasdaq_trader_symbol_directory
NASDAQ,ILAG,Intelligent Living Application Group Inc. - Ordinary Shares,Stock,,nasdaq_trader_symbol_directory
NASDAQ,ILIT,iShares Lithium Miners and Producers ETF,ETF,,nasdaq_trader_symbol_directory
NASDAQ,ILLR,Triller Group Inc. - Common Stock,Stock,,nasdaq_trader_symbol_directory
NASDAQ,ILLRW,Triller Group Inc. - Warrant,Stock,,nasdaq_trader_symbol_directory
NASDAQ,ILLU,Illumination Acquisition Corp I - Class A Ordinary Shares,Stock,,nasdaq_trader_symbol_directory
NASDAQ,ILLUU,Illumination Acquisition Corp I - Units,Stock,,nasdaq_trader_symbol_directory
NASDAQ,ILLUW,Illumination Acquisition Corp I - Warrant,Stock,,nasdaq_trader_symbol_directory
NASDAQ,ILMN,"Illumina, Inc. - Common Stock",Stock,,nasdaq_trader_symbol_directory
NASDAQ,ILPT,Industrial Logistics Properties Trust - Common Shares of Beneficial Interest,Stock,,nasdaq_trader_symbol_directory
NASDAQ,IMA,"ImageneBio, Inc. - Common Stock",Stock,,nasdaq_trader_symbol_directory
NASDAQ,IMCC,IM Cannabis Corp. - Common Shares,Stock,,nasdaq_trader_symbol_directory
NASDAQ,IMCR,Immunocore Holdings plc - American Depositary Shares,Stock,,nasdaq_trader_symbol_directory
NASDAQ,IMCV,iShares Morningstar Mid-Cap Value ETF,ETF,,nasdaq_trader_symbol_directory
NASDAQ,IMDX,Insight Molecular Diagnostics Inc. - Common Stock,Stock,,nasdaq_trader_symbol_directory
NASDAQ,IMKTA,"Ingles Markets, Incorporated - Class A Common Stock",Stock,,nasdaq_trader_symbol_directory
NASDAQ,IMMP,Immutep Limited - American Depositary Shares,Stock,,nasdaq_trader_symbol_directory
NASDAQ,IMMR,Immersion Corporation - Common Stock,Stock,,nasdaq_trader_symbol_directory
NASDAQ,IMMX,"Immix Biopharma, Inc. - Common Stock",Stock,,nasdaq_trader_symbol_directory
NASDAQ,IMNM,"Immunome, Inc. - Common Stock",Stock,,nasdaq_trader_symbol_directory
NASDAQ,IMNN,"Imunon, Inc. - Common Stock",Stock,,nasdaq_trader_symbol_directory
NASDAQ,IMOM,Alpha Architect International Quantitative Momentum ETF,ETF,,nasdaq_trader_symbol_directory
NASDAQ,IMOS,ChipMOS TECHNOLOGIES INC. - American Depositary Shares,Stock,,nasdaq_trader_symbol_directory
NASDAQ,IMPP,Imperial Petroleum Inc. - Common Shares,Stock,,nasdaq_trader_symbol_directory
NASDAQ,IMPPP,Imperial Petroleum Inc. - 8.75% Series A Cumulative Redeemable Perpetual Preferred Shares,Stock,,nasdaq_trader_symbol_directory
NASDAQ,IMRN,Immuron Limited - American Depositary Shares,Stock,,nasdaq_trader_symbol_directory
NASDAQ,IMRX,Immuneering Corporation - Class A Common Stock,Stock,,nasdaq_trader_symbol_directory
NASDAQ,IMSR,Terrestrial Energy Inc. - Common Stock,Stock,,nasdaq_trader_symbol_directory
NASDAQ,IMSRW,Terrestrial Energy Inc. - Warrant,Stock,,nasdaq_trader_symbol_directory
NASDAQ,IMTE,Integrated Media Technology Limited - Ordinary Shares,Stock,,nasdaq_trader_symbol_directory
NASDAQ,IMTX,Immatics N.V. - Ordinary Shares,Stock,,nasdaq_trader_symbol_directory
NASDAQ,IMUX,"Immunic, Inc. - Common Stock",Stock,,nasdaq_trader_symbol_directory
NASDAQ,IMVT,"Immunovant, Inc. - Common Stock",Stock,,nasdaq_trader_symbol_directory
NASDAQ,IMXI,"International Money Express, Inc. - Common Stock",Stock,,nasdaq_trader_symbol_directory
NASDAQ,INAB,"IN8bio, Inc. - Common Stock",Stock,,nasdaq_trader_symbol_directory
NASDAQ,INAC,Indigo Acquisition Corp. - Ordinary Shares,Stock,,nasdaq_trader_symbol_directory
NASDAQ,INACR,Indigo Acquisition Corp. - Right,Stock,,nasdaq_trader_symbol_directory
NASDAQ,INACU,Indigo Acquisition Corp. - Unit,Stock,,nasdaq_trader_symbol_directory
NASDAQ,INBK,First Internet Bancorp - Common Stock,Stock,,nasdaq_trader_symbol_directory
NASDAQ,INBKZ,First Internet Bancorp - Fixed-to-Floating Rate Subordinated Notes Due 2029,Stock,,nasdaq_trader_symbol_directory
NASDAQ,INBS,Intelligent Bio Solutions Inc. - Common Stock,Stock,,nasdaq_trader_symbol_directory
NASDAQ,INBX,"Inhibrx Biosciences, Inc. - Common Stock",Stock,,nasdaq_trader_symbol_directory
NASDAQ,INCR,Intercure Ltd. - ordinary shares,Stock,,nasdaq_trader_symbol_directory
NASDAQ,INCY,Incyte Corporation - Common Stock,Stock,,nasdaq_trader_symbol_directory
NASDAQ,IND,Xtrackers Nifty 500 India ETF,ETF,,nasdaq_trader_symbol_directory
NASDAQ,INDB,Independent Bank Corp. - Common Stock,Stock,,nasdaq_trader_symbol_directory
NASDAQ,INDH,WisdomTree India Hedged Equity Fund,ETF,,nasdaq_trader_symbol_directory
NASDAQ,INDI,"indie Semiconductor, Inc. - Class A Common Stock",Stock,,nasdaq_trader_symbol_directory
NASDAQ,INDP,"Indaptus Therapeutics, Inc. - Common Stock",Stock,,nasdaq_trader_symbol_directory
NASDAQ,INDQ,Pacer ActiveAlpha India Quality ETF,ETF,,nasdaq_trader_symbol_directory
NASDAQ,INDV,"Indivior Pharmaceuticals, Inc. - Common Stock",Stock,,nasdaq_trader_symbol_directory
NASDAQ,INDY,iShares India 50 ETF,ETF,,nasdaq_trader_symbol_directory
NASDAQ,INEO,INNEOVA Holdings Limited - Class A Ordinary Shares,Stock,,nasdaq_trader_symbol_directory
NASDAQ,INGN,"Inogen, Inc - Common Stock",Stock,,nasdaq_trader_symbol_directory
NASDAQ,INHD,Inno Holdings Inc. - Common Stock,Stock,,nasdaq_trader_symbol_directory
NASDAQ,INIO,INNIO N.V. - Ordinary Shares,Stock,,nasdaq_trader_symbol_directory
NASDAQ,INKT,"MiNK Therapeutics, Inc. - Common Stock",Stock,,nasdaq_trader_symbol_directory
NASDAQ,INLF,INLIF LIMITED - Class A Ordinary shares,Stock,,nasdaq_trader_symbol_directory
NASDAQ,INM,InMed Pharmaceuticals Inc. - Common Shares,Stock,,nasdaq_trader_symbol_directory
NASDAQ,INMB,INmune Bio Inc. - Common stock,Stock,,nasdaq_trader_symbol_directory
NASDAQ,INMD,InMode Ltd. - Ordinary Shares,Stock,,nasdaq_trader_symbol_directory
NASDAQ,INNV,InnovAge Holding Corp. - Common Stock,Stock,,nasdaq_trader_symbol_directory
NASDAQ,INO,"Inovio Pharmaceuticals, Inc. - Common Stock",Stock,,nasdaq_trader_symbol_directory
NASDAQ,INOD,Innodata Inc. - Common Stock,Stock,,nasdaq_trader_symbol_directory
NASDAQ,INRO,iShares U.S. Industry Rotation Active ETF,ETF,,nasdaq_trader_symbol_directory
NASDAQ,INSE,"Inspired Entertainment, Inc. - Common Stock",Stock,,nasdaq_trader_symbol_directory
NASDAQ,INSG,Inseego Corp. - Common Stock,Stock,,nasdaq_trader_symbol_directory
NASDAQ,INSM,Insmed Incorporated - Common Stock,Stock,,nasdaq_trader_symbol_directory
NASDAQ,INTA,"Intapp, Inc. - Common Stock",Stock,,nasdaq_trader_symbol_directory
NASDAQ,INTC,Intel Corporation - Common Stock,Stock,,nasdaq_trader_symbol_directory
NASDAQ,INTG,The Intergroup Corporation - Common Stock,Stock,,nasdaq_trader_symbol_directory
NASDAQ,INTJ,Intelligent Group Limited - Class A Ordinary Shares,Stock,,nasdaq_trader_symbol_directory
NASDAQ,INTR,Inter & Co. Inc. - Class A Common Shares,Stock,,nasdaq_trader_symbol_directory
NASDAQ,INTS,"Intensity Therapeutics, Inc. - Common Stock",Stock,,nasdaq_trader_symbol_directory
NASDAQ,INTU,Intuit Inc. - Common Stock,Stock,,nasdaq_trader_symbol_directory
NASDAQ,INTW,GraniteShares 2x Long INTC Daily ETF,ETF,,nasdaq_trader_symbol_directory
NASDAQ,INTZ,Intrusion Inc. - Common Stock,Stock,,nasdaq_trader_symbol_directory
NASDAQ,INV,"Innventure, Inc. - Common Stock",Stock,,nasdaq_trader_symbol_directory
NASDAQ,INVA,"Innoviva, Inc. - Common Stock",Stock,,nasdaq_trader_symbol_directory
NASDAQ,INVE,"Identiv, Inc. - Common Stock",Stock,,nasdaq_trader_symbol_directory
NASDAQ,INVZ,Innoviz Technologies Ltd. - Ordinary shares,Stock,,nasdaq_trader_symbol_directory
NASDAQ,IONL,GraniteShares 2x Long IONQ Daily ETF,ETF,,nasdaq_trader_symbol_directory
NASDAQ,IONR,ioneer Ltd - American Depositary Shares,Stock,,nasdaq_trader_symbol_directory
NASDAQ,IONS,"Ionis Pharmaceuticals, Inc. - Common Stock",Stock,,nasdaq_trader_symbol_directory
NASDAQ,IONX,Defiance Daily Target 2X Long IONQ ETF,ETF,,nasdaq_trader_symbol_directory
NASDAQ,IONZ,Defiance Daily Target 2x Short IONQ ETF,ETF,,nasdaq_trader_symbol_directory
NASDAQ,IOSP,Innospec Inc. - Common Stock,Stock,,nasdaq_trader_symbol_directory
NASDAQ,IOTR,iOThree Limited - Ordinary Shares,Stock,,nasdaq_trader_symbol_directory
NASDAQ,IOVA,"Iovance Biotherapeutics, Inc. - Common Stock",Stock,,nasdaq_trader_symbol_directory
NASDAQ,IOYY,GraniteShares YieldBOOST IONQ ETF,ETF,,nasdaq_trader_symbol_directory
NASDAQ,IPAR,"Interparfums, Inc. - Common Stock",Stock,,nasdaq_trader_symbol_directory
NASDAQ,IPCX,Inflection Point Acquisition Corp. III - Class A ordinary shares,Stock,,nasdaq_trader_symbol_directory
NASDAQ,IPCXR,Inflection Point Acquisition Corp. III - Rights,Stock,,nasdaq_trader_symbol_directory
NASDAQ,IPCXU,Inflection Point Acquisition Corp. III - Units,Stock,,nasdaq_trader_symbol_directory
NASDAQ,IPDN,"Professional Diversity Network, Inc. - Common Stock",Stock,,nasdaq_trader_symbol_directory
NASDAQ,IPEX,Inflection Point Acquisition Corp. - Class A Ordinary Shares,Stock,,nasdaq_trader_symbol_directory
NASDAQ,IPEXR,Inflection Point Acquisition Corp. - Right,Stock,,nasdaq_trader_symbol_directory
NASDAQ,IPEXU,Inflection Point Acquisition Corp. - Unit,Stock,,nasdaq_trader_symbol_directory
NASDAQ,IPFX,Inflection Point Acquisition Corp. VI - Class A Ordinary Shares,Stock,,nasdaq_trader_symbol_directory
NASDAQ,IPFXU,Inflection Point Acquisition Corp. VI - Units,Stock,,nasdaq_trader_symbol_directory
NASDAQ,IPFXW,Inflection Point Acquisition Corp. VI - Warrant,Stock,,nasdaq_trader_symbol_directory
NASDAQ,IPGP,IPG Photonics Corporation - Common Stock,Stock,,nasdaq_trader_symbol_directory
NASDAQ,IPHA,Innate Pharma S.A. - American Depositary Shares,Stock,,nasdaq_trader_symbol_directory
NASDAQ,IPKW,Invesco International BuyBack Achievers ETF,ETF,,nasdaq_trader_symbol_directory
NASDAQ,IPM,Intelligent Protection Management Corp. - Common Stock,Stock,,nasdaq_trader_symbol_directory
NASDAQ,IPSC,"Century Therapeutics, Inc. - Common Stock",Stock,,nasdaq_trader_symbol_directory
NASDAQ,IPST,"IP Strategy Holdings, Inc. - Common Stock",Stock,,nasdaq_trader_symbol_directory
NASDAQ,IPVVU,"InterPrivate Investment Partners V, Inc. - Units",Stock,,nasdaq_trader_symbol_directory
NASDAQ,IPW,iPower Inc. - Common Stock,Stock,,nasdaq_trader_symbol_directory
NASDAQ,IPWR,Ideal Power Inc. - Common Stock,Stock,,nasdaq_trader_symbol_directory
NASDAQ,IPX,IperionX Limited - American Depositary Share,Stock,,nasdaq_trader_symbol_directory
NASDAQ,IQ,"iQIYI, Inc. - American Depositary Shares",Stock,,nasdaq_trader_symbol_directory
NASDAQ,IQMX,IQM Quantum Computers Oyj - American Depositary Shares,Stock,,nasdaq_trader_symbol_directory
NASDAQ,IQMXW,IQM Quantum Computers Oyj - Warrants to purchase American Depositary Shares,Stock,,nasdaq_trader_symbol_directory
NASDAQ,IQQQ,ProShares Nasdaq-100 High Income ETF,ETF,,nasdaq_trader_symbol_directory
NASDAQ,IQST,iQSTEL Inc. - Common Stock,Stock,,nasdaq_trader_symbol_directory
NASDAQ,IRD,"Opus Genetics, Inc. - Common Stock",Stock,,nasdaq_trader_symbol_directory
NASDAQ,IRDM,Iridium Communications Inc - Common Stock,Stock,,nasdaq_trader_symbol_directory
NASDAQ,IREG,Leverage Shares 2X Long IREN Daily ETF,ETF,,nasdaq_trader_symbol_directory
NASDAQ,IREN,IREN Limited - Ordinary Shares,Stock,,nasdaq_trader_symbol_directory
NASDAQ,IRHO,Iron Horse Acquisitions II Corp. - Common Stock,Stock,,nasdaq_trader_symbol_directory
NASDAQ,IRHOR,Iron Horse Acquisitions II Corp. - Rights,Stock,,nasdaq_trader_symbol_directory
NASDAQ,IRHOU,Iron Horse Acquisitions II Corp. - Units,Stock,,nasdaq_trader_symbol_directory
NASDAQ,IRIX,IRIDEX Corporation - Common Stock,Stock,,nasdaq_trader_symbol_directory
NASDAQ,IRMD,iRadimed Corporation - Common Stock,Stock,,nasdaq_trader_symbol_directory
NASDAQ,IRON,"Disc Medicine, Inc. - Common Stock",Stock,,nasdaq_trader_symbol_directory
NASDAQ,IRTC,"iRhythm Holdings, Inc. - Common Stock",Stock,,nasdaq_trader_symbol_directory
NASDAQ,IRWD,"Ironwood Pharmaceuticals, Inc. - Class A Common Stock",Stock,,nasdaq_trader_symbol_directory
NASDAQ,ISBA,Isabella Bank Corporation - Common stock,Stock,,nasdaq_trader_symbol_directory
NASDAQ,ISHG,iShares 1-3 Year International Treasury Bond ETF,ETF,,nasdaq_trader_symbol_directory
NASDAQ,ISHP,First Trust S-Network E-Commerce ETF,ETF,,nasdaq_trader_symbol_directory
NASDAQ,ISNRU,Snow Rothschild Acquisition Corp. - Units,Stock,,nasdaq_trader_symbol_directory
NASDAQ,ISPC,iSpecimen Inc. - Common Stock,Stock,,nasdaq_trader_symbol_directory
NASDAQ,ISPR,Ispire Technology Inc. - Common Stock,Stock,,nasdaq_trader_symbol_directory
NASDAQ,ISRG,"Intuitive Surgical, Inc. - Common Stock",Stock,,nasdaq_trader_symbol_directory
NASDAQ,ISSC,"Innovative Solutions and Support, Inc. - Common Stock",Stock,,nasdaq_trader_symbol_directory
NASDAQ,ISTB,iShares Core 1-5 Year USD Bond ETF,ETF,,nasdaq_trader_symbol_directory
NASDAQ,ISTM,iShares Strategic Metals ETF,ETF,,nasdaq_trader_symbol_directory
NASDAQ,ISTR,Investar Holding Corporation - Common Stock,Stock,,nasdaq_trader_symbol_directory
NASDAQ,ISUL,GraniteShares 2x Long ISRG Daily ETF,ETF,,nasdaq_trader_symbol_directory
NASDAQ,ITG,"ITG, Inc. - Class A Common Stock",Stock,,nasdaq_trader_symbol_directory
NASDAQ,ITHA,ITHAX Acquisition Corp III - Class A Ordinary Shares,Stock,,nasdaq_trader_symbol_directory
NASDAQ,ITHAU,ITHAX Acquisition Corp III - Units,Stock,,nasdaq_trader_symbol_directory
NASDAQ,ITHAW,ITHAX Acquisition Corp III - Warrants,Stock,,nasdaq_trader_symbol_directory
NASDAQ,ITIC,Investors Title Company - Common Stock,Stock,,nasdaq_trader_symbol_directory
NASDAQ,ITOC,iTonic Holdings Ltd - Class A Ordinary Shares,Stock,,nasdaq_trader_symbol_directory
NASDAQ,ITRI,"Itron, Inc. - Common Stock",Stock,,nasdaq_trader_symbol_directory
NASDAQ,ITRN,Ituran Location and Control Ltd. - Ordinary Shares,Stock,,nasdaq_trader_symbol_directory
NASDAQ,IUS,Invesco RAFI Strategic US ETF,ETF,,nasdaq_trader_symbol_directory
NASDAQ,IUSB,iShares Core Universal USD Bond ETF,ETF,,nasdaq_trader_symbol_directory
NASDAQ,IUSG,iShares Core S&P U.S. Growth ETF,ETF,,nasdaq_trader_symbol_directory
NASDAQ,IUSV,iShares Core S&P U.S. Value ETF,ETF,,nasdaq_trader_symbol_directory
NASDAQ,IVA,Inventiva S.A. - American Depository Shares,Stock,,nasdaq_trader_symbol_directory
NASDAQ,IVAL,Alpha Architect International Quantitative Value ETF,ETF,,nasdaq_trader_symbol_directory
NASDAQ,IVDA,"Iveda Solutions, Inc. - Common Stock",Stock,,nasdaq_trader_symbol_directory
NASDAQ,IVDAW,"Iveda Solutions, Inc. - Warrant",Stock,,nasdaq_trader_symbol_directory
NASDAQ,IVF,"INVO Fertility, Inc. - Common Stock",Stock,,nasdaq_trader_symbol_directory
NASDAQ,IVSI,Applied Finance IVS International Large ETF,ETF,,nasdaq_trader_symbol_directory
NASDAQ,IVSS,Applied Finance IVS US SMID ETF,ETF,,nasdaq_trader_symbol_directory
NASDAQ,IVSX,Applied Finance IVS International SMID ETF,ETF,,nasdaq_trader_symbol_directory
NASDAQ,IVVD,"Invivyd, Inc. - Common Stock",Stock,,nasdaq_trader_symbol_directory
NASDAQ,IXHL,Incannex Healthcare Inc. - Common Stock,Stock,,nasdaq_trader_symbol_directory
NASDAQ,IXUS,iShares Core MSCI Total International Stock ETF,ETF,,nasdaq_trader_symbol_directory
NASDAQ,IZEA,"IZEA Worldwide, Inc. - Common Stock",Stock,,nasdaq_trader_symbol_directory
NASDAQ,IZM,ICZOOM Group Inc. - Class A Ordinary Shares,Stock,,nasdaq_trader_symbol_directory
NASDAQ,JABRU,JAB Acquisition Corp I - Units,Stock,,nasdaq_trader_symbol_directory
NASDAQ,JACK,Jack In The Box Inc. - Common Stock,Stock,,nasdaq_trader_symbol_directory
NASDAQ,JAGX,"Jaguar Health, Inc. - Common Stock",Stock,,nasdaq_trader_symbol_directory
NASDAQ,JAKK,"JAKKS Pacific, Inc. - Common Stock",Stock,,nasdaq_trader_symbol_directory
NASDAQ,JANX,"Janux Therapeutics, Inc. - Common Stock",Stock,,nasdaq_trader_symbol_directory
NASDAQ,JAPN,Horizon Kinetics Japan Owner Operator ETF,ETF,,nasdaq_trader_symbol_directory
NASDAQ,JATT,JATT II Acquisition Corp - Ordinary Shares,Stock,,nasdaq_trader_symbol_directory
NASDAQ,JAZZ,Jazz Pharmaceuticals plc - Ordinary Shares,Stock,,nasdaq_trader_symbol_directory
NASDAQ,JBDI,JBDI Holdings Limited - Ordinary Shares,Stock,,nasdaq_trader_symbol_directory
NASDAQ,JBHT,"J.B. Hunt Transport Services, Inc. - Common Stock",Stock,,nasdaq_trader_symbol_directory
NASDAQ,JBIO,"Jade Biosciences, Inc. - Common Stock",Stock,,nasdaq_trader_symbol_directory
NASDAQ,JBLU,JetBlue Airways Corporation - Common Stock,Stock,,nasdaq_trader_symbol_directory
NASDAQ,JBSS,"John B. Sanfilippo & Son, Inc. - Common Stock",Stock,,nasdaq_trader_symbol_directory
NASDAQ,JCAP,"Jefferson Capital, Inc. - Common Stock",Stock,,nasdaq_trader_symbol_directory
NASDAQ,JCSE,JE Cleantech Holdings Limited - Ordinary Shares,Stock,,nasdaq_trader_symbol_directory
NASDAQ,JCTC,Jewett-Cameron Trading Company - Common Shares,Stock,,nasdaq_trader_symbol_directory
NASDAQ,JD,"JD.com, Inc. - American Depositary Shares",Stock,,nasdaq_trader_symbol_directory
NASDAQ,JDOC,JPMorgan Healthcare Leaders ETF,ETF,,nasdaq_trader_symbol_directory
NASDAQ,JDZG,JIADE LIMITED - Class A Ordinary Shares,Stock,,nasdaq_trader_symbol_directory
NASDAQ,JEM,707 Cayman Holdings Limited - Ordinary Shares,Stock,,nasdaq_trader_symbol_directory
NASDAQ,JEMA,JPMorgan ActiveBuilders Emerging Markets Equity ETF,ETF,,nasdaq_trader_symbol_directory
NASDAQ,JEPQ,JPMorgan Nasdaq Equity Premium Income ETF,ETF,,nasdaq_trader_symbol_directory
NASDAQ,JF,J and Friends Holdings Limited - American Depositary Shares,Stock,,nasdaq_trader_symbol_directory
NASDAQ,JFB,JFB Construction Holdings - Class A Common Stock,Stock,,nasdaq_trader_symbol_directory
NASDAQ,JFIN,Jiayin Group Inc. - American Depositary Shares,Stock,,nasdaq_trader_symbol_directory
NASDAQ,JFU,9F Inc. - American Depositary Shares,Stock,,nasdaq_trader_symbol_directory
NASDAQ,JG,Aurora Mobile Limited - American Depositary Shares,Stock,,nasdaq_trader_symbol_directory
NASDAQ,JGLO,JPMorgan Global Select Equity ETF,ETF,,nasdaq_trader_symbol_directory
NASDAQ,JHAI,Janus Henderson Global Artificial Intelligence ETF,ETF,,nasdaq_trader_symbol_directory
NASDAQ,JIVE,JPMorgan International Value ETF,ETF,,nasdaq_trader_symbol_directory
NASDAQ,JJSF,J & J Snack Foods Corp. - Common Stock,Stock,,nasdaq_trader_symbol_directory
NASDAQ,JKHY,"Jack Henry & Associates, Inc. - Common Stock",Stock,,nasdaq_trader_symbol_directory
NASDAQ,JL,J-Long Group Limited - Class A Ordinary Shares,Stock,,nasdaq_trader_symbol_directory
NASDAQ,JLHL,Julong Holding Limited - Class A Ordinary Shares,Stock,,nasdaq_trader_symbol_directory
NASDAQ,JMID,Janus Henderson Mid Cap Growth Alpha ETF,ETF,,nasdaq_trader_symbol_directory
NASDAQ,JMSB,"John Marshall Bancorp, Inc. - Common Stock",Stock,,nasdaq_trader_symbol_directory
NASDAQ,JOUT,Johnson Outdoors Inc. - Class A Common Stock,Stock,,nasdaq_trader_symbol_directory
NASDAQ,JOYT,JPMorgan Equity and Options Total Return ETF,ETF,,nasdaq_trader_symbol_directory
NASDAQ,JOYY,JOYY Inc. - American Depositary Shares,Stock,,nasdaq_trader_symbol_directory
NASDAQ,JPEF,JPMorgan Equity Focus ETF,ETF,,nasdaq_trader_symbol_directory
NASDAQ,JPFP,JPMorgan Managed Futures Plus ETF,ETF,,nasdaq_trader_symbol_directory
NASDAQ,JPY,Lazard Japanese Equity ETF,ETF,,nasdaq_trader_symbol_directory
NASDAQ,JRSH,"Jerash Holdings (US), Inc. - Common Stock",Stock,,nasdaq_trader_symbol_directory
NASDAQ,JRVR,"James River Group Holdings, Inc. - Common Stock",Stock,,nasdaq_trader_symbol_directory
NASDAQ,JSM,"Navient Corporation - 6% Senior Notes due December 15, 2043",Stock,,nasdaq_trader_symbol_directory
NASDAQ,JSMD,Janus Henderson Small/Mid Cap Growth Alpha ETF,ETF,,nasdaq_trader_symbol_directory
NASDAQ,JSML,Janus Henderson Small Cap Growth Alpha ETF,ETF,,nasdaq_trader_symbol_directory
NASDAQ,JSPR,"Jasper Therapeutics, Inc. - Class A Common Stock",Stock,,nasdaq_trader_symbol_directory
NASDAQ,JSPRW,"Jasper Therapeutics, Inc. - Warrant",Stock,,nasdaq_trader_symbol_directory
NASDAQ,JTAI,Jet.AI Inc. - Common Stock,Stock,,nasdaq_trader_symbol_directory
NASDAQ,JTEK,JPMorgan U.S. Tech Leaders ETF,ETF,,nasdaq_trader_symbol_directory
NASDAQ,JUNS,"Jupiter Neurosciences, Inc. - Common Stock",Stock,,nasdaq_trader_symbol_directory
NASDAQ,JVA,"Coffee Holding Co., Inc. - Common Stock",Stock,,nasdaq_trader_symbol_directory
NASDAQ,JWEL,Jowell Global Ltd. - Ordinary Shares,Stock,,nasdaq_trader_symbol_directory
NASDAQ,JXG,JX Luxventure Group Inc. - Common Stock,Stock,,nasdaq_trader_symbol_directory
NASDAQ,JYD,Jayud Global Logistics Limited - Class A Ordinary Shares,Stock,,nasdaq_trader_symbol_directory
NASDAQ,JYNT,The Joint Corp. - Common Stock,Stock,,nasdaq_trader_symbol_directory
NASDAQ,JZ,Jianzhi Education Technology Group Company Limited - American Depositary Shares,Stock,,nasdaq_trader_symbol_directory
NASDAQ,JZXN,"Jiuzi Holdings, Inc. - Ordinary Shares",Stock,,nasdaq_trader_symbol_directory
NASDAQ,KALA,"KALA BIO, Inc. - Common Stock",Stock,,nasdaq_trader_symbol_directory
NASDAQ,KALU,Kaiser Aluminum Corporation - Common Stock,Stock,,nasdaq_trader_symbol_directory
NASDAQ,KARD,"Kardigan, Inc. - Common Stock",Stock,,nasdaq_trader_symbol_directory
NASDAQ,KARO,Karooooo Ltd. - Ordinary shares,Stock,,nasdaq_trader_symbol_directory
NASDAQ,KAT,Scharf ETF,ETF,,nasdaq_trader_symbol_directory
NASDAQ,KAZR,Skyline Builders Group Holding Limited - Class A Ordinary Shares,Stock,,nasdaq_trader_symbol_directory
NASDAQ,KBAB,KraneShares 2x Long BABA Daily ETF,ETF,,nasdaq_trader_symbol_directory
NASDAQ,KBDU,KraneShares 2x Long BIDU Daily ETF,ETF,,nasdaq_trader_symbol_directory
NASDAQ,KBON,Karbon Capital Partners Corp. - Class A Ordinary Shares,Stock,,nasdaq_trader_symbol_directory
NASDAQ,KBONU,Karbon Capital Partners Corp. - Units,Stock,,nasdaq_trader_symbol_directory
NASDAQ,KBONW,Karbon Capital Partners Corp. - Warrant,Stock,,nasdaq_trader_symbol_directory
NASDAQ,KBSX,FST Corp. - Ordinary Shares,Stock,,nasdaq_trader_symbol_directory
NASDAQ,KBWB,Invesco KBW Bank ETF,ETF,,nasdaq_trader_symbol_directory
NASDAQ,KBWD,Invesco KBW High Dividend Yield Financial ETF,ETF,,nasdaq_trader_symbol_directory
NASDAQ,KBWP,Invesco KBW Property & Casualty Insurance ETF,ETF,,nasdaq_trader_symbol_directory
NASDAQ,KBWY,Invesco KBW Premium Yield Equity REIT ETF,ETF,,nasdaq_trader_symbol_directory
NASDAQ,KC,Kingsoft Cloud Holdings Limited - American Depositary Shares,Stock,,nasdaq_trader_symbol_directory
NASDAQ,KCHV,Kochav Defense Acquisition Corp. - Class A Ordinary Shares,Stock,,nasdaq_trader_symbol_directory
NASDAQ,KCHVR,Kochav Defense Acquisition Corp. - Right,Stock,,nasdaq_trader_symbol_directory
NASDAQ,KCHVU,Kochav Defense Acquisition Corp. - Units,Stock,,nasdaq_trader_symbol_directory
NASDAQ,KDK,"Kodiak AI, Inc. - Common Stock",Stock,,nasdaq_trader_symbol_directory
NASDAQ,KDKRW,"Kodiak AI, Inc. - Warrant",Stock,,nasdaq_trader_symbol_directory
NASDAQ,KDP,Keurig Dr Pepper Inc. - Common Stock,Stock,,nasdaq_trader_symbol_directory
NASDAQ,KE,"Kimball Electronics, Inc. - Common Stock",Stock,,nasdaq_trader_symbol_directory
NASDAQ,KEAT,Keating Active ETF,ETF,,nasdaq_trader_symbol_directory
NASDAQ,KEEL,Keel Infrastructure Corp. - Common Stock,Stock,,nasdaq_trader_symbol_directory
NASDAQ,KELYA,"Kelly Services, Inc. - Class A Common Stock",Stock,,nasdaq_trader_symbol_directory
NASDAQ,KELYB,"Kelly Services, Inc. - Class B Common Stock",Stock,,nasdaq_trader_symbol_directory
NASDAQ,KEQU,Kewaunee Scientific Corporation - Common Stock,Stock,,nasdaq_trader_symbol_directory
NASDAQ,KEYY,Keystone Acquisition Corp. - Class A Ordinary Shares,Stock,,nasdaq_trader_symbol_directory
NASDAQ,KEYYU,Keystone Acquisition Corp. - Unit,Stock,,nasdaq_trader_symbol_directory
NASDAQ,KEYYW,Keystone Acquisition Corp. - Warrants,Stock,,nasdaq_trader_symbol_directory
NASDAQ,KFFB,Kentucky First Federal Bancorp - Common Stock,Stock,,nasdaq_trader_symbol_directory
NASDAQ,KFII,K&F Growth Acquisition Corp. II - Class A Ordinary shares,Stock,,nasdaq_trader_symbol_directory
NASDAQ,KFIIR,K&F Growth Acquisition Corp. II - Rights,Stock,,nasdaq_trader_symbol_directory
NASDAQ,KFIIU,K&F Growth Acquisition Corp. II - Unit,Stock,,nasdaq_trader_symbol_directory
NASDAQ,KG,"Kestrel Group, Ltd. - Common Stock",Stock,,nasdaq_trader_symbol_directory
NASDAQ,KGEI,Kolibri Global Energy Inc. - Common stock,Stock,,nasdaq_trader_symbol_directory
NASDAQ,KHC,The Kraft Heinz Company - Common Stock,Stock,,nasdaq_trader_symbol_directory
NASDAQ,KIDS,OrthoPediatrics Corp. - Common Stock,Stock,,nasdaq_trader_symbol_directory
NASDAQ,KIDZ,KIDZ AI Inc. - Class B Common Stock,Stock,,nasdaq_trader_symbol_directory
NASDAQ,KIDZW,KIDZ AI Inc. - Warrants,Stock,,nasdaq_trader_symbol_directory
NASDAQ,KINS,"Kingstone Companies, Inc - Common Stock",Stock,,nasdaq_trader_symbol_directory
NASDAQ,KIQQ,KraneShares InspereX Nasdaq Dynamic Buffered High Income Index ETF,ETF,,nasdaq_trader_symbol_directory
NASDAQ,KITT,"Nauticus Robotics, Inc. - Common stock",Stock,,nasdaq_trader_symbol_directory
NASDAQ,KITTW,"Nauticus Robotics, Inc. - Warrant",Stock,,nasdaq_trader_symbol_directory
NASDAQ,KJD,KraneShares 2x Long JD Daily ETF,ETF,,nasdaq_trader_symbol_directory
NASDAQ,KLAC,KLA Corporation - Common Stock,Stock,,nasdaq_trader_symbol_directory
NASDAQ,KLAG,Leverage Shares 2x Long KLAC Daily ETF,ETF,,nasdaq_trader_symbol_directory
NASDAQ,KLIC,"Kulicke and Soffa Industries, Inc. - Common Stock",Stock,,nasdaq_trader_symbol_directory
NASDAQ,KLRA,"Kailera Therapeutics, Inc. - Common stock",Stock,,nasdaq_trader_symbol_directory
NASDAQ,KLRS,"Kalaris Therapeutics, Inc. - Common Stock",Stock,,nasdaq_trader_symbol_directory
NASDAQ,KLTR,"Kaltura, Inc. - Common Stock",Stock,,nasdaq_trader_symbol_directory
NASDAQ,KLXE,"KLX Energy Services Holdings, Inc. - Common Stock",Stock,,nasdaq_trader_symbol_directory
NASDAQ,KMB,Kimberly-Clark Corporation - Common Stock,Stock,,nasdaq_trader_symbol_directory
NASDAQ,KMDA,Kamada Ltd. - Ordinary Shares,Stock,,nasdaq_trader_symbol_directory
NASDAQ,KMLI,KraneShares 2x Long MELI Daily ETF,ETF,,nasdaq_trader_symbol_directory
NASDAQ,KMRK,K-Tech Solutions Company Limited - Class A Ordinary Shares,Stock,,nasdaq_trader_symbol_directory
NASDAQ,KMTS,"Kestra Medical Technologies, Ltd. - Common Stock",Stock,,nasdaq_trader_symbol_directory
NASDAQ,KNDI,"Kandi Technologies Group, Inc. - Ordinary Shares",Stock,,nasdaq_trader_symbol_directory
NASDAQ,KNGZ,First Trust S&P 500 Diversified Dividend Aristocrats ETF,ETF,,nasdaq_trader_symbol_directory
NASDAQ,KNSA,"Kiniksa Pharmaceuticals International, plc - Class A Ordinary Shares",Stock,,nasdaq_trader_symbol_directory
NASDAQ,KOD,Kodiak Sciences Inc - Common Stock,Stock,,nasdaq_trader_symbol_directory
NASDAQ,KOID,KraneShares Global Humanoid Robotics and Physical AI Index ETF,ETF,,nasdaq_trader_symbol_directory
NASDAQ,KOPN,Kopin Corporation - Common Stock,Stock,,nasdaq_trader_symbol_directory
NASDAQ,KOSS,Koss Corporation - Common Stock,Stock,,nasdaq_trader_symbol_directory
NASDAQ,KOYN,CSLM Digital Asset Acquisition Corp III - Class A Ordinary Shares,Stock,,nasdaq_trader_symbol_directory
NASDAQ,KOYNU,CSLM Digital Asset Acquisition Corp III - Units,Stock,,nasdaq_trader_symbol_directory
NASDAQ,KOYNW,CSLM Digital Asset Acquisition Corp III - Warrants,Stock,,nasdaq_trader_symbol_directory
NASDAQ,KPDD,KraneShares 2x Long PDD Daily ETF,ETF,,nasdaq_trader_symbol_directory
NASDAQ,KPLT,"Katapult Holdings, Inc. - Common Stock",Stock,,nasdaq_trader_symbol_directory
NASDAQ,KPRX,"Kiora Pharmaceuticals, Inc. - Common Stock",Stock,,nasdaq_trader_symbol_directory
NASDAQ,KPTI,Karyopharm Therapeutics Inc. - Common Stock,Stock,,nasdaq_trader_symbol_directory
NASDAQ,KQQQ,Kurv Technology Titans Select ETF,ETF,,nasdaq_trader_symbol_directory
NASDAQ,KRAQ,KRAKacquisition Corp - Class A Ordinary Shares,Stock,,nasdaq_trader_symbol_directory
NASDAQ,KRAQU,KRAKacquisition Corp - Unit,Stock,,nasdaq_trader_symbol_directory
NASDAQ,KRAQW,KRAKacquisition Corp - Warrants,Stock,,nasdaq_trader_symbol_directory
NASDAQ,KRKR,36Kr Holdings Inc. - American Depositary Shares,Stock,,nasdaq_trader_symbol_directory
NASDAQ,KRMA,Global X Conscious Companies ETF,ETF,,nasdaq_trader_symbol_directory
NASDAQ,KRMD,"KORU Medical Systems, Inc. - Common Stock",Stock,,nasdaq_trader_symbol_directory
NASDAQ,KRNT,Kornit Digital Ltd. - Ordinary Shares,Stock,,nasdaq_trader_symbol_directory
NASDAQ,KRNY,Kearny Financial - Common Stock,Stock,,nasdaq_trader_symbol_directory
NASDAQ,KROP,Global X AgTech & Food Innovation ETF,ETF,,nasdaq_trader_symbol_directory
NASDAQ,KROS,"Keros Therapeutics, Inc. - common stock",Stock,,nasdaq_trader_symbol_directory
NASDAQ,KRRO,"Korro Bio, Inc. - Common Stock",Stock,,nasdaq_trader_symbol_directory
NASDAQ,KRT,Karat Packaging Inc. - Common Stock,Stock,,nasdaq_trader_symbol_directory
NASDAQ,KRUS,"Kura Sushi USA, Inc. - Class A Common Stock",Stock,,nasdaq_trader_symbol_directory
NASDAQ,KRYS,"Krystal Biotech, Inc. - Common Stock",Stock,,nasdaq_trader_symbol_directory
NASDAQ,KSCP,"Knightscope, Inc. - Class A Common Stock",Stock,,nasdaq_trader_symbol_directory
NASDAQ,KSPI,Joint Stock Company Kaspi.kz - American Depository Shares,Stock,,nasdaq_trader_symbol_directory
NASDAQ,KTCC,Key Tronic Corporation - Common Stock,Stock,,nasdaq_trader_symbol_directory
NASDAQ,KTOS,"Kratos Defense & Security Solutions, Inc. - Common Stock",Stock,,nasdaq_trader_symbol_directory
NASDAQ,KTTA,Pasithea Therapeutics Corp. - Common Stock,Stock,,nasdaq_trader_symbol_directory
NASDAQ,KTTAW,Pasithea Therapeutics Corp. - Warrant,Stock,,nasdaq_trader_symbol_directory
NASDAQ,KTWO,K2 Capital Acquisition Corporation - Class A Ordinary Share,Stock,,nasdaq_trader_symbol_directory
NASDAQ,KTWOR,K2 Capital Acquisition Corporation - Rights,Stock,,nasdaq_trader_symbol_directory
NASDAQ,KTWOU,K2 Capital Acquisition Corporation - Units,Stock,,nasdaq_trader_symbol_directory
NASDAQ,KURA,"Kura Oncology, Inc. - Common Stock",Stock,,nasdaq_trader_symbol_directory
NASDAQ,KUST,"Kustom Entertainment, Inc. - Common Stock",Stock,,nasdaq_trader_symbol_directory
NASDAQ,KVAC,Keen Vision Acquisition Corporation - Ordinary Shares,Stock,,nasdaq_trader_symbol_directory
NASDAQ,KVACU,Keen Vision Acquisition Corporation - Units,Stock,,nasdaq_trader_symbol_directory
NASDAQ,KVACW,Keen Vision Acquisition Corporation - Warrant,Stock,,nasdaq_trader_symbol_directory
NASDAQ,KVHI,"KVH Industries, Inc. - Common Stock",Stock,,nasdaq_trader_symbol_directory
NASDAQ,KWM,"K Wave Media, Ltd. - Ordinary Shares",Stock,,nasdaq_trader_symbol_directory
NASDAQ,KWMWW,"K Wave Media, Ltd. - Warrant",Stock,,nasdaq_trader_symbol_directory
NASDAQ,KXIN,Kaixin Holdings - Ordinary Shares,Stock,,nasdaq_trader_symbol_directory
NASDAQ,KYIV,Kyivstar Group Ltd. - Common Shares,Stock,,nasdaq_trader_symbol_directory
NASDAQ,KYIVW,Kyivstar Group Ltd. - Warrant,Stock,,nasdaq_trader_symbol_directory
NASDAQ,KYMR,"Kymera Therapeutics, Inc. - Common Stock",Stock,,nasdaq_trader_symbol_directory
NASDAQ,KYNB,"Kyntra Bio, Inc. - Common Stock",Stock,,nasdaq_trader_symbol_directory
NASDAQ,KYTX,"Kyverna Therapeutics, Inc. - Common Stock",Stock,,nasdaq_trader_symbol_directory
NASDAQ,KZIA,Kazia Therapeutics Limited - American Depositary Shares,Stock,,nasdaq_trader_symbol_directory
NASDAQ,LAB,Standard BioTools Inc. - Common Stock,Stock,,nasdaq_trader_symbol_directory
NASDAQ,LABT,Lakewood-Amedex Biotherapeutics Inc. - Common Stock,Stock,,nasdaq_trader_symbol_directory
NASDAQ,LACG,Leverage Shares 2X Long LAC Daily ETF,ETF,,nasdaq_trader_symbol_directory
NASDAQ,LAES,SEALSQ Corp - Ordinary Shares,Stock,,nasdaq_trader_symbol_directory
NASDAQ,LAFA,LaFayette Acquisition Corp. - Ordinary Share,Stock,,nasdaq_trader_symbol_directory
NASDAQ,LAFAR,LaFayette Acquisition Corp. - Rights,Stock,,nasdaq_trader_symbol_directory
NASDAQ,LAFAU,LaFayette Acquisition Corp. - Unit,Stock,,nasdaq_trader_symbol_directory
NASDAQ,LAKE,"Lakeland Industries, Inc. - Common Stock",Stock,,nasdaq_trader_symbol_directory
NASDAQ,LAMR,Lamar Advertising Company - Class A Common Stock,Stock,,nasdaq_trader_symbol_directory
NASDAQ,LAND,Gladstone Land Corporation - Common Stock,Stock,,nasdaq_trader_symbol_directory
NASDAQ,LANDO,Gladstone Land Corporation - 6.00% Series B Cumulative Redeemable Preferred Stock,Stock,,nasdaq_trader_symbol_directory
NASDAQ,LANDP,Gladstone Land Corporation - 6.00% Series C Cumulative Redeemable Preferred Stock,Stock,,nasdaq_trader_symbol_directory
NASDAQ,LARK,Landmark Bancorp Inc. - Common Stock,Stock,,nasdaq_trader_symbol_directory
NASDAQ,LASE,Laser Photonics Corporation - Common Stock,Stock,,nasdaq_trader_symbol_directory
NASDAQ,LASR,"nLIGHT, Inc. - Common Stock",Stock,,nasdaq_trader_symbol_directory
NASDAQ,LATA,Galata Acquisition Corp. II - Class A Ordinary Shares,Stock,,nasdaq_trader_symbol_directory
NASDAQ,LATAU,Galata Acquisition Corp. II - Units,Stock,,nasdaq_trader_symbol_directory
NASDAQ,LATAW,Galata Acquisition Corp. II - Warrant,Stock,,nasdaq_trader_symbol_directory
NASDAQ,LAUR,"Laureate Education, Inc. - Common Stock",Stock,,nasdaq_trader_symbol_directory
NASDAQ,LAWR,"Robot Consulting Co., Ltd. - ADS",Stock,,nasdaq_trader_symbol_directory
NASDAQ,LBGJ,Li Bang International Corporation Inc. - Class A Ordinary Shares,Stock,,nasdaq_trader_symbol_directory
NASDAQ,LBRDA,Liberty Broadband Corporation - Class A Common Stock,Stock,,nasdaq_trader_symbol_directory
NASDAQ,LBRDK,Liberty Broadband Corporation - Class C Common Stock,Stock,,nasdaq_trader_symbol_directory
NASDAQ,LBRDP,Liberty Broadband Corporation - Series A Cumulative Redeemable Preferred Stock,Stock,,nasdaq_trader_symbol_directory
NASDAQ,LBRX,LB Pharmaceuticals Inc - Common Stock,Stock,,nasdaq_trader_symbol_directory
NASDAQ,LBTYA,Liberty Global Ltd. - Class A Common Shares,Stock,,nasdaq_trader_symbol_directory
NASDAQ,LBTYB,Liberty Global Ltd. - Class B Common Shares,Stock,,nasdaq_trader_symbol_directory
NASDAQ,LBTYK,Liberty Global Ltd. - Class C Common Shares,Stock,,nasdaq_trader_symbol_directory
NASDAQ,LCCC,Lakeshore Acquisition III Corp. - Ordinary Shares,Stock,,nasdaq_trader_symbol_directory
NASDAQ,LCCCR,Lakeshore Acquisition III Corp. - Rights,Stock,,nasdaq_trader_symbol_directory
NASDAQ,LCCCU,Lakeshore Acquisition III Corp. - Unit,Stock,,nasdaq_trader_symbol_directory
NASDAQ,LCDL,GraniteShares 2x Long LCID Daily ETF,ETF,,nasdaq_trader_symbol_directory
NASDAQ,LCDS,JPMorgan Fundamental Data Science Large Core ETF,ETF,,nasdaq_trader_symbol_directory
NASDAQ,LCFY,Locafy Limited - Ordinary Share,Stock,,nasdaq_trader_symbol_directory
NASDAQ,LCFYW,Locafy Limited - Warrant,Stock,,nasdaq_trader_symbol_directory
NASDAQ,LCID,"Lucid Group, Inc. - Common Stock",Stock,,nasdaq_trader_symbol_directory
NASDAQ,LCNB,LCNB Corporation - Common Stock,Stock,,nasdaq_trader_symbol_directory
NASDAQ,LCUT,"Lifetime Brands, Inc. - Common Stock",Stock,,nasdaq_trader_symbol_directory
NASDAQ,LDEM,iShares ESG MSCI EM Leaders ETF,ETF,,nasdaq_trader_symbol_directory
NASDAQ,LDRX,SGI Enhanced Market Leaders ETF,ETF,,nasdaq_trader_symbol_directory
NASDAQ,LDSF,First Trust Low Duration Strategic Focus ETF,ETF,,nasdaq_trader_symbol_directory
NASDAQ,LE,"Lands' End, Inc. - Common Stock",Stock,,nasdaq_trader_symbol_directory
NASDAQ,LECO,"Lincoln Electric Holdings, Inc. - Common Shares",Stock,,nasdaq_trader_symbol_directory
NASDAQ,LEDS,SemiLEDS Corporation - Common Stock,Stock,,nasdaq_trader_symbol_directory
NASDAQ,LEE,"Lee Enterprises, Incorporated - Common Stock",Stock,,nasdaq_trader_symbol_directory
NASDAQ,LEGH,Legacy Housing Corporation - Common Stock,Stock,,nasdaq_trader_symbol_directory
NASDAQ,LEGN,Legend Biotech Corporation - American Depositary Shares,Stock,,nasdaq_trader_symbol_directory
NASDAQ,LEGR,First Trust Indxx Innovative Transaction & Process ETF,ETF,,nasdaq_trader_symbol_directory
NASDAQ,LEND,SEI High Yield Bond & Alternative Credit ETF,ETF,,nasdaq_trader_symbol_directory
NASDAQ,LENZ,"LENZ Therapeutics, Inc. - Common Stock",Stock,,nasdaq_trader_symbol_directory
NASDAQ,LESL,"Leslie's, Inc. - Common Stock",Stock,,nasdaq_trader_symbol_directory
NASDAQ,LEXI,Alexis Practical Tactical ETF,ETF,,nasdaq_trader_symbol_directory
NASDAQ,LEXX,Lexaria Bioscience Corp. - Common Stock,Stock,,nasdaq_trader_symbol_directory
NASDAQ,LFAC,Leapfrog Acquisition Corporation - Class A Ordinary Shares,Stock,,nasdaq_trader_symbol_directory
NASDAQ,LFACU,Leapfrog Acquisition Corporation - Units,Stock,,nasdaq_trader_symbol_directory
NASDAQ,LFACW,Leapfrog Acquisition Corporation - Warrants,Stock,,nasdaq_trader_symbol_directory
NASDAQ,LFCR,"Lifecore Biomedical, Inc. - Common Stock",Stock,,nasdaq_trader_symbol_directory
NASDAQ,LFMD,"LifeMD, Inc. - Common Stock",Stock,,nasdaq_trader_symbol_directory
NASDAQ,LFMDP,"LifeMD, Inc. - 8.875% Series A Cumulative Perpetual Preferred Stock",Stock,,nasdaq_trader_symbol_directory
NASDAQ,LFS,"LEIFRAS Co., Ltd. - American Depositary Shares",Stock,,nasdaq_trader_symbol_directory
NASDAQ,LFSC,F/m Emerald Life Sciences Innovation ETF,ETF,,nasdaq_trader_symbol_directory
NASDAQ,LFST,"LifeStance Health Group, Inc. - Common Stock",Stock,,nasdaq_trader_symbol_directory
NASDAQ,LFTO,"Liftoff Mobile, Inc. - Common Stock",Stock,,nasdaq_trader_symbol_directory
NASDAQ,LFUS,"Littelfuse, Inc. - Common Stock",Stock,,nasdaq_trader_symbol_directory
NASDAQ,LFVN,Lifevantage Corporation - Common Stock,Stock,,nasdaq_trader_symbol_directory
NASDAQ,LFWD,Lifeward Ltd. - Ordinary Shares,Stock,,nasdaq_trader_symbol_directory
NASDAQ,LGCF,Themes US Cash Flow Champions ETF,ETF,,nasdaq_trader_symbol_directory
NASDAQ,LGCL,Lucas GC Limited - Class A Ordinary Shares,Stock,,nasdaq_trader_symbol_directory
NASDAQ,LGHL,Lion Group Holding Ltd. - American Depositary Share,Stock,,nasdaq_trader_symbol_directory
NASDAQ,LGIH,"LGI Homes, Inc. - Common Stock",Stock,,nasdaq_trader_symbol_directory
NASDAQ,LGN,Legence Corp. - Class A Common stock,Stock,,nasdaq_trader_symbol_directory
NASDAQ,LGND,Ligand Pharmaceuticals Incorporated - Common Stock,Stock,,nasdaq_trader_symbol_directory
NASDAQ,LGO,Largo Inc. - Common Shares,Stock,,nasdaq_trader_symbol_directory
NASDAQ,LGRO,Level Four Large Cap Growth Active ETF,ETF,,nasdaq_trader_symbol_directory
NASDAQ,LGVN,Longeveron Inc. - Class A Common stock,Stock,,nasdaq_trader_symbol_directory
NASDAQ,LHAI,Linkhome Holdings Inc. - Common stock,Stock,,nasdaq_trader_symbol_directory
NASDAQ,LHSW,Lianhe Sowell International Group Ltd - Class A Ordinary Shares,Stock,,nasdaq_trader_symbol_directory
NASDAQ,LI,Li Auto Inc. - American Depositary Shares,Stock,,nasdaq_trader_symbol_directory
NASDAQ,LICN,Lichen International Limited - Class A Ordinary Shares,Stock,,nasdaq_trader_symbol_directory
NASDAQ,LIDR,"AEye, Inc. - Class A Common Stock",Stock,,nasdaq_trader_symbol_directory
NASDAQ,LIDRW,"AEye, Inc. - Warrant",Stock,,nasdaq_trader_symbol_directory
NASDAQ,LIEN,"Chicago Atlantic BDC, Inc. - Common Stock",Stock,,nasdaq_trader_symbol_directory
NASDAQ,LIF,"Life360, Inc. - Common Stock",Stock,,nasdaq_trader_symbol_directory
NASDAQ,LIFE,Ethos Technologies Inc. - Class A Common Stock,Stock,,nasdaq_trader_symbol_directory
NASDAQ,LILA,Liberty Latin America Ltd. - Class A Common Stock,Stock,,nasdaq_trader_symbol_directory
NASDAQ,LILAK,Liberty Latin America Ltd. - Class C Common Stock,Stock,,nasdaq_trader_symbol_directory
NASDAQ,LILAP,Liberty Latin America Ltd. - 9.0% Fixed Rate Cumulative Perpetual Redeemable Series A Preference Shares,Stock,,nasdaq_trader_symbol_directory
NASDAQ,LIME,"Neutron Holdings, Inc. - Common Stock",Stock,,nasdaq_trader_symbol_directory
NASDAQ,LIMN,"Liminatus Pharma, Inc. - Class A Common Stock",Stock,,nasdaq_trader_symbol_directory
NASDAQ,LIMNW,"Liminatus Pharma, Inc. - Warrants",Stock,,nasdaq_trader_symbol_directory
NASDAQ,LIN,Linde plc - Ordinary Shares,Stock,,nasdaq_trader_symbol_directory
NASDAQ,LINC,Lincoln Educational Services Corporation - Common Stock,Stock,,nasdaq_trader_symbol_directory
NASDAQ,LIND,Lindblad Expeditions Holdings Inc. - Common Stock,Stock,,nasdaq_trader_symbol_directory
NASDAQ,LINE,"Lineage, Inc. - Common Stock",Stock,,nasdaq_trader_symbol_directory
NASDAQ,LINK,"Interlink Electronics, Inc. - Common Stock",Stock,,nasdaq_trader_symbol_directory
NASDAQ,LINT,Direxion Daily INTC Bull 2X ETF,ETF,,nasdaq_trader_symbol_directory
NASDAQ,LIQT,"LiqTech International, Inc. - Common Stock",Stock,,nasdaq_trader_symbol_directory
NASDAQ,LITE,Lumentum Holdings Inc. - Common Stock,Stock,,nasdaq_trader_symbol_directory
NASDAQ,LITP,Sprott Lithium Miners ETF,ETF,,nasdaq_trader_symbol_directory
NASDAQ,LITS,"Lite Strategy, Inc. - Common Stock",Stock,,nasdaq_trader_symbol_directory
NASDAQ,LIVE,Live Ventures Incorporated - Common Stock,Stock,,nasdaq_trader_symbol_directory
NASDAQ,LIVN,LivaNova PLC - Ordinary Shares,Stock,,nasdaq_trader_symbol_directory
NASDAQ,LIXT,"Lixte Biotechnology Holdings, Inc. - Common Stock",Stock,,nasdaq_trader_symbol_directory
NASDAQ,LKFN,Lakeland Financial Corporation - Common Stock,Stock,,nasdaq_trader_symbol_directory
NASDAQ,LKFT,Lakefront Biotherapeutics - American Depositary Shares,Stock,,nasdaq_trader_symbol_directory
NASDAQ,LKQ,LKQ Corporation - Common Stock,Stock,,nasdaq_trader_symbol_directory
NASDAQ,LKSP,Lake Superior Acquisition Corp. - Class A Ordinary Shares,Stock,,nasdaq_trader_symbol_directory
NASDAQ,LKSPR,Lake Superior Acquisition Corp. - Rights,Stock,,nasdaq_trader_symbol_directory
NASDAQ,LKSPU,Lake Superior Acquisition Corp. - Units,Stock,,nasdaq_trader_symbol_directory
NASDAQ,LLYVA,"Liberty Live Holdings, Inc. - Series A Liberty Live Group Common Stock",Stock,,nasdaq_trader_symbol_directory
NASDAQ,LLYVK,"Liberty Live Holdings, Inc. - Series C Liberty Live Group Common Stock",Stock,,nasdaq_trader_symbol_directory
NASDAQ,LMAT,"LeMaitre Vascular, Inc. - Common Stock",Stock,,nasdaq_trader_symbol_directory
NASDAQ,LMB,"Limbach Holdings, Inc. - Common Stock",Stock,,nasdaq_trader_symbol_directory
NASDAQ,LMBS,First Trust Low Duration Opportunities ETF,ETF,,nasdaq_trader_symbol_directory
NASDAQ,LMFA,"LM Funding America, Inc. - Common Stock",Stock,,nasdaq_trader_symbol_directory
NASDAQ,LMNR,Limoneira Co - Common Stock,Stock,,nasdaq_trader_symbol_directory
NASDAQ,LMNX,Defiance Daily Target 2x Long LMND ETF,ETF,,nasdaq_trader_symbol_directory
NASDAQ,LMRI,"Lumexa Imaging Holdings, Inc. - Common Stock",Stock,,nasdaq_trader_symbol_directory
NASDAQ,LMTL,Direxion Daily LMT Bull 2X ETF,ETF,,nasdaq_trader_symbol_directory
NASDAQ,LNAI,Lunai Bioworks Inc. - Common Stock,Stock,,nasdaq_trader_symbol_directory
NASDAQ,LNKS,Linkers Industries Limited - Class A Ordinary Shares,Stock,,nasdaq_trader_symbol_directory
NASDAQ,LNSR,"LENSAR, Inc. - Common Stock",Stock,,nasdaq_trader_symbol_directory
NASDAQ,LNT,Alliant Energy Corporation - Common Stock,Stock,,nasdaq_trader_symbol_directory
NASDAQ,LNTH,"Lantheus Holdings, Inc. - Common Stock",Stock,,nasdaq_trader_symbol_directory
NASDAQ,LNZA,"LanzaTech Global, Inc. - Common Stock",Stock,,nasdaq_trader_symbol_directory
NASDAQ,LNZAW,"LanzaTech Global, Inc. - Warrant",Stock,,nasdaq_trader_symbol_directory
NASDAQ,LOAN,"Manhattan Bridge Capital, Inc - Common Stock",Stock,,nasdaq_trader_symbol_directory
NASDAQ,LOBO,LOBO TECHNOLOGIES LTD. - Class A Ordinary Shares,Stock,,nasdaq_trader_symbol_directory
NASDAQ,LOCO,"El Pollo Loco Holdings, Inc. - Common Stock",Stock,,nasdaq_trader_symbol_directory
NASDAQ,LOGI,Logitech International S.A. - Registered Shares,Stock,,nasdaq_trader_symbol_directory
NASDAQ,LOGO,Alpha Brands Consumption Leaders ETF,ETF,,nasdaq_trader_symbol_directory
NASDAQ,LONA,"LeonaBio, Inc. - Common Stock",Stock,,nasdaq_trader_symbol_directory
NASDAQ,LOOP,"Loop Industries, Inc. - Common Stock",Stock,,nasdaq_trader_symbol_directory
NASDAQ,LOPE,"Grand Canyon Education, Inc. - Common Stock",Stock,,nasdaq_trader_symbol_directory
NASDAQ,LOT,Lotus Technology Inc. - American Depositary Shares,Stock,,nasdaq_trader_symbol_directory
NASDAQ,LOTI,Liberty One Tactical Income ETF,ETF,,nasdaq_trader_symbol_directory
NASDAQ,LOTWW,Lotus Technology Inc. - Warrants,Stock,,nasdaq_trader_symbol_directory
NASDAQ,LOVE,The Lovesac Company - Common Stock,Stock,,nasdaq_trader_symbol_directory
NASDAQ,LPAA,Launch One Acquisition Corp. - Class A Ordinary Shares,Stock,,nasdaq_trader_symbol_directory
NASDAQ,LPAAU,Launch One Acquisition Corp. - Unit,Stock,,nasdaq_trader_symbol_directory
NASDAQ,LPAAW,Launch One Acquisition Corp. - Warrant,Stock,,nasdaq_trader_symbol_directory
NASDAQ,LPBB,Launch Two Acquisition Corp. - Class A Ordinary Shares,Stock,,nasdaq_trader_symbol_directory
NASDAQ,LPBBU,Launch Two Acquisition Corp. - Unit,Stock,,nasdaq_trader_symbol_directory
NASDAQ,LPBBW,Launch Two Acquisition Corp. - Warrant,Stock,,nasdaq_trader_symbol_directory
NASDAQ,LPCN,Lipocine Inc. - Common Stock,Stock,,nasdaq_trader_symbol_directory
NASDAQ,LPCV,Launchpad Cadenza Acquisition Corp I - Class A Ordinary Share,Stock,,nasdaq_trader_symbol_directory
NASDAQ,LPCVU,Launchpad Cadenza Acquisition Corp I - Unit,Stock,,nasdaq_trader_symbol_directory
NASDAQ,LPCVW,Launchpad Cadenza Acquisition Corp I - Warrant,Stock,,nasdaq_trader_symbol_directory
NASDAQ,LPLA,LPL Financial Holdings Inc. - Common Stock,Stock,,nasdaq_trader_symbol_directory
NASDAQ,LPRO,Open Lending Corporation - Common Stock,Stock,,nasdaq_trader_symbol_directory
NASDAQ,LPSN,"LivePerson, Inc. - Common Stock",Stock,,nasdaq_trader_symbol_directory
NASDAQ,LPTH,"LightPath Technologies, Inc. - Class A Common Stock",Stock,,nasdaq_trader_symbol_directory
NASDAQ,LQ,Simplify Tax Aware Alternatives ETF,ETF,,nasdaq_trader_symbol_directory
NASDAQ,LQDA,Liquidia Corporation - Common Stock,Stock,,nasdaq_trader_symbol_directory
NASDAQ,LQDT,"Liquidity Services, Inc. - Common Stock",Stock,,nasdaq_trader_symbol_directory
NASDAQ,LRCX,Lam Research Corporation - Common Stock,Stock,,nasdaq_trader_symbol_directory
NASDAQ,LRE,"Lead Real Estate Co., Ltd - American Depositary Shares",Stock,,nasdaq_trader_symbol_directory
NASDAQ,LRGE,ClearBridge Large Cap Growth Select ETF,ETF,,nasdaq_trader_symbol_directory
NASDAQ,LRHC,La Rosa Holdings Corp. - Common Stock,Stock,,nasdaq_trader_symbol_directory
NASDAQ,LRMR,"Larimar Therapeutics, Inc. - Common Stock",Stock,,nasdaq_trader_symbol_directory
NASDAQ,LRND,NYLI U.S. Large Cap R&D Leaders ETF,ETF,,nasdaq_trader_symbol_directory
NASDAQ,LSAK,"Lesaka Technologies, Inc. - Common Stock",Stock,,nasdaq_trader_symbol_directory
NASDAQ,LSBK,"Lake Shore Bancorp, Inc. - Common Stock",Stock,,nasdaq_trader_symbol_directory
NASDAQ,LSCC,Lattice Semiconductor Corporation - Common Stock,Stock,,nasdaq_trader_symbol_directory
NASDAQ,LSE,"Leishen Energy Holding Co., Ltd. - Class A Ordinary Shares",Stock,,nasdaq_trader_symbol_directory
NASDAQ,LSH,Lakeside Holding Limited - Common Stock,Stock,,nasdaq_trader_symbol_directory
NASDAQ,LSTA,"Lisata Therapeutics, Inc. - Common Stock",Stock,,nasdaq_trader_symbol_directory
NASDAQ,LSTR,"Landstar System, Inc. - Common Stock",Stock,,nasdaq_trader_symbol_directory
NASDAQ,LTBR,Lightbridge Corporation - Common Stock,Stock,,nasdaq_trader_symbol_directory
NASDAQ,LTCC,Canary Litecoin ETF,ETF,,nasdaq_trader_symbol_directory
NASDAQ,LTGRU,Long Table Growth Corp. - Units,Stock,,nasdaq_trader_symbol_directory
NASDAQ,LTRN,Lantern Pharma Inc. - Common Stock,Stock,,nasdaq_trader_symbol_directory
NASDAQ,LTRX,"Lantronix, Inc. - Common Stock",Stock,,nasdaq_trader_symbol_directory
NASDAQ,LTRYW,Sports Entertainment Gaming Global Corporation - Warrant,Stock,,nasdaq_trader_symbol_directory
NASDAQ,LUCD,Lucid Diagnostics Inc. - Common Stock,Stock,,nasdaq_trader_symbol_directory
NASDAQ,LUCY,"Innovative Eyewear, Inc. - Common Stock",Stock,,nasdaq_trader_symbol_directory
NASDAQ,LUCYW,"Innovative Eyewear, Inc. - Warrants",Stock,,nasdaq_trader_symbol_directory
NASDAQ,LULG,Leverage Shares 2X Long LULU Daily ETF,ETF,,nasdaq_trader_symbol_directory
NASDAQ,LULU,lululemon athletica inc. - Common Stock,Stock,,nasdaq_trader_symbol_directory
NASDAQ,LUNG,Pulmonx Corporation - Common Stock,Stock,,nasdaq_trader_symbol_directory
NASDAQ,LUNR,"Intuitive Machines, Inc. - Class A Common Stock",Stock,,nasdaq_trader_symbol_directory
NASDAQ,LVDS,JPMorgan Fundamental Data Science Large Value ETF,ETF,,nasdaq_trader_symbol_directory
NASDAQ,LVHD,Franklin U.S. Low Volatility High Dividend Index ETF,ETF,,nasdaq_trader_symbol_directory
NASDAQ,LVIG,Longview Advantage Fixed Income ETF,ETF,,nasdaq_trader_symbol_directory
NASDAQ,LVLU,"Lulu's Fashion Lounge Holdings, Inc. - Common Stock",Stock,,nasdaq_trader_symbol_directory
NASDAQ,LVO,"LiveOne, Inc. - Common Stock",Stock,,nasdaq_trader_symbol_directory
NASDAQ,LWAC,LightWave Acquisition Corp. - Class A Ordinary Shares,Stock,,nasdaq_trader_symbol_directory
NASDAQ,LWACU,LightWave Acquisition Corp. - Units,Stock,,nasdaq_trader_symbol_directory
NASDAQ,LWACW,LightWave Acquisition Corp. - Warrants,Stock,,nasdaq_trader_symbol_directory
NASDAQ,LWAY,"Lifeway Foods, Inc. - Common Stock",Stock,,nasdaq_trader_symbol_directory
NASDAQ,LWLG,"Lightwave Logic, Inc. - Common Stock",Stock,,nasdaq_trader_symbol_directory
NASDAQ,LX,LexinFintech Holdings Ltd. - American Depositary Shares,Stock,,nasdaq_trader_symbol_directory
NASDAQ,LXEH,"Lixiang Education Holding Co., Ltd. - American Depositary Shares",Stock,,nasdaq_trader_symbol_directory
NASDAQ,LXEO,"Lexeo Therapeutics, Inc. - Common Stock",Stock,,nasdaq_trader_symbol_directory
NASDAQ,LXRX,"Lexicon Pharmaceuticals, Inc. - Common Stock",Stock,,nasdaq_trader_symbol_directory
NASDAQ,LYEL,"Lyell Immunopharma, Inc. - Common Stock",Stock,,nasdaq_trader_symbol_directory
NASDAQ,LYFT,"Lyft, Inc. - Class A Common Stock",Stock,,nasdaq_trader_symbol_directory
NASDAQ,LYTS,LSI Industries Inc. - Common Stock,Stock,,nasdaq_trader_symbol_directory
NASDAQ,LZ,"LegalZoom.com, Inc. - Common Stock",Stock,,nasdaq_trader_symbol_directory
NASDAQ,LZMH,LZ Technology Holdings Limited - Class B Ordinary Shares,Stock,,nasdaq_trader_symbol_directory
NASDAQ,MAAS,Maase Inc. - Class A Ordinary Shares,Stock,,nasdaq_trader_symbol_directory
NASDAQ,MAAY,GraniteShares YieldBOOST MARA ETF,ETF,,nasdaq_trader_symbol_directory
NASDAQ,MACI,Melar Acquisition Corp. I - Class A Ordinary Shares,Stock,,nasdaq_trader_symbol_directory
NASDAQ,MACIU,Melar Acquisition Corp. I - Unit,Stock,,nasdaq_trader_symbol_directory
NASDAQ,MACIW,Melar Acquisition Corp. I - Warrant,Stock,,nasdaq_trader_symbol_directory
NASDAQ,MAGH,Magnitude International Ltd - Ordinary Shares,Stock,,nasdaq_trader_symbol_directory
NASDAQ,MAKO,Mako Mining Corp - Common Stock,Stock,,nasdaq_trader_symbol_directory
NASDAQ,MAMA,"Mama's Creations, Inc. - Common Stock",Stock,,nasdaq_trader_symbol_directory
NASDAQ,MAMK,MaxsMaking Inc. - Class A Ordinary Shares,Stock,,nasdaq_trader_symbol_directory
NASDAQ,MAMO,Massimo Group - Common Stock,Stock,,nasdaq_trader_symbol_directory
NASDAQ,MANH,"Manhattan Associates, Inc. - Common Stock",Stock,,nasdaq_trader_symbol_directory
NASDAQ,MAR,Marriott International - Class A Common Stock,Stock,,nasdaq_trader_symbol_directory
NASDAQ,MARA,"MARA Holdings, Inc. - Common Stock",Stock,,nasdaq_trader_symbol_directory
NASDAQ,MARPS,Marine Petroleum Trust - Units of Beneficial Interest,Stock,,nasdaq_trader_symbol_directory
NASDAQ,MASK,3 E Network Technology Group Ltd - Class A Ordinary Shares,Stock,,nasdaq_trader_symbol_directory
NASDAQ,MASS,908 Devices Inc. - Common Stock,Stock,,nasdaq_trader_symbol_directory
NASDAQ,MAT,"Mattel, Inc. - Common Stock",Stock,,nasdaq_trader_symbol_directory
NASDAQ,MATE,Man Active Trend Enhanced ETF,ETF,,nasdaq_trader_symbol_directory
NASDAQ,MATH,Metalpha Technology Holding Limited - Ordinary Shares,Stock,,nasdaq_trader_symbol_directory
NASDAQ,MATW,Matthews International Corporation - Class A Common Stock,Stock,,nasdaq_trader_symbol_directory
NASDAQ,MAXI,Simplify Bitcoin Strategy PLUS Income ETF,ETF,,nasdaq_trader_symbol_directory
NASDAQ,MAYS,"J. W. Mays, Inc. - Common Stock",Stock,,nasdaq_trader_symbol_directory
NASDAQ,MAZE,"Maze Therapeutics, Inc. - Common Stock",Stock,,nasdaq_trader_symbol_directory
NASDAQ,MB,MasterBeef Group - Ordinary Shares,Stock,,nasdaq_trader_symbol_directory
NASDAQ,MBAI,Check-Cap Ltd. - Ordinary Share,Stock,,nasdaq_trader_symbol_directory
NASDAQ,MBAV,M3-Brigade Acquisition V Corp. - Class A Ordinary shares,Stock,,nasdaq_trader_symbol_directory
NASDAQ,MBAVU,M3-Brigade Acquisition V Corp. - Units,Stock,,nasdaq_trader_symbol_directory
NASDAQ,MBAVW,M3-Brigade Acquisition V Corp. - Warrant,Stock,,nasdaq_trader_symbol_directory
NASDAQ,MBB,iShares MBS ETF,ETF,,nasdaq_trader_symbol_directory
NASDAQ,MBBC,"Marathon Bancorp, Inc. - Common Stock",Stock,,nasdaq_trader_symbol_directory
NASDAQ,MBIN,Merchants Bancorp - Common Stock,Stock,,nasdaq_trader_symbol_directory
NASDAQ,MBINL,"Merchants Bancorp - Depositary Shares, Each Representing a 1/40th Interest in a Share of 7.625% Fixed Rate Series E Non-Cumulative Perpetual Preferred Stock, without par value",Stock,,nasdaq_trader_symbol_directory
NASDAQ,MBINM,"Merchants Bancorp - Depositary Shares, Each Representing a 1/40th Interest in a Share of 8.25% Fixed-Rate Reset Series D Non-Cumulative Perpetual Preferred Stock",Stock,,nasdaq_trader_symbol_directory
NASDAQ,MBINN,Merchants Bancorp - Depositary Shares 6.00% Fixed Rate Series C Non-Cumulative Perpetual Preferred Stock,Stock,,nasdaq_trader_symbol_directory
NASDAQ,MBIO,"Mustang Bio, Inc. - Common Stock",Stock,,nasdaq_trader_symbol_directory
NASDAQ,MBLY,Mobileye Global Inc. - Class A Common Stock,Stock,,nasdaq_trader_symbol_directory
NASDAQ,MBNKO,"Medallion Bank - Fixed-Rate Reset Non-Cumulative Perpetual Preferred Stock, Series G, par value $1.00 per share",Stock,,nasdaq_trader_symbol_directory
NASDAQ,MBOT,Microbot Medical Inc. - Common Stock,Stock,,nasdaq_trader_symbol_directory
NASDAQ,MBRX,"Moleculin Biotech, Inc. - Common Stock",Stock,,nasdaq_trader_symbol_directory
NASDAQ,MBS,Angel Oak Mortgage-Backed Securities ETF,ETF,,nasdaq_trader_symbol_directory
NASDAQ,MBUU,"Malibu Boats, Inc. - Common Stock",Stock,,nasdaq_trader_symbol_directory
NASDAQ,MBVI,M3-Brigade Acquisition VI Corp. - Class A Ordinary Shares,Stock,,nasdaq_trader_symbol_directory
NASDAQ,MBVIU,M3-Brigade Acquisition VI Corp. - Units,Stock,,nasdaq_trader_symbol_directory
NASDAQ,MBVIW,M3-Brigade Acquisition VI Corp. - Warrant,Stock,,nasdaq_trader_symbol_directory
NASDAQ,MBWM,Mercantile Bank Corporation - Common Stock,Stock,,nasdaq_trader_symbol_directory
NASDAQ,MBX,"MBX Biosciences, Inc. - Common Stock",Stock,,nasdaq_trader_symbol_directory
NASDAQ,MCAH,Mountain Crest Acquisition 6 Corp. - Ordinary Shares,Stock,,nasdaq_trader_symbol_directory
NASDAQ,MCAHR,Mountain Crest Acquisition 6 Corp. - Rights,Stock,,nasdaq_trader_symbol_directory
NASDAQ,MCAHU,Mountain Crest Acquisition 6 Corp. - Units,Stock,,nasdaq_trader_symbol_directory
NASDAQ,MCBS,"MetroCity Bankshares, Inc. - Common Stock",Stock,,nasdaq_trader_symbol_directory
NASDAQ,MCDS,JPMorgan Fundamental Data Science Mid Core ETF,ETF,,nasdaq_trader_symbol_directory
NASDAQ,MCFT,"MasterCraft Boat Holdings, Inc. - Common Stock",Stock,,nasdaq_trader_symbol_directory
NASDAQ,MCGA,Yorkville Acquisition Corp. - Class A Ordinary Share,Stock,,nasdaq_trader_symbol_directory
NASDAQ,MCGAU,Yorkville Acquisition Corp. - Unit,Stock,,nasdaq_trader_symbol_directory
NASDAQ,MCGAW,Yorkville Acquisition Corp. - Warrant,Stock,,nasdaq_trader_symbol_directory
NASDAQ,MCHB,Mechanics Bancorp - Class A Common Stock,Stock,,nasdaq_trader_symbol_directory
NASDAQ,MCHI,iShares MSCI China ETF,ETF,,nasdaq_trader_symbol_directory
NASDAQ,MCHP,Microchip Technology Incorporated - Common Stock,Stock,,nasdaq_trader_symbol_directory
NASDAQ,MCHPP,Microchip Technology Incorporated - Depositary Shares Each Representing a 1/20th Interest in a Share of 7.50% Series A Mandatory Convertible Preferred Stock,Stock,,nasdaq_trader_symbol_directory
NASDAQ,MCHS,Matthews China Innovators Active ETF,ETF,,nasdaq_trader_symbol_directory
NASDAQ,MCHX,"Marchex, Inc. - Class B Common Stock",Stock,,nasdaq_trader_symbol_directory
NASDAQ,MCRB,"Seres Therapeutics, Inc. - Common Stock",Stock,,nasdaq_trader_symbol_directory
NASDAQ,MCRI,"Monarch Casino & Resort, Inc. - Common Stock",Stock,,nasdaq_trader_symbol_directory
NASDAQ,MCTA,Charming Medical Limited - Class A Ordinary Shares,Stock,,nasdaq_trader_symbol_directory
NASDAQ,MDAI,"Spectral AI, Inc. - Class A Common Stock",Stock,,nasdaq_trader_symbol_directory
NASDAQ,MDAIW,"Spectral AI, Inc. - Warrants",Stock,,nasdaq_trader_symbol_directory
NASDAQ,MDB,"MongoDB, Inc. - Class A Common Stock",Stock,,nasdaq_trader_symbol_directory
NASDAQ,MDBH,"MDB Capital Holdings, LLC - Class A common",Stock,,nasdaq_trader_symbol_directory
NASDAQ,MDCX,Medicus Pharma Ltd. - Common Stock,Stock,,nasdaq_trader_symbol_directory
NASDAQ,MDCXW,Medicus Pharma Ltd. - Warrant,Stock,,nasdaq_trader_symbol_directory
NASDAQ,MDGL,"Madrigal Pharmaceuticals, Inc. - Common Stock",Stock,,nasdaq_trader_symbol_directory
NASDAQ,MDIA,Mediaco Holding Inc. - Class A Common Stock,Stock,,nasdaq_trader_symbol_directory
NASDAQ,MDIV,Multi-Asset Diversified Income Index Fund,ETF,,nasdaq_trader_symbol_directory
NASDAQ,MDLN,Medline Inc. - Class A common stock,Stock,,nasdaq_trader_symbol_directory
NASDAQ,MDLZ,"Mondelez International, Inc. - Class A Common Stock",Stock,,nasdaq_trader_symbol_directory
NASDAQ,MDRR,"Medalist Diversified, Inc. - Common Stock",Stock,,nasdaq_trader_symbol_directory
NASDAQ,MDWD,MediWound Ltd. - Ordinary Shares,Stock,,nasdaq_trader_symbol_directory
NASDAQ,MDXG,"MiMedx Group, Inc - Common Stock",Stock,,nasdaq_trader_symbol_directory
NASDAQ,MDXH,MDxHealth SA - Ordinary Shares,Stock,,nasdaq_trader_symbol_directory
NASDAQ,MEDP,"Medpace Holdings, Inc. - Common Stock",Stock,,nasdaq_trader_symbol_directory
NASDAQ,MEDX,Horizon Kinetics Medical ETF,ETF,,nasdaq_trader_symbol_directory
NASDAQ,MEGL,Magic Empire Global Limited - Class A Ordinary Shares,Stock,,nasdaq_trader_symbol_directory
NASDAQ,MELI,"MercadoLibre, Inc. - Common Stock",Stock,,nasdaq_trader_symbol_directory
NASDAQ,MEMA,Man Active Emerging Markets Alternative ETF,ETF,,nasdaq_trader_symbol_directory
NASDAQ,MEMS,Matthews Emerging Markets Discovery Active ETF,ETF,,nasdaq_trader_symbol_directory
NASDAQ,MENS,Jyong Biotech Ltd. - Ordinary shares,Stock,,nasdaq_trader_symbol_directory
NASDAQ,MEOH,Methanex Corporation - Common Stock,Stock,,nasdaq_trader_symbol_directory
NASDAQ,MERC,Mercer International Inc. - Common Stock,Stock,,nasdaq_trader_symbol_directory
NASDAQ,MESH,Meshflow Acquisition Corp. - Class A Ordinary Shares,Stock,,nasdaq_trader_symbol_directory
NASDAQ,MESHU,Meshflow Acquisition Corp. - Units,Stock,,nasdaq_trader_symbol_directory
NASDAQ,MESHW,Meshflow Acquisition Corp. - Warrants,Stock,,nasdaq_trader_symbol_directory
NASDAQ,MESO,Mesoblast Limited - American Depositary Shares,Stock,,nasdaq_trader_symbol_directory
NASDAQ,META,"Meta Platforms, Inc. - Class A Common Stock",Stock,,nasdaq_trader_symbol_directory
NASDAQ,METC,"Ramaco Resources, Inc. - Class A Common Stock",Stock,,nasdaq_trader_symbol_directory
NASDAQ,METCB,"Ramaco Resources, Inc. - Class B Common Stock",Stock,,nasdaq_trader_symbol_directory
NASDAQ,METCI,"Ramaco Resources, Inc. - 8.250% Senior Notes due 2030",Stock,,nasdaq_trader_symbol_directory
NASDAQ,METCZ,"Ramaco Resources, Inc. - 8.375% Senior Notes due 2029",Stock,,nasdaq_trader_symbol_directory
NASDAQ,METD,Direxion Daily META Bear 1X ETF,ETF,,nasdaq_trader_symbol_directory
NASDAQ,METL,Sprott Active Metals & Miners ETF,ETF,,nasdaq_trader_symbol_directory
NASDAQ,METU,Direxion Daily META Bull 2X ETF,ETF,,nasdaq_trader_symbol_directory
NASDAQ,MEVO,M Evo Global Acquisition Corp II - Class A Ordinary Shares,Stock,,nasdaq_trader_symbol_directory
NASDAQ,MEVOU,M Evo Global Acquisition Corp II - Units,Stock,,nasdaq_trader_symbol_directory
NASDAQ,MEVOW,M Evo Global Acquisition Corp II - Warrants,Stock,,nasdaq_trader_symbol_directory
NASDAQ,MFI,mF International Limited - Class A Ordinary Shares,Stock,,nasdaq_trader_symbol_directory
NASDAQ,MFIC,MidCap Financial Investment Corporation - Closed End Fund,Stock,,nasdaq_trader_symbol_directory
NASDAQ,MFICL,MidCap Financial Investment Corporation - 8.00% Notes due 2028,Stock,,nasdaq_trader_symbol_directory
NASDAQ,MFIG,Motley Fool Innovative Growth ETF,ETF,,nasdaq_trader_symbol_directory
NASDAQ,MFIN,Medallion Financial Corp. - Common Stock,Stock,,nasdaq_trader_symbol_directory
NASDAQ,MFLX,First Trust Flexible Municipal High Income ETF,ETF,,nasdaq_trader_symbol_directory
NASDAQ,MFMO,Motley Fool Momentum Factor ETF,ETF,,nasdaq_trader_symbol_directory
NASDAQ,MFPVV,"Midera Food Processing, Inc. - Common Stock When Issued",Stock,,nasdaq_trader_symbol_directory
NASDAQ,MFVL,Motley Fool Value Factor ETF,ETF,,nasdaq_trader_symbol_directory
NASDAQ,MGEE,MGE Energy Inc. - Common Stock,Stock,,nasdaq_trader_symbol_directory
NASDAQ,MGIH,Millennium Group International Holdings Limited - Ordinary Shares,Stock,,nasdaq_trader_symbol_directory
NASDAQ,MGN,Megan Holdings Limited - Class A Ordinary Shares,Stock,,nasdaq_trader_symbol_directory
NASDAQ,MGNI,"Magnite, Inc. - Common Stock",Stock,,nasdaq_trader_symbol_directory
NASDAQ,MGNX,"MacroGenics, Inc. - Common Stock",Stock,,nasdaq_trader_symbol_directory
NASDAQ,MGPI,"MGP Ingredients, Inc. - Common Stock",Stock,,nasdaq_trader_symbol_directory
NASDAQ,MGRC,McGrath RentCorp - Common Stock,Stock,,nasdaq_trader_symbol_directory
NASDAQ,MGRT,Mega Fortune Company Limited - Ordinary Shares,Stock,,nasdaq_trader_symbol_directory
NASDAQ,MGRX,"Mangoceuticals, Inc. - Common Stock",Stock,,nasdaq_trader_symbol_directory
NASDAQ,MGTX,MeiraGTx Holdings plc - Ordinary Shares,Stock,,nasdaq_trader_symbol_directory
NASDAQ,MGX,"Metagenomi Therapeutics, Inc. - Common Stock",Stock,,nasdaq_trader_symbol_directory
NASDAQ,MGYR,"Magyar Bancorp, Inc. - Common Stock",Stock,,nasdaq_trader_symbol_directory
NASDAQ,MIACU,Meridian3 Industrials Acquisition Corp - Units,Stock,,nasdaq_trader_symbol_directory
NASDAQ,MIDD,The Middleby Corporation - Common Stock,Stock,,nasdaq_trader_symbol_directory
NASDAQ,MIDDV,Middleby Corp. - Common Stock Ex-Distribution When Issued,Stock,,nasdaq_trader_symbol_directory
NASDAQ,MILN,Global X Millennial Consumer ETF,ETF,,nasdaq_trader_symbol_directory
NASDAQ,MIMI,Mint Incorporation Limited - Class A Ordinary Shares,Stock,,nasdaq_trader_symbol_directory
NASDAQ,MIND,"MIND Technology, Inc. - Common Stock",Stock,,nasdaq_trader_symbol_directory
NASDAQ,MIRA,"MIRA Pharmaceuticals, Inc. - Common Stock",Stock,,nasdaq_trader_symbol_directory
NASDAQ,MIRM,"Mirum Pharmaceuticals, Inc. - common stock",Stock,,nasdaq_trader_symbol_directory
NASDAQ,MIST,Milestone Pharmaceuticals Inc. - Common Shares,Stock,,nasdaq_trader_symbol_directory
NASDAQ,MITK,"Mitek Systems, Inc. - Common Stock",Stock,,nasdaq_trader_symbol_directory
NASDAQ,MKAM,MKAM ETF,ETF,,nasdaq_trader_symbol_directory
NASDAQ,MKDW,MKDWELL Tech Inc. - Ordinary Shares,Stock,,nasdaq_trader_symbol_directory
NASDAQ,MKDWW,MKDWELL Tech Inc. - Warrants,Stock,,nasdaq_trader_symbol_directory
NASDAQ,MKLY,McKinley Acquisition Corporation - Class A Ordinary Shares,Stock,,nasdaq_trader_symbol_directory
NASDAQ,MKLYR,McKinley Acquisition Corporation - Rights,Stock,,nasdaq_trader_symbol_directory
NASDAQ,MKLYU,McKinley Acquisition Corporation - Units,Stock,,nasdaq_trader_symbol_directory
NASDAQ,MKSI,MKS Inc. - Common Stock,Stock,,nasdaq_trader_symbol_directory
NASDAQ,MKTW,"MarketWise, Inc. - Class A Common Stock",Stock,,nasdaq_trader_symbol_directory
NASDAQ,MKTX,"MarketAxess Holdings, Inc. - Common Stock",Stock,,nasdaq_trader_symbol_directory
NASDAQ,MKZR,"MacKenzie Realty Capital, Inc. - Common Stock",Stock,,nasdaq_trader_symbol_directory
NASDAQ,MLAA,Mountain Lake Acquisition Corp. II - Class A Ordinary Shares,Stock,,nasdaq_trader_symbol_directory
NASDAQ,MLAAU,Mountain Lake Acquisition Corp. II - Units,Stock,,nasdaq_trader_symbol_directory
NASDAQ,MLAAW,Mountain Lake Acquisition Corp. II - Warrants,Stock,,nasdaq_trader_symbol_directory
NASDAQ,MLAB,"Mesa Laboratories, Inc. - Common Stock",Stock,,nasdaq_trader_symbol_directory
NASDAQ,MLCI,Mount Logan Capital Inc. - Common Stock,Stock,,nasdaq_trader_symbol_directory
NASDAQ,MLCIL,Mount Logan Capital Inc. - 8.00% Notes Due 2031,Stock,,nasdaq_trader_symbol_directory
NASDAQ,MLCO,Melco Resorts & Entertainment Limited - American Depositary Shares,Stock,,nasdaq_trader_symbol_directory
NASDAQ,MLEC,Moolec Science SA - Ordinary Shares,Stock,,nasdaq_trader_symbol_directory
NASDAQ,MLECW,Moolec Science SA - Warrant,Stock,,nasdaq_trader_symbol_directory
NASDAQ,MLGO,"MicroAlgo, Inc. - Ordinary Shares",Stock,,nasdaq_trader_symbol_directory
NASDAQ,MLKN,"MillerKnoll, Inc. - Common Stock",Stock,,nasdaq_trader_symbol_directory
NASDAQ,MLTX,MoonLake Immunotherapeutics - Class A Ordinary Shares,Stock,,nasdaq_trader_symbol_directory
NASDAQ,MLYS,"Mineralys Therapeutics, Inc. - Common Stock",Stock,,nasdaq_trader_symbol_directory
NASDAQ,MMED,"MiniMed Group, Inc. - Common Stock",Stock,,nasdaq_trader_symbol_directory
NASDAQ,MMLP,Martin Midstream Partners L.P. - Common Units Representing Limited Partnership Interests,Stock,,nasdaq_trader_symbol_directory
NASDAQ,MMSI,"Merit Medical Systems, Inc. - Common Stock",Stock,,nasdaq_trader_symbol_directory
NASDAQ,MMTX,Miluna Acquisition Corp - Class A Ordinary Shares,Stock,,nasdaq_trader_symbol_directory
NASDAQ,MMTXU,Miluna Acquisition Corp - Units,Stock,,nasdaq_trader_symbol_directory
NASDAQ,MMTXW,Miluna Acquisition Corp - Warrant,Stock,,nasdaq_trader_symbol_directory
NASDAQ,MMYT,MakeMyTrip Limited - Ordinary Shares,Stock,,nasdaq_trader_symbol_directory
NASDAQ,MNDO,MIND C.T.I. Ltd. - Ordinary Shares,Stock,,nasdaq_trader_symbol_directory
NASDAQ,MNDR,Mobile-health Network Solutions - Class A Ordinary Shares,Stock,,nasdaq_trader_symbol_directory
NASDAQ,MNDY,monday.com Ltd. - Ordinary Shares,Stock,,nasdaq_trader_symbol_directory
NASDAQ,MNKD,MannKind Corporation - Common Stock,Stock,,nasdaq_trader_symbol_directory
NASDAQ,MNOV,"MediciNova, Inc. - Common Stock",Stock,,nasdaq_trader_symbol_directory
NASDAQ,MNPR,Monopar Therapeutics Inc. - Common Stock,Stock,,nasdaq_trader_symbol_directory
NASDAQ,MNRO,"Monro, Inc. - Common Stock",Stock,,nasdaq_trader_symbol_directory
NASDAQ,MNSB,"MainStreet Bancshares, Inc. - Common Stock",Stock,,nasdaq_trader_symbol_directory
NASDAQ,MNSBP,"MainStreet Bancshares, Inc. - Depositary Shares",Stock,,nasdaq_trader_symbol_directory
NASDAQ,MNST,Monster Beverage Corporation - Common Stock,Stock,,nasdaq_trader_symbol_directory
NASDAQ,MNTK,"Montauk Renewables, Inc. - Common Stock",Stock,,nasdaq_trader_symbol_directory
NASDAQ,MNTS,Momentus Inc. - Class A Common Stock,Stock,,nasdaq_trader_symbol_directory
NASDAQ,MNTSW,Momentus Inc. - Warrant,Stock,,nasdaq_trader_symbol_directory
NASDAQ,MNVT,Moonvest ETF,ETF,,nasdaq_trader_symbol_directory
NASDAQ,MNY,MoneyHero Limited - Class A Ordinary Shares,Stock,,nasdaq_trader_symbol_directory
NASDAQ,MNYWW,MoneyHero Limited - Warrants,Stock,,nasdaq_trader_symbol_directory
NASDAQ,MNZL,Manzil Russell Halal USA Broad Market ETF,ETF,,nasdaq_trader_symbol_directory
NASDAQ,MOB,Mobilicom Limited - Ordinary Shares,Stock,,nasdaq_trader_symbol_directory
NASDAQ,MOBBW,Mobilicom Limited - Warrants,Stock,,nasdaq_trader_symbol_directory
NASDAQ,MOBI,"Mobia Medical, Inc. - Common Stock",Stock,,nasdaq_trader_symbol_directory
NASDAQ,MOBX,"Mobix Labs, Inc. - Class A Common Stock",Stock,,nasdaq_trader_symbol_directory
NASDAQ,MOBXW,"Mobix Labs, Inc. - Warrants",Stock,,nasdaq_trader_symbol_directory
NASDAQ,MODD,"Modular Medical, Inc. - common stock",Stock,,nasdaq_trader_symbol_directory
NASDAQ,MODL,VictoryShares WestEnd U.S. Sector ETF,ETF,,nasdaq_trader_symbol_directory
NASDAQ,MOLN,Molecular Partners AG - American Depositary Shares,Stock,,nasdaq_trader_symbol_directory
NASDAQ,MOMO,Hello Group Inc. - American Depositary Shares,Stock,,nasdaq_trader_symbol_directory
NASDAQ,MOOD,Relative Sentiment Tactical Allocation ETF,ETF,,nasdaq_trader_symbol_directory
NASDAQ,MORN,"Morningstar, Inc. - Common Stock",Stock,,nasdaq_trader_symbol_directory
NASDAQ,MOVE,"Corvex, Inc. - Common Stock",Stock,,nasdaq_trader_symbol_directory
NASDAQ,MPAA,"Motorcar Parts of America, Inc. - Common Stock",Stock,,nasdaq_trader_symbol_directory
NASDAQ,MPB,Mid Penn Bancorp - Common Stock,Stock,,nasdaq_trader_symbol_directory
NASDAQ,MPG,Leverage Shares 2X Long MP Daily ETF,ETF,,nasdaq_trader_symbol_directory
NASDAQ,MPLT,"MapLight Therapeutics, Inc. - Common Stock",Stock,,nasdaq_trader_symbol_directory
NASDAQ,MPWR,"Monolithic Power Systems, Inc. - Common Stock",Stock,,nasdaq_trader_symbol_directory
NASDAQ,MQ,"Marqeta, Inc. - Class A Common Stock",Stock,,nasdaq_trader_symbol_directory
NASDAQ,MQQQ,Tradr 2X Long Innovation 100 Monthly ETF,ETF,,nasdaq_trader_symbol_directory
NASDAQ,MRA,GraniteShares Autocallable MARA ETF,ETF,,nasdaq_trader_symbol_directory
NASDAQ,MRAL,GraniteShares 2x Long MARA Daily ETF,ETF,,nasdaq_trader_symbol_directory
NASDAQ,MRAM,"Everspin Technologies, Inc. - Common Stock",Stock,,nasdaq_trader_symbol_directory
NASDAQ,MRBK,Meridian Corporation - Common Stock,Stock,,nasdaq_trader_symbol_directory
NASDAQ,MRCY,Mercury Systems Inc - Common Stock,Stock,,nasdaq_trader_symbol_directory
NASDAQ,MRDN,Meridian Holdings Inc. - Common Stock,Stock,,nasdaq_trader_symbol_directory
NASDAQ,MREO,Mereo BioPharma Group plc - American Depositary Shares,Stock,,nasdaq_trader_symbol_directory
NASDAQ,MRKR,"Marker Therapeutics, Inc. - Common Stock",Stock,,nasdaq_trader_symbol_directory
NASDAQ,MRLN,"Merlin, Inc. - Common Stock",Stock,,nasdaq_trader_symbol_directory
NASDAQ,MRM,MEDIROM Healthcare Technologies Inc. - American Depositary Share,Stock,,nasdaq_trader_symbol_directory
NASDAQ,MRNA,"Moderna, Inc. - Common Stock",Stock,,nasdaq_trader_symbol_directory
NASDAQ,MRNO,Murano Global Investments PLC - Ordinary Shares,Stock,,nasdaq_trader_symbol_directory
NASDAQ,MRNOW,Murano Global Investments PLC - Warrants,Stock,,nasdaq_trader_symbol_directory
NASDAQ,MRTN,"Marten Transport, Ltd. - Common Stock",Stock,,nasdaq_trader_symbol_directory
NASDAQ,MRVI,"Maravai LifeSciences Holdings, Inc. - Class A common stock",Stock,,nasdaq_trader_symbol_directory
NASDAQ,MRVL,"Marvell Technology, Inc. - Common Stock",Stock,,nasdaq_trader_symbol_directory
NASDAQ,MRVU,Direxion Daily MRVL Bull 2X ETF,ETF,,nasdaq_trader_symbol_directory
NASDAQ,MRX,Marex Group plc - Ordinary Shares,Stock,,nasdaq_trader_symbol_directory
NASDAQ,MSAI,"MultiSensor AI Holdings, Inc. - Common Stock",Stock,,nasdaq_trader_symbol_directory
NASDAQ,MSAIW,"MultiSensor AI Holdings, Inc. - Warrants",Stock,,nasdaq_trader_symbol_directory
NASDAQ,MSBI,"Midland States Bancorp, Inc. - Common Stock",Stock,,nasdaq_trader_symbol_directory
NASDAQ,MSBIP,"Midland States Bancorp, Inc. - Depositary Shares Each Representing a 1/40th Interest in a Share of 7.750% Fixed-Rate Reset Non-Cumulative Perpetual Preferred Stock, Series A",Stock,,nasdaq_trader_symbol_directory
NASDAQ,MSEX,Middlesex Water Company - Common Stock,Stock,,nasdaq_trader_symbol_directory
NASDAQ,MSFD,Direxion Daily MSFT Bear 1X ETF,ETF,,nasdaq_trader_symbol_directory
NASDAQ,MSFL,GraniteShares 2x Long MSFT Daily ETF,ETF,,nasdaq_trader_symbol_directory
NASDAQ,MSFT,Microsoft Corporation - Common Stock,Stock,,nasdaq_trader_symbol_directory
NASDAQ,MSFU,Direxion Daily MSFT Bull 2X ETF,ETF,,nasdaq_trader_symbol_directory
NASDAQ,MSGM,Motorsport Games Inc. - Class A Common Stock,Stock,,nasdaq_trader_symbol_directory
NASDAQ,MSGY,Masonglory Limited - Ordinary Shares,Stock,,nasdaq_trader_symbol_directory
NASDAQ,MSLE,Satellos Bioscience Inc. - Common Stock,Stock,,nasdaq_trader_symbol_directory
NASDAQ,MSR,GraniteShares Autocallable MSTR ETF,ETF,,nasdaq_trader_symbol_directory
NASDAQ,MSS,Maison Solutions Inc. - Class A Common Stock,Stock,,nasdaq_trader_symbol_directory
NASDAQ,MST,Defiance Leveraged Long + Income MSTR ETF,ETF,,nasdaq_trader_symbol_directory
NASDAQ,MSTP,GraniteShares 2x Long MSTR Daily ETF,ETF,,nasdaq_trader_symbol_directory
NASDAQ,MSTR,Strategy Inc - Class A Common Stock,Stock,,nasdaq_trader_symbol_directory
NASDAQ,MSTX,Defiance Daily Target 2x Long MSTR ETF,ETF,,nasdaq_trader_symbol_directory
NASDAQ,MSW,Ming Shing Group Holdings Limited - Ordinary Shares,Stock,,nasdaq_trader_symbol_directory
NASDAQ,MTC,"MMTec, Inc. - Common Shares",Stock,,nasdaq_trader_symbol_directory
NASDAQ,MTCH,"Match Group, Inc. - Common Stock",Stock,,nasdaq_trader_symbol_directory
NASDAQ,MTEK,Maris-Tech Ltd. - ordinary shares,Stock,,nasdaq_trader_symbol_directory
NASDAQ,MTEKW,Maris-Tech Ltd. - Warrants,Stock,,nasdaq_trader_symbol_directory
NASDAQ,MTEN,Mingteng International Corporation Inc. - Class A Ordinary Shares,Stock,,nasdaq_trader_symbol_directory
NASDAQ,MTEX,"Mannatech, Incorporated - Common Stock",Stock,,nasdaq_trader_symbol_directory
NASDAQ,MTLS,Materialise NV - American Depositary Shares,Stock,,nasdaq_trader_symbol_directory
NASDAQ,MTRX,Matrix Service Company - Common Stock,Stock,,nasdaq_trader_symbol_directory
NASDAQ,MTSI,"MACOM Technology Solutions Holdings, Inc. - Common Stock",Stock,,nasdaq_trader_symbol_directory
NASDAQ,MTVA,MetaVia Inc. - Common Stock,Stock,,nasdaq_trader_symbol_directory
NASDAQ,MTYY,GraniteShares YieldBOOST MSTR ETF,ETF,,nasdaq_trader_symbol_directory
NASDAQ,MU,"Micron Technology, Inc. - Common Stock",Stock,,nasdaq_trader_symbol_directory
NASDAQ,MUD,Direxion Daily MU Bear 1X ETF,ETF,,nasdaq_trader_symbol_directory
NASDAQ,MULL,GraniteShares 2x Long MU Daily ETF,ETF,,nasdaq_trader_symbol_directory
NASDAQ,MULT,Franklin Multisector Income ETF,ETF,,nasdaq_trader_symbol_directory
NASDAQ,MUU,Direxion Daily MU Bull 2X ETF,ETF,,nasdaq_trader_symbol_directory
NASDAQ,MUYY,GraniteShares YieldBOOST MU ETF,ETF,,nasdaq_trader_symbol_directory
NASDAQ,MUZE,Muzero Acquisition Corp - Class A Ordinary Shares,Stock,,nasdaq_trader_symbol_directory
NASDAQ,MUZEU,Muzero Acquisition Corp - Unit,Stock,,nasdaq_trader_symbol_directory
NASDAQ,MUZEW,Muzero Acquisition Corp - Warrant,Stock,,nasdaq_trader_symbol_directory
NASDAQ,MVBF,MVB Financial Corp. - Common Stock,Stock,,nasdaq_trader_symbol_directory
NASDAQ,MVIS,"MicroVision, Inc. - Common Stock",Stock,,nasdaq_trader_symbol_directory
NASDAQ,MVLL,GraniteShares 2x Long MRVL Daily ETF,ETF,,nasdaq_trader_symbol_directory
NASDAQ,MVST,"Microvast Holdings, Inc. - Common Stock",Stock,,nasdaq_trader_symbol_directory
NASDAQ,MVSTW,"Microvast Holdings, Inc. - Warrant",Stock,,nasdaq_trader_symbol_directory
NASDAQ,MWC,"Micware Co., Ltd. - American Depositary Shares",Stock,,nasdaq_trader_symbol_directory
NASDAQ,MWH,"SOLV Energy, Inc. - Class A common stock",Stock,,nasdaq_trader_symbol_directory
NASDAQ,MWYN,"Marwynn Holdings, Inc. - Common stock",Stock,,nasdaq_trader_symbol_directory
NASDAQ,MXCT,"MaxCyte, Inc. - Common Stock",Stock,,nasdaq_trader_symbol_directory
NASDAQ,MXL,"MaxLinear, Inc - Common Stock",Stock,,nasdaq_trader_symbol_directory
NASDAQ,MYCF,State Street My2026 Corporate Bond ETF,ETF,,nasdaq_trader_symbol_directory
NASDAQ,MYCG,State Street My2027 Corporate Bond ETF,ETF,,nasdaq_trader_symbol_directory
NASDAQ,MYCH,State Street My2028 Corporate Bond ETF,ETF,,nasdaq_trader_symbol_directory
NASDAQ,MYCI,State Street My2029 Corporate Bond ETF,ETF,,nasdaq_trader_symbol_directory
NASDAQ,MYCJ,State Street My2030 Corporate Bond ETF,ETF,,nasdaq_trader_symbol_directory
NASDAQ,MYCK,State Street My2031 Corporate Bond ETF,ETF,,nasdaq_trader_symbol_directory
NASDAQ,MYCL,State Street My2032 Corporate Bond ETF,ETF,,nasdaq_trader_symbol_directory
NASDAQ,MYCM,State Street My2033 Corporate Bond ETF,ETF,,nasdaq_trader_symbol_directory
NASDAQ,MYCN,State Street My2034 Corporate Bond ETF,ETF,,nasdaq_trader_symbol_directory
NASDAQ,MYCO,State Street My2035 Corporate Bond ETF,ETF,,nasdaq_trader_symbol_directory
NASDAQ,MYFW,"First Western Financial, Inc. - Common Stock",Stock,,nasdaq_trader_symbol_directory
NASDAQ,MYGN,"Myriad Genetics, Inc. - Common Stock",Stock,,nasdaq_trader_symbol_directory
NASDAQ,MYHA,State Street My2027 High Yield Corporate Bond ETF,ETF,,nasdaq_trader_symbol_directory
NASDAQ,MYHB,State Street My2028 High Yield Corporate Bond ETF,ETF,,nasdaq_trader_symbol_directory
NASDAQ,MYHC,State Street My2029 High Yield Corporate Bond ETF,ETF,,nasdaq_trader_symbol_directory
NASDAQ,MYHD,State Street My2030 High Yield Corporate Bond ETF,ETF,,nasdaq_trader_symbol_directory
NASDAQ,MYHE,State Street My2031 High Yield Corporate Bond ETF,ETF,,nasdaq_trader_symbol_directory
NASDAQ,MYMF,State Street My2026 Municipal Bond ETF,ETF,,nasdaq_trader_symbol_directory
NASDAQ,MYMG,State Street My2027 Municipal Bond ETF,ETF,,nasdaq_trader_symbol_directory
NASDAQ,MYMH,State Street My2028 Municipal Bond ETF,ETF,,nasdaq_trader_symbol_directory
NASDAQ,MYMI,State Street My2029 Municipal Bond ETF,ETF,,nasdaq_trader_symbol_directory
NASDAQ,MYMJ,State Street My2030 Municipal Bond ETF,ETF,,nasdaq_trader_symbol_directory
NASDAQ,MYMK,State Street My2031 Municipal Bond ETF,ETF,,nasdaq_trader_symbol_directory
NASDAQ,MYPS,"PLAYSTUDIOS, Inc. - Class A Common Stock",Stock,,nasdaq_trader_symbol_directory
NASDAQ,MYRG,"MYR Group, Inc. - Common Stock",Stock,,nasdaq_trader_symbol_directory
NASDAQ,MYSE,"Myseum.AI, Inc. - Common Stock",Stock,,nasdaq_trader_symbol_directory
NASDAQ,MYSEW,"Myseum.AI, Inc. - Series A Warrant",Stock,,nasdaq_trader_symbol_directory
NASDAQ,MYSZ,"My Size, Inc. - Common Stock",Stock,,nasdaq_trader_symbol_directory
NASDAQ,MYX,Maywood Acquisition Corp. 2 - Class A Ordinary Share,Stock,,nasdaq_trader_symbol_directory
NASDAQ,MYXXR,Maywood Acquisition Corp. 2 - Rights,Stock,,nasdaq_trader_symbol_directory
NASDAQ,MYXXU,Maywood Acquisition Corp. 2 - Units,Stock,,nasdaq_trader_symbol_directory
NASDAQ,MYXXW,Maywood Acquisition Corp. 2 - Warrants,Stock,,nasdaq_trader_symbol_directory
NASDAQ,MZTI,The Marzetti Company - Common Stock,Stock,,nasdaq_trader_symbol_directory
NASDAQ,NA,Nano Labs Ltd - Class A Ordinary Shares,Stock,,nasdaq_trader_symbol_directory
NASDAQ,NAAS,NaaS Technology Inc. - American Depositary Shares,Stock,,nasdaq_trader_symbol_directory
NASDAQ,NAGE,"Niagen Bioscience, Inc. - Common Stock",Stock,,nasdaq_trader_symbol_directory
NASDAQ,NAII,"Natural Alternatives International, Inc. - Common Stock",Stock,,nasdaq_trader_symbol_directory
NASDAQ,NAKA,Nakamoto Inc. - Common Stock,Stock,,nasdaq_trader_symbol_directory
NASDAQ,NAMI,Jinxin Technology Holding Company - American Depositary Shares,Stock,,nasdaq_trader_symbol_directory
NASDAQ,NAMM,Namib Minerals - Ordinary Shares,Stock,,nasdaq_trader_symbol_directory
NASDAQ,NAMMW,Namib Minerals - Warrants,Stock,,nasdaq_trader_symbol_directory
NASDAQ,NAMS,NewAmsterdam Pharma Company N.V. - Ordinary Shares,Stock,,nasdaq_trader_symbol_directory
NASDAQ,NAMSW,NewAmsterdam Pharma Company N.V. - Warrant,Stock,,nasdaq_trader_symbol_directory
NASDAQ,NATH,"Nathan's Famous, Inc. - Common Stock",Stock,,nasdaq_trader_symbol_directory
NASDAQ,NATO,Themes Transatlantic Defense ETF,ETF,,nasdaq_trader_symbol_directory
NASDAQ,NATR,"Nature's Sunshine Products, Inc. - Common Stock",Stock,,nasdaq_trader_symbol_directory
NASDAQ,NAUT,"Nautilus Biotechnology, Inc. - Common Stock",Stock,,nasdaq_trader_symbol_directory
NASDAQ,NAVI,Navient Corporation - Common Stock,Stock,,nasdaq_trader_symbol_directory
NASDAQ,NAVN,"Navan, Inc. - Class A Common Stock",Stock,,nasdaq_trader_symbol_directory
NASDAQ,NB,NioCorp Developments Ltd. - Common Stock,Stock,,nasdaq_trader_symbol_directory
NASDAQ,NBBK,"NB Bancorp, Inc. - Common Stock",Stock,,nasdaq_trader_symbol_directory
NASDAQ,NBIG,Leverage Shares 2X Long NBIS Daily ETF,ETF,,nasdaq_trader_symbol_directory
NASDAQ,NBIL,GraniteShares 2x Long NBIS Daily ETF,ETF,,nasdaq_trader_symbol_directory
NASDAQ,NBIS,Nebius Group N.V. - Class A Ordinary Shares,Stock,,nasdaq_trader_symbol_directory
NASDAQ,NBIX,"Neurocrine Biosciences, Inc. - Common Stock",Stock,,nasdaq_trader_symbol_directory
NASDAQ,NBN,Northeast Bank - Common Stock,Stock,,nasdaq_trader_symbol_directory
NASDAQ,NBP,NovaBridge Biosciences - American Depositary Shares,Stock,,nasdaq_trader_symbol_directory
NASDAQ,NBRG,Newbridge Acquisition Limited - Class A Ordinary Share,Stock,,nasdaq_trader_symbol_directory
NASDAQ,NBRGR,Newbridge Acquisition Limited - Rights,Stock,,nasdaq_trader_symbol_directory
NASDAQ,NBRGU,Newbridge Acquisition Limited - Unit,Stock,,nasdaq_trader_symbol_directory
NASDAQ,NBTB,NBT Bancorp Inc. - Common Stock,Stock,,nasdaq_trader_symbol_directory
NASDAQ,NBTX,Nanobiotix S.A. - ADSs,Stock,,nasdaq_trader_symbol_directory
NASDAQ,NCEL,NewcelX Ltd. - Ordinary Shares,Stock,,nasdaq_trader_symbol_directory
NASDAQ,NCEW,New Century Logistics (BVI) Limited - Ordinary Shares,Stock,,nasdaq_trader_symbol_directory
NASDAQ,NCI,Neo-Concept International Group Holdings Limited - Class A Ordinary Shares,Stock,,nasdaq_trader_symbol_directory
NASDAQ,NCIQ,Hashdex Nasdaq CME Crypto Index ETF,ETF,,nasdaq_trader_symbol_directory
NASDAQ,NCMI,"National CineMedia, Inc. - Common Stock",Stock,,nasdaq_trader_symbol_directory
NASDAQ,NCNA,NuCana plc - American Depositary Shares,Stock,,nasdaq_trader_symbol_directory
NASDAQ,NCNO,"nCino, Inc. - Common Stock",Stock,,nasdaq_trader_symbol_directory
NASDAQ,NCPB,Nuveen Core Plus Bond ETF,ETF,,nasdaq_trader_symbol_directory
NASDAQ,NCPL,Netcapital Inc. - Common Stock,Stock,,nasdaq_trader_symbol_directory
NASDAQ,NCPLW,Netcapital Inc. - warrants,Stock,,nasdaq_trader_symbol_directory
NASDAQ,NCRA,"Nocera, Inc. - common stock",Stock,,nasdaq_trader_symbol_directory
NASDAQ,NCSM,"NCS Multistage Holdings, Inc. - Common Stock",Stock,,nasdaq_trader_symbol_directory
NASDAQ,NCT,Intercont (Cayman) Limited - Class A Ordinary shares,Stock,,nasdaq_trader_symbol_directory
NASDAQ,NCTY,The9 Limited - American Depository Shares,Stock,,nasdaq_trader_symbol_directory
NASDAQ,NDAA,Ned Davis Research 360 Dynamic Allocation ETF,ETF,,nasdaq_trader_symbol_directory
NASDAQ,NDAQ,"Nasdaq, Inc. - Common Stock",Stock,,nasdaq_trader_symbol_directory
NASDAQ,NDLS,Noodles & Company - Class A Common Stock,Stock,,nasdaq_trader_symbol_directory
NASDAQ,NDRA,ENDRA Life Sciences Inc. - Common Stock,Stock,,nasdaq_trader_symbol_directory
NASDAQ,NDSN,Nordson Corporation - Common Stock,Stock,,nasdaq_trader_symbol_directory
NASDAQ,NECB,"NorthEast Community Bancorp, Inc. - Common Stock",Stock,,nasdaq_trader_symbol_directory
NASDAQ,NEGG,"Newegg Commerce, Inc. - Common Shares",Stock,,nasdaq_trader_symbol_directory
NASDAQ,NEMG,Leverage Shares 2x Long NEM Daily ETF,ETF,,nasdaq_trader_symbol_directory
NASDAQ,NEO,"NeoGenomics, Inc. - Common Stock",Stock,,nasdaq_trader_symbol_directory
NASDAQ,NEOG,Neogen Corporation - Common Stock,Stock,,nasdaq_trader_symbol_directory
NASDAQ,NEON,Neonode Inc. - Common Stock,Stock,,nasdaq_trader_symbol_directory
NASDAQ,NEOV,NeoVolta Inc. - Common Stock,Stock,,nasdaq_trader_symbol_directory
NASDAQ,NEOVW,NeoVolta Inc. - Warrant,Stock,,nasdaq_trader_symbol_directory
NASDAQ,NEPH,"Nephros, Inc. - Common Stock",Stock,,nasdaq_trader_symbol_directory
NASDAQ,NERV,"Minerva Neurosciences, Inc - Common Stock",Stock,,nasdaq_trader_symbol_directory
NASDAQ,NESR,National Energy Services Reunited Corp - Ordinary Shares,Stock,,nasdaq_trader_symbol_directory
NASDAQ,NETG,Leverage Shares 2X Long NET Daily ETF,ETF,,nasdaq_trader_symbol_directory
NASDAQ,NEUP,Neuphoria Therapeutics Inc. - Common Stock,Stock,,nasdaq_trader_symbol_directory
NASDAQ,NEWT,"NewtekOne, Inc. - Common Stock",Stock,,nasdaq_trader_symbol_directory
NASDAQ,NEWTG,"NewtekOne, Inc. - 8.50% Fixed Rate Senior Notes due 2029",Stock,,nasdaq_trader_symbol_directory
NASDAQ,NEWTH,"NewtekOne, Inc. - 8.625% Fixed Rate Senior Notes due 2029",Stock,,nasdaq_trader_symbol_directory
NASDAQ,NEWTI,"NewtekOne, Inc. - 8.00% Fixed Rate Senior Notes due 2028",Stock,,nasdaq_trader_symbol_directory
NASDAQ,NEWTO,"NewtekOne, Inc. - 8.50% Fixed Rate Senior Notes due 2031",Stock,,nasdaq_trader_symbol_directory
NASDAQ,NEWTP,"NewtekOne, Inc. - Depositary Shares, Each Representing a 1/40th Interest in a Share of 8.500% Fixed Rate Reset Non-Cumulative Perpetual Preferred Stock, Series B",Stock,,nasdaq_trader_symbol_directory
NASDAQ,NEWZ,StockSnips AI-Powered Sentiment US All Cap ETF,ETF,,nasdaq_trader_symbol_directory
NASDAQ,NEXM,NexMetals Mining Corp. - Common Stock,Stock,,nasdaq_trader_symbol_directory
NASDAQ,NEXN,Nexxen International Ltd. - Ordinary Shares,Stock,,nasdaq_trader_symbol_directory
NASDAQ,NEXR,Nexera Technologies Ltd - Ordinary Shares,Stock,,nasdaq_trader_symbol_directory
NASDAQ,NEXRW,Nexera Technologies Ltd - Warrant,Stock,,nasdaq_trader_symbol_directory
NASDAQ,NEXT,NextDecade Corporation - Common Stock,Stock,,nasdaq_trader_symbol_directory
NASDAQ,NFBK,"Northfield Bancorp, Inc. - Common Stock",Stock,,nasdaq_trader_symbol_directory
NASDAQ,NFE,New Fortress Energy Inc. - Class A Common Stock,Stock,,nasdaq_trader_symbol_directory
NASDAQ,NFLX,"Netflix, Inc. - Common Stock",Stock,,nasdaq_trader_symbol_directory
NASDAQ,NFRX,Harrison Street Infrastructure Active ETF,ETF,,nasdaq_trader_symbol_directory
NASDAQ,NFTY,First Trust India Nifty 50 Equal Weight ETF,ETF,,nasdaq_trader_symbol_directory
NASDAQ,NFXL,Direxion Daily NFLX Bull 2X ETF,ETF,,nasdaq_trader_symbol_directory
NASDAQ,NFXS,Direxion Daily NFLX Bear 1X ETF,ETF,,nasdaq_trader_symbol_directory
NASDAQ,NGEN,NervGen Pharma Corp. - Common stock,Stock,,nasdaq_trader_symbol_directory
NASDAQ,NGHT,Nicholas Bitcoin and Treasuries AfterDark ETF,ETF,,nasdaq_trader_symbol_directory
NASDAQ,NGNE,Neurogene Inc. - Common Stock,Stock,,nasdaq_trader_symbol_directory
NASDAQ,NHIC,NewHold Investment Corp III - Class A Ordinary shares,Stock,,nasdaq_trader_symbol_directory
NASDAQ,NHICU,NewHold Investment Corp III - Units,Stock,,nasdaq_trader_symbol_directory
NASDAQ,NHICW,NewHold Investment Corp III - Warrants,Stock,,nasdaq_trader_symbol_directory
NASDAQ,NHIV,NewHold Investment Corp IV - Class A Ordinary Shares,Stock,,nasdaq_trader_symbol_directory
NASDAQ,NHIVU,NewHold Investment Corp IV - Units,Stock,,nasdaq_trader_symbol_directory
NASDAQ,NHIVW,NewHold Investment Corp IV - Warrants,Stock,,nasdaq_trader_symbol_directory
NASDAQ,NHP,"National Healthcare Properties, Inc. - Class A Common Stock",Stock,,nasdaq_trader_symbol_directory
NASDAQ,NHPAP,"National Healthcare Properties, Inc. - 7.375% Series A Cumulative Redeemable Perpetual Preferred Stock",Stock,,nasdaq_trader_symbol_directory
NASDAQ,NHPBP,"National Healthcare Properties, Inc. - 7.125% Series B Cumulative Redeemable Perpetual Preferred Stock",Stock,,nasdaq_trader_symbol_directory
NASDAQ,NHTC,Natural Health Trends Corp. - Common Stock,Stock,,nasdaq_trader_symbol_directory
NASDAQ,NICE,NICE Ltd - American Depositary Shares each representing one Ordinary Share,Stock,,nasdaq_trader_symbol_directory
NASDAQ,NICM,Nicola Mining Inc. - American Depositary Shares,Stock,,nasdaq_trader_symbol_directory
NASDAQ,NIKL,Sprott Nickel Miners ETF,ETF,,nasdaq_trader_symbol_directory
NASDAQ,NIOBW,NioCorp Developments Ltd. - Warrant,Stock,,nasdaq_trader_symbol_directory
NASDAQ,NIOG,Leverage Shares 2X Long NIO Daily ETF,ETF,,nasdaq_trader_symbol_directory
NASDAQ,NIPG,NIP Group Inc. - American Depositary Shares,Stock,,nasdaq_trader_symbol_directory
NASDAQ,NIU,Niu Technologies - American Depositary Shares,Stock,,nasdaq_trader_symbol_directory
NASDAQ,NIVF,NewGenIvf Group Limited - Class A Ordinary Shares,Stock,,nasdaq_trader_symbol_directory
NASDAQ,NIVFW,NewGenIvf Group Limited - Warrants,Stock,,nasdaq_trader_symbol_directory
NASDAQ,NIXT,Research Affiliates Deletions ETF,ETF,,nasdaq_trader_symbol_directory
NASDAQ,NIXX,"Nixxy, Inc. - Common Stock",Stock,,nasdaq_trader_symbol_directory
NASDAQ,NKLR,Terra Innovatum Global N.V. - Ordinary shares,Stock,,nasdaq_trader_symbol_directory
NASDAQ,NKSH,"National Bankshares, Inc. - Common Stock",Stock,,nasdaq_trader_symbol_directory
NASDAQ,NKTR,Nektar Therapeutics - Common Stock,Stock,,nasdaq_trader_symbol_directory
NASDAQ,NKTX,"Nkarta, Inc. - Common Stock",Stock,,nasdaq_trader_symbol_directory
NASDAQ,NMFC,New Mountain Finance Corporation - Common Stock,Stock,,nasdaq_trader_symbol_directory
NASDAQ,NMFCZ,New Mountain Finance Corporation - 8.250% Notes due 2028,Stock,,nasdaq_trader_symbol_directory
NASDAQ,NMIH,NMI Holdings Inc - Common Stock,Stock,,nasdaq_trader_symbol_directory
NASDAQ,NMP,NMP Acquisition Corp. - Class A Ordinary Shares,Stock,,nasdaq_trader_symbol_directory
NASDAQ,NMPAR,NMP Acquisition Corp. - Right,Stock,,nasdaq_trader_symbol_directory
NASDAQ,NMPAU,NMP Acquisition Corp. - Units,Stock,,nasdaq_trader_symbol_directory
NASDAQ,NMRA,"Neumora Therapeutics, Inc. - Common Stock",Stock,,nasdaq_trader_symbol_directory
NASDAQ,NMRK,"Newmark Group, Inc. - Class A Common Stock",Stock,,nasdaq_trader_symbol_directory
NASDAQ,NMTC,NeuroOne Medical Technologies Corporation - Common Stock,Stock,,nasdaq_trader_symbol_directory
NASDAQ,NN,NextNav Inc. - Common stock,Stock,,nasdaq_trader_symbol_directory
NASDAQ,NNBR,"NN, Inc. - Common Stock",Stock,,nasdaq_trader_symbol_directory
NASDAQ,NNDM,Nano Dimension Ltd. - American Depositary Shares,Stock,,nasdaq_trader_symbol_directory
NASDAQ,NNE,Nano Nuclear Energy Inc. - common stock,Stock,,nasdaq_trader_symbol_directory
NASDAQ,NNNN,Anbio Biotechnology - Class A Ordinary Shares,Stock,,nasdaq_trader_symbol_directory
NASDAQ,NNOX,NANO-X IMAGING LTD - Ordinary Shares,Stock,,nasdaq_trader_symbol_directory
NASDAQ,NODK,"NI Holdings, Inc. - Common Stock",Stock,,nasdaq_trader_symbol_directory
NASDAQ,NOEM,CO2 Energy Transition Corp. - Common Stock,Stock,,nasdaq_trader_symbol_directory
NASDAQ,NOEMR,CO2 Energy Transition Corp. - Right,Stock,,nasdaq_trader_symbol_directory
NASDAQ,NOEMU,CO2 Energy Transition Corp. - Unit,Stock,,nasdaq_trader_symbol_directory
NASDAQ,NOEMW,CO2 Energy Transition Corp. - Warrant,Stock,,nasdaq_trader_symbol_directory
NASDAQ,NOMA,NOMADAR Corp. - Class A Common Stock,Stock,,nasdaq_trader_symbol_directory
NASDAQ,NOVT,Novanta Inc. - Common Shares,Stock,,nasdaq_trader_symbol_directory
NASDAQ,NOVTU,Novanta Inc. - Tangible Equity Units,Stock,,nasdaq_trader_symbol_directory
NASDAQ,NOWL,GraniteShares 2x Long NOW Daily ETF,ETF,,nasdaq_trader_symbol_directory
NASDAQ,NPAC,New Providence Acquisition Corp. III - Ordinary Shares,Stock,,nasdaq_trader_symbol_directory
NASDAQ,NPACU,New Providence Acquisition Corp. III - Units,Stock,,nasdaq_trader_symbol_directory
NASDAQ,NPACW,New Providence Acquisition Corp. III - Warrants,Stock,,nasdaq_trader_symbol_directory
NASDAQ,NPCE,"Neuropace, Inc. - Common Stock",Stock,,nasdaq_trader_symbol_directory
NASDAQ,NPFI,Nuveen Preferred and Income ETF,ETF,,nasdaq_trader_symbol_directory
NASDAQ,NPT,Texxon Holding Limited - Ordinary shares,Stock,,nasdaq_trader_symbol_directory
NASDAQ,NRC,NRC Health - Common Stock,Stock,,nasdaq_trader_symbol_directory
NASDAQ,NRDS,"NerdWallet, Inc. - Class A Common Stock",Stock,,nasdaq_trader_symbol_directory
NASDAQ,NRES,Xtrackers RREEF Global Natural Resources ETF,ETF,,nasdaq_trader_symbol_directory
NASDAQ,NRIM,Northrim BanCorp Inc - Common Stock,Stock,,nasdaq_trader_symbol_directory
NASDAQ,NRIX,"Nurix Therapeutics, Inc. - Common stock",Stock,,nasdaq_trader_symbol_directory
NASDAQ,NRSN,NeuroSense Therapeutics Ltd. - Ordinary Shares,Stock,,nasdaq_trader_symbol_directory
NASDAQ,NRSNW,NeuroSense Therapeutics Ltd. - Warrant,Stock,,nasdaq_trader_symbol_directory
NASDAQ,NRXP,"NRX Pharmaceuticals, Inc. - Common Stock",Stock,,nasdaq_trader_symbol_directory
NASDAQ,NSI,National Security Emerging Markets Index ETF,ETF,,nasdaq_trader_symbol_directory
NASDAQ,NSIT,"Insight Enterprises, Inc. - Common Stock",Stock,,nasdaq_trader_symbol_directory
NASDAQ,NSLR,Neostellar Capital Corp. - Closed End Fund,Stock,,nasdaq_trader_symbol_directory
NASDAQ,NSLRL,Neostellar Capital Corp. - 6.00% Notes due 2026,Stock,,nasdaq_trader_symbol_directory
NASDAQ,NSPR,InspireMD Inc. - Common Stock,Stock,,nasdaq_trader_symbol_directory
NASDAQ,NSSC,"NAPCO Security Technologies, Inc. - Common Stock",Stock,,nasdaq_trader_symbol_directory
NASDAQ,NSTS,"NSTS Bancorp, Inc. - Common Stock",Stock,,nasdaq_trader_symbol_directory
NASDAQ,NSYS,Nortech Systems Incorporated - Common Stock,Stock,,nasdaq_trader_symbol_directory
NASDAQ,NTAP,"NetApp, Inc. - Common Stock",Stock,,nasdaq_trader_symbol_directory
NASDAQ,NTCL,NETCLASS TECHNOLOGY INC - Class A Ordinary Shares,Stock,,nasdaq_trader_symbol_directory
NASDAQ,NTCT,"NetScout Systems, Inc. - Common Stock",Stock,,nasdaq_trader_symbol_directory
NASDAQ,NTES,"NetEase, Inc. - American Depositary Shares, each representing 5 ordinary shares",Stock,,nasdaq_trader_symbol_directory
NASDAQ,NTGR,"NETGEAR, Inc. - Common Stock",Stock,,nasdaq_trader_symbol_directory
NASDAQ,NTHI,"NeOnc Technologies Holdings, Inc. - Common Stock",Stock,,nasdaq_trader_symbol_directory
NASDAQ,NTIC,Northern Technologies International Corporation - Common Stock,Stock,,nasdaq_trader_symbol_directory
NASDAQ,NTLA,"Intellia Therapeutics, Inc. - Common Stock",Stock,,nasdaq_trader_symbol_directory
NASDAQ,NTNX,"Nutanix, Inc. - Class A Common Stock",Stock,,nasdaq_trader_symbol_directory
NASDAQ,NTRA,"Natera, Inc. - Common Stock",Stock,,nasdaq_trader_symbol_directory
NASDAQ,NTRB,Nutriband Inc. - Common Stock,Stock,,nasdaq_trader_symbol_directory
NASDAQ,NTRBW,Nutriband Inc. - Warrant,Stock,,nasdaq_trader_symbol_directory
NASDAQ,NTRP,"NextTrip, Inc. - Common Stock",Stock,,nasdaq_trader_symbol_directory
NASDAQ,NTRS,Northern Trust Corporation - Common Stock,Stock,,nasdaq_trader_symbol_directory
NASDAQ,NTRSO,"Northern Trust Corporation - Depositary Shares Each Representing a 1/1,000th Interest in a Share of Series E Non-Cumulative Perpetual Preferred Stock",Stock,,nasdaq_trader_symbol_directory
NASDAQ,NTSK,"Netskope, Inc. - Class A Common Stock",Stock,,nasdaq_trader_symbol_directory
NASDAQ,NTWK,NETSOL Technologies Inc. - Common Stock,Stock,,nasdaq_trader_symbol_directory
NASDAQ,NTWO,Newbury Street II Acquisition Corp - Class A Ordinary Shares,Stock,,nasdaq_trader_symbol_directory
NASDAQ,NTWOU,Newbury Street II Acquisition Corp - Unit,Stock,,nasdaq_trader_symbol_directory
NASDAQ,NTWOW,Newbury Street II Acquisition Corp - Warrant,Stock,,nasdaq_trader_symbol_directory
NASDAQ,NUAI,"New Era Energy & Digital, Inc. - Common Stock",Stock,,nasdaq_trader_symbol_directory
NASDAQ,NUAIW,"New Era Energy & Digital, Inc. - Warrants",Stock,,nasdaq_trader_symbol_directory
NASDAQ,NUCL,Eagle Nuclear Energy Corp. - Common stock,Stock,,nasdaq_trader_symbol_directory
NASDAQ,NUCLW,Eagle Nuclear Energy Corp. - Warrants,Stock,,nasdaq_trader_symbol_directory
NASDAQ,NUG,Leverage Shares 2X Long NU Daily ETF,ETF,,nasdaq_trader_symbol_directory
NASDAQ,NUGY,GraniteShares YieldBOOST Gold Miners ETF,ETF,,nasdaq_trader_symbol_directory
NASDAQ,NUIF,Nuveen US Infrastructure ETF,ETF,,nasdaq_trader_symbol_directory
NASDAQ,NUSB,Nuveen Ultra Short Income ETF,ETF,,nasdaq_trader_symbol_directory
NASDAQ,NUTR,Nusatrip Incorporated - Common Stock,Stock,,nasdaq_trader_symbol_directory
NASDAQ,NUTX,Nutex Health Inc. - Common Stock,Stock,,nasdaq_trader_symbol_directory
NASDAQ,NUVL,"Nuvalent, Inc. - Class A Common Stock",Stock,,nasdaq_trader_symbol_directory
NASDAQ,NUWE,"Nuwellis, Inc. - Common Stock",Stock,,nasdaq_trader_symbol_directory
NASDAQ,NVAX,"Novavax, Inc. - Common Stock",Stock,,nasdaq_trader_symbol_directory
NASDAQ,NVCR,NovoCure Limited - Ordinary Shares,Stock,,nasdaq_trader_symbol_directory
NASDAQ,NVCT,"Nuvectis Pharma, Inc. - Common Stock",Stock,,nasdaq_trader_symbol_directory
NASDAQ,NVD,GraniteShares 2x Short NVDA Daily ETF,ETF,,nasdaq_trader_symbol_directory
NASDAQ,NVDA,NVIDIA Corporation - Common Stock,Stock,,nasdaq_trader_symbol_directory
NASDAQ,NVDD,Direxion Daily NVDA Bear 1X ETF,ETF,,nasdaq_trader_symbol_directory
NASDAQ,NVDG,Leverage Shares 2X Long NVDA Daily ETF,ETF,,nasdaq_trader_symbol_directory
NASDAQ,NVDL,GraniteShares 2x Long NVDA Daily ETF,ETF,,nasdaq_trader_symbol_directory
NASDAQ,NVDS,Tradr 1.5X Short NVDA Daily ETF,ETF,,nasdaq_trader_symbol_directory
NASDAQ,NVDU,Direxion Daily NVDA Bull 2X ETF,ETF,,nasdaq_trader_symbol_directory
NASDAQ,NVEC,NVE Corporation - Common Stock,Stock,,nasdaq_trader_symbol_directory
NASDAQ,NVMI,Nova Ltd. - Ordinary Shares,Stock,,nasdaq_trader_symbol_directory
NASDAQ,NVNI,Nvni Group Limited - Ordinary Shares,Stock,,nasdaq_trader_symbol_directory
NASDAQ,NVNIW,Nvni Group Limited - Warrants,Stock,,nasdaq_trader_symbol_directory
NASDAQ,NVNO,enVVeno Medical Corporation - Common Stock,Stock,,nasdaq_trader_symbol_directory
NASDAQ,NVPS,PurePlay Nvidia Ecosystem Picks & Shovels Index ETF,ETF,,nasdaq_trader_symbol_directory
NASDAQ,NVTS,Navitas Semiconductor Corporation - Common Stock,Stock,,nasdaq_trader_symbol_directory
NASDAQ,NVVE,Nuvve Holding Corp. - Common Stock,Stock,,nasdaq_trader_symbol_directory
NASDAQ,NVX,NOVONIX Limited - American Depository Shares,Stock,,nasdaq_trader_symbol_directory
NASDAQ,NVYY,GraniteShares YieldBOOST NVDA ETF,ETF,,nasdaq_trader_symbol_directory
NASDAQ,NWBI,"Northwest Bancshares, Inc. - Common Stock",Stock,,nasdaq_trader_symbol_directory
NASDAQ,NWE,"NorthWestern Energy Group, Inc. - Common Stock",Stock,,nasdaq_trader_symbol_directory
NASDAQ,NWFL,Norwood Financial Corp. - Common Stock,Stock,,nasdaq_trader_symbol_directory
NASDAQ,NWGL,CL Workshop Group Limited - American Depositary Shares,Stock,,nasdaq_trader_symbol_directory
NASDAQ,NWL,Newell Brands Inc. - Common Stock,Stock,,nasdaq_trader_symbol_directory
NASDAQ,NWPX,"NWPX Infrastructure, Inc. - Common Stock",Stock,,nasdaq_trader_symbol_directory
NASDAQ,NWS,News Corporation - Class B Common Stock,Stock,,nasdaq_trader_symbol_directory
NASDAQ,NWSA,News Corporation - Class A Common Stock,Stock,,nasdaq_trader_symbol_directory
NASDAQ,NWTG,"Newton Golf Company, Inc. - Common Stock",Stock,,nasdaq_trader_symbol_directory
NASDAQ,NXGL,"NexGel, Inc - Common Stock",Stock,,nasdaq_trader_symbol_directory
NASDAQ,NXGLW,"NexGel, Inc - Warrant",Stock,,nasdaq_trader_symbol_directory
NASDAQ,NXL,"Nexalin Technology, Inc. - Common Stock",Stock,,nasdaq_trader_symbol_directory
NASDAQ,NXPI,NXP Semiconductors N.V. - Common Stock,Stock,,nasdaq_trader_symbol_directory
NASDAQ,NXPL,NextPlat Corp - Common Stock,Stock,,nasdaq_trader_symbol_directory
NASDAQ,NXST,"Nexstar Media Group, Inc. - Common Stock",Stock,,nasdaq_trader_symbol_directory
NASDAQ,NXT,Nextpower Inc. - Class A Common Stock,Stock,,nasdaq_trader_symbol_directory
NASDAQ,NXTC,"NextCure, Inc. - Common Stock",Stock,,nasdaq_trader_symbol_directory
NASDAQ,NXTG,First Trust Indxx NextG ETF,ETF,,nasdaq_trader_symbol_directory
NASDAQ,NXTS,Nexentis Technologies Inc. - Common Stock,Stock,,nasdaq_trader_symbol_directory
NASDAQ,NXTT,Next Technology Holding Inc. - Ordinary Shares,Stock,,nasdaq_trader_symbol_directory
NASDAQ,NXXT,"NextNRG, Inc. - Common Stock",Stock,,nasdaq_trader_symbol_directory
NASDAQ,NYAX,Nayax Ltd. - Ordinary Shares,Stock,,nasdaq_trader_symbol_directory
NASDAQ,NYXH,Nyxoah SA - Ordinary Shares,Stock,,nasdaq_trader_symbol_directory
NASDAQ,NZAC,State Street SPDR MSCI ACWI Climate Paris Aligned ETF,ETF,,nasdaq_trader_symbol_directory
NASDAQ,OABI,"OmniAb, Inc. - Common Stock",Stock,,nasdaq_trader_symbol_directory
NASDAQ,OABIW,"OmniAb, Inc. - Warrant",Stock,,nasdaq_trader_symbol_directory
NASDAQ,OACC,Oaktree Acquisition Corp. III Life Sciences - Class A Ordinary Share,Stock,,nasdaq_trader_symbol_directory
NASDAQ,OACCU,Oaktree Acquisition Corp. III Life Sciences - Unit,Stock,,nasdaq_trader_symbol_directory
NASDAQ,OACCW,Oaktree Acquisition Corp. III Life Sciences - Warrant,Stock,,nasdaq_trader_symbol_directory
NASDAQ,OBA,Oxley Bridge Acquisition Limited - Class A Ordinary Shares,Stock,,nasdaq_trader_symbol_directory
NASDAQ,OBAI,"Our Bond, Inc. - Common Stock",Stock,,nasdaq_trader_symbol_directory
NASDAQ,OBAWU,Oxley Bridge Acquisition Limited - Unit,Stock,,nasdaq_trader_symbol_directory
NASDAQ,OBAWW,Oxley Bridge Acquisition Limited - Warrants,Stock,,nasdaq_trader_symbol_directory
NASDAQ,OBIL,US Treasury 12 Month Bill ETF,ETF,,nasdaq_trader_symbol_directory
NASDAQ,OBIO,"Orchestra BioMed Holdings, Inc. - Ordinary Shares",Stock,,nasdaq_trader_symbol_directory
NASDAQ,OBT,"Orange County Bancorp, Inc. - Common Stock",Stock,,nasdaq_trader_symbol_directory
NASDAQ,OBTC,Osprey Bitcoin Trust,ETF,,nasdaq_trader_symbol_directory
NASDAQ,OCC,Optical Cable Corporation - Common Stock,Stock,,nasdaq_trader_symbol_directory
NASDAQ,OCCI,"OFS Credit Company, Inc. - Closed End Fund",Stock,,nasdaq_trader_symbol_directory
NASDAQ,OCCIM,"OFS Credit Company, Inc. - 7.875% Series F Term Preferred Stock",Stock,,nasdaq_trader_symbol_directory
NASDAQ,OCCIN,"OFS Credit Company, Inc. - 5.25% Series E Term Preferred Stock Due 2026",Stock,,nasdaq_trader_symbol_directory
NASDAQ,OCFC,OceanFirst Financial Corp. - Common Stock,Stock,,nasdaq_trader_symbol_directory
NASDAQ,OCG,Oriental Culture Holding LTD - Ordinary Shares,Stock,,nasdaq_trader_symbol_directory
NASDAQ,OCGN,"Ocugen, Inc. - Common Stock",Stock,,nasdaq_trader_symbol_directory
NASDAQ,OCS,Oculis Holding AG - Ordinary shares,Stock,,nasdaq_trader_symbol_directory
NASDAQ,OCSAW,Oculis Holding AG - Warrants,Stock,,nasdaq_trader_symbol_directory
NASDAQ,OCSL,Oaktree Specialty Lending Corporation - Closed End Fund,Stock,,nasdaq_trader_symbol_directory
NASDAQ,OCTV,Octave Intelligence plc - Class B Ordinary Shares,Stock,,nasdaq_trader_symbol_directory
NASDAQ,OCUL,"Ocular Therapeutix, Inc. - Common Stock",Stock,,nasdaq_trader_symbol_directory
NASDAQ,ODD,ODDITY Tech Ltd. - Class A Ordinary Shares,Stock,,nasdaq_trader_symbol_directory
NASDAQ,ODDS,Pacer BlueStar Digital Entertainment ETF,ETF,,nasdaq_trader_symbol_directory
NASDAQ,ODFL,"Old Dominion Freight Line, Inc. - Common Stock",Stock,,nasdaq_trader_symbol_directory
NASDAQ,ODTE,VegaShares SPX NDX RTY Premium Income ETF,ETF,,nasdaq_trader_symbol_directory
NASDAQ,ODTX,"Odyssey Therapeutics, Inc. - Common Stock",Stock,,nasdaq_trader_symbol_directory
NASDAQ,ODVWZ,Osisko Development Corp. - Warrant,Stock,,nasdaq_trader_symbol_directory
NASDAQ,ODYS,Odysight.ai Inc. - Common Stock,Stock,,nasdaq_trader_symbol_directory
NASDAQ,OESX,"Orion Energy Systems, Inc. - Common Stock",Stock,,nasdaq_trader_symbol_directory
NASDAQ,OFAL,OFA Group - Class A Ordinary Shares,Stock,,nasdaq_trader_symbol_directory
NASDAQ,OFIX,Orthofix Medical Inc. - Common Stock,Stock,,nasdaq_trader_symbol_directory
NASDAQ,OFLX,"Omega Flex, Inc. - Common Stock",Stock,,nasdaq_trader_symbol_directory
NASDAQ,OFS,OFS Capital Corporation - Closed End Fund,Stock,,nasdaq_trader_symbol_directory
NASDAQ,OFSSH,OFS Capital Corporation - 4.95% Notes due 2028,Stock,,nasdaq_trader_symbol_directory
NASDAQ,OFSSO,OFS Capital Corporation - 7.50% Notes due 2028,Stock,,nasdaq_trader_symbol_directory
NASDAQ,OGI,Organigram Global Inc. - Common Shares,Stock,,nasdaq_trader_symbol_directory
NASDAQ,OHAC,Oceanhawk Acquisition Corp. - Class A Ordinary Shares,Stock,,nasdaq_trader_symbol_directory
NASDAQ,OHACR,Oceanhawk Acquisition Corp. - Rights,Stock,,nasdaq_trader_symbol_directory
NASDAQ,OHACU,Oceanhawk Acquisition Corp. - Units,Stock,,nasdaq_trader_symbol_directory
NASDAQ,OIM,OneIM Acquisition Corp. - Class A Ordinary Shares,Stock,,nasdaq_trader_symbol_directory
NASDAQ,OIMAU,OneIM Acquisition Corp. - Units,Stock,,nasdaq_trader_symbol_directory
NASDAQ,OIMAW,OneIM Acquisition Corp. - Warrant,Stock,,nasdaq_trader_symbol_directory
NASDAQ,OIO,OIO Group - Ordinary Shares,Stock,,nasdaq_trader_symbol_directory
NASDAQ,OIOWW,OIO Group - Warrants,Stock,,nasdaq_trader_symbol_directory
NASDAQ,OKLL,Defiance Daily Target 2x Long OKLO ETF,ETF,,nasdaq_trader_symbol_directory
NASDAQ,OKTA,"Okta, Inc. - Class A Common Stock",Stock,,nasdaq_trader_symbol_directory
NASDAQ,OKTG,Leverage Shares 2X Long OKTA Daily ETF,ETF,,nasdaq_trader_symbol_directory
NASDAQ,OKUR,"OnKure Therapeutics, Inc. - Class A Common Stock",Stock,,nasdaq_trader_symbol_directory
NASDAQ,OKYO,OKYO Pharma Limited - Ordinary Shares,Stock,,nasdaq_trader_symbol_directory
NASDAQ,OLB,"The OLB Group, Inc. - Common Stock",Stock,,nasdaq_trader_symbol_directory
NASDAQ,OLED,Universal Display Corporation - Common Stock,Stock,,nasdaq_trader_symbol_directory
NASDAQ,OLLI,"Ollie's Bargain Outlet Holdings, Inc. - Common Stock",Stock,,nasdaq_trader_symbol_directory
NASDAQ,OLMA,"Olema Pharmaceuticals, Inc. - Common Stock",Stock,,nasdaq_trader_symbol_directory
NASDAQ,OLOX,Olenox Industries Inc. - Common Stock,Stock,,nasdaq_trader_symbol_directory
NASDAQ,OLPX,"Olaplex Holdings, Inc. - Common Stock",Stock,,nasdaq_trader_symbol_directory
NASDAQ,OM,"Outset Medical, Inc. - Common Stock",Stock,,nasdaq_trader_symbol_directory
NASDAQ,OMAB,Grupo Aeroportuario del Centro Norte S.A.B. de C.V. - American Depositary Shares each representing 8 Series B shares,Stock,,nasdaq_trader_symbol_directory
NASDAQ,OMCL,"Omnicell, Inc. - Common Stock",Stock,,nasdaq_trader_symbol_directory
NASDAQ,OMDA,"Omada Health, Inc. - Common Stock",Stock,,nasdaq_trader_symbol_directory
NASDAQ,OMER,Omeros Corporation - Common Stock,Stock,,nasdaq_trader_symbol_directory
NASDAQ,OMEX,"Odyssey Marine Exploration, Inc. - Common Stock",Stock,,nasdaq_trader_symbol_directory
NASDAQ,OMH,Ohmyhome Limited - Class A Ordinary Shares,Stock,,nasdaq_trader_symbol_directory
NASDAQ,OMSE,OMS Energy Technologies Inc. - Ordinary Shares,Stock,,nasdaq_trader_symbol_directory
NASDAQ,ON,ON Semiconductor Corporation - Common Stock,Stock,,nasdaq_trader_symbol_directory
NASDAQ,ONB,Old National Bancorp - Common Stock,Stock,,nasdaq_trader_symbol_directory
NASDAQ,ONBPO,"Old National Bancorp - Depositary Shares, Each Representing a 1/40th Interest in a Share of Series C Preferred Stock",Stock,,nasdaq_trader_symbol_directory
NASDAQ,ONBPP,"Old National Bancorp - Depositary Shares, Each Representing a 1/40th Interest in a Share of Series A Preferred Stock",Stock,,nasdaq_trader_symbol_directory
NASDAQ,ONC,BeOne Medicines Ltd. - American Depositary Shares,Stock,,nasdaq_trader_symbol_directory
NASDAQ,ONCH,1RT Acquisition Corp. - Class A Ordinary Share,Stock,,nasdaq_trader_symbol_directory
NASDAQ,ONCHU,1RT Acquisition Corp. - Units,Stock,,nasdaq_trader_symbol_directory
NASDAQ,ONCHW,1RT Acquisition Corp. - Warrant,Stock,,nasdaq_trader_symbol_directory
NASDAQ,ONCO,"Onconetix, Inc. - Common Stock",Stock,,nasdaq_trader_symbol_directory
NASDAQ,ONCY,Oncolytics Biotech Inc. - Common Stock,Stock,,nasdaq_trader_symbol_directory
NASDAQ,ONDG,Leverage Shares 2X Long ONDS Daily ETF,ETF,,nasdaq_trader_symbol_directory
NASDAQ,ONDS,Ondas Inc - Common Stock,Stock,,nasdaq_trader_symbol_directory
NASDAQ,ONEG,OneConstruction Group Limited - Ordinary Shares,Stock,,nasdaq_trader_symbol_directory
NASDAQ,ONEQ,Fidelity Nasdaq Composite Index ETF,ETF,,nasdaq_trader_symbol_directory
NASDAQ,ONEW,OneWater Marine Inc. - Class A Common Stock,Stock,,nasdaq_trader_symbol_directory
NASDAQ,ONFO,Onfolio Holdings Inc. - Common Stock,Stock,,nasdaq_trader_symbol_directory
NASDAQ,ONFOW,Onfolio Holdings Inc. - Warrant,Stock,,nasdaq_trader_symbol_directory
NASDAQ,ONMD,OneMedNet Corp - Class A Common Stock,Stock,,nasdaq_trader_symbol_directory
NASDAQ,ONMDW,OneMedNet Corp - Warrant,Stock,,nasdaq_trader_symbol_directory
NASDAQ,OPAL,OPAL Fuels Inc. - Class A Common Stock,Stock,,nasdaq_trader_symbol_directory
NASDAQ,OPBK,OP Bancorp - Common Stock,Stock,,nasdaq_trader_symbol_directory
NASDAQ,OPCH,"Option Care Health, Inc. - Common Stock",Stock,,nasdaq_trader_symbol_directory
NASDAQ,OPEG,Leverage Shares 2X Long OPEN Daily ETF,ETF,,nasdaq_trader_symbol_directory
NASDAQ,OPEN,Opendoor Technologies Inc - Common Stock,Stock,,nasdaq_trader_symbol_directory
NASDAQ,OPENL,"Opendoor Technologies Inc - Series A Warrants, each whole warrant exercisable to purchase one share of Common Stock at an exercise price of $13.00 per warrant",Stock,,nasdaq_trader_symbol_directory
NASDAQ,OPENW,"Opendoor Technologies Inc - Series K Warrants, each whole warrant exercisable to purchase one share of Common Stock at an exercise price of $9.00 per warrant",Stock,,nasdaq_trader_symbol_directory
NASDAQ,OPENZ,"Opendoor Technologies Inc - Series Z Warrants, each whole warrant exercisable to purchase one share of Common Stock at an exercise price of $17.00 per warrant",Stock,,nasdaq_trader_symbol_directory
NASDAQ,OPI,Office Properties Income Trust - Common shares of beneficial interest,Stock,,nasdaq_trader_symbol_directory
NASDAQ,OPK,"Opko Health, Inc. - Common Stock",Stock,,nasdaq_trader_symbol_directory
NASDAQ,OPPJ,WisdomTree Japan Opportunities Fund,ETF,,nasdaq_trader_symbol_directory
NASDAQ,OPRA,Opera Limited - American Depositary Shares,Stock,,nasdaq_trader_symbol_directory
NASDAQ,OPRT,Oportun Financial Corporation - common stock,Stock,,nasdaq_trader_symbol_directory
NASDAQ,OPRX,OptimizeRx Corporation - Common Stock,Stock,,nasdaq_trader_symbol_directory
NASDAQ,OPTH,Optimi Health Corp. - Common Shares,Stock,,nasdaq_trader_symbol_directory
NASDAQ,OPTX,"Syntec Optics Holdings, Inc. - Class A Common Stock",Stock,,nasdaq_trader_symbol_directory
NASDAQ,OPTXW,"Syntec Optics Holdings, Inc. - Warrant",Stock,,nasdaq_trader_symbol_directory
NASDAQ,OPTZ,Optimize Strategy Index ETF,ETF,,nasdaq_trader_symbol_directory
NASDAQ,OPXS,"Optex Systems Holdings, Inc. - Common Stock",Stock,,nasdaq_trader_symbol_directory
NASDAQ,ORBS,Eightco Holdings Inc. - Common Stock,Stock,,nasdaq_trader_symbol_directory
NASDAQ,ORBX,Global X Space Tech ETF,ETF,,nasdaq_trader_symbol_directory
NASDAQ,ORCS,Direxion Daily ORCL Bear 1X ETF,ETF,,nasdaq_trader_symbol_directory
NASDAQ,ORCU,Direxion Daily ORCL Bull 2X ETF,ETF,,nasdaq_trader_symbol_directory
NASDAQ,ORCX,Defiance Daily Target 2X Long ORCL ETF,ETF,,nasdaq_trader_symbol_directory
NASDAQ,ORGO,Organogenesis Holdings Inc. - Class A,Stock,,nasdaq_trader_symbol_directory
NASDAQ,ORIC,"Oric Pharmaceuticals, Inc. - Common Stock",Stock,,nasdaq_trader_symbol_directory
NASDAQ,ORIO,Orion Digital Corp. - Common Shares,Stock,,nasdaq_trader_symbol_directory
NASDAQ,ORIQ,Origin Investment Corp I - Ordinary Shares,Stock,,nasdaq_trader_symbol_directory
NASDAQ,ORIQU,Origin Investment Corp I - Units,Stock,,nasdaq_trader_symbol_directory
NASDAQ,ORIQW,Origin Investment Corp I - Redeemable Warrant,Stock,,nasdaq_trader_symbol_directory
NASDAQ,ORKA,"Oruka Therapeutics, Inc. - Common Stock",Stock,,nasdaq_trader_symbol_directory
NASDAQ,ORKT,Orangekloud Technology Inc. - Class A Ordinary Shares,Stock,,nasdaq_trader_symbol_directory
NASDAQ,ORLG,Leverage Shares 2X Long ORLY Daily ETF,ETF,,nasdaq_trader_symbol_directory
NASDAQ,ORLY,"O'Reilly Automotive, Inc. - Common Stock",Stock,,nasdaq_trader_symbol_directory
NASDAQ,ORMP,Oramed Pharmaceuticals Inc. - Common Stock,Stock,,nasdaq_trader_symbol_directory
NASDAQ,ORR,Militia Long/Short Equity ETF,ETF,,nasdaq_trader_symbol_directory
NASDAQ,ORRF,"Orrstown Financial Services, Inc. - Common Stock",Stock,,nasdaq_trader_symbol_directory
NASDAQ,OSBC,"Old Second Bancorp, Inc. - Common Stock",Stock,,nasdaq_trader_symbol_directory
NASDAQ,OSCG,Leverage Shares 2X Long OSCR Daily ETF,ETF,,nasdaq_trader_symbol_directory
NASDAQ,OSCX,Defiance Daily Target 2x Long OSCR ETF,ETF,,nasdaq_trader_symbol_directory
NASDAQ,OSIS,"OSI Systems, Inc. - Common Stock",Stock,,nasdaq_trader_symbol_directory
NASDAQ,OSPN,OneSpan Inc. - Common Stock,Stock,,nasdaq_trader_symbol_directory
NASDAQ,OSPRU,Osprey Acquisition Corp. III - Units,Stock,,nasdaq_trader_symbol_directory
NASDAQ,OSRH,"OSR Health, Inc. - Common Stock",Stock,,nasdaq_trader_symbol_directory
NASDAQ,OSRHW,"OSR Health, Inc. - Warrant",Stock,,nasdaq_trader_symbol_directory
NASDAQ,OSS,"One Stop Systems, Inc. - Common Stock",Stock,,nasdaq_trader_symbol_directory
NASDAQ,OST,"Ostin Technology Group Co., Ltd. - Class A Ordinary Shares",Stock,,nasdaq_trader_symbol_directory
NASDAQ,OSUR,"OraSure Technologies, Inc. - Common Stock",Stock,,nasdaq_trader_symbol_directory
NASDAQ,OSW,OneSpaWorld Holdings Limited - Common Shares,Stock,,nasdaq_trader_symbol_directory
NASDAQ,OTEX,Open Text Corporation - Common Shares,Stock,,nasdaq_trader_symbol_directory
NASDAQ,OTGA,OTG Acquisition Corp. I - Class A Ordinary Share,Stock,,nasdaq_trader_symbol_directory
NASDAQ,OTGAU,OTG Acquisition Corp. I - Unit,Stock,,nasdaq_trader_symbol_directory
NASDAQ,OTGAW,OTG Acquisition Corp. I - Warrants,Stock,,nasdaq_trader_symbol_directory
NASDAQ,OTGL,OTG Latin America ETF,ETF,,nasdaq_trader_symbol_directory
NASDAQ,OTLK,"Outlook Therapeutics, Inc. - Common Stock",Stock,,nasdaq_trader_symbol_directory
NASDAQ,OTLY,Oatly Group AB - American Depositary Shares,Stock,,nasdaq_trader_symbol_directory
NASDAQ,OTTR,Otter Tail Corporation - Common Stock,Stock,,nasdaq_trader_symbol_directory
NASDAQ,OUST,"Ouster, Inc. - Common Stock",Stock,,nasdaq_trader_symbol_directory
NASDAQ,OVBC,Ohio Valley Banc Corp. - Common Stock,Stock,,nasdaq_trader_symbol_directory
NASDAQ,OVID,Ovid Therapeutics Inc. - Common Stock,Stock,,nasdaq_trader_symbol_directory
NASDAQ,OVLY,Oak Valley Bancorp (CA) - Common Stock,Stock,,nasdaq_trader_symbol_directory
NASDAQ,OWLS,OBOOK Holdings Inc. - Class A Common Shares,Stock,,nasdaq_trader_symbol_directory
NASDAQ,OXBR,Oxbridge Re Holdings Limited - Ordinary Shares,Stock,,nasdaq_trader_symbol_directory
NASDAQ,OXBRW,Oxbridge Re Holdings Limited - Warrant,Stock,,nasdaq_trader_symbol_directory
NASDAQ,OXLC,Oxford Lane Capital Corp. - Closed End Fund,Stock,,nasdaq_trader_symbol_directory
NASDAQ,OXLCG,Oxford Lane Capital Corp. - 7.95% Notes due 2032,Stock,,nasdaq_trader_symbol_directory
NASDAQ,OXLCI,Oxford Lane Capital Corp. - 8.75% Notes due 2030,Stock,,nasdaq_trader_symbol_directory
NASDAQ,OXLCL,Oxford Lane Capital Corp. - 6.75% Notes due 2031,Stock,,nasdaq_trader_symbol_directory
NASDAQ,OXLCM,"Oxford Lane Capital Corp. - Preferred Stock Shares, 8.25% Series 2031",Stock,,nasdaq_trader_symbol_directory
NASDAQ,OXLCN,Oxford Lane Capital Corp. - 7.125% Series 2029 Term Preferred Stock,Stock,,nasdaq_trader_symbol_directory
NASDAQ,OXLCO,"Oxford Lane Capital Corp. - Preferred Stock Shares, 6.00% Series 2029",Stock,,nasdaq_trader_symbol_directory
NASDAQ,OXLCZ,Oxford Lane Capital Corp. - 5.00% Notes due 2027,Stock,,nasdaq_trader_symbol_directory
NASDAQ,OXSQ,Oxford Square Capital Corp. - Closed End Fund,Stock,,nasdaq_trader_symbol_directory
NASDAQ,OXSQG,Oxford Square Capital Corp. - 5.50% Notes due 2028,Stock,,nasdaq_trader_symbol_directory
NASDAQ,OXSQH,Oxford Square Capital Corp. - 7.75% Notes due 2030,Stock,,nasdaq_trader_symbol_directory
NASDAQ,OYSE,Oyster Enterprises II Acquisition Corp - Class A Ordinary Shares,Stock,,nasdaq_trader_symbol_directory
NASDAQ,OYSER,Oyster Enterprises II Acquisition Corp - Rights,Stock,,nasdaq_trader_symbol_directory
NASDAQ,OYSEU,Oyster Enterprises II Acquisition Corp - Units,Stock,,nasdaq_trader_symbol_directory
NASDAQ,OZEM,Roundhill GLP-1 & Weight Loss ETF,ETF,,nasdaq_trader_symbol_directory
NASDAQ,OZK,Bank OZK - Common Stock,Stock,,nasdaq_trader_symbol_directory
NASDAQ,OZKAP,Bank OZK - 4.625% Series A Non-Cumulative Perpetual Preferred Stock,Stock,,nasdaq_trader_symbol_directory
NASDAQ,PAA,"Plains All American Pipeline, L.P. - Common Units representing Limited Partner Interests",Stock,,nasdaq_trader_symbol_directory
NASDAQ,PAAC,Proem Acquisition Corp I - Ordinary Shares,Stock,,nasdaq_trader_symbol_directory
NASDAQ,PAACU,Proem Acquisition Corp I - Units,Stock,,nasdaq_trader_symbol_directory
NASDAQ,PAACW,Proem Acquisition Corp I - Warrants,Stock,,nasdaq_trader_symbol_directory
NASDAQ,PABD,iShares Paris-Aligned Climate Optimized MSCI World ex USA ETF,ETF,,nasdaq_trader_symbol_directory
NASDAQ,PABU,iShares Paris-Aligned Climate Optimized MSCI USA ETF,ETF,,nasdaq_trader_symbol_directory
NASDAQ,PACB,"Pacific Biosciences of California, Inc. - Common Stock",Stock,,nasdaq_trader_symbol_directory
NASDAQ,PACH,Pioneer Acquisition I Corp - Class A Ordinary Shares,Stock,,nasdaq_trader_symbol_directory
NASDAQ,PACHU,Pioneer Acquisition I Corp - Units,Stock,,nasdaq_trader_symbol_directory
NASDAQ,PACHW,Pioneer Acquisition I Corp - Warrants,Stock,,nasdaq_trader_symbol_directory
NASDAQ,PAGP,"Plains GP Holdings, L.P. - Class A Shares representing limited partner interests",Stock,,nasdaq_trader_symbol_directory
NASDAQ,PAHC,Phibro Animal Health Corporation - Class A Common Stock,Stock,,nasdaq_trader_symbol_directory
NASDAQ,PAL,"Proficient Auto Logistics, Inc. - Common Stock",Stock,,nasdaq_trader_symbol_directory
NASDAQ,PALD,Direxion Daily PANW Bear 1X ETF,ETF,,nasdaq_trader_symbol_directory
NASDAQ,PALI,"Palisade Bio, Inc. - Common Stock",Stock,,nasdaq_trader_symbol_directory
NASDAQ,PALO,Paloma Acquisition Corp I - Class A Ordinary Shares,Stock,,nasdaq_trader_symbol_directory
NASDAQ,PALOU,Paloma Acquisition Corp I - Units,Stock,,nasdaq_trader_symbol_directory
NASDAQ,PALOW,Paloma Acquisition Corp I - Warrants,Stock,,nasdaq_trader_symbol_directory
NASDAQ,PALU,Direxion Daily PANW Bull 2X ETF,ETF,,nasdaq_trader_symbol_directory
NASDAQ,PAMT,PAMT CORP - Common Stock,Stock,,nasdaq_trader_symbol_directory
NASDAQ,PANG,Leverage Shares 2X Long PANW Daily ETF,ETF,,nasdaq_trader_symbol_directory
NASDAQ,PANL,Pangaea Logistics Solutions Ltd. - Common Stock,Stock,,nasdaq_trader_symbol_directory
NASDAQ,PANW,"Palo Alto Networks, Inc. - Common Stock",Stock,,nasdaq_trader_symbol_directory
NASDAQ,PARK,"Park Dental Partners, Inc. - Common Stock",Stock,,nasdaq_trader_symbol_directory
NASDAQ,PASG,"Passage Bio, Inc. - Common Stock",Stock,,nasdaq_trader_symbol_directory
NASDAQ,PASW,"Ping An Biomedical Co., Ltd. - Class A Ordinary Shares",Stock,,nasdaq_trader_symbol_directory
NASDAQ,PATK,"Patrick Industries, Inc. - Common Stock",Stock,,nasdaq_trader_symbol_directory
NASDAQ,PATN,Pacer Nasdaq International Patent Leaders ETF,ETF,,nasdaq_trader_symbol_directory
NASDAQ,PAVM,PAVmed Inc. - Common Stock,Stock,,nasdaq_trader_symbol_directory
NASDAQ,PAVS,Paranovus Entertainment Technology Ltd. - Class A Ordinary Shares,Stock,,nasdaq_trader_symbol_directory
NASDAQ,PAX,Patria Investments Limited - Class A Common Shares,Stock,,nasdaq_trader_symbol_directory
NASDAQ,PAYO,Payoneer Global Inc. - Common Stock,Stock,,nasdaq_trader_symbol_directory
NASDAQ,PAYP,PayPay Corporation - American Depository Shares,Stock,,nasdaq_trader_symbol_directory
NASDAQ,PAYS,"Paysign, Inc. - Common Stock",Stock,,nasdaq_trader_symbol_directory
NASDAQ,PAYX,"Paychex, Inc. - Common Stock",Stock,,nasdaq_trader_symbol_directory
NASDAQ,PBEU,Portfolio Building Block European Banks Index ETF,ETF,,nasdaq_trader_symbol_directory
NASDAQ,PBFS,"Pioneer Bancorp, Inc. - Common Stock",Stock,,nasdaq_trader_symbol_directory
NASDAQ,PBHC,"Pathfinder Bancorp, Inc. - Common Stock",Stock,,nasdaq_trader_symbol_directory
NASDAQ,PBK,PowerBank Corporation - Common Stock,Stock,,nasdaq_trader_symbol_directory
NASDAQ,PBLS,"Parabilis Medicines, Inc. - Common Stock",Stock,,nasdaq_trader_symbol_directory
NASDAQ,PBM,Psyence Biomedical Ltd. - Common Shares,Stock,,nasdaq_trader_symbol_directory
NASDAQ,PBMWW,Psyence Biomedical Ltd. - Warrant,Stock,,nasdaq_trader_symbol_directory
NASDAQ,PBOG,Portfolio Building Block Integrated Oil and Gas and Exploration and Production Index ETF,ETF,,nasdaq_trader_symbol_directory
NASDAQ,PBPH,Portfolio Building Block World Pharma and Biotech Index ETF,ETF,,nasdaq_trader_symbol_directory
NASDAQ,PBQQ,PGIM Laddered Nasdaq-100 Buffer 12 ETF,ETF,,nasdaq_trader_symbol_directory
NASDAQ,PBRG,Leverage Shares 2X Long PBR Daily ETF,ETF,,nasdaq_trader_symbol_directory
NASDAQ,PBSC,Pacer Barings Secured Credit Flex ETF,ETF,,nasdaq_trader_symbol_directory
NASDAQ,PBYI,Puma Biotechnology Inc - Common Stock,Stock,,nasdaq_trader_symbol_directory
NASDAQ,PC,Premium Catering (Holdings) Limited - Ordinary Shares,Stock,,nasdaq_trader_symbol_directory
NASDAQ,PCAP,ProCap Acquisition Corp - Class A Ordinary Shares,Stock,,nasdaq_trader_symbol_directory
NASDAQ,PCAPU,ProCap Acquisition Corp - Unit,Stock,,nasdaq_trader_symbol_directory
NASDAQ,PCAPW,ProCap Acquisition Corp - Warrant,Stock,,nasdaq_trader_symbol_directory
NASDAQ,PCAR,PACCAR Inc. - Common Stock,Stock,,nasdaq_trader_symbol_directory
NASDAQ,PCB,PCB Bancorp - Common Stock,Stock,,nasdaq_trader_symbol_directory
NASDAQ,PCLA,PicoCELA Inc. - American Depositary Shares,Stock,,nasdaq_trader_symbol_directory
NASDAQ,PCMM,BondBloxx Private Credit CLO ETF,ETF,,nasdaq_trader_symbol_directory
NASDAQ,PCPI,PIMCO Inflation PLUS Active Exchange-Traded Fund,ETF,,nasdaq_trader_symbol_directory
NASDAQ,PCRX,"Pacira BioSciences, Inc. - Common Stock",Stock,,nasdaq_trader_symbol_directory
NASDAQ,PCSA,"Processa Pharmaceuticals, Inc. - Common Stock",Stock,,nasdaq_trader_symbol_directory
NASDAQ,PCSC,Perceptive Capital Solutions Corp - Class A Ordinary Shares,Stock,,nasdaq_trader_symbol_directory
NASDAQ,PCT,"PureCycle Technologies, Inc. - Common stock",Stock,,nasdaq_trader_symbol_directory
NASDAQ,PCTTU,"PureCycle Technologies, Inc. - Unit",Stock,,nasdaq_trader_symbol_directory
NASDAQ,PCTTW,"PureCycle Technologies, Inc. - Warrant",Stock,,nasdaq_trader_symbol_directory
NASDAQ,PCTY,Paylocity Holding Corporation - Common Stock,Stock,,nasdaq_trader_symbol_directory
NASDAQ,PCVX,"Vaxcyte, Inc. - Common Stock",Stock,,nasdaq_trader_symbol_directory
NASDAQ,PCYO,Pure Cycle Corporation - Common Stock,Stock,,nasdaq_trader_symbol_directory
NASDAQ,PDBA,Invesco Agriculture Commodity Strategy No K-1 ETF,ETF,,nasdaq_trader_symbol_directory
NASDAQ,PDBC,Invesco Optimum Yield Diversified Commodity Strategy No K-1 ETF,ETF,,nasdaq_trader_symbol_directory
NASDAQ,PDC,Perpetuals.com Ltd - American Depositary Shares,Stock,,nasdaq_trader_symbol_directory
NASDAQ,PDD,PDD Holdings Inc. - American Depositary Shares,Stock,,nasdaq_trader_symbol_directory
NASDAQ,PDDL,GraniteShares 2x Long PDD Daily ETF,ETF,,nasdaq_trader_symbol_directory
NASDAQ,PDEX,"Pro-Dex, Inc. - Common Stock",Stock,,nasdaq_trader_symbol_directory
NASDAQ,PDFS,"PDF Solutions, Inc. - Common Stock",Stock,,nasdaq_trader_symbol_directory
NASDAQ,PDLB,"Ponce Financial Group, Inc. - Common Stock",Stock,,nasdaq_trader_symbol_directory
NASDAQ,PDP,Invesco Dorsey Wright Momentum ETF,ETF,,nasdaq_trader_symbol_directory
NASDAQ,PDSB,PDS Biotechnology Corporation - Common Stock,Stock,,nasdaq_trader_symbol_directory
NASDAQ,PDYN,Palladyne AI Corp. - Common stock,Stock,,nasdaq_trader_symbol_directory
NASDAQ,PDYNW,Palladyne AI Corp. - Warrant,Stock,,nasdaq_trader_symbol_directory
NASDAQ,PEBK,"Peoples Bancorp of North Carolina, Inc. - Common Stock",Stock,,nasdaq_trader_symbol_directory
NASDAQ,PEBO,Peoples Bancorp Inc. - Common Stock,Stock,,nasdaq_trader_symbol_directory
NASDAQ,PECE,Peace Acquisition Corp - Ordinary Shares,Stock,,nasdaq_trader_symbol_directory
NASDAQ,PECER,Peace Acquisition Corp - Right,Stock,,nasdaq_trader_symbol_directory
NASDAQ,PECEU,Peace Acquisition Corp - Units,Stock,,nasdaq_trader_symbol_directory
NASDAQ,PECEW,Peace Acquisition Corp - Warrant,Stock,,nasdaq_trader_symbol_directory
NASDAQ,PECO,"Phillips Edison & Company, Inc. - Common Stock",Stock,,nasdaq_trader_symbol_directory
NASDAQ,PEGA,Pegasystems Inc. - Common Stock,Stock,,nasdaq_trader_symbol_directory
NASDAQ,PENG,"Penguin Solutions, Inc. - Common Stock",Stock,,nasdaq_trader_symbol_directory
NASDAQ,PENN,"PENN Entertainment, Inc. - Common Stock",Stock,,nasdaq_trader_symbol_directory
NASDAQ,PEP,"PepsiCo, Inc. - Common Stock",Stock,,nasdaq_trader_symbol_directory
NASDAQ,PEPG,PepGen Inc. - Common Stock,Stock,,nasdaq_trader_symbol_directory
NASDAQ,PEPS,Parametric Equity Plus ETF,ETF,,nasdaq_trader_symbol_directory
NASDAQ,PERI,Perion Network Ltd - Ordinary Shares,Stock,,nasdaq_trader_symbol_directory
NASDAQ,PESI,"Perma-Fix Environmental Services, Inc. - Common Stock",Stock,,nasdaq_trader_symbol_directory
NASDAQ,PETS,"PetMed Express, Inc. - Common Stock",Stock,,nasdaq_trader_symbol_directory
NASDAQ,PETZ,"TDH Holdings, Inc. - Common Shares",Stock,,nasdaq_trader_symbol_directory
NASDAQ,PEY,Invesco High Yield Equity Dividend Achievers ETF,ETF,,nasdaq_trader_symbol_directory
NASDAQ,PEZ,Invesco Dorsey Wright Consumer Cyclicals Momentum ETF,ETF,,nasdaq_trader_symbol_directory
NASDAQ,PFAI,Pinnacle Food Group Limited - Class A Common Shares,Stock,,nasdaq_trader_symbol_directory
NASDAQ,PFBC,Preferred Bank - Common Stock,Stock,,nasdaq_trader_symbol_directory
NASDAQ,PFDE,Pathfinder Disciplined US Equity ETF,ETF,,nasdaq_trader_symbol_directory
NASDAQ,PFF,iShares Preferred and Income Securities ETF,ETF,,nasdaq_trader_symbol_directory
NASDAQ,PFG,Principal Financial Group Inc - Common Stock,Stock,,nasdaq_trader_symbol_directory
NASDAQ,PFI,Invesco Dorsey Wright Financial Momentum ETF,ETF,,nasdaq_trader_symbol_directory
NASDAQ,PFIS,Peoples Financial Services Corp. - Common Stock,Stock,,nasdaq_trader_symbol_directory
NASDAQ,PFM,Invesco Dividend Achievers ETF,ETF,,nasdaq_trader_symbol_directory
NASDAQ,PFOE,Pathfinder Focused Opportunities ETF,ETF,,nasdaq_trader_symbol_directory
NASDAQ,PFSA,"Profusa, Inc. - Common Stock",Stock,,nasdaq_trader_symbol_directory
NASDAQ,PFX,PhenixFIN Corporation - Common Stock,Stock,,nasdaq_trader_symbol_directory
NASDAQ,PFXNZ,PhenixFIN Corporation - 5.25% Notes due 2028,Stock,,nasdaq_trader_symbol_directory
NASDAQ,PGAC,Pantages Capital Acquisition Corporation - Class A Ordinary Shares,Stock,,nasdaq_trader_symbol_directory
NASDAQ,PGACR,Pantages Capital Acquisition Corporation - Right,Stock,,nasdaq_trader_symbol_directory
NASDAQ,PGACU,Pantages Capital Acquisition Corporation - Unit,Stock,,nasdaq_trader_symbol_directory
NASDAQ,PGC,Peapack-Gladstone Financial Corporation - Common Stock,Stock,,nasdaq_trader_symbol_directory
NASDAQ,PGEN,"Precigen, Inc. - Common Stock",Stock,,nasdaq_trader_symbol_directory
NASDAQ,PGJ,Invesco Golden Dragon China ETF,ETF,,nasdaq_trader_symbol_directory
NASDAQ,PGNY,"Progyny, Inc. - Common Stock",Stock,,nasdaq_trader_symbol_directory
NASDAQ,PGY,Pagaya Technologies Ltd. - Class A Ordinary Shares,Stock,,nasdaq_trader_symbol_directory
NASDAQ,PGYWW,Pagaya Technologies Ltd. - Warrants,Stock,,nasdaq_trader_symbol_directory
NASDAQ,PHAR,"Pharming Group N.V. - ADS, each representing 10 ordinary shares",Stock,,nasdaq_trader_symbol_directory
NASDAQ,PHAT,"Phathom Pharmaceuticals, Inc. - Common Stock",Stock,,nasdaq_trader_symbol_directory
NASDAQ,PHIO,Phio Pharmaceuticals Corp. - Common Stock,Stock,,nasdaq_trader_symbol_directory
NASDAQ,PHO,Invesco Water Resources ETF,ETF,,nasdaq_trader_symbol_directory
NASDAQ,PHOE,Phoenix Asia Holdings Limited - Ordinary Shares,Stock,,nasdaq_trader_symbol_directory
NASDAQ,PHUN,"Phunware, Inc. - Common Stock",Stock,,nasdaq_trader_symbol_directory
NASDAQ,PHVS,Pharvaris N.V. - Ordinary Shares,Stock,,nasdaq_trader_symbol_directory
NASDAQ,PI,"Impinj, Inc. - Common Stock",Stock,,nasdaq_trader_symbol_directory
NASDAQ,PICS,PicS N.V. - Class A Common Shares,Stock,,nasdaq_trader_symbol_directory
NASDAQ,PID,Invesco International Dividend Achievers ETF,ETF,,nasdaq_trader_symbol_directory
NASDAQ,PIE,Invesco Dorsey Wright Emerging Markets Momentum ETF,ETF,,nasdaq_trader_symbol_directory
NASDAQ,PIII,P3 Health Partners Inc. - Class A Common Stock,Stock,,nasdaq_trader_symbol_directory
NASDAQ,PIIIW,P3 Health Partners Inc. - Warrant,Stock,,nasdaq_trader_symbol_directory
NASDAQ,PIO,Invesco Global Water ETF,ETF,,nasdaq_trader_symbol_directory
NASDAQ,PIZ,Invesco Dorsey Wright Developed Markets Momentum ETF,ETF,,nasdaq_trader_symbol_directory
NASDAQ,PKBK,"Parke Bancorp, Inc. - Common Stock",Stock,,nasdaq_trader_symbol_directory
NASDAQ,PKOH,Park-Ohio Holdings Corp. - Common Stock,Stock,,nasdaq_trader_symbol_directory
NASDAQ,PKW,Invesco BuyBack Achievers ETF,ETF,,nasdaq_trader_symbol_directory
NASDAQ,PLA,GraniteShares Autocallable PLTR ETF,ETF,,nasdaq_trader_symbol_directory
NASDAQ,PLAB,"Photronics, Inc. - Common Stock",Stock,,nasdaq_trader_symbol_directory
NASDAQ,PLAY,"Dave & Buster's Entertainment, Inc. - Common Stock",Stock,,nasdaq_trader_symbol_directory
NASDAQ,PLBC,Plumas Bancorp - Common Stock,Stock,,nasdaq_trader_symbol_directory
NASDAQ,PLBL,Polibeli Group Ltd - Class A Ordinary Shares,Stock,,nasdaq_trader_symbol_directory
NASDAQ,PLBY,"Playboy, Inc. - Common Stock",Stock,,nasdaq_trader_symbol_directory
NASDAQ,PLCE,"Children's Place, Inc. (The) - Common Stock",Stock,,nasdaq_trader_symbol_directory
NASDAQ,PLMK,Plum Acquisition Corp. IV - Class A Ordinary Shares,Stock,,nasdaq_trader_symbol_directory
NASDAQ,PLMKU,Plum Acquisition Corp. IV - Unit,Stock,,nasdaq_trader_symbol_directory
NASDAQ,PLMKW,Plum Acquisition Corp. IV - Warrants,Stock,,nasdaq_trader_symbol_directory
NASDAQ,PLMR,"Palomar Holdings, Inc. - Common stock",Stock,,nasdaq_trader_symbol_directory
NASDAQ,PLPC,Preformed Line Products Company - Common Stock,Stock,,nasdaq_trader_symbol_directory
NASDAQ,PLRX,"Pliant Therapeutics, Inc. - Common Stock",Stock,,nasdaq_trader_symbol_directory
NASDAQ,PLRZ,Polyrizon Ltd. - Ordinary Shares,Stock,,nasdaq_trader_symbol_directory
NASDAQ,PLSE,"Pulse Biosciences, Inc - Common Stock",Stock,,nasdaq_trader_symbol_directory
NASDAQ,PLSM,Pulsenmore Ltd. - Ordinary Shares,Stock,,nasdaq_trader_symbol_directory
NASDAQ,PLTD,Direxion Daily PLTR Bear 1X ETF,ETF,,nasdaq_trader_symbol_directory
NASDAQ,PLTG,Leverage Shares 2X Long PLTR Daily ETF,ETF,,nasdaq_trader_symbol_directory
NASDAQ,PLTK,Playtika Holding Corp. - Common Stock,Stock,,nasdaq_trader_symbol_directory
NASDAQ,PLTR,Palantir Technologies Inc. - Class A Common Stock,Stock,,nasdaq_trader_symbol_directory
NASDAQ,PLTS,Platinum Analytics Cayman Limited - Class A Ordinary Shares,Stock,,nasdaq_trader_symbol_directory
NASDAQ,PLTU,Direxion Daily PLTR Bull 2X ETF,ETF,,nasdaq_trader_symbol_directory
NASDAQ,PLTZ,Defiance Daily Target 2x Short PLTR ETF,ETF,,nasdaq_trader_symbol_directory
NASDAQ,PLUG,"Plug Power, Inc. - Common Stock",Stock,,nasdaq_trader_symbol_directory
NASDAQ,PLUL,Leverage Shares 2X Long PLUG Daily ETF,ETF,,nasdaq_trader_symbol_directory
NASDAQ,PLUR,Pluri Inc. - Common Stock,Stock,,nasdaq_trader_symbol_directory
NASDAQ,PLUS,ePlus inc. - Common Stock,Stock,,nasdaq_trader_symbol_directory
NASDAQ,PLUT,Plutus Financial Group Limited - Ordinary Shares,Stock,,nasdaq_trader_symbol_directory
NASDAQ,PLXS,Plexus Corp. - Common Stock,Stock,,nasdaq_trader_symbol_directory
NASDAQ,PLYX,"Polaryx Therapeutics, Inc. - Common Stock",Stock,,nasdaq_trader_symbol_directory
NASDAQ,PLYY,GraniteShares YieldBOOST PLTR ETF,ETF,,nasdaq_trader_symbol_directory
NASDAQ,PMAX,Powell Max Limited - Class A Ordinary Shares,Stock,,nasdaq_trader_symbol_directory
NASDAQ,PMBS,PIMCO Mortgage-Backed Securities Active Exchange-Traded Fund,ETF,,nasdaq_trader_symbol_directory
NASDAQ,PMCB,"PharmaCyte Biotech, Inc. - Common Stock",Stock,,nasdaq_trader_symbol_directory
NASDAQ,PMEC,Primech Holdings Ltd. - Ordinary Shares,Stock,,nasdaq_trader_symbol_directory
NASDAQ,PMN,ProMIS Neurosciences Inc. - Common Shares,Stock,,nasdaq_trader_symbol_directory
NASDAQ,PMTR,Perimeter Acquisition Corp. I - Class A Ordinary Shares,Stock,,nasdaq_trader_symbol_directory
NASDAQ,PMTRU,Perimeter Acquisition Corp. I - Unit,Stock,,nasdaq_trader_symbol_directory
NASDAQ,PMTRW,Perimeter Acquisition Corp. I - Warrant,Stock,,nasdaq_trader_symbol_directory
NASDAQ,PMTS,CPI Card Group Inc. - Common Stock,Stock,,nasdaq_trader_symbol_directory
NASDAQ,PMVP,"PMV Pharmaceuticals, Inc. - Common Stock",Stock,,nasdaq_trader_symbol_directory
NASDAQ,PN,PN Smart Energy Limited - Class A Ordinary Shares,Stock,,nasdaq_trader_symbol_directory
NASDAQ,PNBK,Patriot National Bancorp Inc. - Common Stock,Stock,,nasdaq_trader_symbol_directory
NASDAQ,PNQI,Invesco Nasdaq Internet ETF,ETF,,nasdaq_trader_symbol_directory
NASDAQ,PNRG,PrimeEnergy Resources Corporation - Common Stock,Stock,,nasdaq_trader_symbol_directory
NASDAQ,PNTG,"The Pennant Group, Inc. - Common Stock",Stock,,nasdaq_trader_symbol_directory
NASDAQ,POCI,"Precision Optics Corporation, Inc. - Common stock",Stock,,nasdaq_trader_symbol_directory
NASDAQ,PODC,"PodcastOne, Inc. - Common Stock",Stock,,nasdaq_trader_symbol_directory
NASDAQ,PODD,Insulet Corporation - Common Stock,Stock,,nasdaq_trader_symbol_directory
NASDAQ,POET,POET Technologies Inc. - Common Shares,Stock,,nasdaq_trader_symbol_directory
NASDAQ,POLA,"Polar Power, Inc. - Common Stock",Stock,,nasdaq_trader_symbol_directory
NASDAQ,POLE,Andretti Acquisition Corp. II - Class A Ordinary Shares,Stock,,nasdaq_trader_symbol_directory
NASDAQ,POLEU,Andretti Acquisition Corp. II - Unit,Stock,,nasdaq_trader_symbol_directory
NASDAQ,POLEW,Andretti Acquisition Corp. II - Warrant,Stock,,nasdaq_trader_symbol_directory
NASDAQ,POM,POMDOCTOR LIMITED - American Depositary Shares,Stock,,nasdaq_trader_symbol_directory
NASDAQ,PONO,"Pono Capital Four, Inc. - Class A Ordinary Shares",Stock,,nasdaq_trader_symbol_directory
NASDAQ,PONOR,"Pono Capital Four, Inc. - Rights",Stock,,nasdaq_trader_symbol_directory
NASDAQ,PONOU,"Pono Capital Four, Inc. - Units",Stock,,nasdaq_trader_symbol_directory
NASDAQ,PONY,Pony AI Inc. - American Depositary Shares,Stock,,nasdaq_trader_symbol_directory
NASDAQ,POOL,Pool Corporation - Common Stock,Stock,,nasdaq_trader_symbol_directory
NASDAQ,POWI,"Power Integrations, Inc. - Common Stock",Stock,,nasdaq_trader_symbol_directory
NASDAQ,POWL,"Powell Industries, Inc. - Common Stock",Stock,,nasdaq_trader_symbol_directory
NASDAQ,POWW,Outdoor Holding Company - Common Stock,Stock,,nasdaq_trader_symbol_directory
NASDAQ,POWWP,Outdoor Holding Company - 8.75% Series A Cumulative Redeemable Perpetual Preferred Stock,Stock,,nasdaq_trader_symbol_directory
NASDAQ,PPBT,Purple Biotech Ltd. - American Depositary Shares,Stock,,nasdaq_trader_symbol_directory
NASDAQ,PPC,Pilgrim's Pride Corporation - Common Stock,Stock,,nasdaq_trader_symbol_directory
NASDAQ,PPCB,"Propanc Biopharma, Inc. - Common Stock",Stock,,nasdaq_trader_symbol_directory
NASDAQ,PPH,VanEck Pharmaceutical ETF,ETF,,nasdaq_trader_symbol_directory
NASDAQ,PPHC,"Public Policy Holding Company, Inc. - Common Stock",Stock,,nasdaq_trader_symbol_directory
NASDAQ,PPI,Astoria Real Assets ETF,ETF,,nasdaq_trader_symbol_directory
NASDAQ,PPIH,"Perma-Pipe International Holdings, Inc. - Common Stock",Stock,,nasdaq_trader_symbol_directory
NASDAQ,PPLI,People Incorporated - Common Stock,Stock,,nasdaq_trader_symbol_directory
NASDAQ,PPSI,"Pioneer Power Solutions, Inc. - Common Stock",Stock,,nasdaq_trader_symbol_directory
NASDAQ,PPTA,Perpetua Resources Corp. - Common Shares,Stock,,nasdaq_trader_symbol_directory
NASDAQ,PQAP,PGIM Nasdaq-100 Buffer 12 ETF - April,ETF,,nasdaq_trader_symbol_directory
NASDAQ,PQJA,PGIM Nasdaq-100 Buffer 12 ETF - January,ETF,,nasdaq_trader_symbol_directory
NASDAQ,PQJL,PGIM Nasdaq-100 Buffer 12 ETF - July,ETF,,nasdaq_trader_symbol_directory
NASDAQ,PQOC,PGIM Nasdaq-100 Buffer 12 ETF - October,ETF,,nasdaq_trader_symbol_directory
NASDAQ,PRAA,"PRA Group, Inc. - Common Stock",Stock,,nasdaq_trader_symbol_directory
NASDAQ,PRAX,"Praxis Precision Medicines, Inc. - Common Stock",Stock,,nasdaq_trader_symbol_directory
NASDAQ,PRCH,"Porch Group, Inc. - Common Stock",Stock,,nasdaq_trader_symbol_directory
NASDAQ,PRCT,PROCEPT BioRobotics Corporation - Common Stock,Stock,,nasdaq_trader_symbol_directory
NASDAQ,PRDO,Perdoceo Education Corporation - Common Stock,Stock,,nasdaq_trader_symbol_directory
NASDAQ,PRE,Prenetics Global Limited - Class A Ordinary Share,Stock,,nasdaq_trader_symbol_directory
NASDAQ,PRENW,Prenetics Global Limited - Warrant,Stock,,nasdaq_trader_symbol_directory
NASDAQ,PRFX,PRF Technologies Ltd. - Ordinary Shares,Stock,,nasdaq_trader_symbol_directory
NASDAQ,PRFZ,Invesco RAFI US 1500 Small-Mid ETF,ETF,,nasdaq_trader_symbol_directory
NASDAQ,PRGS,Progress Software Corporation - Common Stock,Stock,,nasdaq_trader_symbol_directory
NASDAQ,PRHI,"Presurance Holdings, Inc. - Common Stock",Stock,,nasdaq_trader_symbol_directory
NASDAQ,PRHIZ,"Presurance Holdings, Inc. - 9.75% Senior Unsecured Notes due 2028",Stock,,nasdaq_trader_symbol_directory
NASDAQ,PRLD,Prelude Therapeutics Incorporated - Common Stock,Stock,,nasdaq_trader_symbol_directory
NASDAQ,PRME,"Prime Medicine, Inc. - Common Stock",Stock,,nasdaq_trader_symbol_directory
NASDAQ,PRMR,PeakShares RMR Prime Equity ETF,ETF,,nasdaq_trader_symbol_directory
NASDAQ,PRN,Invesco Dorsey Wright Industrials Momentum ETF,ETF,,nasdaq_trader_symbol_directory
NASDAQ,PROF,Profound Medical Corp. - common stock,Stock,,nasdaq_trader_symbol_directory
NASDAQ,PROK,ProKidney Corp. - Class A Ordinary Shares,Stock,,nasdaq_trader_symbol_directory
NASDAQ,PROP,Prairie Operating Co. - Common Stock,Stock,,nasdaq_trader_symbol_directory
NASDAQ,PROV,"Provident Financial Holdings, Inc. - Common Stock",Stock,,nasdaq_trader_symbol_directory
NASDAQ,PRPL,"Purple Innovation, Inc. - Common Stock",Stock,,nasdaq_trader_symbol_directory
NASDAQ,PRPO,"Precipio, Inc. - Common Stock",Stock,,nasdaq_trader_symbol_directory
NASDAQ,PRQR,ProQR Therapeutics N.V. - Ordinary Shares,Stock,,nasdaq_trader_symbol_directory
NASDAQ,PRSO,Peraso Inc. - Common Stock,Stock,,nasdaq_trader_symbol_directory
NASDAQ,PRTA,Prothena Corporation plc - Ordinary Shares,Stock,,nasdaq_trader_symbol_directory
NASDAQ,PRTH,"Priority Technology Holdings, Inc. - Common Stock",Stock,,nasdaq_trader_symbol_directory
NASDAQ,PRTS,"CarParts.com, Inc. - Common Stock",Stock,,nasdaq_trader_symbol_directory
NASDAQ,PRVA,"Privia Health Group, Inc. - Common Stock",Stock,,nasdaq_trader_symbol_directory
NASDAQ,PRZO,ParaZero Technologies Ltd. - Ordinary Shares,Stock,,nasdaq_trader_symbol_directory
NASDAQ,PSC,Principal U.S. Small-Cap ETF,ETF,,nasdaq_trader_symbol_directory
NASDAQ,PSCC,Invesco S&P SmallCap Consumer Staples ETF,ETF,,nasdaq_trader_symbol_directory
NASDAQ,PSCD,Invesco S&P SmallCap Consumer Discretionary ETF,ETF,,nasdaq_trader_symbol_directory
NASDAQ,PSCE,Invesco S&P SmallCap Energy ETF,ETF,,nasdaq_trader_symbol_directory
NASDAQ,PSCF,Invesco S&P SmallCap Financials ETF,ETF,,nasdaq_trader_symbol_directory
NASDAQ,PSCH,Invesco S&P SmallCap Health Care ETF,ETF,,nasdaq_trader_symbol_directory
NASDAQ,PSCI,Invesco S&P SmallCap Industrials ETF,ETF,,nasdaq_trader_symbol_directory
NASDAQ,PSCM,Invesco S&P SmallCap Materials ETF,ETF,,nasdaq_trader_symbol_directory
NASDAQ,PSCT,Invesco S&P SmallCap Information Technology ETF,ETF,,nasdaq_trader_symbol_directory
NASDAQ,PSCU,Invesco S&P SmallCap Utilities & Communication Services ETF,ETF,,nasdaq_trader_symbol_directory
NASDAQ,PSEC,Prospect Capital Corporation - Closed End Fund,Stock,,nasdaq_trader_symbol_directory
NASDAQ,PSET,Principal Quality ETF,ETF,,nasdaq_trader_symbol_directory
NASDAQ,PSHG,Performance Shipping Inc. - Common Shares,Stock,,nasdaq_trader_symbol_directory
NASDAQ,PSIG,PS International Group Ltd. - Ordinary Shares,Stock,,nasdaq_trader_symbol_directory
NASDAQ,PSIX,"Power Solutions International, Inc. - Common Stock",Stock,,nasdaq_trader_symbol_directory
NASDAQ,PSKY,Paramount Skydance Corporation - Class B Common Stock,Stock,,nasdaq_trader_symbol_directory
NASDAQ,PSL,Invesco Dorsey Wright Consumer Staples Momentum ETF,ETF,,nasdaq_trader_symbol_directory
NASDAQ,PSMT,"PriceSmart, Inc. - Common Stock",Stock,,nasdaq_trader_symbol_directory
NASDAQ,PSNL,"Personalis, Inc. - Common Stock",Stock,,nasdaq_trader_symbol_directory
NASDAQ,PSNY,Polestar Automotive Holding UK Limited - Class A ADS,Stock,,nasdaq_trader_symbol_directory
NASDAQ,PSNYW,Polestar Automotive Holding UK Limited - Class C-1 ADS (ADW),Stock,,nasdaq_trader_symbol_directory
NASDAQ,PSTR,PeakShares Sector Rotation ETF,ETF,,nasdaq_trader_symbol_directory
NASDAQ,PSTV,"PLUS THERAPEUTICS, Inc. - Common Stock",Stock,,nasdaq_trader_symbol_directory
NASDAQ,PSWD,Xtrackers Cybersecurity Select Equity ETF,ETF,,nasdaq_trader_symbol_directory
NASDAQ,PTACU,Patriot Acquisition Corp. - Units,Stock,,nasdaq_trader_symbol_directory
NASDAQ,PTC,PTC Inc. - Common Stock,Stock,,nasdaq_trader_symbol_directory
NASDAQ,PTCT,"PTC Therapeutics, Inc. - Common Stock",Stock,,nasdaq_trader_symbol_directory
NASDAQ,PTEN,"Patterson-UTI Energy, Inc. - Common Stock",Stock,,nasdaq_trader_symbol_directory
NASDAQ,PTF,Invesco Dorsey Wright Technology Momentum ETF,ETF,,nasdaq_trader_symbol_directory
NASDAQ,PTGX,"Protagonist Therapeutics, Inc. - Common Stock",Stock,,nasdaq_trader_symbol_directory
NASDAQ,PTH,Invesco Dorsey Wright Healthcare Momentum ETF,ETF,,nasdaq_trader_symbol_directory
NASDAQ,PTIR,GraniteShares 2x Long PLTR Daily ETF,ETF,,nasdaq_trader_symbol_directory
NASDAQ,PTLE,PTL LTD - Class A Ordinary Shares,Stock,,nasdaq_trader_symbol_directory
NASDAQ,PTLO,Portillo's Inc. - Class A Common Stock,Stock,,nasdaq_trader_symbol_directory
NASDAQ,PTN,"Palatin Technologies, Inc. - Common Stock",Stock,,nasdaq_trader_symbol_directory
NASDAQ,PTNM,Pitanium Limited - Class A Ordinary Shares,Stock,,nasdaq_trader_symbol_directory
NASDAQ,PTNQ,Pacer Trendpilot 100 ETF,ETF,,nasdaq_trader_symbol_directory
NASDAQ,PTON,"Peloton Interactive, Inc. - Common Stock",Stock,,nasdaq_trader_symbol_directory
NASDAQ,PTOR,Praetorian Acquisition Corp. - Class A Ordinary Shares,Stock,,nasdaq_trader_symbol_directory
NASDAQ,PTORU,Praetorian Acquisition Corp. - Units,Stock,,nasdaq_trader_symbol_directory
NASDAQ,PTORW,Praetorian Acquisition Corp. - Warrant,Stock,,nasdaq_trader_symbol_directory
NASDAQ,PTRN,Pattern Group Inc. - Series A Common Stock,Stock,,nasdaq_trader_symbol_directory
NASDAQ,PUBM,"PubMatic, Inc. - Class A Common Stock",Stock,,nasdaq_trader_symbol_directory
NASDAQ,PUI,Invesco Dorsey Wright Utilities Momentum ETF,ETF,,nasdaq_trader_symbol_directory
NASDAQ,PULM,"Pulmatrix, Inc. - Common Stock",Stock,,nasdaq_trader_symbol_directory
NASDAQ,PURR,Hyperliquid Strategies Inc - Common Stock,Stock,,nasdaq_trader_symbol_directory
NASDAQ,PUSA,Aureus Greenway Holdings Inc. - Common Stock,Stock,,nasdaq_trader_symbol_directory
NASDAQ,PVLA,"Palvella Therapeutics, Inc. - Common Stock",Stock,,nasdaq_trader_symbol_directory
NASDAQ,PWP,Perella Weinberg Partners - Class A Common Stock,Stock,,nasdaq_trader_symbol_directory
NASDAQ,PWRD,TCW Transform Systems ETF,ETF,,nasdaq_trader_symbol_directory
NASDAQ,PWRL,Powerlaw Corp. - Common Stock,Stock,,nasdaq_trader_symbol_directory
NASDAQ,PXI,Invesco Dorsey Wright Energy Momentum ETF,ETF,,nasdaq_trader_symbol_directory
NASDAQ,PXLW,"Pixelworks, Inc. - Common Stock",Stock,,nasdaq_trader_symbol_directory
NASDAQ,PXS,Pyxis Tankers Inc. - Common Stock,Stock,,nasdaq_trader_symbol_directory
NASDAQ,PY,Principal Value ETF,ETF,,nasdaq_trader_symbol_directory
NASDAQ,PYPD,PolyPid Ltd. - Ordinary Shares,Stock,,nasdaq_trader_symbol_directory
NASDAQ,PYPG,Leverage Shares 2X Long PYPL Daily ETF,ETF,,nasdaq_trader_symbol_directory
NASDAQ,PYPL,"PayPal Holdings, Inc. - Common Stock",Stock,,nasdaq_trader_symbol_directory
NASDAQ,PYXS,"Pyxis Oncology, Inc. - Common Stock",Stock,,nasdaq_trader_symbol_directory
NASDAQ,PYZ,Invesco Dorsey Wright Basic Materials Momentum ETF,ETF,,nasdaq_trader_symbol_directory
NASDAQ,PZZA,"Papa John's International, Inc. - Common Stock",Stock,,nasdaq_trader_symbol_directory
NASDAQ,QABA,First Trust NASDAQ ABA Community Bank Index Fund,ETF,,nasdaq_trader_symbol_directory
NASDAQ,QADR,QDRO Acquisition Corp. - Class A Ordinary Shares,Stock,,nasdaq_trader_symbol_directory
NASDAQ,QADRU,QDRO Acquisition Corp. - Units,Stock,,nasdaq_trader_symbol_directory
NASDAQ,QADRW,QDRO Acquisition Corp. - Warrant,Stock,,nasdaq_trader_symbol_directory
NASDAQ,QALT,SEI DBi Multi-Strategy Alternative ETF,ETF,,nasdaq_trader_symbol_directory
NASDAQ,QAT,iShares MSCI Qatar ETF,ETF,,nasdaq_trader_symbol_directory
NASDAQ,QB,ProShares Nasdaq-100 Dynamic Buffer ETF,ETF,,nasdaq_trader_symbol_directory
NASDAQ,QBIG,Invesco Top QQQ ETF,ETF,,nasdaq_trader_symbol_directory
NASDAQ,QBTZ,Defiance Daily Target 2x Short QBTS ETF,ETF,,nasdaq_trader_symbol_directory
NASDAQ,QBUF,Innovator Nasdaq-100 10 Buffer ETF Quarterly,ETF,,nasdaq_trader_symbol_directory
NASDAQ,QBY,GraniteShares YieldBoost QBTS ETF,ETF,,nasdaq_trader_symbol_directory
NASDAQ,QCLN,First Trust NASDAQ Clean Edge Green Energy Index Fund,ETF,,nasdaq_trader_symbol_directory
NASDAQ,QCLR,Global X NASDAQ 100 Collar 95-110 ETF,ETF,,nasdaq_trader_symbol_directory
NASDAQ,QCLS,"Q/C Technologies, Inc. - Common Stock",Stock,,nasdaq_trader_symbol_directory
NASDAQ,QCMD,Direxion Daily QCOM Bear 1X ETF,ETF,,nasdaq_trader_symbol_directory
NASDAQ,QCML,GraniteShares 2x Long QCOM Daily ETF,ETF,,nasdaq_trader_symbol_directory
NASDAQ,QCMU,Direxion Daily QCOM Bull 2X ETF,ETF,,nasdaq_trader_symbol_directory
NASDAQ,QCOM,QUALCOMM Incorporated - Common Stock,Stock,,nasdaq_trader_symbol_directory
NASDAQ,QCRH,"QCR Holdings, Inc. - Common Stock",Stock,,nasdaq_trader_symbol_directory
NASDAQ,QDEL,QuidelOrtho Corporation - Common Stock,Stock,,nasdaq_trader_symbol_directory
NASDAQ,QDTY,YieldMax Nasdaq 100 0DTE Covered Call Strategy ETF,ETF,,nasdaq_trader_symbol_directory
NASDAQ,QETA,Quetta Acquisition Corporation - Common Stock,Stock,,nasdaq_trader_symbol_directory
NASDAQ,QETAR,Quetta Acquisition Corporation - Right,Stock,,nasdaq_trader_symbol_directory
NASDAQ,QETAU,Quetta Acquisition Corporation - Unit,Stock,,nasdaq_trader_symbol_directory
NASDAQ,QEW,Invesco QQQ Equal Weight ETF,ETF,,nasdaq_trader_symbol_directory
NASDAQ,QFIN,"Qfin Holdings, Inc. - American Depositary Shares",Stock,,nasdaq_trader_symbol_directory
NASDAQ,QGRD,Horizon Nasdaq-100 Defined Risk ETF,ETF,,nasdaq_trader_symbol_directory
NASDAQ,QH,Quhuo Limited - American Depository Shares,Stock,,nasdaq_trader_symbol_directory
NASDAQ,QHDG,Innovator Hedged Nasdaq-100 ETF,ETF,,nasdaq_trader_symbol_directory
NASDAQ,QLDY,Defiance Nasdaq 100 LightningSpread Income ETF,ETF,,nasdaq_trader_symbol_directory
NASDAQ,QLYS,"Qualys, Inc. - Common Stock",Stock,,nasdaq_trader_symbol_directory
NASDAQ,QMCO,Quantum Corporation - Common Stock,Stock,,nasdaq_trader_symbol_directory
NASDAQ,QMID,WisdomTree U.S. MidCap Quality Growth Fund,ETF,,nasdaq_trader_symbol_directory
NASDAQ,QMMM,QMMM Holdings Limited - Class A Ordinary Shares,Stock,,nasdaq_trader_symbol_directory
NASDAQ,QMOM,Alpha Architect U.S. Quantitative Momentum ETF,ETF,,nasdaq_trader_symbol_directory
NASDAQ,QNCX,"Quince Therapeutics, Inc. - Common Stock",Stock,,nasdaq_trader_symbol_directory
NASDAQ,QNDX,State Street SPDR Portfolio Nasdaq 100 ETF,ETF,,nasdaq_trader_symbol_directory
NASDAQ,QNRX,"Quoin Pharmaceuticals, Ltd. - American Depositary Shares",Stock,,nasdaq_trader_symbol_directory
NASDAQ,QNST,"QuinStreet, Inc. - Common Stock",Stock,,nasdaq_trader_symbol_directory
NASDAQ,QNT,Quantinuum Inc. - Class A Common Stock,Stock,,nasdaq_trader_symbol_directory
NASDAQ,QNTM,Quantum Biopharma Ltd. - Class B Subordinate Voting Shares,Stock,,nasdaq_trader_symbol_directory
NASDAQ,QNXT,iShares Nasdaq-100 ex Top 30 ETF,ETF,,nasdaq_trader_symbol_directory
NASDAQ,QOWZ,Invesco Nasdaq Free Cash Flow Achievers ETF,ETF,,nasdaq_trader_symbol_directory
NASDAQ,QPUX,Defiance 2X Daily Long Pure Quantum ETF,ETF,,nasdaq_trader_symbol_directory
NASDAQ,QQA,Invesco QQQ Income Advantage ETF,ETF,,nasdaq_trader_symbol_directory
NASDAQ,QQDN,ProShares UltraShort QQQ Mega,ETF,,nasdaq_trader_symbol_directory
NASDAQ,QQEW,First Trust Nasdaq-100 Select Equal Weight ETF,ETF,,nasdaq_trader_symbol_directory
NASDAQ,QQHG,Invesco QQQ Hedged Advantage ETF,ETF,,nasdaq_trader_symbol_directory
NASDAQ,QQLV,Invesco QQQ Low Volatility ETF,ETF,,nasdaq_trader_symbol_directory
NASDAQ,QQMG,Invesco ESG NASDAQ 100 ETF,ETF,,nasdaq_trader_symbol_directory
NASDAQ,QQQ,"Invesco QQQ Trust, Series 1",ETF,,nasdaq_trader_symbol_directory
NASDAQ,QQQA,ProShares Nasdaq-100 Dorsey Wright Momentum ETF,ETF,,nasdaq_trader_symbol_directory
NASDAQ,QQQE,Direxion NASDAQ-100 Equal Weighted Index ETF,ETF,,nasdaq_trader_symbol_directory
NASDAQ,QQQG,Pacer Nasdaq 100 Top 50 Cash Cows Growth Leaders ETF,ETF,,nasdaq_trader_symbol_directory
NASDAQ,QQQH,NEOS Nasdaq-100 Hedged Equity Income ETF,ETF,,nasdaq_trader_symbol_directory
NASDAQ,QQQI,NEOS Nasdaq 100 High Income ETF,ETF,,nasdaq_trader_symbol_directory
NASDAQ,QQQJ,Invesco NASDAQ Next Gen 100 ETF,ETF,,nasdaq_trader_symbol_directory
NASDAQ,QQQM,Invesco NASDAQ 100 ETF,ETF,,nasdaq_trader_symbol_directory
NASDAQ,QQQP,Tradr 2X Long Innovation 100 Quarterly ETF,ETF,,nasdaq_trader_symbol_directory
NASDAQ,QQQS,Invesco NASDAQ Future Gen 200 ETF,ETF,,nasdaq_trader_symbol_directory
NASDAQ,QQQT,Defiance Nasdaq 100 Income Target ETF,ETF,,nasdaq_trader_symbol_directory
NASDAQ,QQQX,Nuveen NASDAQ 100 Dynamic Overwrite Fund - Closed End Fund,Stock,,nasdaq_trader_symbol_directory
NASDAQ,QQQY,Defiance Nasdaq 100 Weekly Distribution ETF,ETF,,nasdaq_trader_symbol_directory
NASDAQ,QQUP,ProShares Ultra QQQ Mega,ETF,,nasdaq_trader_symbol_directory
NASDAQ,QQWZ,Pacer Cash COWZ 100-Nasdaq 100 Rotator ETF,ETF,,nasdaq_trader_symbol_directory
NASDAQ,QQXL,ProShares Ultra QQQ Top 30,ETF,,nasdaq_trader_symbol_directory
NASDAQ,QQXT,First Trust NASDAQ-100 Ex-Technology Sector Index Fund,ETF,,nasdaq_trader_symbol_directory
NASDAQ,QRHC,Quest Resource Holding Corporation - Common Stock,Stock,,nasdaq_trader_symbol_directory
NASDAQ,QRMI,Global X NASDAQ 100 Risk Managed Income ETF,ETF,,nasdaq_trader_symbol_directory
NASDAQ,QRVO,"Qorvo, Inc. - Common Stock",Stock,,nasdaq_trader_symbol_directory
NASDAQ,QS,QuantumScape Corporation - Common Stock,Stock,,nasdaq_trader_symbol_directory
NASDAQ,QSEA,Quartzsea Acquisition Corporation - Ordinary Shares,Stock,,nasdaq_trader_symbol_directory
NASDAQ,QSEAR,Quartzsea Acquisition Corporation - Rights,Stock,,nasdaq_trader_symbol_directory
NASDAQ,QSEAU,Quartzsea Acquisition Corporation - Units,Stock,,nasdaq_trader_symbol_directory
NASDAQ,QSI,Quantum-Si Incorporated - Class A Common Stock,Stock,,nasdaq_trader_symbol_directory
NASDAQ,QSIX,Pacer Metaurus Nasdaq 100 Dividend Multiplier 600 ETF,ETF,,nasdaq_trader_symbol_directory
NASDAQ,QSML,WisdomTree U.S. SmallCap Quality Growth Fund,ETF,,nasdaq_trader_symbol_directory
NASDAQ,QTEC,First Trust NASDAQ-100-Technology Sector Index Fund,ETF,,nasdaq_trader_symbol_directory
NASDAQ,QTEX,QTREX Quantum Ltd. - Ordinary Shares,Stock,,nasdaq_trader_symbol_directory
NASDAQ,QTEXW,QTREX Quantum Ltd. - Warrant,Stock,,nasdaq_trader_symbol_directory
NASDAQ,QTI,"QT Imaging Holdings, Inc. - Common Stock",Stock,,nasdaq_trader_symbol_directory
NASDAQ,QTOP,iShares Nasdaq Top 30 Stocks ETF,ETF,,nasdaq_trader_symbol_directory
NASDAQ,QTR,Global X NASDAQ 100 Tail Risk ETF,ETF,,nasdaq_trader_symbol_directory
NASDAQ,QTRX,Quanterix Corporation - Common Stock,Stock,,nasdaq_trader_symbol_directory
NASDAQ,QTTB,Q32 Bio Inc. - Common Stock,Stock,,nasdaq_trader_symbol_directory
NASDAQ,QTUM,Defiance Quantum ETF,ETF,,nasdaq_trader_symbol_directory
NASDAQ,QUBT,Quantum Computing Inc. - Common Stock,Stock,,nasdaq_trader_symbol_directory
NASDAQ,QUCY,Quantum Cyber N.V. - Ordinary Shares,Stock,,nasdaq_trader_symbol_directory
NASDAQ,QUIK,QuickLogic Corporation - Common Stock,Stock,,nasdaq_trader_symbol_directory
NASDAQ,QUMS,Quantumsphere Acquisition Corp. - Ordinary Shares,Stock,,nasdaq_trader_symbol_directory
NASDAQ,QUMSR,Quantumsphere Acquisition Corp. - Rights,Stock,,nasdaq_trader_symbol_directory
NASDAQ,QUMSU,Quantumsphere Acquisition Corp. - Units,Stock,,nasdaq_trader_symbol_directory
NASDAQ,QURE,uniQure N.V. - Ordinary Shares,Stock,,nasdaq_trader_symbol_directory
NASDAQ,QVAL,Alpha Architect U.S. Quantitative Value ETF,ETF,,nasdaq_trader_symbol_directory
NASDAQ,QVOL,Infrastructure Capital Nasdaq Option Income ETF,ETF,,nasdaq_trader_symbol_directory
NASDAQ,QXL,Quantum X Labs Inc. - Common Stock,Stock,,nasdaq_trader_symbol_directory
NASDAQ,QXQ,SGI Enhanced Nasdaq-100 ETF,ETF,,nasdaq_trader_symbol_directory
NASDAQ,QYLD,Global X NASDAQ 100 Covered Call ETF,ETF,,nasdaq_trader_symbol_directory
NASDAQ,QYLG,Global X Nasdaq 100 Covered Call & Growth ETF,ETF,,nasdaq_trader_symbol_directory
NASDAQ,RAA,SMI 3Fourteen REAL Asset Allocation ETF,ETF,,nasdaq_trader_symbol_directory
NASDAQ,RACC,Research Alliance Corporation III - Class A Ordinary Shares,Stock,,nasdaq_trader_symbol_directory
NASDAQ,RADX,Radiopharm Theranostics Limited - American Depositary Shares,Stock,,nasdaq_trader_symbol_directory
NASDAQ,RAIL,"Freightcar America, Inc. - Common Stock",Stock,,nasdaq_trader_symbol_directory
NASDAQ,RAIN,"Rain Enhancement Technologies Holdco, Inc. - Class A Common Stock",Stock,,nasdaq_trader_symbol_directory
NASDAQ,RAINW,"Rain Enhancement Technologies Holdco, Inc. - Warrants",Stock,,nasdaq_trader_symbol_directory
NASDAQ,RAND,Rand Capital Corporation - Closed End Fund,Stock,,nasdaq_trader_symbol_directory
NASDAQ,RANG,Range Capital Acquisition Corp. - Ordinary Shares,Stock,,nasdaq_trader_symbol_directory
NASDAQ,RANGR,Range Capital Acquisition Corp. - Rights,Stock,,nasdaq_trader_symbol_directory
NASDAQ,RANGU,Range Capital Acquisition Corp. - Units,Stock,,nasdaq_trader_symbol_directory
NASDAQ,RANI,"Rani Therapeutics Holdings, Inc. - Class A Common Stock",Stock,,nasdaq_trader_symbol_directory
NASDAQ,RAPP,"Rapport Therapeutics, Inc. - Common Stock",Stock,,nasdaq_trader_symbol_directory
NASDAQ,RARE,Ultragenyx Pharmaceutical Inc. - Common Stock,Stock,,nasdaq_trader_symbol_directory
NASDAQ,RAUS,RACWI US ETF,ETF,,nasdaq_trader_symbol_directory
NASDAQ,RAVE,"Rave Restaurant Group, Inc. - Common Stock",Stock,,nasdaq_trader_symbol_directory
NASDAQ,RAY,Raytech Holding Limited - Ordinary Shares,Stock,,nasdaq_trader_symbol_directory
NASDAQ,RAYA,Erayak Power Solution Group Inc. - Class A Ordinary Shares,Stock,,nasdaq_trader_symbol_directory
NASDAQ,RBB,RBB Bancorp - Common Stock,Stock,,nasdaq_trader_symbol_directory
NASDAQ,RBBN,Ribbon Communications Inc. - Common Stock,Stock,,nasdaq_trader_symbol_directory
NASDAQ,RBCAA,"Republic Bancorp, Inc. - Class A Common Stock",Stock,,nasdaq_trader_symbol_directory
NASDAQ,RBIL,F/m Ultrashort Treasury Inflation-Protected Security (TIPS) ETF,ETF,,nasdaq_trader_symbol_directory
NASDAQ,RBKB,"Rhinebeck Bancorp, Inc. - Common Stock",Stock,,nasdaq_trader_symbol_directory
NASDAQ,RBNE,Robin Energy Ltd. - Common Stock,Stock,,nasdaq_trader_symbol_directory
NASDAQ,RCAT,"Red Cat Holdings, Inc. - Common Stock",Stock,,nasdaq_trader_symbol_directory
NASDAQ,RCAX,Defiance Daily Target 2x Long RCAT ETF,ETF,,nasdaq_trader_symbol_directory
NASDAQ,RCEL,"Avita Medical, Inc. - Common Stock",Stock,,nasdaq_trader_symbol_directory
NASDAQ,RCGE,RockCreek Global Equality ETF,ETF,,nasdaq_trader_symbol_directory
NASDAQ,RCKT,"Rocket Pharmaceuticals, Inc. - Common Stock",Stock,,nasdaq_trader_symbol_directory
NASDAQ,RCKTW,"Rocket Pharmaceuticals, Inc. - Warrant",Stock,,nasdaq_trader_symbol_directory
NASDAQ,RCKY,"Rocky Brands, Inc. - Common Stock",Stock,,nasdaq_trader_symbol_directory
NASDAQ,RCMT,"RCM Technologies, Inc. - Common Stock",Stock,,nasdaq_trader_symbol_directory
NASDAQ,RCON,"Recon Technology, Ltd. - Class A Ordinary Shares",Stock,,nasdaq_trader_symbol_directory
NASDAQ,RCT,RedCloud Holdings plc - Ordinary Shares,Stock,,nasdaq_trader_symbol_directory
NASDAQ,RDAC,Rising Dragon Acquisition Corp. - Ordinary Shares,Stock,,nasdaq_trader_symbol_directory
NASDAQ,RDACR,Rising Dragon Acquisition Corp. - Rights,Stock,,nasdaq_trader_symbol_directory
NASDAQ,RDACU,Rising Dragon Acquisition Corp. - Unit,Stock,,nasdaq_trader_symbol_directory
NASDAQ,RDAG,Republic Digital Acquisition Company - Class A Ordinary Shares,Stock,,nasdaq_trader_symbol_directory
NASDAQ,RDAGU,Republic Digital Acquisition Company - Unit,Stock,,nasdaq_trader_symbol_directory
NASDAQ,RDAGW,Republic Digital Acquisition Company - Warrants,Stock,,nasdaq_trader_symbol_directory
NASDAQ,RDCM,Radcom Ltd. - Ordinary Shares,Stock,,nasdaq_trader_symbol_directory
NASDAQ,RDGT,"Ridgetech, Inc. - Ordinary Shares",Stock,,nasdaq_trader_symbol_directory
NASDAQ,RDHL,Redhill Biopharma Ltd. - American Depositary Shares,Stock,,nasdaq_trader_symbol_directory
NASDAQ,RDI,Reading International Inc - Class A Non-voting Common Stock,Stock,,nasdaq_trader_symbol_directory
NASDAQ,RDIB,Reading International Inc - Class B Voting Common Stock,Stock,,nasdaq_trader_symbol_directory
NASDAQ,RDNT,"RadNet, Inc. - Common Stock",Stock,,nasdaq_trader_symbol_directory
NASDAQ,RDNW,"RideNow Group, Inc. - Class B Common Stock",Stock,,nasdaq_trader_symbol_directory
NASDAQ,RDTL,GraniteShares 2x Long RDDT Daily ETF,ETF,,nasdaq_trader_symbol_directory
NASDAQ,RDTY,YieldMax R2000 0DTE Covered Strategy ETF,ETF,,nasdaq_trader_symbol_directory
NASDAQ,RDVT,"Red Violet, Inc. - Common Stock",Stock,,nasdaq_trader_symbol_directory
NASDAQ,RDVY,First Trust Rising Dividend Achievers ETF,ETF,,nasdaq_trader_symbol_directory
NASDAQ,RDWR,Radware Ltd. - Ordinary Shares,Stock,,nasdaq_trader_symbol_directory
NASDAQ,RDZN,"Roadzen, Inc. - Ordinary Shares",Stock,,nasdaq_trader_symbol_directory
NASDAQ,RDZNW,"Roadzen, Inc. - Warrants",Stock,,nasdaq_trader_symbol_directory
NASDAQ,REAI,Intelligent Real Estate ETF,ETF,,nasdaq_trader_symbol_directory
NASDAQ,REAL,"The RealReal, Inc. - Common Stock",Stock,,nasdaq_trader_symbol_directory
NASDAQ,REAX,"The Real Brokerage, Inc. - Common Shares",Stock,,nasdaq_trader_symbol_directory
NASDAQ,REBN,"Reborn Coffee, Inc. - Common Stock",Stock,,nasdaq_trader_symbol_directory
NASDAQ,RECT,Rectitude Holdings Ltd - Ordinary Shares,Stock,,nasdaq_trader_symbol_directory
NASDAQ,REE,REE Automotive Ltd. - Class A Ordinary Shares,Stock,,nasdaq_trader_symbol_directory
NASDAQ,REFI,"Chicago Atlantic Real Estate Finance, Inc. - Common Stock",Stock,,nasdaq_trader_symbol_directory
NASDAQ,REFR,Research Frontiers Incorporated - Common Stock,Stock,,nasdaq_trader_symbol_directory
NASDAQ,REG,Regency Centers Corporation - Common Stock,Stock,,nasdaq_trader_symbol_directory
NASDAQ,REGCO,Regency Centers Corporation - 5.875% Series B Cumulative Redeemable Preferred Stock,Stock,,nasdaq_trader_symbol_directory
NASDAQ,REGCP,Regency Centers Corporation - 6.25% Series A Cumulative Redeemable Preferred Stock,Stock,,nasdaq_trader_symbol_directory
NASDAQ,REGN,"Regeneron Pharmaceuticals, Inc. - Common Stock",Stock,,nasdaq_trader_symbol_directory
NASDAQ,REIT,ALPS Active REIT ETF,ETF,,nasdaq_trader_symbol_directory
NASDAQ,REKR,"Rekor Systems, Inc. - Common Stock",Stock,,nasdaq_trader_symbol_directory
NASDAQ,RELL,"Richardson Electronics, Ltd. - Common Stock",Stock,,nasdaq_trader_symbol_directory
NASDAQ,RELY,"Remitly Global, Inc. - Common stock",Stock,,nasdaq_trader_symbol_directory
NASDAQ,REMG,Russell Investments Emerging Markets Equity ETF,ETF,,nasdaq_trader_symbol_directory
NASDAQ,RENT,"Rent the Runway, Inc. - Class A Common Stock",Stock,,nasdaq_trader_symbol_directory
NASDAQ,RENX,RenX Enterprises Corp. - Common Stock,Stock,,nasdaq_trader_symbol_directory
NASDAQ,REPL,"Replimune Group, Inc. - Common Stock",Stock,,nasdaq_trader_symbol_directory
NASDAQ,RETO,"ReTo Eco-Solutions, Inc. - Class A Shares",Stock,,nasdaq_trader_symbol_directory
NASDAQ,REVB,"Revelation Biosciences, Inc. - Common Stock",Stock,,nasdaq_trader_symbol_directory
NASDAQ,REVBW,"Revelation Biosciences, Inc. - Warrant",Stock,,nasdaq_trader_symbol_directory
NASDAQ,REXC,Sprott Rare Earths Ex-China ETF,ETF,,nasdaq_trader_symbol_directory
NASDAQ,REYN,Reynolds Consumer Products Inc. - Common Stock,Stock,,nasdaq_trader_symbol_directory
NASDAQ,RFAI,RF Acquisition Corp II - Ordinary Shares,Stock,,nasdaq_trader_symbol_directory
NASDAQ,RFAIR,RF Acquisition Corp II - Right,Stock,,nasdaq_trader_symbol_directory
NASDAQ,RFAIU,RF Acquisition Corp II - Unit,Stock,,nasdaq_trader_symbol_directory
NASDAQ,RFAM,RF Acquisition Corp III - Ordinary Shares,Stock,,nasdaq_trader_symbol_directory
NASDAQ,RFAMR,RF Acquisition Corp III - Rights,Stock,,nasdaq_trader_symbol_directory
NASDAQ,RFAMU,RF Acquisition Corp III - Units,Stock,,nasdaq_trader_symbol_directory
NASDAQ,RFDI,First Trust RiverFront Dynamic Developed International ETF,ETF,,nasdaq_trader_symbol_directory
NASDAQ,RFEM,First Trust RiverFront Dynamic Emerging Markets ETF,ETF,,nasdaq_trader_symbol_directory
NASDAQ,RFIL,"RF Industries, Ltd. - Common Stock",Stock,,nasdaq_trader_symbol_directory
NASDAQ,RGC,Regencell Bioscience Holdings Limited - Ordinary Shares,Stock,,nasdaq_trader_symbol_directory
NASDAQ,RGCO,RGC Resources Inc. - Common Stock,Stock,,nasdaq_trader_symbol_directory
NASDAQ,RGEN,Repligen Corporation - Common Stock,Stock,,nasdaq_trader_symbol_directory
NASDAQ,RGLD,"Royal Gold, Inc. - Common Stock",Stock,,nasdaq_trader_symbol_directory
NASDAQ,RGLO,Russell Investments Global Equity ETF,ETF,,nasdaq_trader_symbol_directory
NASDAQ,RGNX,REGENXBIO Inc. - Common Stock,Stock,,nasdaq_trader_symbol_directory
NASDAQ,RGP,"Resources Connection, Inc. - Common Stock",Stock,,nasdaq_trader_symbol_directory
NASDAQ,RGS,Regis Corporation - Common Stock,Stock,,nasdaq_trader_symbol_directory
NASDAQ,RGTI,"Rigetti Computing, Inc. - Common stock",Stock,,nasdaq_trader_symbol_directory
NASDAQ,RGTIW,"Rigetti Computing, Inc. - Redeemable warrants, each whole warrant exercisable for one Class A ordinary share at an exercise price of $11.50",Stock,,nasdaq_trader_symbol_directory
NASDAQ,RGTX,Defiance Daily Target 2X Long RGTI ETF,ETF,,nasdaq_trader_symbol_directory
NASDAQ,RGTZ,Defiance Daily Target 2x Short RGTI ETF,ETF,,nasdaq_trader_symbol_directory
NASDAQ,RGYY,GraniteShares YieldBoost RGTI ETF,ETF,,nasdaq_trader_symbol_directory
NASDAQ,RIBB,Ribbon Acquisition Corp - Class A Ordinary Shares,Stock,,nasdaq_trader_symbol_directory
NASDAQ,RIBBR,Ribbon Acquisition Corp - Rights,Stock,,nasdaq_trader_symbol_directory
NASDAQ,RIBBU,Ribbon Acquisition Corp - Unit,Stock,,nasdaq_trader_symbol_directory
NASDAQ,RICK,"RCI Hospitality Holdings, Inc. - Common Stock",Stock,,nasdaq_trader_symbol_directory
NASDAQ,RIFR,Russell Investments Global Infrastructure ETF,ETF,,nasdaq_trader_symbol_directory
NASDAQ,RIGL,"Rigel Pharmaceuticals, Inc. - Common Stock",Stock,,nasdaq_trader_symbol_directory
NASDAQ,RILY,"BRC Group Holdings, Inc. - Common Stock",Stock,,nasdaq_trader_symbol_directory
NASDAQ,RILYG,"BRC Group Holdings, Inc. - 5.00% Senior Notes due 2026",Stock,,nasdaq_trader_symbol_directory
NASDAQ,RILYL,"BRC Group Holdings, Inc. - Depositary Shares, each representing a 1/1000th fractional interest in a share of Series B Cumulative Perpetual Preferred Stock",Stock,,nasdaq_trader_symbol_directory
NASDAQ,RILYN,"BRC Group Holdings, Inc. - 6.50% Senior Notes Due 2026",Stock,,nasdaq_trader_symbol_directory
NASDAQ,RILYP,"BRC Group Holdings, Inc. - Depositary Shares, each representing a 1/1000th fractional interest in a share of Series A Cumulative Perpetual Preferred Stock",Stock,,nasdaq_trader_symbol_directory
NASDAQ,RILYT,"BRC Group Holdings, Inc. - 6.00% Senior Notes Due 2028",Stock,,nasdaq_trader_symbol_directory
NASDAQ,RILYZ,"BRC Group Holdings, Inc. - 5.25% Senior Notes due 2028",Stock,,nasdaq_trader_symbol_directory
NASDAQ,RIME,"Algorhythm Holdings, Inc. - Common Stock",Stock,,nasdaq_trader_symbol_directory
NASDAQ,RING,iShares MSCI Global Gold Miners ETF,ETF,,nasdaq_trader_symbol_directory
NASDAQ,RINT,Russell Investments International Developed Equity ETF,ETF,,nasdaq_trader_symbol_directory
NASDAQ,RIOT,"Riot Platforms, Inc. - Common Stock",Stock,,nasdaq_trader_symbol_directory
NASDAQ,RITR,Reitar Logtech Holdings Limited - Ordinary shares,Stock,,nasdaq_trader_symbol_directory
NASDAQ,RIVN,"Rivian Automotive, Inc. - Class A Common Stock",Stock,,nasdaq_trader_symbol_directory
NASDAQ,RJET,Republic Airways Holdings Inc. - Common Stock,Stock,,nasdaq_trader_symbol_directory
NASDAQ,RKDA,"Arcadia Biosciences, Inc. - Common Stock",Stock,,nasdaq_trader_symbol_directory
NASDAQ,RKLB,Rocket Lab Corporation - Common Stock,Stock,,nasdaq_trader_symbol_directory
NASDAQ,RKLX,Defiance Daily Target 2X Long RKLB ETF,ETF,,nasdaq_trader_symbol_directory
NASDAQ,RKLZ,Defiance Daily Target 2x Short RKLB ETF,ETF,,nasdaq_trader_symbol_directory
NASDAQ,RKNG,Defiance Retail Kings ETF,ETF,,nasdaq_trader_symbol_directory
NASDAQ,RKTO,Rocket One Inc. - Common Stock,Stock,,nasdaq_trader_symbol_directory
NASDAQ,RLAY,"Relay Therapeutics, Inc. - Common Stock",Stock,,nasdaq_trader_symbol_directory
NASDAQ,RLMD,"Relmada Therapeutics, Inc. - Common Stock",Stock,,nasdaq_trader_symbol_directory
NASDAQ,RLYB,Rallybio Corporation - Common Stock,Stock,,nasdaq_trader_symbol_directory
NASDAQ,RMBI,"Richmond Mutual Bancorporation, Inc. - Common Stock",Stock,,nasdaq_trader_symbol_directory
NASDAQ,RMBS,"Rambus, Inc. - Common Stock",Stock,,nasdaq_trader_symbol_directory
NASDAQ,RMCF,"Rocky Mountain Chocolate Factory, Inc. - Common Stock",Stock,,nasdaq_trader_symbol_directory
NASDAQ,RMCO,Royalty Management Holding Corporation - Class A Common Stock,Stock,,nasdaq_trader_symbol_directory
NASDAQ,RMCOW,Royalty Management Holding Corporation - Warrant,Stock,,nasdaq_trader_symbol_directory
NASDAQ,RMIX,"Suncrete, Inc. - Class A Common Stock",Stock,,nasdaq_trader_symbol_directory
NASDAQ,RMNI,"Rimini Street, Inc. - Common Stock",Stock,,nasdaq_trader_symbol_directory
NASDAQ,RMR,The RMR Group Inc. - Class A Common Stock,Stock,,nasdaq_trader_symbol_directory
NASDAQ,RMSG,Real Messenger Corporation - Ordinary Shares,Stock,,nasdaq_trader_symbol_directory
NASDAQ,RMSGW,Real Messenger Corporation - Warrants,Stock,,nasdaq_trader_symbol_directory
NASDAQ,RMTI,"Rockwell Medical, Inc. - Common Stock",Stock,,nasdaq_trader_symbol_directory
NASDAQ,RNA,"Atrium Therapeutics, Inc. - Common Stock",Stock,,nasdaq_trader_symbol_directory
NASDAQ,RNAC,"Cartesian Therapeutics, Inc. - Common Stock",Stock,,nasdaq_trader_symbol_directory
NASDAQ,RNAZ,"TransCode Therapeutics, Inc. - Common Stock",Stock,,nasdaq_trader_symbol_directory
NASDAQ,RNEM,Emerging Markets Equity Select ETF,ETF,,nasdaq_trader_symbol_directory
NASDAQ,RNGT,Range Capital Acquisition Corp II - Class A Ordinary Shares,Stock,,nasdaq_trader_symbol_directory
NASDAQ,RNGTU,Range Capital Acquisition Corp II - Units,Stock,,nasdaq_trader_symbol_directory
NASDAQ,RNGTW,Range Capital Acquisition Corp II - Warrants,Stock,,nasdaq_trader_symbol_directory
NASDAQ,RNIN,Bushido Capital US SMID Cap Equity ETF,ETF,,nasdaq_trader_symbol_directory
NASDAQ,RNRG,Global X Renewable Energy Producers ETF,ETF,,nasdaq_trader_symbol_directory
NASDAQ,RNTX,"Rein Therapeutics, Inc. - Common Stock",Stock,,nasdaq_trader_symbol_directory
NASDAQ,RNW,ReNew Energy Global plc - Class A Shares,Stock,,nasdaq_trader_symbol_directory
NASDAQ,RNWWW,ReNew Energy Global plc - Warrant,Stock,,nasdaq_trader_symbol_directory
NASDAQ,RNXT,"RenovoRx, Inc. - Common Stock",Stock,,nasdaq_trader_symbol_directory
NASDAQ,ROAD,"Construction Partners, Inc. - Common Stock",Stock,,nasdaq_trader_symbol_directory
NASDAQ,ROBT,First Trust Nasdaq Artificial Intelligence and Robotics ETF,ETF,,nasdaq_trader_symbol_directory
NASDAQ,ROC,Rank One Computing Corporation - Common stock,Stock,,nasdaq_trader_symbol_directory
NASDAQ,ROCK,"Gibraltar Industries, Inc. - Common Stock",Stock,,nasdaq_trader_symbol_directory
NASDAQ,ROCQ,JPMorgan Nasdaq Equity Premium Yield ETF,ETF,,nasdaq_trader_symbol_directory
NASDAQ,ROCY,JPMorgan Equity Premium Yield ETF,ETF,,nasdaq_trader_symbol_directory
NASDAQ,ROE,Astoria US Equal Weight Quality Kings ETF,ETF,,nasdaq_trader_symbol_directory
NASDAQ,ROIV,Roivant Sciences Ltd. - Common Shares,Stock,,nasdaq_trader_symbol_directory
NASDAQ,ROKU,"Roku, Inc. - Class A Common Stock",Stock,,nasdaq_trader_symbol_directory
NASDAQ,ROMA,Roma Green Finance Limited - Class A Ordinary Shares,Stock,,nasdaq_trader_symbol_directory
NASDAQ,ROOT,"Root, Inc. - Common Stock",Stock,,nasdaq_trader_symbol_directory
NASDAQ,ROP,"Roper Technologies, Inc. - Common Stock",Stock,,nasdaq_trader_symbol_directory
NASDAQ,ROST,"Ross Stores, Inc. - Common Stock",Stock,,nasdaq_trader_symbol_directory
NASDAQ,RPAY,Repay Holdings Corporation - Class A Common Stock,Stock,,nasdaq_trader_symbol_directory
NASDAQ,RPD,"Rapid7, Inc. - Common Stock",Stock,,nasdaq_trader_symbol_directory
NASDAQ,RPGL,Republic Power Group Limited - Class A Ordinary Shares,Stock,,nasdaq_trader_symbol_directory
NASDAQ,RPID,"Rapid Micro Biosystems, Inc. - Class A Common Stock",Stock,,nasdaq_trader_symbol_directory
NASDAQ,RPRX,Royalty Pharma plc - Class A Ordinary Shares,Stock,,nasdaq_trader_symbol_directory
NASDAQ,RR,Richtech Robotics Inc. - Class B Common Stock,Stock,,nasdaq_trader_symbol_directory
NASDAQ,RRBI,"Red River Bancshares, Inc. - Common Stock",Stock,,nasdaq_trader_symbol_directory
NASDAQ,RREV,RRE Ventures Acquisition Corp. - Class A Ordinary Shares,Stock,,nasdaq_trader_symbol_directory
NASDAQ,RREVU,RRE Ventures Acquisition Corp. - Units,Stock,,nasdaq_trader_symbol_directory
NASDAQ,RREVW,RRE Ventures Acquisition Corp. - Warrants,Stock,,nasdaq_trader_symbol_directory
NASDAQ,RRGB,"Red Robin Gourmet Burgers, Inc. - Common Stock",Stock,,nasdaq_trader_symbol_directory
NASDAQ,RRR,"Red Rock Resorts, Inc. - Class A Common Stock",Stock,,nasdaq_trader_symbol_directory
NASDAQ,RSSS,"Research Solutions, Inc - Common Stock",Stock,,nasdaq_trader_symbol_directory
NASDAQ,RSVR,"Reservoir Media, Inc.. - Common Stock",Stock,,nasdaq_trader_symbol_directory
NASDAQ,RSVRW,"Reservoir Media, Inc.. - Warrant",Stock,,nasdaq_trader_symbol_directory
NASDAQ,RTAC,Renatus Tactical Acquisition Corp I - Class A Ordinary Shares,Stock,,nasdaq_trader_symbol_directory
NASDAQ,RTACU,Renatus Tactical Acquisition Corp I - Unit,Stock,,nasdaq_trader_symbol_directory
NASDAQ,RTACW,Renatus Tactical Acquisition Corp I - Warrant,Stock,,nasdaq_trader_symbol_directory
NASDAQ,RTB,"RTB Digital, Inc. - Common Stock",Stock,,nasdaq_trader_symbol_directory
NASDAQ,RTH,VanEck Retail ETF,ETF,,nasdaq_trader_symbol_directory
NASDAQ,RTXG,Leverage Shares 2X Long RTX Daily ETF,ETF,,nasdaq_trader_symbol_directory
NASDAQ,RTYY,GraniteShares YieldBoost RIOT ETF,ETF,,nasdaq_trader_symbol_directory
NASDAQ,RUBI,Rubico Inc. - Common Stock,Stock,,nasdaq_trader_symbol_directory
NASDAQ,RUM,RUM Group Inc. - Class A Common Stock,Stock,,nasdaq_trader_symbol_directory
NASDAQ,RUMBW,RUM Group Inc. - Warrant,Stock,,nasdaq_trader_symbol_directory
NASDAQ,RUN,Sunrun Inc. - Common Stock,Stock,,nasdaq_trader_symbol_directory
NASDAQ,RUNN,Running Oak Efficient Growth ETF,ETF,,nasdaq_trader_symbol_directory
NASDAQ,RUSC,Russell Investments U.S. Small Cap Equity ETF,ETF,,nasdaq_trader_symbol_directory
NASDAQ,RUSHA,"Rush Enterprises, Inc. - Class A Common Stock",Stock,,nasdaq_trader_symbol_directory
NASDAQ,RUSHB,"Rush Enterprises, Inc. - Class B Common Stock",Stock,,nasdaq_trader_symbol_directory
NASDAQ,RVMD,"Revolution Medicines, Inc. - Common Stock",Stock,,nasdaq_trader_symbol_directory
NASDAQ,RVMDW,"Revolution Medicines, Inc. - Warrant",Stock,,nasdaq_trader_symbol_directory
NASDAQ,RVNL,GraniteShares 2x Long RIVN Daily ETF,ETF,,nasdaq_trader_symbol_directory
NASDAQ,RVSB,Riverview Bancorp Inc - Common Stock,Stock,,nasdaq_trader_symbol_directory
NASDAQ,RVSN,Rail Vision Ltd. - Ordinary Shares,Stock,,nasdaq_trader_symbol_directory
NASDAQ,RVSNW,Rail Vision Ltd. - Warrant,Stock,,nasdaq_trader_symbol_directory
NASDAQ,RWAY,Runway Growth Finance Corp. - Common Stock,Stock,,nasdaq_trader_symbol_directory
NASDAQ,RWAYI,Runway Growth Finance Corp. - 7.25% Notes due 2031,Stock,,nasdaq_trader_symbol_directory
NASDAQ,RWAYL,Runway Growth Finance Corp. - 7.50% Notes due 2027,Stock,,nasdaq_trader_symbol_directory
NASDAQ,RWIN,Rayliant NxtGen Multifactor International Equity ETF,ETF,,nasdaq_trader_symbol_directory
NASDAQ,RXRX,"Recursion Pharmaceuticals, Inc. - Class A Common Stock",Stock,,nasdaq_trader_symbol_directory
NASDAQ,RXST,"RxSight, Inc. - Common Stock",Stock,,nasdaq_trader_symbol_directory
NASDAQ,RXT,"Rackspace Technology, Inc. - Common Stock",Stock,,nasdaq_trader_symbol_directory
NASDAQ,RYAAY,"Ryanair Holdings plc - American Depositary Shares, each representing five Ordinary Shares",Stock,,nasdaq_trader_symbol_directory
NASDAQ,RYET,Ruanyun Edai Technology Inc. - Ordinary shares,Stock,,nasdaq_trader_symbol_directory
NASDAQ,RYM,"RYTHM, Inc. - Common Stock",Stock,,nasdaq_trader_symbol_directory
NASDAQ,RYOJ,"rYojbaba Co., Ltd. - Common Shares",Stock,,nasdaq_trader_symbol_directory
NASDAQ,RYTM,"Rhythm Pharmaceuticals, Inc. - Common Stock",Stock,,nasdaq_trader_symbol_directory
NASDAQ,RZLT,"Rezolute, Inc. - Common Stock (NV)",Stock,,nasdaq_trader_symbol_directory
NASDAQ,RZLV,Rezolve AI PLC - Ordinary Shares,Stock,,nasdaq_trader_symbol_directory
NASDAQ,RZLVW,Rezolve AI PLC - Warrants,Stock,,nasdaq_trader_symbol_directory
NASDAQ,SAAQ,Space Asset Acquisition Corp. - Class A Ordinary Shares,Stock,,nasdaq_trader_symbol_directory
NASDAQ,SAAQU,Space Asset Acquisition Corp. - Units,Stock,,nasdaq_trader_symbol_directory
NASDAQ,SAAQW,Space Asset Acquisition Corp. - Warrants,Stock,,nasdaq_trader_symbol_directory
NASDAQ,SABR,Sabre Corporation - Common Stock,Stock,,nasdaq_trader_symbol_directory
NASDAQ,SABS,"SAB Biotherapeutics, Inc. - Common Stock",Stock,,nasdaq_trader_symbol_directory
NASDAQ,SABSW,"SAB Biotherapeutics, Inc. - Warrant",Stock,,nasdaq_trader_symbol_directory
NASDAQ,SAFT,"Safety Insurance Group, Inc. - Common Stock",Stock,,nasdaq_trader_symbol_directory
NASDAQ,SAFX,"XCF Global, Inc. - Class A Common Stock",Stock,,nasdaq_trader_symbol_directory
NASDAQ,SAGT,SAGTEC GLOBAL LIMITED - Class A Ordinary shares,Stock,,nasdaq_trader_symbol_directory
NASDAQ,SAIA,"Saia, Inc. - Common Stock",Stock,,nasdaq_trader_symbol_directory
NASDAQ,SAIC,Science Applications International Corporation - Common Stock,Stock,,nasdaq_trader_symbol_directory
NASDAQ,SAIH,SAIHEAT Limited - Class A Ordinary Shares,Stock,,nasdaq_trader_symbol_directory
NASDAQ,SAIHW,SAIHEAT Limited - Warrant,Stock,,nasdaq_trader_symbol_directory
NASDAQ,SAIL,"SailPoint, Inc. - Common Stock",Stock,,nasdaq_trader_symbol_directory
NASDAQ,SAMG,Silvercrest Asset Management Group Inc. - Common Stock,Stock,,nasdaq_trader_symbol_directory
NASDAQ,SANA,"Sana Biotechnology, Inc. - Common Stock",Stock,,nasdaq_trader_symbol_directory
NASDAQ,SANG,Sangoma Technologies Corporation - Common Shares,Stock,,nasdaq_trader_symbol_directory
NASDAQ,SANM,Sanmina Corporation - Common Stock,Stock,,nasdaq_trader_symbol_directory
NASDAQ,SARK,Tradr 1X Short Innovation Daily ETF,ETF,,nasdaq_trader_symbol_directory
NASDAQ,SATA,"Strive, Inc. - Variable Rate Series A Perpetual Preferred Stock",Stock,,nasdaq_trader_symbol_directory
NASDAQ,SATL,Satellogic Inc. - Class A Common Stock,Stock,,nasdaq_trader_symbol_directory
NASDAQ,SATLW,Satellogic Inc. - Warrant,Stock,,nasdaq_trader_symbol_directory
NASDAQ,SBAC,SBA Communications Corporation - Class A Common Stock,Stock,,nasdaq_trader_symbol_directory
NASDAQ,SBC,SBC Medical Group Holdings Incorporated - Common Stock,Stock,,nasdaq_trader_symbol_directory
NASDAQ,SBCF,Seacoast Banking Corporation of Florida - Common Stock,Stock,,nasdaq_trader_symbol_directory
NASDAQ,SBCWW,SBC Medical Group Holdings Incorporated - Warrants,Stock,,nasdaq_trader_symbol_directory
NASDAQ,SBET,"Sharplink, Inc. - Common Stock",Stock,,nasdaq_trader_symbol_directory
NASDAQ,SBFG,"SB Financial Group, Inc. - Common Stock",Stock,,nasdaq_trader_symbol_directory
NASDAQ,SBFM,Sunshine Biopharma Inc. - Common stock,Stock,,nasdaq_trader_symbol_directory
NASDAQ,SBFMW,Sunshine Biopharma Inc. - Warrant,Stock,,nasdaq_trader_symbol_directory
NASDAQ,SBGI,"Sinclair, Inc. - Class A Common Stock",Stock,,nasdaq_trader_symbol_directory
NASDAQ,SBLK,Star Bulk Carriers Corp. - Common Shares,Stock,,nasdaq_trader_symbol_directory
NASDAQ,SBRA,"Sabra Health Care REIT, Inc. - Common Stock",Stock,,nasdaq_trader_symbol_directory
NASDAQ,SBU,Leverage Shares 2X Long SBUX Daily ETF,ETF,,nasdaq_trader_symbol_directory
NASDAQ,SBUX,Starbucks Corporation - Common Stock,Stock,,nasdaq_trader_symbol_directory
NASDAQ,SCA,GraniteShares Autocallable SMCI ETF,ETF,,nasdaq_trader_symbol_directory
NASDAQ,SCAG,Scage Future - American Depositary Shares,Stock,,nasdaq_trader_symbol_directory
NASDAQ,SCAGW,Scage Future - Warrants,Stock,,nasdaq_trader_symbol_directory
NASDAQ,SCDS,JPMorgan Fundamental Data Science Small Core ETF,ETF,,nasdaq_trader_symbol_directory
NASDAQ,SCHL,Scholastic Corporation - Common Stock,Stock,,nasdaq_trader_symbol_directory
NASDAQ,SCII,SC II Acquisition Corp. - Class A ordinary share,Stock,,nasdaq_trader_symbol_directory
NASDAQ,SCIIR,SC II Acquisition Corp. - Rights,Stock,,nasdaq_trader_symbol_directory
NASDAQ,SCIIU,SC II Acquisition Corp. - Units,Stock,,nasdaq_trader_symbol_directory
NASDAQ,SCKT,"Socket Mobile, Inc. - Common Stock",Stock,,nasdaq_trader_symbol_directory
NASDAQ,SCLX,Scilex Holding Company - Common Stock,Stock,,nasdaq_trader_symbol_directory
NASDAQ,SCLXW,Scilex Holding Company - Warrant,Stock,,nasdaq_trader_symbol_directory
NASDAQ,SCNI,Scinai Immunotherapeutics Ltd. - American Depositary Shares,Stock,,nasdaq_trader_symbol_directory
NASDAQ,SCNX,"Scienture Holdings, Inc. - Common Stock",Stock,,nasdaq_trader_symbol_directory
NASDAQ,SCOR,"comScore, Inc. - Common Stock",Stock,,nasdaq_trader_symbol_directory
NASDAQ,SCPQ,Social Commerce Partners Corporation - Class A Ordinary Shares,Stock,,nasdaq_trader_symbol_directory
NASDAQ,SCPQU,Social Commerce Partners Corporation - Unit,Stock,,nasdaq_trader_symbol_directory
NASDAQ,SCPQW,Social Commerce Partners Corporation - Warrant,Stock,,nasdaq_trader_symbol_directory
NASDAQ,SCSC,"ScanSource, Inc. - Common Stock",Stock,,nasdaq_trader_symbol_directory
NASDAQ,SCWO,374Water Inc. - common stock,Stock,,nasdaq_trader_symbol_directory
NASDAQ,SCYX,"SCYNEXIS, Inc. - Common Stock",Stock,,nasdaq_trader_symbol_directory
NASDAQ,SCZ,iShares MSCI EAFE Small-Cap ETF,ETF,,nasdaq_trader_symbol_directory
NASDAQ,SCZM,Santacruz Silver Mining Ltd. - Common Shares,Stock,,nasdaq_trader_symbol_directory
NASDAQ,SDA,SunCar Technology Group Inc. - Ordinary Shares,Stock,,nasdaq_trader_symbol_directory
NASDAQ,SDAWW,SunCar Technology Group Inc. - Warrant,Stock,,nasdaq_trader_symbol_directory
NASDAQ,SDG,iShares MSCI Global Sustainable Development Goals ETF,ETF,,nasdaq_trader_symbol_directory
NASDAQ,SDGR,"Schrodinger, Inc. - Common Stock",Stock,,nasdaq_trader_symbol_directory
NASDAQ,SDHI,Siddhi Acquisition Corp - Class A Common stock,Stock,,nasdaq_trader_symbol_directory
NASDAQ,SDHIR,Siddhi Acquisition Corp - Right,Stock,,nasdaq_trader_symbol_directory
NASDAQ,SDHIU,Siddhi Acquisition Corp - Unit,Stock,,nasdaq_trader_symbol_directory
NASDAQ,SDOT,Sadot Group Inc. - Common Stock,Stock,,nasdaq_trader_symbol_directory
NASDAQ,SDSI,American Century Short Duration Strategic Income ETF,ETF,,nasdaq_trader_symbol_directory
NASDAQ,SDST,Stardust Power Inc. - Common Stock,Stock,,nasdaq_trader_symbol_directory
NASDAQ,SDSTW,Stardust Power Inc. - Warrant,Stock,,nasdaq_trader_symbol_directory
NASDAQ,SDTY,YieldMax S&P 500 0DTE Covered Call Strategy ETF,ETF,,nasdaq_trader_symbol_directory
NASDAQ,SDVY,First Trust SMID Cap Rising Dividend Achievers ETF,ETF,,nasdaq_trader_symbol_directory
NASDAQ,SEAT,Vivid Seats Inc. - Class A common stock,Stock,,nasdaq_trader_symbol_directory
NASDAQ,SEATW,Vivid Seats Inc. - Warrant,Stock,,nasdaq_trader_symbol_directory
NASDAQ,SEDG,"SolarEdge Technologies, Inc. - Common Stock",Stock,,nasdaq_trader_symbol_directory
NASDAQ,SEED,Origin Agritech Limited - Ordinary Shares,Stock,,nasdaq_trader_symbol_directory
NASDAQ,SEEM,SEI Select Emerging Markets Equity ETF,ETF,,nasdaq_trader_symbol_directory
NASDAQ,SEER,"Seer, Inc. - Class A Common Stock",Stock,,nasdaq_trader_symbol_directory
NASDAQ,SEGG,Sports Entertainment Gaming Global Corporation - Common Stock,Stock,,nasdaq_trader_symbol_directory
NASDAQ,SEIC,SEI Investments Company - Common Stock,Stock,,nasdaq_trader_symbol_directory
NASDAQ,SEIE,SEI Select International Equity ETF,ETF,,nasdaq_trader_symbol_directory
NASDAQ,SEIS,SEI Select Small Cap ETF,ETF,,nasdaq_trader_symbol_directory
NASDAQ,SELF,"Global Self Storage, Inc. - Common Stock",Stock,,nasdaq_trader_symbol_directory
NASDAQ,SEMY,GraniteShares YieldBOOST Semiconductor ETF,ETF,,nasdaq_trader_symbol_directory
NASDAQ,SENEA,Seneca Foods Corp. - Class A Common Stock,Stock,,nasdaq_trader_symbol_directory
NASDAQ,SENEB,Seneca Foods Corp. - Class B Common Stock,Stock,,nasdaq_trader_symbol_directory
NASDAQ,SENS,"Senseonics Holdings, Inc. - Common Stock",Stock,,nasdaq_trader_symbol_directory
NASDAQ,SEPN,"Septerna, Inc. - Common Stock",Stock,,nasdaq_trader_symbol_directory
NASDAQ,SERA,"Sera Prognostics, Inc. - Class A Common Stock",Stock,,nasdaq_trader_symbol_directory
NASDAQ,SERV,Serve Robotics Inc. - Common Stock,Stock,,nasdaq_trader_symbol_directory
NASDAQ,SETM,Sprott Critical Materials ETF,ETF,,nasdaq_trader_symbol_directory
NASDAQ,SEV,Aptera Motors Corp. - Class B Common Stock,Stock,,nasdaq_trader_symbol_directory
NASDAQ,SEVN,Seven Hills Realty Trust - Common Stock,Stock,,nasdaq_trader_symbol_directory
NASDAQ,SEZL,Sezzle Inc. - Common Stock,Stock,,nasdaq_trader_symbol_directory
NASDAQ,SFBC,"Sound Financial Bancorp, Inc. - Common Stock",Stock,,nasdaq_trader_symbol_directory
NASDAQ,SFD,"Smithfield Foods, Inc. - Common Stock",Stock,,nasdaq_trader_symbol_directory
NASDAQ,SFHG,Samfine Creation Holdings Group Limited - Class A Ordinary Share,Stock,,nasdaq_trader_symbol_directory
NASDAQ,SFIX,"Stitch Fix, Inc. - Class A Common Stock",Stock,,nasdaq_trader_symbol_directory
NASDAQ,SFLO,VictoryShares Small Cap Free Cash Flow ETF,ETF,,nasdaq_trader_symbol_directory
NASDAQ,SFM,"Sprouts Farmers Market, Inc. - Common Stock",Stock,,nasdaq_trader_symbol_directory
NASDAQ,SFNC,Simmons First National Corporation - Common Stock,Stock,,nasdaq_trader_symbol_directory
NASDAQ,SFST,"Southern First Bancshares, Inc. - Common Stock",Stock,,nasdaq_trader_symbol_directory
NASDAQ,SFWL,Shengfeng Development Limited - Class A Ordinary Shares,Stock,,nasdaq_trader_symbol_directory
NASDAQ,SGA,"Saga Communications, Inc. - Class A Common Stock",Stock,,nasdaq_trader_symbol_directory
NASDAQ,SGC,"Superior Group of Companies, Inc. - Common Stock",Stock,,nasdaq_trader_symbol_directory
NASDAQ,SGHT,"Sight Sciences, Inc. - Common Stock",Stock,,nasdaq_trader_symbol_directory
NASDAQ,SGLY,Singularity Future Technology Ltd. - Common Stock,Stock,,nasdaq_trader_symbol_directory
NASDAQ,SGML,Sigma Lithium Corporation - common shares,Stock,,nasdaq_trader_symbol_directory
NASDAQ,SGMT,Sagimet Biosciences Inc. - Series A Common Stock,Stock,,nasdaq_trader_symbol_directory
NASDAQ,SGP,"SpyGlass Pharma, Inc. - Common Stock",Stock,,nasdaq_trader_symbol_directory
NASDAQ,SGRP,"SPAR Group, Inc. - Common Stock",Stock,,nasdaq_trader_symbol_directory
NASDAQ,SGRY,"Surgery Partners, Inc. - Common Stock",Stock,,nasdaq_trader_symbol_directory
NASDAQ,SGVA,F/m Accumulator Ultrashort Treasury Fund,ETF,,nasdaq_trader_symbol_directory
NASDAQ,SHAZ,"SharonAI Holdings, Inc. - Class A Common Stock",Stock,,nasdaq_trader_symbol_directory
NASDAQ,SHBI,"Shore Bancshares, Inc. - Common Stock",Stock,,nasdaq_trader_symbol_directory
NASDAQ,SHC,Sotera Health Company - Common Stock,Stock,,nasdaq_trader_symbol_directory
NASDAQ,SHEN,Shenandoah Telecommunications Co - Common Stock,Stock,,nasdaq_trader_symbol_directory
NASDAQ,SHFS,"SHF Holdings, Inc. - Class A Common Stock",Stock,,nasdaq_trader_symbol_directory
NASDAQ,SHFSW,"SHF Holdings, Inc. - Warrants",Stock,,nasdaq_trader_symbol_directory
NASDAQ,SHIM,Shimmick Corporation - Common Stock,Stock,,nasdaq_trader_symbol_directory
NASDAQ,SHIP,Seanergy Maritime Holdings Corp. - Common Stock,Stock,,nasdaq_trader_symbol_directory
NASDAQ,SHLS,"Shoals Technologies Group, Inc. - Class A Common Stock",Stock,,nasdaq_trader_symbol_directory
NASDAQ,SHMD,SCHMID Group N.V. - Class A Ordinary Shares,Stock,,nasdaq_trader_symbol_directory
NASDAQ,SHMDW,SCHMID Group N.V. - Warrants,Stock,,nasdaq_trader_symbol_directory
NASDAQ,SHOE,"Shoe Station Group, Inc. - Common Stock",Stock,,nasdaq_trader_symbol_directory
NASDAQ,SHOO,"Steven Madden, Ltd. - Common Stock",Stock,,nasdaq_trader_symbol_directory
NASDAQ,SHOP,Shopify Inc. - Class A Subordinate Voting Shares,Stock,,nasdaq_trader_symbol_directory
NASDAQ,SHOTU,RMG ML Sports Holdings - Unit,Stock,,nasdaq_trader_symbol_directory
NASDAQ,SHPH,"Shuttle Pharmaceuticals Holdings, Inc. - common stock",Stock,,nasdaq_trader_symbol_directory
NASDAQ,SHPU,Direxion Daily SHOP Bull 2X ETF,ETF,,nasdaq_trader_symbol_directory
NASDAQ,SHRY,First Trust Bloomberg Shareholder Yield ETF,ETF,,nasdaq_trader_symbol_directory
NASDAQ,SHY,iShares 1-3 Year Treasury Bond ETF,ETF,,nasdaq_trader_symbol_directory
NASDAQ,SIBN,"SI-BONE, Inc. - Common Stock",Stock,,nasdaq_trader_symbol_directory
NASDAQ,SIDU,"Sidus Space, Inc. - Class A Common Stock",Stock,,nasdaq_trader_symbol_directory
NASDAQ,SIEB,Siebert Financial Corp. - Common Stock,Stock,,nasdaq_trader_symbol_directory
NASDAQ,SIFY,Sify Technologies Limited - American Depository Shares,Stock,,nasdaq_trader_symbol_directory
NASDAQ,SIGA,SIGA Technologies Inc. - Common Stock,Stock,,nasdaq_trader_symbol_directory
NASDAQ,SIGI,"Selective Insurance Group, Inc. - Common Stock",Stock,,nasdaq_trader_symbol_directory
NASDAQ,SIGIP,"Selective Insurance Group, Inc. - Depositary Shares, each representing a 1/1,000th interest in a share of 4.60% Non-Cumulative Preferred Stock, Series B",Stock,,nasdaq_trader_symbol_directory
NASDAQ,SILC,Silicom Ltd - Ordinary Shares,Stock,,nasdaq_trader_symbol_directory
NASDAQ,SILO,"Silo Pharma, Inc. - Common Stock",Stock,,nasdaq_trader_symbol_directory
NASDAQ,SIMA,SIM Acquisition Corp. I - Class A Ordinary Shares,Stock,,nasdaq_trader_symbol_directory
NASDAQ,SIMAU,SIM Acquisition Corp. I - Unit,Stock,,nasdaq_trader_symbol_directory
NASDAQ,SIMAW,SIM Acquisition Corp. I - Warrant,Stock,,nasdaq_trader_symbol_directory
NASDAQ,SIMO,"Silicon Motion Technology Corporation - American Depositary Shares, each representing four ordinary shares",Stock,,nasdaq_trader_symbol_directory
NASDAQ,SINT,"SiNtx Technologies, Inc. - Common Stock",Stock,,nasdaq_trader_symbol_directory
NASDAQ,SION,"Sionna Therapeutics, Inc. - Common Stock",Stock,,nasdaq_trader_symbol_directory
NASDAQ,SIRI,SiriusXM Holdings Inc. - Common Stock,Stock,,nasdaq_trader_symbol_directory
NASDAQ,SITM,SiTime Corporation - Common Stock,Stock,,nasdaq_trader_symbol_directory
NASDAQ,SJ,Scienjoy Holding Corporation - Class A Ordinary Shares,Stock,,nasdaq_trader_symbol_directory
NASDAQ,SJCP,SanJac Alpha Core Plus Bond ETF,ETF,,nasdaq_trader_symbol_directory
NASDAQ,SJLD,SanJac Alpha Low Duration ETF,ETF,,nasdaq_trader_symbol_directory
NASDAQ,SKIN,SkinHealth Systems Inc. - Class A Common Stock,Stock,,nasdaq_trader_symbol_directory
NASDAQ,SKK,SKK Holdings Limited - Class A Ordinary Shares,Stock,,nasdaq_trader_symbol_directory
NASDAQ,SKOR,FlexShares Credit-Scored US Corporate Bond Index Fund,ETF,,nasdaq_trader_symbol_directory
NASDAQ,SKRE,Tuttle Capital Daily 2X Inverse Regional Banks ETF,ETF,,nasdaq_trader_symbol_directory
NASDAQ,SKWD,"Skyward Specialty Insurance Group, Inc. - Common Stock",Stock,,nasdaq_trader_symbol_directory
NASDAQ,SKYA,"SkyAI, Inc. - Common Stock",Stock,,nasdaq_trader_symbol_directory
NASDAQ,SKYAW,"SkyAI, Inc. - Warrant",Stock,,nasdaq_trader_symbol_directory
NASDAQ,SKYE,"Skye Bioscience, Inc. - Common Stock",Stock,,nasdaq_trader_symbol_directory
NASDAQ,SKYQ,Sky Quarry Inc. - Common Stock,Stock,,nasdaq_trader_symbol_directory
NASDAQ,SKYT,"SkyWater Technology, Inc. - Common Stock",Stock,,nasdaq_trader_symbol_directory
NASDAQ,SKYU,ProShares Ultra Cloud Computing,ETF,,nasdaq_trader_symbol_directory
NASDAQ,SKYW,"SkyWest, Inc. - Common Stock",Stock,,nasdaq_trader_symbol_directory
NASDAQ,SKYX,SKYX Platforms Corp. - Common Stock,Stock,,nasdaq_trader_symbol_directory
NASDAQ,SKYY,First Trust Cloud Computing ETF,ETF,,nasdaq_trader_symbol_directory
NASDAQ,SLAB,"Silicon Laboratories, Inc. - Common Stock",Stock,,nasdaq_trader_symbol_directory
NASDAQ,SLBT,SL Science Holding Limited - Ordinary Shares,Stock,,nasdaq_trader_symbol_directory
NASDAQ,SLDB,Solid Biosciences Inc. - Common Stock,Stock,,nasdaq_trader_symbol_directory
NASDAQ,SLDE,"Slide Insurance Holdings, Inc. - Common Stock",Stock,,nasdaq_trader_symbol_directory
NASDAQ,SLDP,"Solid Power, Inc. - Class A Common Stock",Stock,,nasdaq_trader_symbol_directory
NASDAQ,SLDPW,"Solid Power, Inc. - Warrant",Stock,,nasdaq_trader_symbol_directory
NASDAQ,SLE,"Super League Enterprise, Inc. - Common Stock",Stock,,nasdaq_trader_symbol_directory
NASDAQ,SLGB,Smart Logistics Global Limited - Ordinary Shares,Stock,,nasdaq_trader_symbol_directory
NASDAQ,SLGL,Sol-Gel Technologies Ltd. - Ordinary Shares,Stock,,nasdaq_trader_symbol_directory
NASDAQ,SLM,SLM Corporation - Common Stock,Stock,,nasdaq_trader_symbol_directory
NASDAQ,SLMBP,"SLM Corporation - Floating Rate Non-Cumulative Preferred Stock, Series B",Stock,,nasdaq_trader_symbol_directory
NASDAQ,SLMT,Brera Holdings PLC - Class B Ordinary Shares,Stock,,nasdaq_trader_symbol_directory
NASDAQ,SLN,Silence Therapeutics Plc - American Depository Share,Stock,,nasdaq_trader_symbol_directory
NASDAQ,SLNG,"Stabilis Solutions, Inc. - Common Stock",Stock,,nasdaq_trader_symbol_directory
NASDAQ,SLNH,"Soluna Holdings, Inc. - Common Stock",Stock,,nasdaq_trader_symbol_directory
NASDAQ,SLNHP,"Soluna Holdings, Inc. - 9.0% Series A Cumulative Perpetual Preferred Stock",Stock,,nasdaq_trader_symbol_directory
NASDAQ,SLP,"Simulations Plus, Inc. - Common Stock",Stock,,nasdaq_trader_symbol_directory
NASDAQ,SLQD,iShares 0-5 Year Investment Grade Corporate Bond ETF,ETF,,nasdaq_trader_symbol_directory
NASDAQ,SLRC,SLR Investment Corp. - Closed End Fund,Stock,,nasdaq_trader_symbol_directory
NASDAQ,SLS,"SELLAS Life Sciences Group, Inc. - Common Stock",Stock,,nasdaq_trader_symbol_directory
NASDAQ,SLSN,"Solesence, Inc. - Common stock",Stock,,nasdaq_trader_symbol_directory
NASDAQ,SLVO,"ETRACS Silver Shares Covered Call ETNs due April 21, 2033",ETF,,nasdaq_trader_symbol_directory
NASDAQ,SLVR,Sprott Silver Miners & Physical Silver ETF,ETF,,nasdaq_trader_symbol_directory
NASDAQ,SLXN,Silexion Therapeutics Corp - Ordinary Shares,Stock,,nasdaq_trader_symbol_directory
NASDAQ,SLXNW,Silexion Therapeutics Corp - Warrant,Stock,,nasdaq_trader_symbol_directory
NASDAQ,SMBC,"Southern Missouri Bancorp, Inc. - Common Stock",Stock,,nasdaq_trader_symbol_directory
NASDAQ,SMCF,Themes US Small Cap Cash Flow Champions ETF,ETF,,nasdaq_trader_symbol_directory
NASDAQ,SMCI,"Super Micro Computer, Inc. - Common Stock",Stock,,nasdaq_trader_symbol_directory
NASDAQ,SMCIP,"Super Micro Computer, Inc. - Depositary Shares Each Representing a 1/20th Interest in a Share of 7% Series A Mandatory Convertible Preferred Stock",Stock,,nasdaq_trader_symbol_directory
NASDAQ,SMCL,GraniteShares 2x Long SMCI Daily ETF,ETF,,nasdaq_trader_symbol_directory
NASDAQ,SMCO,Hilton Small-MidCap Opportunity ETF,ETF,,nasdaq_trader_symbol_directory
NASDAQ,SMCX,Defiance Daily Target 2X Long SMCI ETF,ETF,,nasdaq_trader_symbol_directory
NASDAQ,SMCZ,Defiance Daily Target 2X Short SMCI ETF,ETF,,nasdaq_trader_symbol_directory
NASDAQ,SMH,VanEck Semiconductor ETF,ETF,,nasdaq_trader_symbol_directory
NASDAQ,SMHC,VanEck China Semiconductor ETF,ETF,,nasdaq_trader_symbol_directory
NASDAQ,SMHX,VanEck Fabless Semiconductor ETF,ETF,,nasdaq_trader_symbol_directory
NASDAQ,SMID,Smith-Midland Corporation - Common Stock,Stock,,nasdaq_trader_symbol_directory
NASDAQ,SMMT,Summit Therapeutics Inc. - Common Stock,Stock,,nasdaq_trader_symbol_directory
NASDAQ,SMOM,Symmetry Panoramic Sector Momentum ETF,ETF,,nasdaq_trader_symbol_directory
NASDAQ,SMPL,The Simply Good Foods Company - Common Stock,Stock,,nasdaq_trader_symbol_directory
NASDAQ,SMRI,Bushido Capital US Equity ETF,ETF,,nasdaq_trader_symbol_directory
NASDAQ,SMSI,"Smith Micro Software, Inc. - Common Stock",Stock,,nasdaq_trader_symbol_directory
NASDAQ,SMST,Defiance Daily Target 2x Short MSTR ETF,ETF,,nasdaq_trader_symbol_directory
NASDAQ,SMTC,Semtech Corporation - Common Stock,Stock,,nasdaq_trader_symbol_directory
NASDAQ,SMTI,Sanara MedTech Inc. - Common Stock,Stock,,nasdaq_trader_symbol_directory
NASDAQ,SMTK,"SmartKem, Inc. - Common Stock",Stock,,nasdaq_trader_symbol_directory
NASDAQ,SMX,SMX (Security Matters) Public Limited Company - Ordinary Shares,Stock,,nasdaq_trader_symbol_directory
NASDAQ,SMXT,Solarmax Technology Inc. - Common Stock,Stock,,nasdaq_trader_symbol_directory
NASDAQ,SMXWW,SMX (Security Matters) Public Limited Company - Warrant,Stock,,nasdaq_trader_symbol_directory
NASDAQ,SMYY,GraniteShares YieldBOOST SMCI ETF,ETF,,nasdaq_trader_symbol_directory
NASDAQ,SNAG,Leverage Shares 2x Long SNAP Daily ETF,ETF,,nasdaq_trader_symbol_directory
NASDAQ,SNAL,"Snail, Inc. - Class A Common Stock",Stock,,nasdaq_trader_symbol_directory
NASDAQ,SND,"Smart Sand, Inc. - Common Stock",Stock,,nasdaq_trader_symbol_directory
NASDAQ,SNDK,Sandisk Corporation - Common Stock When-Issued,Stock,,nasdaq_trader_symbol_directory
NASDAQ,SNDL,SNDL Inc. - Common Shares,Stock,,nasdaq_trader_symbol_directory
NASDAQ,SNDX,"Syndax Pharmaceuticals, Inc. - Common Stock",Stock,,nasdaq_trader_symbol_directory
NASDAQ,SNES,"SenesTech, Inc. - Common Stock",Stock,,nasdaq_trader_symbol_directory
NASDAQ,SNEX,StoneX Group Inc. - Common Stock,Stock,,nasdaq_trader_symbol_directory
NASDAQ,SNFCA,Security National Financial Corporation - Class A Common Stock,Stock,,nasdaq_trader_symbol_directory
NASDAQ,SNGX,"Soligenix, Inc. - Common Stock",Stock,,nasdaq_trader_symbol_directory
NASDAQ,SNOA,"Sonoma Pharmaceuticals, Inc. - Common Stock",Stock,,nasdaq_trader_symbol_directory
NASDAQ,SNPS,"Synopsys, Inc. - Common Stock",Stock,,nasdaq_trader_symbol_directory
NASDAQ,SNSR,Global X Internet of Things ETF,ETF,,nasdaq_trader_symbol_directory
NASDAQ,SNT,Senstar Technologies Corporation - Common Shares,Stock,,nasdaq_trader_symbol_directory
NASDAQ,SNTG,Sentage Holdings Inc. - Class A Ordinary Shares,Stock,,nasdaq_trader_symbol_directory
NASDAQ,SNTI,"Senti Biosciences Holdings, Inc. - Common Stock",Stock,,nasdaq_trader_symbol_directory
NASDAQ,SNWV,"SANUWAVE Health, Inc. - Common Stock",Stock,,nasdaq_trader_symbol_directory
NASDAQ,SNY,Sanofi - American Depositary Shares,Stock,,nasdaq_trader_symbol_directory
NASDAQ,SNYR,Synergy CHC Corp. - Common Stock,Stock,,nasdaq_trader_symbol_directory
NASDAQ,SOBR,"SOBR Safe, Inc. - Common Stock",Stock,,nasdaq_trader_symbol_directory
NASDAQ,SOCA,Solarius Capital Acquisition Corp. - Class A Ordinary Share,Stock,,nasdaq_trader_symbol_directory
NASDAQ,SOCAU,Solarius Capital Acquisition Corp. - Units,Stock,,nasdaq_trader_symbol_directory
NASDAQ,SOCAW,Solarius Capital Acquisition Corp. - Warrant,Stock,,nasdaq_trader_symbol_directory
NASDAQ,SOCL,Global X Social Media ETF,ETF,,nasdaq_trader_symbol_directory
NASDAQ,SOFA,Direxion Daily SOFI Bull 2X ETF,ETF,,nasdaq_trader_symbol_directory
NASDAQ,SOFI,"SoFi Technologies, Inc. - Common Stock",Stock,,nasdaq_trader_symbol_directory
NASDAQ,SOFX,Defiance Daily Target 2X Long SOFI ETF,ETF,,nasdaq_trader_symbol_directory
NASDAQ,SOGP,Sound Group Inc. - American Depositary Shares,Stock,,nasdaq_trader_symbol_directory
NASDAQ,SOHU,Sohu.com Limited - American Depositary Shares,Stock,,nasdaq_trader_symbol_directory
NASDAQ,SOLC,Canary Marinade Solana ETF,ETF,,nasdaq_trader_symbol_directory
NASDAQ,SOLS,Solstice Advanced Materials Inc. - Common Stock,Stock,,nasdaq_trader_symbol_directory
NASDAQ,SOLT,2x Solana ETF,ETF,,nasdaq_trader_symbol_directory
NASDAQ,SOLZ,Solana ETF,ETF,,nasdaq_trader_symbol_directory
NASDAQ,SONM,"DNA X, Inc. - Common Stock",Stock,,nasdaq_trader_symbol_directory
NASDAQ,SONO,"Sonos, Inc. - Common Stock",Stock,,nasdaq_trader_symbol_directory
NASDAQ,SOPH,SOPHiA GENETICS SA - Ordinary Shares,Stock,,nasdaq_trader_symbol_directory
NASDAQ,SORA,AsiaStrategy - Ordinary Shares,Stock,,nasdaq_trader_symbol_directory
NASDAQ,SORN,Soren Acquisition Corp. - Class A Ordinary Shares,Stock,,nasdaq_trader_symbol_directory
NASDAQ,SORNU,Soren Acquisition Corp. - Unit,Stock,,nasdaq_trader_symbol_directory
NASDAQ,SORNW,Soren Acquisition Corp. - Warrant,Stock,,nasdaq_trader_symbol_directory
NASDAQ,SOTK,Sono-Tek Corporation - Common Stock,Stock,,nasdaq_trader_symbol_directory
NASDAQ,SOUN,"SoundHound AI, Inc. - Class A Common Stock",Stock,,nasdaq_trader_symbol_directory
NASDAQ,SOUNW,"SoundHound AI, Inc. - Warrant",Stock,,nasdaq_trader_symbol_directory
NASDAQ,SOUX,Defiance Daily Target 2X Long SOUN ETF,ETF,,nasdaq_trader_symbol_directory
NASDAQ,SOWG,Sow Good Inc. - Common Stock,Stock,,nasdaq_trader_symbol_directory
NASDAQ,SOXQ,Invesco PHLX Semiconductor ETF,ETF,,nasdaq_trader_symbol_directory
NASDAQ,SOXX,iShares PHLX SOX Semiconductor Sector Index Fund,ETF,,nasdaq_trader_symbol_directory
NASDAQ,SPAI,Safe Pro Group Inc. - Common Stock,Stock,,nasdaq_trader_symbol_directory
NASDAQ,SPAM,Themes Cybersecurity ETF,ETF,,nasdaq_trader_symbol_directory
NASDAQ,SPAQ,Horizon Kinetics SPAC Active ETF,ETF,,nasdaq_trader_symbol_directory
NASDAQ,SPBC,Simplify US Equity PLUS Bitcoin Strategy ETF,ETF,,nasdaq_trader_symbol_directory
NASDAQ,SPCB,"SuperCom, Ltd. - Ordinary Shares",Stock,,nasdaq_trader_symbol_directory
NASDAQ,SPCK,SPAC and New Issue ETF,ETF,,nasdaq_trader_symbol_directory
NASDAQ,SPCT,Liberty One Spectrum ETF,ETF,,nasdaq_trader_symbol_directory
NASDAQ,SPCX,Space Exploration Technologies Corp. - Class A Common Stock,Stock,,nasdaq_trader_symbol_directory
NASDAQ,SPEG,Silver Pegasus Acquisition Corp - Class A Ordinary Shares,Stock,,nasdaq_trader_symbol_directory
NASDAQ,SPEGR,Silver Pegasus Acquisition Corp - Rights,Stock,,nasdaq_trader_symbol_directory
NASDAQ,SPEGU,Silver Pegasus Acquisition Corp - Unit,Stock,,nasdaq_trader_symbol_directory
NASDAQ,SPFI,"South Plains Financial, Inc. - Common Stock",Stock,,nasdaq_trader_symbol_directory
NASDAQ,SPHL,Springview Holdings Ltd - Ordinary shares,Stock,,nasdaq_trader_symbol_directory
NASDAQ,SPIT,F/m Emerald Special Situations ETF,ETF,,nasdaq_trader_symbol_directory
NASDAQ,SPKL,Spark I Acquisition Corp. - Class A Ordinary Share,Stock,,nasdaq_trader_symbol_directory
NASDAQ,SPKLU,Spark I Acquisition Corp. - Unit,Stock,,nasdaq_trader_symbol_directory
NASDAQ,SPKLW,Spark I Acquisition Corp. - Warrant,Stock,,nasdaq_trader_symbol_directory
NASDAQ,SPOG,Leverage Shares 2X Long SPOT Daily ETF,ETF,,nasdaq_trader_symbol_directory
NASDAQ,SPOK,"Spok Holdings, Inc. - Common Stock",Stock,,nasdaq_trader_symbol_directory
NASDAQ,SPPL,SIMPPLE LTD. - Ordinary Shares,Stock,,nasdaq_trader_symbol_directory
NASDAQ,SPRB,"Spruce Biosciences, Inc. - Common Stock",Stock,,nasdaq_trader_symbol_directory
NASDAQ,SPRC,SciSparc Ltd. - Ordinary Shares,Stock,,nasdaq_trader_symbol_directory
NASDAQ,SPRO,"Spero Therapeutics, Inc. - Common Stock",Stock,,nasdaq_trader_symbol_directory
NASDAQ,SPRX,Spear Alpha ETF,ETF,,nasdaq_trader_symbol_directory
NASDAQ,SPRY,"ARS Pharmaceuticals, Inc. - Common Stock",Stock,,nasdaq_trader_symbol_directory
NASDAQ,SPSC,"SPS Commerce, Inc. - Common Stock",Stock,,nasdaq_trader_symbol_directory
NASDAQ,SPT,"Sprout Social, Inc - Class A Common Stock",Stock,,nasdaq_trader_symbol_directory
NASDAQ,SPTX,"Seaport Therapeutics, Inc. - Common Stock",Stock,,nasdaq_trader_symbol_directory
NASDAQ,SPWH,"Sportsman's Warehouse Holdings, Inc. - Common Stock",Stock,,nasdaq_trader_symbol_directory
NASDAQ,SPWR,SunPower Inc. - Common Stock,Stock,,nasdaq_trader_symbol_directory
NASDAQ,SPWRW,SunPower Inc. - Warrant,Stock,,nasdaq_trader_symbol_directory
NASDAQ,SPXD,Xtrackers S&P 500 Diversified Sector Weight ETF,ETF,,nasdaq_trader_symbol_directory
NASDAQ,SPYQ,Tradr 2X Long SPY Quarterly ETF,ETF,,nasdaq_trader_symbol_directory
NASDAQ,SQFT,"Presidio Property Trust, Inc. - Class A Common Stock",Stock,,nasdaq_trader_symbol_directory
NASDAQ,SQFTP,"Presidio Property Trust, Inc. - 9.375% Series D Cumulative Redeemable Perpetual Preferred Stock, $0.01 par value per share",Stock,,nasdaq_trader_symbol_directory
NASDAQ,SQFTW,"Presidio Property Trust, Inc. - Series A Common Stock Purchase Warrants",Stock,,nasdaq_trader_symbol_directory
NASDAQ,SQLV,Royce Quant Small-Cap Quality Value ETF,ETF,,nasdaq_trader_symbol_directory
NASDAQ,SQQQ,ProShares UltraPro Short QQQ,ETF,,nasdaq_trader_symbol_directory
NASDAQ,SQS,Sapient Quality Select ETF,ETF,,nasdaq_trader_symbol_directory
NASDAQ,SRAD,Sportradar Group AG - Class A Ordinary Shares,Stock,,nasdaq_trader_symbol_directory
NASDAQ,SRBK,"SR Bancorp, Inc. - Common stock",Stock,,nasdaq_trader_symbol_directory
NASDAQ,SRCE,1st Source Corporation - Common Stock,Stock,,nasdaq_trader_symbol_directory
NASDAQ,SRET,Global X SuperDividend REIT ETF,ETF,,nasdaq_trader_symbol_directory
NASDAQ,SRPT,"Sarepta Therapeutics, Inc. - Common Stock",Stock,,nasdaq_trader_symbol_directory
NASDAQ,SRRK,Scholar Rock Holding Corporation - Common Stock,Stock,,nasdaq_trader_symbol_directory
NASDAQ,SRTA,"Strata Critical Medical, Inc. - Class A Common Stock",Stock,,nasdaq_trader_symbol_directory
NASDAQ,SRTS,"Sensus Healthcare, Inc. - Common Stock",Stock,,nasdaq_trader_symbol_directory
NASDAQ,SRZN,"Surrozen, Inc. - Common Stock",Stock,,nasdaq_trader_symbol_directory
NASDAQ,SRZNW,"Surrozen, Inc. - Warrant",Stock,,nasdaq_trader_symbol_directory
NASDAQ,SSAC,SPACSphere Acquisition Corp. - Class A Ordinary Shares,Stock,,nasdaq_trader_symbol_directory
NASDAQ,SSACR,SPACSphere Acquisition Corp. - Rights,Stock,,nasdaq_trader_symbol_directory
NASDAQ,SSACU,SPACSphere Acquisition Corp. - Unit,Stock,,nasdaq_trader_symbol_directory
NASDAQ,SSACW,SPACSphere Acquisition Corp. - Warrant,Stock,,nasdaq_trader_symbol_directory
NASDAQ,SSBI,Summit State Bank - Common Stock,Stock,,nasdaq_trader_symbol_directory
NASDAQ,SSEA,Starry Sea Acquisition Corp - Ordinary Shares,Stock,,nasdaq_trader_symbol_directory
NASDAQ,SSEAR,Starry Sea Acquisition Corp - Rights,Stock,,nasdaq_trader_symbol_directory
NASDAQ,SSEAU,Starry Sea Acquisition Corp - Unit,Stock,,nasdaq_trader_symbol_directory
NASDAQ,SSII,SS Innovations International Inc. - Common Stock,Stock,,nasdaq_trader_symbol_directory
NASDAQ,SSM,Sono Group N.V. - Ordinary Shares,Stock,,nasdaq_trader_symbol_directory
NASDAQ,SSNC,"SS&C Technologies Holdings, Inc. - Common Stock",Stock,,nasdaq_trader_symbol_directory
NASDAQ,SSP,E.W. Scripps Company (The) - Class A Common Stock,Stock,,nasdaq_trader_symbol_directory
NASDAQ,SSRM,SSR Mining Inc. - Common Stock,Stock,,nasdaq_trader_symbol_directory
NASDAQ,SSS,CYBER HORNET S&P 500 and Solana 75/25 Strategy ETF,ETF,,nasdaq_trader_symbol_directory
NASDAQ,SSTI,"SoundThinking, Inc. - Common Stock",Stock,,nasdaq_trader_symbol_directory
NASDAQ,SSYS,"Stratasys, Ltd. - Common Stock",Stock,,nasdaq_trader_symbol_directory
NASDAQ,STAA,STAAR Surgical Company - Common Stock,Stock,,nasdaq_trader_symbol_directory
NASDAQ,STAK,STAK Inc. - Class A Ordinary Shares,Stock,,nasdaq_trader_symbol_directory
NASDAQ,STBA,"S&T Bancorp, Inc. - Common Stock",Stock,,nasdaq_trader_symbol_directory
NASDAQ,STEP,StepStone Group Inc. - Class A Common Stock,Stock,,nasdaq_trader_symbol_directory
NASDAQ,STEX,Streamex Corp. - Common Stock,Stock,,nasdaq_trader_symbol_directory
NASDAQ,STFS,Star Fashion Culture Holdings Limited - Class A Ordinary Shares,Stock,,nasdaq_trader_symbol_directory
NASDAQ,STGW,Stagwell Inc. - Class A Common Stock,Stock,,nasdaq_trader_symbol_directory
NASDAQ,STHO,Star Holdings - Shares of Beneficial Interest,Stock,,nasdaq_trader_symbol_directory
NASDAQ,STI,"Solidion Technology, Inc. - Common Stock",Stock,,nasdaq_trader_symbol_directory
NASDAQ,STIM,"Neuronetics, Inc. - Common Stock",Stock,,nasdaq_trader_symbol_directory
NASDAQ,STKE,Sol Strategies Inc. - Common Shares,Stock,,nasdaq_trader_symbol_directory
NASDAQ,STKH,Steakholder Foods Ltd. - American Depositary Shares,Stock,,nasdaq_trader_symbol_directory
NASDAQ,STKS,"The ONE Group Hospitality, Inc. - Common Stock",Stock,,nasdaq_trader_symbol_directory
NASDAQ,STLD,"Steel Dynamics, Inc. - Common Stock",Stock,,nasdaq_trader_symbol_directory
NASDAQ,STNC,Hennessy Sustainable ETF,ETF,,nasdaq_trader_symbol_directory
NASDAQ,STNE,StoneCo Ltd. - Class A Common Share,Stock,,nasdaq_trader_symbol_directory
NASDAQ,STOK,"Stoke Therapeutics, Inc. - Common Stock",Stock,,nasdaq_trader_symbol_directory
NASDAQ,STRA,"Strategic Education, Inc. - Common Stock",Stock,,nasdaq_trader_symbol_directory
NASDAQ,STRC,Strategy Inc - Variable Rate Series A Perpetual Stretch Preferred Stock,Stock,,nasdaq_trader_symbol_directory
NASDAQ,STRD,Strategy Inc - 10.00% Series A Perpetual Stride Preferred Stock,Stock,,nasdaq_trader_symbol_directory
NASDAQ,STRF,Strategy Inc - 10.00% Series A Perpetual Strife Preferred Stock,Stock,,nasdaq_trader_symbol_directory
NASDAQ,STRK,Strategy Inc - 8.00% Series A Perpetual Strike Preferred Stock,Stock,,nasdaq_trader_symbol_directory
NASDAQ,STRL,"Sterling Infrastructure, Inc. - Common Stock",Stock,,nasdaq_trader_symbol_directory
NASDAQ,STRO,"Sutro Biopharma, Inc. - Common Stock",Stock,,nasdaq_trader_symbol_directory
NASDAQ,STRR,"Star Equity Holdings, Inc. - Common Stock",Stock,,nasdaq_trader_symbol_directory
NASDAQ,STRRP,"Star Equity Holdings, Inc. - 10% Series A Cumulative Perpetual Preferred Stock",Stock,,nasdaq_trader_symbol_directory
NASDAQ,STRS,Stratus Properties Inc. - Common Stock,Stock,,nasdaq_trader_symbol_directory
NASDAQ,STRT,STRATTEC SECURITY CORPORATION - Common Stock,Stock,,nasdaq_trader_symbol_directory
NASDAQ,STRZ,Starz Entertainment Corp. - Common Shares,Stock,,nasdaq_trader_symbol_directory
NASDAQ,STTK,"Shattuck Labs, Inc. - Common Stock",Stock,,nasdaq_trader_symbol_directory
NASDAQ,STX,Seagate Technology Holdings PLC - Ordinary Shares (Ireland),Stock,,nasdaq_trader_symbol_directory
NASDAQ,SUGP,SU Group Holdings Limited - Class A Ordinary Shares,Stock,,nasdaq_trader_symbol_directory
NASDAQ,SUIG,Sui Group Holdings Limited - Common Stock,Stock,,nasdaq_trader_symbol_directory
NASDAQ,SUIS,Canary Staked SUI ETF,ETF,,nasdaq_trader_symbol_directory
NASDAQ,SUJA,"Suja Life, Inc. - Class A Common Stock",Stock,,nasdaq_trader_symbol_directory
NASDAQ,SUMA,SUMA Acquisition Corporation - Class A Ordinary Shares,Stock,,nasdaq_trader_symbol_directory
NASDAQ,SUMAR,SUMA Acquisition Corporation - Rights,Stock,,nasdaq_trader_symbol_directory
NASDAQ,SUMAU,SUMA Acquisition Corporation - Units,Stock,,nasdaq_trader_symbol_directory
NASDAQ,SUNE,"SUNation Energy, Inc. - Common Stock",Stock,,nasdaq_trader_symbol_directory
NASDAQ,SUNS,"Sunrise Realty Trust, Inc. - Common Stock",Stock,,nasdaq_trader_symbol_directory
NASDAQ,SUPN,"Supernus Pharmaceuticals, Inc. - Common Stock",Stock,,nasdaq_trader_symbol_directory
NASDAQ,SUPP,TCW Transform Supply Chain ETF,ETF,,nasdaq_trader_symbol_directory
NASDAQ,SUPX,SuperX AI Technology Limited - Ordinary Shares,Stock,,nasdaq_trader_symbol_directory
NASDAQ,SURG,"SurgePays, Inc. - Common Stock",Stock,,nasdaq_trader_symbol_directory
NASDAQ,SUSB,iShares ESG Aware 1-5 Year USD Corporate Bond ETF,ETF,,nasdaq_trader_symbol_directory
NASDAQ,SUSC,iShares ESG Aware USD Corporate Bond ETF,ETF,,nasdaq_trader_symbol_directory
NASDAQ,SUSL,iShares ESG MSCI USA Leaders ETF,ETF,,nasdaq_trader_symbol_directory
NASDAQ,SVA,"Sinovac Biotech, Ltd. - Ordinary Shares (Antigua/Barbudo)",Stock,,nasdaq_trader_symbol_directory
NASDAQ,SVAC,Spring Valley Acquisition Corp. III - Class A Ordinary Shares,Stock,,nasdaq_trader_symbol_directory
NASDAQ,SVACU,Spring Valley Acquisition Corp. III - Unit,Stock,,nasdaq_trader_symbol_directory
NASDAQ,SVACW,Spring Valley Acquisition Corp. III - Warrant,Stock,,nasdaq_trader_symbol_directory
NASDAQ,SVAQ,Silicon Valley Acquisition Corp. - Class A Ordinary Shares,Stock,,nasdaq_trader_symbol_directory
NASDAQ,SVAQU,Silicon Valley Acquisition Corp. - Units,Stock,,nasdaq_trader_symbol_directory
NASDAQ,SVAQW,Silicon Valley Acquisition Corp. - Warrants,Stock,,nasdaq_trader_symbol_directory
NASDAQ,SVC,Service Properties Trust - Shares of Beneficial Interest,Stock,,nasdaq_trader_symbol_directory
NASDAQ,SVCC,Stellar V Capital Corp. - Class A Ordinary Shares,Stock,,nasdaq_trader_symbol_directory
NASDAQ,SVCCU,Stellar V Capital Corp. - Unit,Stock,,nasdaq_trader_symbol_directory
NASDAQ,SVCCW,Stellar V Capital Corp. - Warrant,Stock,,nasdaq_trader_symbol_directory
NASDAQ,SVCO,"Silvaco Group, Inc. - Common Stock",Stock,,nasdaq_trader_symbol_directory
NASDAQ,SVIV,Spring Valley Acquisition Corp. IV - Class A Ordinary Shares,Stock,,nasdaq_trader_symbol_directory
NASDAQ,SVIVU,Spring Valley Acquisition Corp. IV - Units,Stock,,nasdaq_trader_symbol_directory
NASDAQ,SVIVW,Spring Valley Acquisition Corp. IV - Warrants,Stock,,nasdaq_trader_symbol_directory
NASDAQ,SVRA,"Savara, Inc. - Common Stock",Stock,,nasdaq_trader_symbol_directory
NASDAQ,SVRE,SaverOne 2014 Ltd. - American Depositary Shares,Stock,,nasdaq_trader_symbol_directory
NASDAQ,SVREW,SaverOne 2014 Ltd. - Warrant,Stock,,nasdaq_trader_symbol_directory
NASDAQ,SVRN,OceanPal Inc. - Common Stock,Stock,,nasdaq_trader_symbol_directory
NASDAQ,SWAG,"Stran & Company, Inc. - Common Stock",Stock,,nasdaq_trader_symbol_directory
NASDAQ,SWAGW,"Stran & Company, Inc. - Warrant",Stock,,nasdaq_trader_symbol_directory
NASDAQ,SWBI,"Smith & Wesson Brands, Inc. - Common Stock",Stock,,nasdaq_trader_symbol_directory
NASDAQ,SWIM,"Latham Group, Inc. - Common Stock",Stock,,nasdaq_trader_symbol_directory
NASDAQ,SWKHL,SWK Holdings Corporation - 9.00% Senior Notes due 2027,Stock,,nasdaq_trader_symbol_directory
NASDAQ,SWKS,"Skyworks Solutions, Inc. - Common Stock",Stock,,nasdaq_trader_symbol_directory
NASDAQ,SWMR,"Swarmer, Inc - common stock",Stock,,nasdaq_trader_symbol_directory
NASDAQ,SWP,SWP Growth & Income ETF,ETF,,nasdaq_trader_symbol_directory
NASDAQ,SWVL,Swvl Holdings Corp - Ordinary Shares,Stock,,nasdaq_trader_symbol_directory
NASDAQ,SWVLW,Swvl Holdings Corp - Warrant,Stock,,nasdaq_trader_symbol_directory
NASDAQ,SXTC,"China SXT Pharmaceuticals, Inc. - Class A Ordinary Shares",Stock,,nasdaq_trader_symbol_directory
NASDAQ,SXTP,"60 Degrees Pharmaceuticals, Inc. - Common Stock",Stock,,nasdaq_trader_symbol_directory
NASDAQ,SXTPW,"60 Degrees Pharmaceuticals, Inc. - Warrant",Stock,,nasdaq_trader_symbol_directory
NASDAQ,SY,So-Young International Inc. - American Depository Shares,Stock,,nasdaq_trader_symbol_directory
NASDAQ,SYBT,"Stock Yards Bancorp, Inc. - Common Stock",Stock,,nasdaq_trader_symbol_directory
NASDAQ,SYM,Symbotic Inc. - Class A Common Stock,Stock,,nasdaq_trader_symbol_directory
NASDAQ,SYNA,Synaptics Incorporated - Common Stock,Stock,,nasdaq_trader_symbol_directory
NASDAQ,SYPR,"Sypris Solutions, Inc. - Common Stock",Stock,,nasdaq_trader_symbol_directory
NASDAQ,SYRE,"Spyre Therapeutics, Inc. - Common Stock",Stock,,nasdaq_trader_symbol_directory
NASDAQ,SYZ,Lazard US Systematic Small Cap Equity ETF,ETF,,nasdaq_trader_symbol_directory
NASDAQ,SZZL,Sizzle Acquisition Corp. II - Class A ordinary shares,Stock,,nasdaq_trader_symbol_directory
NASDAQ,SZZLR,Sizzle Acquisition Corp. II - Right,Stock,,nasdaq_trader_symbol_directory
NASDAQ,SZZLU,Sizzle Acquisition Corp. II - Unit,Stock,,nasdaq_trader_symbol_directory
NASDAQ,TACH,Titan Acquisition Corp. - Class A Ordinary Shares,Stock,,nasdaq_trader_symbol_directory
NASDAQ,TACHU,Titan Acquisition Corp. - Units,Stock,,nasdaq_trader_symbol_directory
NASDAQ,TACHW,Titan Acquisition Corp. - Warrants,Stock,,nasdaq_trader_symbol_directory
NASDAQ,TACO,Berto Acquisition Corp. - Ordinary Shares,Stock,,nasdaq_trader_symbol_directory
NASDAQ,TACOU,Berto Acquisition Corp. - unit,Stock,,nasdaq_trader_symbol_directory
NASDAQ,TACOW,Berto Acquisition Corp. - Warrant,Stock,,nasdaq_trader_symbol_directory
NASDAQ,TACT,TransAct Technologies Incorporated - Common Stock,Stock,,nasdaq_trader_symbol_directory
NASDAQ,TALK,"Talkspace, Inc. - Common Stock",Stock,,nasdaq_trader_symbol_directory
NASDAQ,TANH,Tantech Holdings Ltd. - Class A Common Shares,Stock,,nasdaq_trader_symbol_directory
NASDAQ,TAOP,Taoping Inc. - Ordinary Shares,Stock,,nasdaq_trader_symbol_directory
NASDAQ,TAOX,Tao Synergies Inc. - Common Stock,Stock,,nasdaq_trader_symbol_directory
NASDAQ,TAOZ,Thornburg American Opportunities Fund,ETF,,nasdaq_trader_symbol_directory
NASDAQ,TARA,"Protara Therapeutics, Inc. - Common Stock",Stock,,nasdaq_trader_symbol_directory
NASDAQ,TARK,Tradr 2X Long Innovation ETF,ETF,,nasdaq_trader_symbol_directory
NASDAQ,TARS,"Tarsus Pharmaceuticals, Inc. - Common Stock",Stock,,nasdaq_trader_symbol_directory
NASDAQ,TASK,"TaskUs, Inc. - Class A Common Stock",Stock,,nasdaq_trader_symbol_directory
NASDAQ,TATT,TAT Technologies Ltd. - Ordinary Shares,Stock,,nasdaq_trader_symbol_directory
NASDAQ,TAVI,Tavia Acquisition Corp. - Ordinary Shares,Stock,,nasdaq_trader_symbol_directory
NASDAQ,TAVIR,Tavia Acquisition Corp. - Right,Stock,,nasdaq_trader_symbol_directory
NASDAQ,TAVIU,Tavia Acquisition Corp. - Unit,Stock,,nasdaq_trader_symbol_directory
NASDAQ,TAX,Cambria Tax Aware ETF,ETF,,nasdaq_trader_symbol_directory
NASDAQ,TAXE,Intermediate Municipal Income ETF,ETF,,nasdaq_trader_symbol_directory
NASDAQ,TAXI,Northern Trust Intermediate Tax-Exempt Bond ETF,ETF,,nasdaq_trader_symbol_directory
NASDAQ,TAXS,Northern Trust Short-Term Tax-Exempt Bond ETF,ETF,,nasdaq_trader_symbol_directory
NASDAQ,TAXT,Northern Trust Tax-Exempt Bond ETF,ETF,,nasdaq_trader_symbol_directory
NASDAQ,TAYD,"Taylor Devices, Inc. - Common Stock",Stock,,nasdaq_trader_symbol_directory
NASDAQ,TBBK,"The Bancorp, Inc. - Common Stock",Stock,,nasdaq_trader_symbol_directory
NASDAQ,TBCH,Turtle Beach Corporation - Common Stock,Stock,,nasdaq_trader_symbol_directory
NASDAQ,TBIL,F/m US Treasury 3 Month Bill Fund,ETF,,nasdaq_trader_symbol_directory
NASDAQ,TBLA,Taboola.com Ltd. - Ordinary Shares,Stock,,nasdaq_trader_symbol_directory
NASDAQ,TBLD,Thornburg Income Builder Opportunities Trust - Closed End Fund,Stock,,nasdaq_trader_symbol_directory
NASDAQ,TBPH,"Theravance Biopharma, Inc. - Ordinary Shares",Stock,,nasdaq_trader_symbol_directory
NASDAQ,TBRG,"TruBridge, Inc. - Common Stock",Stock,,nasdaq_trader_symbol_directory
NASDAQ,TC,Token Cat Limited - American Depositary Shares,Stock,,nasdaq_trader_symbol_directory
NASDAQ,TCAN,21Shares Canton Network ETF,ETF,,nasdaq_trader_symbol_directory
NASDAQ,TCBI,"Texas Capital Bancshares, Inc. - Common Stock",Stock,,nasdaq_trader_symbol_directory
NASDAQ,TCBIO,"Texas Capital Bancshares, Inc. - Depositary Shares 5.75% Fixed Rate Non-Cumulative Perpetual Preferred Stock Series B",Stock,,nasdaq_trader_symbol_directory
NASDAQ,TCBK,TriCo Bancshares - Common Stock,Stock,,nasdaq_trader_symbol_directory
NASDAQ,TCBS,"Texas Community Bancshares, Inc. - Common Stock",Stock,,nasdaq_trader_symbol_directory
NASDAQ,TCHI,iShares MSCI China Multisector Tech ETF,ETF,,nasdaq_trader_symbol_directory
NASDAQ,TCMD,"Tactile Systems Technology, Inc. - Common Stock",Stock,,nasdaq_trader_symbol_directory
NASDAQ,TCOM,Trip.com Group Limited - American Depositary Shares,Stock,,nasdaq_trader_symbol_directory
NASDAQ,TCPC,BlackRock TCP Capital Corp. - Closed End Fund,Stock,,nasdaq_trader_symbol_directory
NASDAQ,TCRT,"Alaunos Therapeutics, Inc. - Common Stock",Stock,,nasdaq_trader_symbol_directory
NASDAQ,TCRX,"TScan Therapeutics, Inc. - Common Stock",Stock,,nasdaq_trader_symbol_directory
NASDAQ,TCX,Tucows Inc. - Common Stock,Stock,,nasdaq_trader_symbol_directory
NASDAQ,TDAC,Translational Development Acquisition Corp. - Ordinary Shares,Stock,,nasdaq_trader_symbol_directory
NASDAQ,TDACU,Translational Development Acquisition Corp. - Units,Stock,,nasdaq_trader_symbol_directory
NASDAQ,TDACW,Translational Development Acquisition Corp. - Warrants,Stock,,nasdaq_trader_symbol_directory
NASDAQ,TDI,Touchstone Dynamic International ETF,ETF,,nasdaq_trader_symbol_directory
NASDAQ,TDIC,Dreamland Limited - Class A Ordinary Shares,Stock,,nasdaq_trader_symbol_directory
NASDAQ,TDIV,First Trust NASDAQ Technology Dividend Index Fund,ETF,,nasdaq_trader_symbol_directory
NASDAQ,TDOG,21shares Dogecoin ETF,ETF,,nasdaq_trader_symbol_directory
NASDAQ,TDOT,21shares Polkadot ETF,ETF,,nasdaq_trader_symbol_directory
NASDAQ,TDSB,ETC Cabana Target Beta ETF,ETF,,nasdaq_trader_symbol_directory
NASDAQ,TDSC,ETC Cabana Target Drawdown 10 ETF,ETF,,nasdaq_trader_symbol_directory
NASDAQ,TDTH,Trident Digital Tech Holdings Ltd - American Depository Shares,Stock,,nasdaq_trader_symbol_directory
NASDAQ,TDUP,ThredUp Inc. - Class A Common Stock,Stock,,nasdaq_trader_symbol_directory
NASDAQ,TDWD,Tailwind 2.0 Acquisition Corp. - Class A Ordinary Shares,Stock,,nasdaq_trader_symbol_directory
NASDAQ,TDWDR,Tailwind 2.0 Acquisition Corp. - Rights,Stock,,nasdaq_trader_symbol_directory
NASDAQ,TDWDU,Tailwind 2.0 Acquisition Corp. - Unit,Stock,,nasdaq_trader_symbol_directory
NASDAQ,TEAD,Teads Holding Co. - Common Stock,Stock,,nasdaq_trader_symbol_directory
NASDAQ,TEAM,Atlassian Corporation - Class A Common Stock,Stock,,nasdaq_trader_symbol_directory
NASDAQ,TECH,Bio-Techne Corp - Common Stock,Stock,,nasdaq_trader_symbol_directory
NASDAQ,TECX,"Tectonic Therapeutic, Inc. - Common Stock",Stock,,nasdaq_trader_symbol_directory
NASDAQ,TECY,GraniteShares YieldBOOST Technology ETF,ETF,,nasdaq_trader_symbol_directory
NASDAQ,TEKX,State Street Galaxy Transformative Tech Accelerators ETF,ETF,,nasdaq_trader_symbol_directory
NASDAQ,TEKY,Lazard Next Gen Technologies ETF,ETF,,nasdaq_trader_symbol_directory
NASDAQ,TELA,"TELA Bio, Inc. - Common stock",Stock,,nasdaq_trader_symbol_directory
NASDAQ,TELO,"Telomir Pharmaceuticals, Inc. - Common Stock",Stock,,nasdaq_trader_symbol_directory
NASDAQ,TEM,"Tempus AI, Inc. - Class A Common Stock",Stock,,nasdaq_trader_symbol_directory
NASDAQ,TENB,"Tenable Holdings, Inc. - Common Stock",Stock,,nasdaq_trader_symbol_directory
NASDAQ,TENX,"Tenax Therapeutics, Inc. - Common Stock",Stock,,nasdaq_trader_symbol_directory
NASDAQ,TER,"Teradyne, Inc. - Common Stock",Stock,,nasdaq_trader_symbol_directory
NASDAQ,TERG,Leverage Shares 2X Long TER Daily ETF,ETF,,nasdaq_trader_symbol_directory
NASDAQ,TEXN,iShares Texas Equity ETF,ETF,,nasdaq_trader_symbol_directory
NASDAQ,TEXX,Horizon Kinetics Texas ETF,ETF,,nasdaq_trader_symbol_directory
NASDAQ,TFGZ,Thornburg Focus Growth Fund,ETF,,nasdaq_trader_symbol_directory
NASDAQ,TFNS,T. Rowe Price Financials ETF,ETF,,nasdaq_trader_symbol_directory
NASDAQ,TFSL,TFS Financial Corporation - Common Stock,Stock,,nasdaq_trader_symbol_directory
NASDAQ,TGHL,The GrowHub Limited - Class A Ordinary Shares,Stock,,nasdaq_trader_symbol_directory
NASDAQ,TGL,Treasure Global Inc. - Common Stock,Stock,,nasdaq_trader_symbol_directory
NASDAQ,TGTX,"TG Therapeutics, Inc. - Common Stock",Stock,,nasdaq_trader_symbol_directory
NASDAQ,TH,Target Hospitality Corp. - Common Stock,Stock,,nasdaq_trader_symbol_directory
NASDAQ,THCH,TH International Limited - Ordinary shares,Stock,,nasdaq_trader_symbol_directory
NASDAQ,THFF,First Financial Corporation - Common Stock,Stock,,nasdaq_trader_symbol_directory
NASDAQ,THH,TryHard Holdings Limited - Ordinary Shares,Stock,,nasdaq_trader_symbol_directory
NASDAQ,THMZ,Lazard Equity Megatrends ETF,ETF,,nasdaq_trader_symbol_directory
NASDAQ,THRM,Gentherm Inc - Common Stock,Stock,,nasdaq_trader_symbol_directory
NASDAQ,THRV,Prospera Income ETF,ETF,,nasdaq_trader_symbol_directory
NASDAQ,THRY,"Thryv Holdings, Inc. - Common Stock",Stock,,nasdaq_trader_symbol_directory
NASDAQ,THYM,T. Rowe Price High Income Municipal ETF,ETF,,nasdaq_trader_symbol_directory
NASDAQ,THYP,21shares Hyperliquid ETF,ETF,,nasdaq_trader_symbol_directory
NASDAQ,TIGO,Millicom International Cellular S.A. - Common Stock,Stock,,nasdaq_trader_symbol_directory
NASDAQ,TIGR,UP Fintech Holding Limited - American Depositary Shares representing fifteen Class A Ordinary Shares,Stock,,nasdaq_trader_symbol_directory
NASDAQ,TIL,"Instil Bio, Inc. - Common Stock",Stock,,nasdaq_trader_symbol_directory
NASDAQ,TILC,Thrivent International Large Cap ETF,ETF,,nasdaq_trader_symbol_directory
NASDAQ,TILE,"Interface, Inc. - Common Stock",Stock,,nasdaq_trader_symbol_directory
NASDAQ,TIPT,Tiptree Inc. - Common Stock,Stock,,nasdaq_trader_symbol_directory
NASDAQ,TISC,Thrivent International Small Cap ETF,ETF,,nasdaq_trader_symbol_directory
NASDAQ,TITN,Titan Machinery Inc. - Common Stock,Stock,,nasdaq_trader_symbol_directory
NASDAQ,TJGC,TJGC Group Limited - ordinary shares,Stock,,nasdaq_trader_symbol_directory
NASDAQ,TKLF,"Tokyo Lifestyle Co., Ltd. - American Depositary Shares",Stock,,nasdaq_trader_symbol_directory
NASDAQ,TKNO,"Alpha Teknova, Inc. - Common Stock",Stock,,nasdaq_trader_symbol_directory
NASDAQ,TKNS,21Shares Active Crypto ETF,ETF,,nasdaq_trader_symbol_directory
NASDAQ,TLA,GraniteShares Autocallable TSLA ETF,ETF,,nasdaq_trader_symbol_directory
NASDAQ,TLF,"Tandy Leather Factory, Inc. - common stock",Stock,,nasdaq_trader_symbol_directory
NASDAQ,TLG,Touchstone Large Company Growth ETF,ETF,,nasdaq_trader_symbol_directory
NASDAQ,TLIH,Ten-League International Holdings Limited - Ordinary Shares,Stock,,nasdaq_trader_symbol_directory
NASDAQ,TLN,Talen Energy Corporation - Common Stock,Stock,,nasdaq_trader_symbol_directory
NASDAQ,TLNC,Talon Capital Corp. - Class A Ordinary Shares,Stock,,nasdaq_trader_symbol_directory
NASDAQ,TLNCU,Talon Capital Corp. - Units,Stock,,nasdaq_trader_symbol_directory
NASDAQ,TLNCW,Talon Capital Corp. - Warrants,Stock,,nasdaq_trader_symbol_directory
NASDAQ,TLPH,"Talphera, Inc. - Common Stock",Stock,,nasdaq_trader_symbol_directory
NASDAQ,TLRY,"Tilray Brands, Inc. - Common Stock",Stock,,nasdaq_trader_symbol_directory
NASDAQ,TLS,Telos Corporation - Common Stock,Stock,,nasdaq_trader_symbol_directory
NASDAQ,TLSA,Tiziana Life Sciences Ltd - Common Shares,Stock,,nasdaq_trader_symbol_directory
NASDAQ,TLSI,"TriSalus Life Sciences, Inc. - Common Stock",Stock,,nasdaq_trader_symbol_directory
NASDAQ,TLSIW,"TriSalus Life Sciences, Inc. - Warrant",Stock,,nasdaq_trader_symbol_directory
NASDAQ,TLT,iShares 20+ Year Treasury Bond ETF,ETF,,nasdaq_trader_symbol_directory
NASDAQ,TLX,Telix Pharmaceuticals Limited - American Depositary Shares,Stock,,nasdaq_trader_symbol_directory
NASDAQ,TMB,Thornburg Multi Sector Bond ETF,ETF,,nasdaq_trader_symbol_directory
NASDAQ,TMC,TMC the metals company Inc. - Common Stock,Stock,,nasdaq_trader_symbol_directory
NASDAQ,TMCI,"Treace Medical Concepts, Inc. - Common Stock",Stock,,nasdaq_trader_symbol_directory
NASDAQ,TMCR,The Metals Royalty Company Inc. - Common Stock,Stock,,nasdaq_trader_symbol_directory
NASDAQ,TMCWW,TMC the metals company Inc. - Warrant,Stock,,nasdaq_trader_symbol_directory
NASDAQ,TMDX,"TransMedics Group, Inc. - Common Stock",Stock,,nasdaq_trader_symbol_directory
NASDAQ,TMED,T. Rowe Price Health Care ETF,ETF,,nasdaq_trader_symbol_directory
NASDAQ,TMNL,T. Rowe Price Long Municipal Income ETF,ETF,,nasdaq_trader_symbol_directory
NASDAQ,TMNS,T. Rowe Price Short Municipal Income ETF,ETF,,nasdaq_trader_symbol_directory
NASDAQ,TMS,Teamshares Inc. - Common Stock,Stock,,nasdaq_trader_symbol_directory
NASDAQ,TMSF,T. Rowe Price Multi-Sector Income ETF,ETF,,nasdaq_trader_symbol_directory
NASDAQ,TMSWW,Teamshares Inc. - Warrants,Stock,,nasdaq_trader_symbol_directory
NASDAQ,TMTS,Spartacus Acquisition Corp. II - Class A Ordinary Shares,Stock,,nasdaq_trader_symbol_directory
NASDAQ,TMTSU,Spartacus Acquisition Corp. II - Unit,Stock,,nasdaq_trader_symbol_directory
NASDAQ,TMTSW,Spartacus Acquisition Corp. II - Warrants,Stock,,nasdaq_trader_symbol_directory
NASDAQ,TMUS,"T-Mobile US, Inc. - Common Stock",Stock,,nasdaq_trader_symbol_directory
NASDAQ,TMUSI,"T-Mobile US, Inc. - 5.500% Senior Notes due June 2070",Stock,,nasdaq_trader_symbol_directory
NASDAQ,TMUSL,"T-Mobile US, Inc. - 6.250% Senior Notes due 2069",Stock,,nasdaq_trader_symbol_directory
NASDAQ,TMUSZ,"T-Mobile US, Inc. - 5.500% Senior Notes due March 2070",Stock,,nasdaq_trader_symbol_directory
NASDAQ,TMYY,GraniteShares YieldBOOST TSM ETF,ETF,,nasdaq_trader_symbol_directory
NASDAQ,TNDM,"Tandem Diabetes Care, Inc. - Common Stock",Stock,,nasdaq_trader_symbol_directory
NASDAQ,TNGX,"Tango Therapeutics, Inc. - Common Stock",Stock,,nasdaq_trader_symbol_directory
NASDAQ,TNMG,TNL Mediagene - Ordinary Shares,Stock,,nasdaq_trader_symbol_directory
NASDAQ,TNON,"Tenon Medical, Inc. - Common Stock",Stock,,nasdaq_trader_symbol_directory
NASDAQ,TNONW,"Tenon Medical, Inc. - Warrant",Stock,,nasdaq_trader_symbol_directory
NASDAQ,TNXP,Tonix Pharmaceuticals Holding Corp. - Common Stock,Stock,,nasdaq_trader_symbol_directory
NASDAQ,TNXT,T. Rowe Price Innovation Leaders ETF,ETF,,nasdaq_trader_symbol_directory
NASDAQ,TNYA,"Tenaya Therapeutics, Inc. - Common Stock",Stock,,nasdaq_trader_symbol_directory
NASDAQ,TOI,"The Oncology Institute, Inc. - Common Stock",Stock,,nasdaq_trader_symbol_directory
NASDAQ,TOIIW,"The Oncology Institute, Inc. - Warrant",Stock,,nasdaq_trader_symbol_directory
NASDAQ,TOMZ,"TOMI Environmental Solutions, Inc. - Common Stock",Stock,,nasdaq_trader_symbol_directory
NASDAQ,TONX,TON Strategy Company - Common Stock,Stock,,nasdaq_trader_symbol_directory
NASDAQ,TOP,TOP Financial Group Limited - Class A Ordinary Shares,Stock,,nasdaq_trader_symbol_directory
NASDAQ,TORO,Toro Corp. - Common stock,Stock,,nasdaq_trader_symbol_directory
NASDAQ,TOUR,Tuniu Corporation - American Depositary Shares,Stock,,nasdaq_trader_symbol_directory
NASDAQ,TOWN,Towne Bank - Common Stock,Stock,,nasdaq_trader_symbol_directory
NASDAQ,TOYO,"TOYO Co., Ltd - Ordinary Shares",Stock,,nasdaq_trader_symbol_directory
NASDAQ,TPCS,TechPrecision Corporation - Common stock,Stock,,nasdaq_trader_symbol_directory
NASDAQ,TPG,TPG Inc. - Class A Common Stock,Stock,,nasdaq_trader_symbol_directory
NASDAQ,TPGXL,TPG Inc. - 6.950% Fixed-Rate Junior Subordinated Notes due 2064,Stock,,nasdaq_trader_symbol_directory
NASDAQ,TPLS,Thornburg Core Plus Bond ETF,ETF,,nasdaq_trader_symbol_directory
NASDAQ,TPST,"Tempest Therapeutics, Inc. - Common Stock",Stock,,nasdaq_trader_symbol_directory
NASDAQ,TQQQ,ProShares UltraPro QQQ,ETF,,nasdaq_trader_symbol_directory
NASDAQ,TQQY,GraniteShares YieldBOOST QQQ ETF,ETF,,nasdaq_trader_symbol_directory
NASDAQ,TRAW,"Traws Pharma, Inc. - Common Stock",Stock,,nasdaq_trader_symbol_directory
NASDAQ,TRAX,"First Tracks Biotherapeutics, Inc. - Ordinary Shares",Stock,,nasdaq_trader_symbol_directory
NASDAQ,TRBF,Angel Oak Total Return ETF,ETF,,nasdaq_trader_symbol_directory
NASDAQ,TRDA,"Entrada Therapeutics, Inc. - Common Stock",Stock,,nasdaq_trader_symbol_directory
NASDAQ,TREE,"LendingTree, Inc. - Common Stock",Stock,,nasdaq_trader_symbol_directory
NASDAQ,TRGS,TRG Latin America Acquisitions Corp. - Class A Ordinary Shares,Stock,,nasdaq_trader_symbol_directory
NASDAQ,TRGSR,TRG Latin America Acquisitions Corp. - Rights,Stock,,nasdaq_trader_symbol_directory
NASDAQ,TRGSU,TRG Latin America Acquisitions Corp. - Units,Stock,,nasdaq_trader_symbol_directory
NASDAQ,TRI,Thomson Reuters Corp - Common Shares,Stock,,nasdaq_trader_symbol_directory
NASDAQ,TRIB,Trinity Biotech plc - American Depositary Shares,Stock,,nasdaq_trader_symbol_directory
NASDAQ,TRIN,Trinity Capital Inc. - Common Stock,Stock,,nasdaq_trader_symbol_directory
NASDAQ,TRINI,Trinity Capital Inc. - 7.875% Notes Due 2029,Stock,,nasdaq_trader_symbol_directory
NASDAQ,TRINZ,Trinity Capital Inc. - 7.875% Notes due 2029,Stock,,nasdaq_trader_symbol_directory
NASDAQ,TRIP,"TripAdvisor, Inc. - Common Stock",Stock,,nasdaq_trader_symbol_directory
NASDAQ,TRMB,Trimble Inc. - Common Stock,Stock,,nasdaq_trader_symbol_directory
NASDAQ,TRMD,TORM plc - Class A Common Stock,Stock,,nasdaq_trader_symbol_directory
NASDAQ,TRMK,Trustmark Corporation - Common Stock,Stock,,nasdaq_trader_symbol_directory
NASDAQ,TRNR,Interactive Strength Inc. - Common Stock,Stock,,nasdaq_trader_symbol_directory
NASDAQ,TRNS,"Transcat, Inc. - Common Stock",Stock,,nasdaq_trader_symbol_directory
NASDAQ,TRON,Tron Inc. - Common Stock,Stock,,nasdaq_trader_symbol_directory
NASDAQ,TROO,"TROOPS, Inc. - Ordinary Shares",Stock,,nasdaq_trader_symbol_directory
NASDAQ,TROW,"T. Rowe Price Group, Inc. - Common Stock",Stock,,nasdaq_trader_symbol_directory
NASDAQ,TRS,TriMas Corporation - Common Stock,Stock,,nasdaq_trader_symbol_directory
NASDAQ,TRSG,Tungray Technologies Inc - Class A Ordinary Shares,Stock,,nasdaq_trader_symbol_directory
NASDAQ,TRST,TrustCo Bank Corp NY - Common Stock,Stock,,nasdaq_trader_symbol_directory
NASDAQ,TRUC,VanEck Communication Services TruSector ETF,ETF,,nasdaq_trader_symbol_directory
NASDAQ,TRUD,VanEck Consumer Discretionary TruSector ETF,ETF,,nasdaq_trader_symbol_directory
NASDAQ,TRUF,VanEck Financials TruSector ETF,ETF,,nasdaq_trader_symbol_directory
NASDAQ,TRUG,"TruGolf Holdings, Inc. - Class A Common Stock",Stock,,nasdaq_trader_symbol_directory
NASDAQ,TRUH,VanEck Healthcare TruSector ETF,ETF,,nasdaq_trader_symbol_directory
NASDAQ,TRUI,VanEck Industrials TruSector ETF,ETF,,nasdaq_trader_symbol_directory
NASDAQ,TRUO,VanEck Consumer Staples TruSector ETF,ETF,,nasdaq_trader_symbol_directory
NASDAQ,TRUP,"Trupanion, Inc. - Common Stock",Stock,,nasdaq_trader_symbol_directory
NASDAQ,TRUT,VanEck Technology TruSector ETF,ETF,,nasdaq_trader_symbol_directory
NASDAQ,TRVG,trivago N.V. - American Depositary Shares,Stock,,nasdaq_trader_symbol_directory
NASDAQ,TRVI,"Trevi Therapeutics, Inc. - Common Stock",Stock,,nasdaq_trader_symbol_directory
NASDAQ,TSAT,Telesat Corporation - Class A Common Shares and Class B Variable Voting Shares,Stock,,nasdaq_trader_symbol_directory
NASDAQ,TSBK,"Timberland Bancorp, Inc. - Common Stock",Stock,,nasdaq_trader_symbol_directory
NASDAQ,TSCM,TimesSquare Quality Mid Cap Growth ETF,ETF,,nasdaq_trader_symbol_directory
NASDAQ,TSCO,Tractor Supply Company - Common Stock,Stock,,nasdaq_trader_symbol_directory
NASDAQ,TSDD,GraniteShares 2x Short TSLA Daily ETF,ETF,,nasdaq_trader_symbol_directory
NASDAQ,TSEL,Touchstone Sands Capital US Select Growth ETF,ETF,,nasdaq_trader_symbol_directory
NASDAQ,TSEM,Tower Semiconductor Ltd. - Ordinary Shares,Stock,,nasdaq_trader_symbol_directory
NASDAQ,TSHA,"Taysha Gene Therapies, Inc. - Common Stock",Stock,,nasdaq_trader_symbol_directory
NASDAQ,TSL,GraniteShares 1.25x Long TSLA Daily ETF,ETF,,nasdaq_trader_symbol_directory
NASDAQ,TSLA,"Tesla, Inc. - Common Stock",Stock,,nasdaq_trader_symbol_directory
NASDAQ,TSLG,Leverage Shares 2X Long TSLA Daily ETF,ETF,,nasdaq_trader_symbol_directory
NASDAQ,TSLL,Direxion Daily TSLA Bull 2X ETF,ETF,,nasdaq_trader_symbol_directory
NASDAQ,TSLQ,Tradr 2X Short TSLA Daily ETF,ETF,,nasdaq_trader_symbol_directory
NASDAQ,TSLR,GraniteShares 2x Long TSLA Daily ETF,ETF,,nasdaq_trader_symbol_directory
NASDAQ,TSLS,Direxion Daily TSLA Bear 1X ETF,ETF,,nasdaq_trader_symbol_directory
NASDAQ,TSMG,Leverage Shares 2X Long TSM Daily ETF,ETF,,nasdaq_trader_symbol_directory
NASDAQ,TSMU,GraniteShares 2x Long TSM Daily ETF,ETF,,nasdaq_trader_symbol_directory
NASDAQ,TSMX,Direxion Daily TSM Bull 2X ETF,ETF,,nasdaq_trader_symbol_directory
NASDAQ,TSMZ,Direxion Daily TSM Bear 1X ETF,ETF,,nasdaq_trader_symbol_directory
NASDAQ,TSPY,TappAlpha S&P 500 Growth & Daily Income ETF,ETF,,nasdaq_trader_symbol_directory
NASDAQ,TSSI,"TSS, Inc. - Common Stock",Stock,,nasdaq_trader_symbol_directory
NASDAQ,TSUI,21Shares Sui ETF,ETF,,nasdaq_trader_symbol_directory
NASDAQ,TSYX,TSPY Lift ETF,ETF,,nasdaq_trader_symbol_directory
NASDAQ,TSYY,GraniteShares YieldBOOST TSLA ETF,ETF,,nasdaq_trader_symbol_directory
NASDAQ,TTAN,"ServiceTitan, Inc. - Class A Common Stock",Stock,,nasdaq_trader_symbol_directory
NASDAQ,TTD,"The Trade Desk, Inc. - Class A Common Stock",Stock,,nasdaq_trader_symbol_directory
NASDAQ,TTEC,"TTEC Holdings, Inc. - Common Stock",Stock,,nasdaq_trader_symbol_directory
NASDAQ,TTEK,"Tetra Tech, Inc. - Common Stock",Stock,,nasdaq_trader_symbol_directory
NASDAQ,TTEQ,T. Rowe Price Technology ETF,ETF,,nasdaq_trader_symbol_directory
NASDAQ,TTGT,"TechTarget, Inc. - Common Stock",Stock,,nasdaq_trader_symbol_directory
NASDAQ,TTMI,"TTM Technologies, Inc. - Common Stock",Stock,,nasdaq_trader_symbol_directory
NASDAQ,TTRX,Turn Therapeutics Inc. - Common Stock,Stock,,nasdaq_trader_symbol_directory
NASDAQ,TTWO,"Take-Two Interactive Software, Inc. - Common Stock",Stock,,nasdaq_trader_symbol_directory
NASDAQ,TUG,STF Tactical Growth ETF,ETF,,nasdaq_trader_symbol_directory
NASDAQ,TUGN,STF Tactical Growth & Income ETF,ETF,,nasdaq_trader_symbol_directory
NASDAQ,TULP,"Bloomia Holdings, Inc. - Common Stock",Stock,,nasdaq_trader_symbol_directory
NASDAQ,TUR,iShares MSCI Turkey ETF,ETF,,nasdaq_trader_symbol_directory
NASDAQ,TURB,"Turbo Energy, S.A. - American Depositary Shares",Stock,,nasdaq_trader_symbol_directory
NASDAQ,TURF,T. Rowe Price Natural Resources ETF,ETF,,nasdaq_trader_symbol_directory
NASDAQ,TUSK,"Mammoth Energy Services, Inc. - Common Stock",Stock,,nasdaq_trader_symbol_directory
NASDAQ,TVA,Texas Ventures Acquisition III Corp - Class A Ordinary Share,Stock,,nasdaq_trader_symbol_directory
NASDAQ,TVACU,Texas Ventures Acquisition III Corp - Unit,Stock,,nasdaq_trader_symbol_directory
NASDAQ,TVACW,Texas Ventures Acquisition III Corp - Warrants,Stock,,nasdaq_trader_symbol_directory
NASDAQ,TVAI,Thayer Ventures Acquisition Corporation II - Class A Ordinary Shares,Stock,,nasdaq_trader_symbol_directory
NASDAQ,TVAIR,Thayer Ventures Acquisition Corporation II - Rights,Stock,,nasdaq_trader_symbol_directory
NASDAQ,TVAIU,Thayer Ventures Acquisition Corporation II - Unit,Stock,,nasdaq_trader_symbol_directory
NASDAQ,TVGN,Tevogen Bio Holdings Inc. - Common Stock,Stock,,nasdaq_trader_symbol_directory
NASDAQ,TVGNW,Tevogen Bio Holdings Inc. - Warrant,Stock,,nasdaq_trader_symbol_directory
NASDAQ,TVIVU,Texas Ventures Acquisition IV Corp - Units,Stock,,nasdaq_trader_symbol_directory
NASDAQ,TVRD,"Tvardi Therapeutics, Inc. - Common Stock",Stock,,nasdaq_trader_symbol_directory
NASDAQ,TVTX,"Travere Therapeutics, Inc. - Common Stock",Stock,,nasdaq_trader_symbol_directory
NASDAQ,TW,Tradeweb Markets Inc. - Class A Common Stock,Stock,,nasdaq_trader_symbol_directory
NASDAQ,TWAV,"TaoWeave, Inc. - Common Stock",Stock,,nasdaq_trader_symbol_directory
NASDAQ,TWFG,"TWFG, Inc. - Common Stock",Stock,,nasdaq_trader_symbol_directory
NASDAQ,TWG,Top Wealth Group Holding Limited - Class A Ordinary Shares,Stock,,nasdaq_trader_symbol_directory
NASDAQ,TWIN,"Twin Disc, Incorporated - Common Stock",Stock,,nasdaq_trader_symbol_directory
NASDAQ,TWLV,Twelve Seas Investment Company III - Class A Ordinary Shares,Stock,,nasdaq_trader_symbol_directory
NASDAQ,TWLVR,Twelve Seas Investment Company III - Rights,Stock,,nasdaq_trader_symbol_directory
NASDAQ,TWLVU,Twelve Seas Investment Company III - Units,Stock,,nasdaq_trader_symbol_directory
NASDAQ,TWST,Twist Bioscience Corporation - Common Stock,Stock,,nasdaq_trader_symbol_directory
NASDAQ,TXG,"10x Genomics, Inc. - Common Stock",Stock,,nasdaq_trader_symbol_directory
NASDAQ,TXMD,"TherapeuticsMD, Inc. - Common Stock",Stock,,nasdaq_trader_symbol_directory
NASDAQ,TXN,Texas Instruments Incorporated - Common Stock,Stock,,nasdaq_trader_symbol_directory
NASDAQ,TXRH,"Texas Roadhouse, Inc. - Common Stock",Stock,,nasdaq_trader_symbol_directory
NASDAQ,TXUE,Thornburg International Equity ETF,ETF,,nasdaq_trader_symbol_directory
NASDAQ,TXUG,Thornburg International Growth Fund ETF,ETF,,nasdaq_trader_symbol_directory
NASDAQ,TXXD,21Shares 2x Long Dogecoin ETF,ETF,,nasdaq_trader_symbol_directory
NASDAQ,TXXH,21Shares 2x Long HYPE ETF,ETF,,nasdaq_trader_symbol_directory
NASDAQ,TXXS,21Shares 2x Long Sui ETF,ETF,,nasdaq_trader_symbol_directory
NASDAQ,TYGO,"Tigo Energy, Inc. - Common Stock",Stock,,nasdaq_trader_symbol_directory
NASDAQ,TYRA,"Tyra Biosciences, Inc. - Common Stock",Stock,,nasdaq_trader_symbol_directory
NASDAQ,TZOO,Travelzoo - Common Stock,Stock,,nasdaq_trader_symbol_directory
NASDAQ,UAE,iShares MSCI UAE ETF,ETF,,nasdaq_trader_symbol_directory
NASDAQ,UAL,"United Airlines Holdings, Inc. - Common Stock",Stock,,nasdaq_trader_symbol_directory
NASDAQ,UBCP,"United Bancorp, Inc. - Common Stock",Stock,,nasdaq_trader_symbol_directory
NASDAQ,UBND,VictoryShares Core Plus Bond ETF,ETF,,nasdaq_trader_symbol_directory
NASDAQ,UBRL,GraniteShares 2x Long UBER Daily ETF,ETF,,nasdaq_trader_symbol_directory
NASDAQ,UBSI,"United Bankshares, Inc. - Common Stock",Stock,,nasdaq_trader_symbol_directory
NASDAQ,UBXG,U-BX Technology Ltd. - Class A Ordinary Shares,Stock,,nasdaq_trader_symbol_directory
NASDAQ,UCAR,U Power Limited - Class A Ordinary Shares,Stock,,nasdaq_trader_symbol_directory
NASDAQ,UCFI,CN Healthy Food Tech Group Corp. - Common Stock,Stock,,nasdaq_trader_symbol_directory
NASDAQ,UCFIW,CN Healthy Food Tech Group Corp. - Warrant,Stock,,nasdaq_trader_symbol_directory
NASDAQ,UCL,uCloudlink Group Inc. - American Depositary Shares,Stock,,nasdaq_trader_symbol_directory
NASDAQ,UCRD,VictoryShares Corporate Bond ETF,ETF,,nasdaq_trader_symbol_directory
NASDAQ,UCTT,"Ultra Clean Holdings, Inc. - Common Stock",Stock,,nasdaq_trader_symbol_directory
NASDAQ,UCYB,ProShares Ultra Nasdaq Cybersecurity,ETF,,nasdaq_trader_symbol_directory
NASDAQ,UECG,Leverage Shares 2x Long UEC Daily ETF,ETF,,nasdaq_trader_symbol_directory
NASDAQ,UEIC,Universal Electronics Inc. - Common Stock,Stock,,nasdaq_trader_symbol_directory
NASDAQ,UEVM,VictoryShares Emerging Markets Value Momentum ETF,ETF,,nasdaq_trader_symbol_directory
NASDAQ,UFCS,"United Fire Group, Inc - Common Stock",Stock,,nasdaq_trader_symbol_directory
NASDAQ,UFG,Uni-Fuels Holdings Limited - Class A Ordinary Shares,Stock,,nasdaq_trader_symbol_directory
NASDAQ,UFIV,US Treasury 5 Year Note ETF,ETF,,nasdaq_trader_symbol_directory
NASDAQ,UFO,Procure Space ETF,ETF,,nasdaq_trader_symbol_directory
NASDAQ,UFOX,Defiance Space and Connective Tech ETF,ETF,,nasdaq_trader_symbol_directory
NASDAQ,UFPI,"UFP Industries, Inc. - Common Stock",Stock,,nasdaq_trader_symbol_directory
NASDAQ,UFPT,"UFP Technologies, Inc. - Common Stock",Stock,,nasdaq_trader_symbol_directory
NASDAQ,UG,"United-Guardian, Inc. - Common Stock",Stock,,nasdaq_trader_symbol_directory
NASDAQ,UITB,VictoryShares Core Intermediate Bond ETF,ETF,,nasdaq_trader_symbol_directory
NASDAQ,UIVM,VictoryShares International Value Momentum ETF,ETF,,nasdaq_trader_symbol_directory
NASDAQ,UK,Ucommune International Ltd - Class A Ordinary Shares,Stock,,nasdaq_trader_symbol_directory
NASDAQ,ULBI,Ultralife Corporation - Common Stock,Stock,,nasdaq_trader_symbol_directory
NASDAQ,ULCC,"Frontier Group Holdings, Inc. - Common Stock",Stock,,nasdaq_trader_symbol_directory
NASDAQ,ULH,"Universal Logistics Holdings, Inc. - Common Stock",Stock,,nasdaq_trader_symbol_directory
NASDAQ,ULTA,"Ulta Beauty, Inc. - Common Stock",Stock,,nasdaq_trader_symbol_directory
NASDAQ,ULTI,REX IncomeMax Option Strategy ETF,ETF,,nasdaq_trader_symbol_directory
NASDAQ,ULVM,VictoryShares US Value Momentum ETF,ETF,,nasdaq_trader_symbol_directory
NASDAQ,UMBF,UMB Financial Corporation - Common Stock,Stock,,nasdaq_trader_symbol_directory
NASDAQ,UMBFO,"UMB Financial Corporation - Depositary Shares Each Representing a 1/400th Interest in a Share of 7.750% Fixed-Rate Reset Non-Cumulative Perpetual Preferred Stock, Series B",Stock,,nasdaq_trader_symbol_directory
NASDAQ,UMMA,Wahed Dow Jones Islamic World ETF,ETF,,nasdaq_trader_symbol_directory
NASDAQ,UNB,"Union Bankshares, Inc. - Common Stock",Stock,,nasdaq_trader_symbol_directory
NASDAQ,UNCY,"Unicycive Therapeutics, Inc. - Common Stock",Stock,,nasdaq_trader_symbol_directory
NASDAQ,UNHG,Leverage Shares 2X Long UNH Daily ETF,ETF,,nasdaq_trader_symbol_directory
NASDAQ,UNIT,Uniti Group Inc. - Common Stock,Stock,,nasdaq_trader_symbol_directory
NASDAQ,UNIY,WisdomTree Voya Yield Enhanced USD Universal Bond Fund,ETF,,nasdaq_trader_symbol_directory
NASDAQ,UNTY,"Unity Bancorp, Inc. - Common Stock",Stock,,nasdaq_trader_symbol_directory
NASDAQ,UONE,"Urban One, Inc. - Class A Common Stock",Stock,,nasdaq_trader_symbol_directory
NASDAQ,UONEK,"Urban One, Inc. - Class D Common Stock",Stock,,nasdaq_trader_symbol_directory
NASDAQ,UPB,"Upstream Bio, Inc. - Common Stock",Stock,,nasdaq_trader_symbol_directory
NASDAQ,UPBD,"Upbound Group, Inc. - Common Stock",Stock,,nasdaq_trader_symbol_directory
NASDAQ,UPC,Universe Pharmaceuticals Inc - Class A Ordinary Shares,Stock,,nasdaq_trader_symbol_directory
NASDAQ,UPGR,Xtrackers US Green Infrastructure Select Equity ETF,ETF,,nasdaq_trader_symbol_directory
NASDAQ,UPLD,"Upland Software, Inc. - Common Stock",Stock,,nasdaq_trader_symbol_directory
NASDAQ,UPSG,Leverage Shares 2X Long UPS Daily ETF,ETF,,nasdaq_trader_symbol_directory
NASDAQ,UPST,"Upstart Holdings, Inc. - Common stock",Stock,,nasdaq_trader_symbol_directory
NASDAQ,UPWK,Upwork Inc. - Common Stock,Stock,,nasdaq_trader_symbol_directory
NASDAQ,UPXI,"Upexi, Inc. - Common Stock",Stock,,nasdaq_trader_symbol_directory
NASDAQ,URBN,"Urban Outfitters, Inc. - Common Stock",Stock,,nasdaq_trader_symbol_directory
NASDAQ,URGN,UroGen Pharma Ltd. - Ordinary Shares,Stock,,nasdaq_trader_symbol_directory
NASDAQ,URNJ,Sprott Junior Uranium Miners ETF,ETF,,nasdaq_trader_symbol_directory
NASDAQ,UROY,Uranium Royalty Corp. - Common Stock,Stock,,nasdaq_trader_symbol_directory
NASDAQ,USAF,Atlas America Fund,ETF,,nasdaq_trader_symbol_directory
NASDAQ,USAR,"USA Rare Earth, Inc. - Common Stock",Stock,,nasdaq_trader_symbol_directory
NASDAQ,USAU,U.S. Gold Corp. - Common Stock,Stock,,nasdaq_trader_symbol_directory
NASDAQ,USCB,"USCB Financial Holdings, Inc. - Class A Common Stock",Stock,,nasdaq_trader_symbol_directory
NASDAQ,USCL,iShares Climate Conscious & Transition MSCI USA ETF,ETF,,nasdaq_trader_symbol_directory
NASDAQ,USDE,StablecoinX Inc. - Class A Common Stock,Stock,,nasdaq_trader_symbol_directory
NASDAQ,USDEW,StablecoinX Inc. - Warrants,Stock,,nasdaq_trader_symbol_directory
NASDAQ,USDX,SGI Enhanced Core ETF,ETF,,nasdaq_trader_symbol_directory
NASDAQ,USEA,United Maritime Corporation - Common Stock,Stock,,nasdaq_trader_symbol_directory
NASDAQ,USFI,BrandywineGLOBAL - U.S. Fixed Income ETF,ETF,,nasdaq_trader_symbol_directory
NASDAQ,USGG,Leverage Shares 2X Long USAR Daily ETF,ETF,,nasdaq_trader_symbol_directory
NASDAQ,USGO,U.S. GoldMining Inc. - Common stock,Stock,,nasdaq_trader_symbol_directory
NASDAQ,USIG,iShares Broad USD Investment Grade Corporate Bond ETF,ETF,,nasdaq_trader_symbol_directory
NASDAQ,USIN,WisdomTree 7-10 Year Laddered Treasury Fund,ETF,,nasdaq_trader_symbol_directory
NASDAQ,USIO,"Usio, Inc. - Common Stock",Stock,,nasdaq_trader_symbol_directory
NASDAQ,USLM,"United States Lime & Minerals, Inc. - Common Stock",Stock,,nasdaq_trader_symbol_directory
NASDAQ,USMC,Principal U.S. Mega-Cap ETF,ETF,,nasdaq_trader_symbol_directory
NASDAQ,USOI,"ETRACS Crude Oil Shares Covered Call ETNs due April 24, 2037",ETF,,nasdaq_trader_symbol_directory
NASDAQ,USOY,Defiance Oil Enhanced Options Income ETF,ETF,,nasdaq_trader_symbol_directory
NASDAQ,USRD,Themes US R&D Champions ETF,ETF,,nasdaq_trader_symbol_directory
NASDAQ,USSH,WisdomTree 1-3 Year Laddered Treasury Fund,ETF,,nasdaq_trader_symbol_directory
NASDAQ,USTB,VictoryShares Short-Term Bond ETF,ETF,,nasdaq_trader_symbol_directory
NASDAQ,USVM,VictoryShares US Small Mid Cap Value Momentum ETF,ETF,,nasdaq_trader_symbol_directory
NASDAQ,USVN,US Treasury 7 Year Note ETF,ETF,,nasdaq_trader_symbol_directory
NASDAQ,USXF,iShares ESG Advanced MSCI USA ETF,ETF,,nasdaq_trader_symbol_directory
NASDAQ,UTEN,US Treasury 10 Year Note ETF,ETF,,nasdaq_trader_symbol_directory
NASDAQ,UTHR,United Therapeutics Corporation - Common Stock,Stock,,nasdaq_trader_symbol_directory
NASDAQ,UTHY,US Treasury 30 Year Bond ETF,ETF,,nasdaq_trader_symbol_directory
NASDAQ,UTMD,"Utah Medical Products, Inc. - Common Stock",Stock,,nasdaq_trader_symbol_directory
NASDAQ,UTRE,US Treasury 3 Year Note ETF,ETF,,nasdaq_trader_symbol_directory
NASDAQ,UTSI,UTStarcom Holdings Corp - Ordinary Shares,Stock,,nasdaq_trader_symbol_directory
NASDAQ,UTWO,US Treasury 2 Year Note ETF,ETF,,nasdaq_trader_symbol_directory
NASDAQ,UTWY,US Treasury 20 Year Bond ETF,ETF,,nasdaq_trader_symbol_directory
NASDAQ,UUUG,Leverage Shares 2X Long UUUU Daily ETF,ETF,,nasdaq_trader_symbol_directory
NASDAQ,UVSP,Univest Financial Corporation - Common Stock,Stock,,nasdaq_trader_symbol_directory
NASDAQ,UXIN,Uxin Limited - American Depositary Shares,Stock,,nasdaq_trader_symbol_directory
NASDAQ,UYLD,Angel Oak UltraShort Income ETF,ETF,,nasdaq_trader_symbol_directory
NASDAQ,UYSC,UY Scuti Acquisition Corp. - Ordinary Shares,Stock,,nasdaq_trader_symbol_directory
NASDAQ,UYSCR,UY Scuti Acquisition Corp. - Rights,Stock,,nasdaq_trader_symbol_directory
NASDAQ,UYSCU,UY Scuti Acquisition Corp. - Units,Stock,,nasdaq_trader_symbol_directory
NASDAQ,UZX,Linkage Global Inc - Class A Ordinary Shares,Stock,,nasdaq_trader_symbol_directory
NASDAQ,VABK,Virginia National Bankshares Corporation - Common Stock,Stock,,nasdaq_trader_symbol_directory
NASDAQ,VALG,Leverage Shares 2X Long VALE Daily ETF,ETF,,nasdaq_trader_symbol_directory
NASDAQ,VALN,Valneva SE - American Depositary Shares,Stock,,nasdaq_trader_symbol_directory
NASDAQ,VALU,"Value Line, Inc. - Common Stock",Stock,,nasdaq_trader_symbol_directory
NASDAQ,VANI,"Vivani Medical, Inc. - Common Stock",Stock,,nasdaq_trader_symbol_directory
NASDAQ,VAVX,VanEck Avalanche ETF,ETF,,nasdaq_trader_symbol_directory
NASDAQ,VBCA,Vanguard Target Maturity 2027 Corporate Bond ETF,ETF,,nasdaq_trader_symbol_directory
NASDAQ,VBCB,Vanguard Target Maturity 2028 Corporate Bond ETF,ETF,,nasdaq_trader_symbol_directory
NASDAQ,VBCC,Vanguard Target Maturity 2029 Corporate Bond ETF,ETF,,nasdaq_trader_symbol_directory
NASDAQ,VBCD,Vanguard Target Maturity 2030 Corporate Bond ETF,ETF,,nasdaq_trader_symbol_directory
NASDAQ,VBCE,Vanguard Target Maturity 2031 Corporate Bond ETF,ETF,,nasdaq_trader_symbol_directory
NASDAQ,VBCF,Vanguard Target Maturity 2032 Corporate Bond ETF,ETF,,nasdaq_trader_symbol_directory
NASDAQ,VBCG,Vanguard Target Maturity 2033 Corporate Bond ETF,ETF,,nasdaq_trader_symbol_directory
NASDAQ,VBCH,Vanguard Target Maturity 2034 Corporate Bond ETF,ETF,,nasdaq_trader_symbol_directory
NASDAQ,VBCI,Vanguard Target Maturity 2035 Corporate Bond ETF,ETF,,nasdaq_trader_symbol_directory
NASDAQ,VBCJ,Vanguard Target Maturity 2036 Corporate Bond ETF,ETF,,nasdaq_trader_symbol_directory
NASDAQ,VBIL,Vanguard 0-3 Month Treasury Bill ETF,ETF,,nasdaq_trader_symbol_directory
NASDAQ,VBIO,"Valion Bio, Inc. - Common stock",Stock,,nasdaq_trader_symbol_directory
NASDAQ,VBNB,VanEck BNB ETF,ETF,,nasdaq_trader_symbol_directory
NASDAQ,VBNK,VersaBank - Common Shares,Stock,,nasdaq_trader_symbol_directory
NASDAQ,VC,Visteon Corporation - Common Stock,Stock,,nasdaq_trader_symbol_directory
NASDAQ,VCEL,Vericel Corporation - Common Stock,Stock,,nasdaq_trader_symbol_directory
NASDAQ,VCIG,VCI Global Limited - Ordinary Share,Stock,,nasdaq_trader_symbol_directory
NASDAQ,VCIT,Vanguard Intermediate-Term Corporate Bond ETF,ETF,,nasdaq_trader_symbol_directory
NASDAQ,VCLT,Vanguard Long-Term Corporate Bond ETF,ETF,,nasdaq_trader_symbol_directory
NASDAQ,VCRB,Vanguard Core Bond ETF,ETF,,nasdaq_trader_symbol_directory
NASDAQ,VCRE,Vicore Pharma Holding AB - American Depositary Shares,Stock,,nasdaq_trader_symbol_directory
NASDAQ,VCSH,Vanguard Short-Term Corporate Bond ETF,ETF,,nasdaq_trader_symbol_directory
NASDAQ,VCTR,"Victory Capital Holdings, Inc. - Common Stock",Stock,,nasdaq_trader_symbol_directory
NASDAQ,VCYT,"Veracyte, Inc. - Common Stock",Stock,,nasdaq_trader_symbol_directory
NASDAQ,VECO,Veeco Instruments Inc. - Common Stock,Stock,,nasdaq_trader_symbol_directory
NASDAQ,VEEA,Veea Inc. - Common Stock,Stock,,nasdaq_trader_symbol_directory
NASDAQ,VEEAW,Veea Inc. - Warrant,Stock,,nasdaq_trader_symbol_directory
NASDAQ,VEEE,Twin Vee PowerCats Co. - Common Stock,Stock,,nasdaq_trader_symbol_directory
NASDAQ,VEFA,VanEck MSCI EAFE Analyst Sentiment ETF,ETF,,nasdaq_trader_symbol_directory
NASDAQ,VELO,"Velo3D, Inc. - Common stock",Stock,,nasdaq_trader_symbol_directory
NASDAQ,VEON,VEON Ltd. - American Depositary Shares,Stock,,nasdaq_trader_symbol_directory
NASDAQ,VERA,"Vera Therapeutics, Inc. - Class A Common Stock",Stock,,nasdaq_trader_symbol_directory
NASDAQ,VERI,"Veritone, Inc. - Common Stock",Stock,,nasdaq_trader_symbol_directory
NASDAQ,VERU,Veru Inc. - Common Stock,Stock,,nasdaq_trader_symbol_directory
NASDAQ,VERX,"Vertex, Inc. - Class A Common Stock",Stock,,nasdaq_trader_symbol_directory
NASDAQ,VFF,"Village Farms International, Inc. - Common Shares",Stock,,nasdaq_trader_symbol_directory
NASDAQ,VFLO,VictoryShares Free Cash Flow ETF,ETF,,nasdaq_trader_symbol_directory
NASDAQ,VFS,VinFast Auto Ltd. - Ordinary Shares,Stock,,nasdaq_trader_symbol_directory
NASDAQ,VFSWW,VinFast Auto Ltd. - Warrant,Stock,,nasdaq_trader_symbol_directory
NASDAQ,VGAS,"Verde Clean Fuels, Inc. - Class A Common Stock",Stock,,nasdaq_trader_symbol_directory
NASDAQ,VGASW,"Verde Clean Fuels, Inc. - Warrant",Stock,,nasdaq_trader_symbol_directory
NASDAQ,VGIT,Vanguard Intermediate-Term Treasury ETF,ETF,,nasdaq_trader_symbol_directory
NASDAQ,VGLT,Vanguard Long-Term Treasury ETF,ETF,,nasdaq_trader_symbol_directory
NASDAQ,VGSH,Vanguard Short-Term Treasury ETF,ETF,,nasdaq_trader_symbol_directory
NASDAQ,VGSR,Vert Global Sustainable Real Estate ETF,ETF,,nasdaq_trader_symbol_directory
NASDAQ,VGUS,Vanguard Ultra-Short Treasury ETF,ETF,,nasdaq_trader_symbol_directory
NASDAQ,VHC,VirnetX Holding Corp - Common Stock,Stock,,nasdaq_trader_symbol_directory
NASDAQ,VHCP,Vine Hill Capital Investment Corp. II - Class A Ordinary Shares,Stock,,nasdaq_trader_symbol_directory
NASDAQ,VHCPU,Vine Hill Capital Investment Corp. II - Units,Stock,,nasdaq_trader_symbol_directory
NASDAQ,VHCPW,Vine Hill Capital Investment Corp. II - Warrants,Stock,,nasdaq_trader_symbol_directory
NASDAQ,VHUB,"VenHub Global, Inc. - Common Stock",Stock,,nasdaq_trader_symbol_directory
NASDAQ,VIAV,Viavi Solutions Inc. - Common Stock,Stock,,nasdaq_trader_symbol_directory
NASDAQ,VICR,Vicor Corporation - Common Stock,Stock,,nasdaq_trader_symbol_directory
NASDAQ,VIGI,Vanguard International Dividend Appreciation ETF,ETF,,nasdaq_trader_symbol_directory
NASDAQ,VINP,Vinci Compass Investments Ltd. - Class A Common Shares,Stock,,nasdaq_trader_symbol_directory
NASDAQ,VIOT,"Viomi Technology Co., Ltd - American Depositary Shares",Stock,,nasdaq_trader_symbol_directory
NASDAQ,VIR,"Vir Biotechnology, Inc. - Common Stock",Stock,,nasdaq_trader_symbol_directory
NASDAQ,VIRC,Virco Manufacturing Corporation - Common Stock,Stock,,nasdaq_trader_symbol_directory
NASDAQ,VISN,"Vistance Networks, Inc. - Common Stock",Stock,,nasdaq_trader_symbol_directory
NASDAQ,VITL,"Vital Farms, Inc. - Common Stock",Stock,,nasdaq_trader_symbol_directory
NASDAQ,VIVK,"Vivakor, Inc. - Common Stock",Stock,,nasdaq_trader_symbol_directory
NASDAQ,VIVO,VivoPower PLC - Class A Ordinary Shares,Stock,,nasdaq_trader_symbol_directory
NASDAQ,VIVS,"VivoSim Labs, Inc. - Common Stock",Stock,,nasdaq_trader_symbol_directory
NASDAQ,VKTX,"Viking Therapeutics, Inc. - Common Stock",Stock,,nasdaq_trader_symbol_directory
NASDAQ,VLGEA,"Village Super Market, Inc. - Class A Common Stock",Stock,,nasdaq_trader_symbol_directory
NASDAQ,VLY,Valley National Bancorp - Common Stock,Stock,,nasdaq_trader_symbol_directory
NASDAQ,VLYPN,"Valley National Bancorp - 8.250% Fixed-Rate Reset Non-Cumulative Perpetual Preferred Stock, Series C",Stock,,nasdaq_trader_symbol_directory
NASDAQ,VLYPO,Valley National Bancorp - 5.5% Fixed to Floating Rate Series B Non-Cumulative Perpetual Preferred Stock,Stock,,nasdaq_trader_symbol_directory
NASDAQ,VLYPP,Valley National Bancorp - 6.25% Fixed-to-Floating Rate Series A Non-Cumulative Perpetual Preferred Stock,Stock,,nasdaq_trader_symbol_directory
NASDAQ,VMAR,Vision Marine Technologies Inc. - Common Shares,Stock,,nasdaq_trader_symbol_directory
NASDAQ,VMBS,Vanguard Mortgage-Backed Securities ETF,ETF,,nasdaq_trader_symbol_directory
NASDAQ,VMD,"Viemed Healthcare, Inc. - Common Shares",Stock,,nasdaq_trader_symbol_directory
NASDAQ,VMET,Versamet Royalties Corporation - Common Stock,Stock,,nasdaq_trader_symbol_directory
NASDAQ,VNCE,Vince Holding Corp. - Common Stock,Stock,,nasdaq_trader_symbol_directory
NASDAQ,VNDA,Vanda Pharmaceuticals Inc. - Common Stock,Stock,,nasdaq_trader_symbol_directory
NASDAQ,VNET,"VNET Group, Inc. - American Depositary Shares",Stock,,nasdaq_trader_symbol_directory
NASDAQ,VNME,Vendome Acquisition Corporation I - Class A Ordinary Shares,Stock,,nasdaq_trader_symbol_directory
NASDAQ,VNMEU,Vendome Acquisition Corporation I - Unit,Stock,,nasdaq_trader_symbol_directory
NASDAQ,VNMEW,Vendome Acquisition Corporation I - Warrant,Stock,,nasdaq_trader_symbol_directory
NASDAQ,VNOM,"Viper Energy, Inc. - Class A Common Stock",Stock,,nasdaq_trader_symbol_directory
NASDAQ,VNQI,Vanguard Global ex-U.S. Real Estate ETF,ETF,,nasdaq_trader_symbol_directory
NASDAQ,VOD,Vodafone Group Plc - American Depositary Shares each representing ten Ordinary Shares,Stock,,nasdaq_trader_symbol_directory
NASDAQ,VOLT,Tema Electrification ETF,ETF,,nasdaq_trader_symbol_directory
NASDAQ,VONE,Vanguard Russell 1000 ETF,ETF,,nasdaq_trader_symbol_directory
NASDAQ,VONG,Vanguard Russell 1000 Growth ETF,ETF,,nasdaq_trader_symbol_directory
NASDAQ,VONV,Vanguard Russell 1000 Value ETF,ETF,,nasdaq_trader_symbol_directory
NASDAQ,VOR,Vor Biopharma Inc. - Common Stock,Stock,,nasdaq_trader_symbol_directory
NASDAQ,VOTE,TCW Transform 500 ETF,ETF,,nasdaq_trader_symbol_directory
NASDAQ,VOXR,Vox Royalty Corp. - common stock,Stock,,nasdaq_trader_symbol_directory
NASDAQ,VPLS,Vanguard Core Plus Bond ETF,ETF,,nasdaq_trader_symbol_directory
NASDAQ,VRA,"Vera Bradley, Inc. - Common Stock",Stock,,nasdaq_trader_symbol_directory
NASDAQ,VRAX,Virax Biolabs Group Limited - Ordinary Shares,Stock,,nasdaq_trader_symbol_directory
NASDAQ,VRCA,Verrica Pharmaceuticals Inc. - Common Stock,Stock,,nasdaq_trader_symbol_directory
NASDAQ,VRDN,"Viridian Therapeutics, Inc. - Common Stock",Stock,,nasdaq_trader_symbol_directory
NASDAQ,VREX,Varex Imaging Corporation - Common Stock,Stock,,nasdaq_trader_symbol_directory
NASDAQ,VRIG,Invesco Variable Rate Investment Grade ETF,ETF,,nasdaq_trader_symbol_directory
NASDAQ,VRM,"Vroom, Inc. - Common Stock",Stock,,nasdaq_trader_symbol_directory
NASDAQ,VRME,"VerifyMe, Inc. - Common Stock",Stock,,nasdaq_trader_symbol_directory
NASDAQ,VRNS,"Varonis Systems, Inc. - Common Stock",Stock,,nasdaq_trader_symbol_directory
NASDAQ,VRRM,Verra Mobility Corporation - Class A Common Stock,Stock,,nasdaq_trader_symbol_directory
NASDAQ,VRSK,"Verisk Analytics, Inc. - Common Stock",Stock,,nasdaq_trader_symbol_directory
NASDAQ,VRSN,"VeriSign, Inc. - Common Stock",Stock,,nasdaq_trader_symbol_directory
NASDAQ,VRTL,GraniteShares 2x Long VRT Daily ETF,ETF,,nasdaq_trader_symbol_directory
NASDAQ,VRTX,Vertex Pharmaceuticals Incorporated - Common Stock,Stock,,nasdaq_trader_symbol_directory
NASDAQ,VRXA,Veraxa Biotech AG - Ordinary Shares,Stock,,nasdaq_trader_symbol_directory
NASDAQ,VRXAW,Veraxa Biotech AG - Warrants,Stock,,nasdaq_trader_symbol_directory
NASDAQ,VS,Versus Systems Inc. - Common Stock,Stock,,nasdaq_trader_symbol_directory
NASDAQ,VSA,VisionSys AI Inc. - American Depositary Shares,Stock,,nasdaq_trader_symbol_directory
NASDAQ,VSAT,"ViaSat, Inc. - Common Stock",Stock,,nasdaq_trader_symbol_directory
NASDAQ,VSDA,VictoryShares Dividend Accelerator ETF,ETF,,nasdaq_trader_symbol_directory
NASDAQ,VSEC,VSE Corporation - Common Stock,Stock,,nasdaq_trader_symbol_directory
NASDAQ,VSECU,VSE Corporation - Tangible Equity Units,Stock,,nasdaq_trader_symbol_directory
NASDAQ,VSEE,"VSee Health, Inc. - Common Stock",Stock,,nasdaq_trader_symbol_directory
NASDAQ,VSEEW,"VSee Health, Inc. - Warrant",Stock,,nasdaq_trader_symbol_directory
NASDAQ,VSME,VS Media Holdings Limited - Class A Ordinary Shares,Stock,,nasdaq_trader_symbol_directory
NASDAQ,VSMV,VictoryShares US Multi-Factor Minimum Volatility ETF,ETF,,nasdaq_trader_symbol_directory
NASDAQ,VSNT,"Versant Media Group, Inc. - Class A Common Stock",Stock,,nasdaq_trader_symbol_directory
NASDAQ,VSOL,VanEck Solana ETF,ETF,,nasdaq_trader_symbol_directory
NASDAQ,VSTD,Vestand Inc. - Class A Common Stock,Stock,,nasdaq_trader_symbol_directory
NASDAQ,VSTL,Defiance Daily Target 2X Long VST ETF,ETF,,nasdaq_trader_symbol_directory
NASDAQ,VSTM,"Verastem, Inc. - Common Stock",Stock,,nasdaq_trader_symbol_directory
NASDAQ,VTC,Vanguard Total Corporate Bond ETF,ETF,,nasdaq_trader_symbol_directory
NASDAQ,VTGN,"Vistagen Therapeutics, Inc. - Common Stock",Stock,,nasdaq_trader_symbol_directory
NASDAQ,VTHR,Vanguard Russell 3000 ETF,ETF,,nasdaq_trader_symbol_directory
NASDAQ,VTIP,Vanguard Short-Term Inflation-Protected Securities Index Fund ETF Shares,ETF,,nasdaq_trader_symbol_directory
NASDAQ,VTIX,Virtuix Holdings Inc. - Class A Common Stock,Stock,,nasdaq_trader_symbol_directory
NASDAQ,VTRS,Viatris Inc. - Common Stock,Stock,,nasdaq_trader_symbol_directory
NASDAQ,VTSI,"VirTra, Inc. - Common Stock",Stock,,nasdaq_trader_symbol_directory
NASDAQ,VTVT,vTv Therapeutics Inc. - Class A Common Stock,Stock,,nasdaq_trader_symbol_directory
NASDAQ,VTWG,Vanguard Russell 2000 Growth ETF,ETF,,nasdaq_trader_symbol_directory
NASDAQ,VTWO,Vanguard Russell 2000 ETF,ETF,,nasdaq_trader_symbol_directory
NASDAQ,VTWV,Vanguard Russell 2000 Value ETF,ETF,,nasdaq_trader_symbol_directory
NASDAQ,VUZI,Vuzix Corporation - Common Stock,Stock,,nasdaq_trader_symbol_directory
NASDAQ,VVOS,"Vivos Therapeutics, Inc. - Common Stock",Stock,,nasdaq_trader_symbol_directory
NASDAQ,VWAV,"VisionWave Holdings, Inc. - Common Stock",Stock,,nasdaq_trader_symbol_directory
NASDAQ,VWAVW,"VisionWave Holdings, Inc. - Warrant",Stock,,nasdaq_trader_symbol_directory
NASDAQ,VWOB,Vanguard Emerging Markets Government Bond ETF,ETF,,nasdaq_trader_symbol_directory
NASDAQ,VXUS,Vanguard Total International Stock ETF,ETF,,nasdaq_trader_symbol_directory
NASDAQ,VYGR,"Voyager Therapeutics, Inc. - Common Stock",Stock,,nasdaq_trader_symbol_directory
NASDAQ,VYMI,Vanguard International High Dividend Yield ETF,ETF,,nasdaq_trader_symbol_directory
NASDAQ,VYNE,VYNE Therapeutics Inc. - Common Stock,Stock,,nasdaq_trader_symbol_directory
NASDAQ,WABC,Westamerica Bancorporation - Common Stock,Stock,,nasdaq_trader_symbol_directory
NASDAQ,WABF,Western Asset Bond ETF,ETF,,nasdaq_trader_symbol_directory
NASDAQ,WAFD,"WaFd, Inc. - Common Stock",Stock,,nasdaq_trader_symbol_directory
NASDAQ,WAFDP,"WaFd, Inc. - Depositary Shares",Stock,,nasdaq_trader_symbol_directory
NASDAQ,WAFU,Wah Fu Education Group Limited - Ordinary Shares,Stock,,nasdaq_trader_symbol_directory
NASDAQ,WAI,Top KingWin Ltd - Class A Ordinary Shares,Stock,,nasdaq_trader_symbol_directory
NASDAQ,WALD,Waldencast plc - Class A Ordinary Share,Stock,,nasdaq_trader_symbol_directory
NASDAQ,WALDW,Waldencast plc - Warrant,Stock,,nasdaq_trader_symbol_directory
NASDAQ,WAMA,WisdomTree US Adaptive Moving Average Fund,ETF,,nasdaq_trader_symbol_directory
NASDAQ,WARP,VanEck Space ETF,ETF,,nasdaq_trader_symbol_directory
NASDAQ,WASH,"Washington Trust Bancorp, Inc. - Common Stock",Stock,,nasdaq_trader_symbol_directory
NASDAQ,WATT,Energous Corporation - Common Stock,Stock,,nasdaq_trader_symbol_directory
NASDAQ,WAVE,Eco Wave Power Global AB (publ) - American Depositary Shares,Stock,,nasdaq_trader_symbol_directory
NASDAQ,WAY,Waystar Holding Corp. - Common Stock,Stock,,nasdaq_trader_symbol_directory
NASDAQ,WB,Weibo Corporation - American Depositary Shares,Stock,,nasdaq_trader_symbol_directory
NASDAQ,WBD,"Warner Bros. Discovery, Inc. - Series A Common Stock",Stock,,nasdaq_trader_symbol_directory
NASDAQ,WBTN,WEBTOON Entertainment Inc. - Common stock,Stock,,nasdaq_trader_symbol_directory
NASDAQ,WBUY,WEBUY GLOBAL LTD. - Class A Ordinary Shares,Stock,,nasdaq_trader_symbol_directory
NASDAQ,WCBR,WisdomTree Cybersecurity Fund,ETF,,nasdaq_trader_symbol_directory
NASDAQ,WCLD,WisdomTree Cloud Computing Fund,ETF,,nasdaq_trader_symbol_directory
NASDAQ,WCT,Wellchange Holdings Company Limited - Class A Ordinary shares,Stock,,nasdaq_trader_symbol_directory
NASDAQ,WDAF,WisdomTree Asia Defense Fund,ETF,,nasdaq_trader_symbol_directory
NASDAQ,WDAY,"Workday, Inc. - Class A Common Stock",Stock,,nasdaq_trader_symbol_directory
NASDAQ,WDC,Western Digital Corporation - Common Stock,Stock,,nasdaq_trader_symbol_directory
NASDAQ,WDFC,WD-40 Company - Common Stock,Stock,,nasdaq_trader_symbol_directory
NASDAQ,WDGF,WisdomTree Global Defense Fund,ETF,,nasdaq_trader_symbol_directory
NASDAQ,WEEI,Westwood Salient Enhanced Energy Income ETF,ETF,,nasdaq_trader_symbol_directory
NASDAQ,WEN,Wendy's Company (The) - Common Stock,Stock,,nasdaq_trader_symbol_directory
NASDAQ,WENN,Wen Acquisition Corp - Class A Ordinary Shares,Stock,,nasdaq_trader_symbol_directory
NASDAQ,WENNU,Wen Acquisition Corp - Unit,Stock,,nasdaq_trader_symbol_directory
NASDAQ,WENNW,Wen Acquisition Corp - Warrant,Stock,,nasdaq_trader_symbol_directory
NASDAQ,WERN,"Werner Enterprises, Inc. - Common Stock",Stock,,nasdaq_trader_symbol_directory
NASDAQ,WEST,Westrock Coffee Company - Common Stock,Stock,,nasdaq_trader_symbol_directory
NASDAQ,WETH,Wetouch Technology Inc. - Common Stock,Stock,,nasdaq_trader_symbol_directory
NASDAQ,WETO,Wetour Robotics Limited - Ordinary Shares,Stock,,nasdaq_trader_symbol_directory
NASDAQ,WEYS,"Weyco Group, Inc. - Common Stock",Stock,,nasdaq_trader_symbol_directory
NASDAQ,WFCF,"Where Food Comes From, Inc. - Common Stock",Stock,,nasdaq_trader_symbol_directory
NASDAQ,WFF,WF Holding Limited - Ordinary Shares,Stock,,nasdaq_trader_symbol_directory
NASDAQ,WFRD,Weatherford International plc - Ordinary shares,Stock,,nasdaq_trader_symbol_directory
NASDAQ,WGMI,CoinShares Bitcoin Mining ETF,ETF,,nasdaq_trader_symbol_directory
NASDAQ,WGRX,"Wellgistics Health, Inc. - Common Stock",Stock,,nasdaq_trader_symbol_directory
NASDAQ,WGS,GeneDx Holdings Corp. - Class A Common Stock,Stock,,nasdaq_trader_symbol_directory
NASDAQ,WGSWW,GeneDx Holdings Corp. - Warrant,Stock,,nasdaq_trader_symbol_directory
NASDAQ,WHF,"WhiteHorse Finance, Inc. - Closed End Fund",Stock,,nasdaq_trader_symbol_directory
NASDAQ,WHFCL,"WhiteHorse Finance, Inc. - 7.875% Notes due 2028",Stock,,nasdaq_trader_symbol_directory
NASDAQ,WHLR,"Wheeler Real Estate Investment Trust, Inc. - Common Stock",Stock,,nasdaq_trader_symbol_directory
NASDAQ,WHLRD,"Wheeler Real Estate Investment Trust, Inc. - Series D Cumulative Preferred Stock",Stock,,nasdaq_trader_symbol_directory
NASDAQ,WHLRL,"Wheeler Real Estate Investment Trust, Inc. - 7.00% Senior Subordinated Convertible Notes Due 2031",Stock,,nasdaq_trader_symbol_directory
NASDAQ,WHLRP,"Wheeler Real Estate Investment Trust, Inc. - Series B Preferred Stock",Stock,,nasdaq_trader_symbol_directory
NASDAQ,WHWK,"Whitehawk Therapeutics, Inc. - Common Stock",Stock,,nasdaq_trader_symbol_directory
NASDAQ,WILC,"G. Willi-Food International, Ltd. - Ordinary Shares",Stock,,nasdaq_trader_symbol_directory
NASDAQ,WIMA,WisdomTree International Adaptive Moving Average Fund,ETF,,nasdaq_trader_symbol_directory
NASDAQ,WIMI,WiMi Hologram Cloud Inc. - Class B Ordinary Shares,Stock,,nasdaq_trader_symbol_directory
NASDAQ,WINA,Winmark Corporation - Common Stock,Stock,,nasdaq_trader_symbol_directory
NASDAQ,WING,Wingstop Inc. - Common Stock,Stock,,nasdaq_trader_symbol_directory
NASDAQ,WISE,Themes Generative Artificial Intelligence ETF,ETF,,nasdaq_trader_symbol_directory
NASDAQ,WIX,Wix.com Ltd. - Ordinary Shares,Stock,,nasdaq_trader_symbol_directory
NASDAQ,WKEY,WISeKey International Holding Ltd - American Depositary Shares,Stock,,nasdaq_trader_symbol_directory
NASDAQ,WKHS,"Workhorse Group, Inc. - Common Stock",Stock,,nasdaq_trader_symbol_directory
NASDAQ,WKSP,"Worksport, Ltd. - Common Stock",Stock,,nasdaq_trader_symbol_directory
NASDAQ,WLCOU,Wilco 63 Corporation - Units,Stock,,nasdaq_trader_symbol_directory
NASDAQ,WLDN,"Willdan Group, Inc. - Common Stock",Stock,,nasdaq_trader_symbol_directory
NASDAQ,WLDS,Wearable Devices Ltd. - Ordinary Share,Stock,,nasdaq_trader_symbol_directory
NASDAQ,WLDSW,Wearable Devices Ltd. - Warrant,Stock,,nasdaq_trader_symbol_directory
NASDAQ,WLFC,Willis Lease Finance Corporation - Common Stock,Stock,,nasdaq_trader_symbol_directory
NASDAQ,WLII,Willow Lane Acquisition Corp. II - Class A Ordinary Shares,Stock,,nasdaq_trader_symbol_directory
NASDAQ,WLIIU,Willow Lane Acquisition Corp. II - Unit,Stock,,nasdaq_trader_symbol_directory
NASDAQ,WLIIW,Willow Lane Acquisition Corp. II - Warrants,Stock,,nasdaq_trader_symbol_directory
NASDAQ,WLTH,Wealthfront Corporation - Common Stock,Stock,,nasdaq_trader_symbol_directory
NASDAQ,WMG,Warner Music Group Corp. - Class A Common Stock,Stock,,nasdaq_trader_symbol_directory
NASDAQ,WMT,Walmart Inc. - Common Stock,Stock,,nasdaq_trader_symbol_directory
NASDAQ,WNEB,"Western New England Bancorp, Inc. - Common Stock",Stock,,nasdaq_trader_symbol_directory
NASDAQ,WNW,Meiwu Technology Company Limited - Ordinary Shares,Stock,,nasdaq_trader_symbol_directory
NASDAQ,WOK,WORK Medical Technology Group LTD - Class A Ordinary Shares,Stock,,nasdaq_trader_symbol_directory
NASDAQ,WOOD,iShares Global Timber & Forestry ETF,ETF,,nasdaq_trader_symbol_directory
NASDAQ,WOOF,"Petco Health and Wellness Company, Inc. - Class A Common Stock",Stock,,nasdaq_trader_symbol_directory
NASDAQ,WPRT,Westport Fuel Systems Inc - Common Shares,Stock,,nasdaq_trader_symbol_directory
NASDAQ,WRAP,"Wrap Technologies, Inc. - Common Stock",Stock,,nasdaq_trader_symbol_directory
NASDAQ,WRD,WeRide Inc. - American Depositary Shares,Stock,,nasdaq_trader_symbol_directory
NASDAQ,WRLD,World Acceptance Corporation - Common Stock,Stock,,nasdaq_trader_symbol_directory
NASDAQ,WRND,NYLI Global Equity R&D Leaders ETF,ETF,,nasdaq_trader_symbol_directory
NASDAQ,WRTH,Worth Charting Options Income ETF,ETF,,nasdaq_trader_symbol_directory
NASDAQ,WSBC,"WesBanco, Inc. - Common Stock",Stock,,nasdaq_trader_symbol_directory
NASDAQ,WSBCO,"WesBanco, Inc. - Depositary Shares each representing 1/40th interest in a share of 7.375% Fixed-Rate Reset Non-Cumulative Perpetual Preferred Stock, Series B",Stock,,nasdaq_trader_symbol_directory
NASDAQ,WSBF,"Waterstone Financial, Inc. - Common Stock",Stock,,nasdaq_trader_symbol_directory
NASDAQ,WSBK,"Winchester Bancorp, Inc. - Common Stock",Stock,,nasdaq_trader_symbol_directory
NASDAQ,WSC,WillScot Holdings Corporation - Class A Common Stock,Stock,,nasdaq_trader_symbol_directory
NASDAQ,WSE,Wise Group plc - Class A Ordinary Shares,Stock,,nasdaq_trader_symbol_directory
NASDAQ,WSFS,WSFS Financial Corporation - Common Stock,Stock,,nasdaq_trader_symbol_directory
NASDAQ,WSGE,Warren Street Global Equity ETF,ETF,,nasdaq_trader_symbol_directory
NASDAQ,WSHP,WeShop Holdings Limited - Class A Ordinary Shares,Stock,,nasdaq_trader_symbol_directory
NASDAQ,WSML,iShares MSCI World Small-Cap ETF,ETF,,nasdaq_trader_symbol_directory
NASDAQ,WSTN,Westin Acquisition Corp - Class A Ordinary Share,Stock,,nasdaq_trader_symbol_directory
NASDAQ,WSTNR,Westin Acquisition Corp - Right,Stock,,nasdaq_trader_symbol_directory
NASDAQ,WSTNU,Westin Acquisition Corp - Units,Stock,,nasdaq_trader_symbol_directory
NASDAQ,WTBA,West Bancorporation - Common Stock,Stock,,nasdaq_trader_symbol_directory
NASDAQ,WTBN,WisdomTree Bianco Total Return Fund,ETF,,nasdaq_trader_symbol_directory
NASDAQ,WTF,Waton Financial Limited - Ordinary Shares,Stock,,nasdaq_trader_symbol_directory
NASDAQ,WTFC,Wintrust Financial Corporation - Common Stock,Stock,,nasdaq_trader_symbol_directory
NASDAQ,WTFCN,"Wintrust Financial Corporation - Depositary Shares, Each Representing a 1/1,000th Interest in a Share of 7.875% Fixed-Rate Reset Non-Cumulative Perpetual Preferred Stock, Series F, no par value, with a liquidation preference of $25,000 per share",Stock,,nasdaq_trader_symbol_directory
NASDAQ,WTG,Wintergreen Acquisition Corp. - Ordinary Shares,Stock,,nasdaq_trader_symbol_directory
NASDAQ,WTGUR,Wintergreen Acquisition Corp. - Rights,Stock,,nasdaq_trader_symbol_directory
NASDAQ,WTGUU,Wintergreen Acquisition Corp. - Unit,Stock,,nasdaq_trader_symbol_directory
NASDAQ,WTIP,WisdomTree Inflation Plus Fund,ETF,,nasdaq_trader_symbol_directory
NASDAQ,WTMU,WisdomTree Core Laddered Municipal Fund,ETF,,nasdaq_trader_symbol_directory
NASDAQ,WTMY,WisdomTree High Income Laddered Municipal Fund,ETF,,nasdaq_trader_symbol_directory
NASDAQ,WTW,Willis Towers Watson Public Limited Company - Ordinary Shares,Stock,,nasdaq_trader_symbol_directory
NASDAQ,WULF,TeraWulf Inc. - Common Stock,Stock,,nasdaq_trader_symbol_directory
NASDAQ,WVE,Wave Life Sciences Ltd. - Ordinary Shares,Stock,,nasdaq_trader_symbol_directory
NASDAQ,WVVI,"Willamette Valley Vineyards, Inc. - Common Stock",Stock,,nasdaq_trader_symbol_directory
NASDAQ,WVVIP,"Willamette Valley Vineyards, Inc. - Series A Redeemable Preferred Stock",Stock,,nasdaq_trader_symbol_directory
NASDAQ,WW,"WW International, Inc. - Common Stock",Stock,,nasdaq_trader_symbol_directory
NASDAQ,WWD,"Woodward, Inc. - Common Stock",Stock,,nasdaq_trader_symbol_directory
NASDAQ,WXM,WF International Limited - Ordinary Shares,Stock,,nasdaq_trader_symbol_directory
NASDAQ,WYFI,"WhiteFiber, Inc. - Ordinary Shares",Stock,,nasdaq_trader_symbol_directory
NASDAQ,WYHG,Wing Yip Food Holdings Group Limited - American Depositary Shares,Stock,,nasdaq_trader_symbol_directory
NASDAQ,WYNN,"Wynn Resorts, Limited - Common Stock",Stock,,nasdaq_trader_symbol_directory
NASDAQ,XAIR,"Beyond Air, Inc. - Common Stock",Stock,,nasdaq_trader_symbol_directory
NASDAQ,XAIX,Xtrackers Artificial Intelligence and Big Data ETF,ETF,,nasdaq_trader_symbol_directory
NASDAQ,XBCI,NEOS Boosted Bitcoin High Income ETF,ETF,,nasdaq_trader_symbol_directory
NASDAQ,XBIL,US Treasury 6 Month Bill ETF,ETF,,nasdaq_trader_symbol_directory
NASDAQ,XBIO,"Xenetic Biosciences, Inc. - Common Stock",Stock,,nasdaq_trader_symbol_directory
NASDAQ,XBIT,XBiotech Inc. - Common Stock,Stock,,nasdaq_trader_symbol_directory
NASDAQ,XBP,"XBP Global Holdings, Inc. - Common Stock",Stock,,nasdaq_trader_symbol_directory
NASDAQ,XBPEW,"XBP Global Holdings, Inc. - Warrant",Stock,,nasdaq_trader_symbol_directory
NASDAQ,XBTY,GraniteShares YieldBOOST Bitcoin ETF,ETF,,nasdaq_trader_symbol_directory
NASDAQ,XCBE,X3 Acquisition Corp. Ltd. - Class A Ordinary Shares,Stock,,nasdaq_trader_symbol_directory
NASDAQ,XCBEU,X3 Acquisition Corp. Ltd. - Unit,Stock,,nasdaq_trader_symbol_directory
NASDAQ,XCBEW,X3 Acquisition Corp. Ltd. - Warrant,Stock,,nasdaq_trader_symbol_directory
NASDAQ,XCH,XCHG Limited - ADS,Stock,,nasdaq_trader_symbol_directory
NASDAQ,XCNY,State Street SPDR S&P Emerging Markets ex-China ETF,ETF,,nasdaq_trader_symbol_directory
NASDAQ,XCUR,"Exicure, Inc. - Common Stock",Stock,,nasdaq_trader_symbol_directory
NASDAQ,XDEF,Xtrackers Europe Defense Technologies ETF,ETF,,nasdaq_trader_symbol_directory
NASDAQ,XE,"X-Energy, Inc. - Class A Common Stock",Stock,,nasdaq_trader_symbol_directory
NASDAQ,XEL,Xcel Energy Inc. - Common Stock,Stock,,nasdaq_trader_symbol_directory
NASDAQ,XELB,"Xcel Brands, Inc - Common Stock",Stock,,nasdaq_trader_symbol_directory
NASDAQ,XELLL,"Xcel Energy Inc. - 6.25% Junior Subordinated Notes, Series due 2085",Stock,,nasdaq_trader_symbol_directory
NASDAQ,XENE,Xenon Pharmaceuticals Inc. - Common Shares,Stock,,nasdaq_trader_symbol_directory
NASDAQ,XERS,"Xeris Biopharma Holdings, Inc. - Common Stock",Stock,,nasdaq_trader_symbol_directory
NASDAQ,XEY,GraniteShares YieldBOOST Ether ETF,ETF,,nasdaq_trader_symbol_directory
NASDAQ,XFOR,"X4 Pharmaceuticals, Inc. - Common Stock",Stock,,nasdaq_trader_symbol_directory
NASDAQ,XGN,Exagen Inc. - Common Stock,Stock,,nasdaq_trader_symbol_directory
NASDAQ,XHG,XChange TEC.INC - American Depositary Shares,Stock,,nasdaq_trader_symbol_directory
NASDAQ,XHLD,"TEN Holdings, Inc. - Common Stock",Stock,,nasdaq_trader_symbol_directory
NASDAQ,XLO,"Xilio Therapeutics, Inc. - Common Stock",Stock,,nasdaq_trader_symbol_directory
NASDAQ,XMAG,Defiance Large Cap ex-Mag 7 ETF,ETF,,nasdaq_trader_symbol_directory
NASDAQ,XMAX,"XMAX, Inc. - Common Stock",Stock,,nasdaq_trader_symbol_directory
NASDAQ,XMTR,"Xometry, Inc. - Class A Common Stock",Stock,,nasdaq_trader_symbol_directory
NASDAQ,XNCR,"Xencor, Inc. - Common Stock",Stock,,nasdaq_trader_symbol_directory
NASDAQ,XNDU,Xanadu Quantum Technologies Limited - Class B Subordinate Voting Shares,Stock,,nasdaq_trader_symbol_directory
NASDAQ,XNET,Xunlei Limited - American Depositary Shares,Stock,,nasdaq_trader_symbol_directory
NASDAQ,XOMA,XOMA Royalty Corporation - Common Stock,Stock,,nasdaq_trader_symbol_directory
NASDAQ,XOMAO,XOMA Royalty Corporation - Depositary Shares Rep Series B 8.375% Cumulative Preferred Stock,Stock,,nasdaq_trader_symbol_directory
NASDAQ,XOMAP,XOMA Royalty Corporation - 8.625% Series A Cumulative Perpetual Preferred Stock,Stock,,nasdaq_trader_symbol_directory
NASDAQ,XOMX,Direxion Daily XOM Bull 2X ETF,ETF,,nasdaq_trader_symbol_directory
NASDAQ,XOS,"Xos, Inc. - Common Stock",Stock,,nasdaq_trader_symbol_directory
NASDAQ,XOSWW,"Xos, Inc. - Warrants",Stock,,nasdaq_trader_symbol_directory
NASDAQ,XOVR,ERShares Private-Public Crossover ETF,ETF,,nasdaq_trader_symbol_directory
NASDAQ,XP,XP Inc. - Class A Common Stock,Stock,,nasdaq_trader_symbol_directory
NASDAQ,XPEG,Leverage Shares 2X Long XPEV Daily ETF,ETF,,nasdaq_trader_symbol_directory
NASDAQ,XPEL,"XPEL, Inc. - Common Stock",Stock,,nasdaq_trader_symbol_directory
NASDAQ,XPON,Expion360 Inc. - Common Stock,Stock,,nasdaq_trader_symbol_directory
NASDAQ,XQQI,NEOS Boosted Nasdaq-100 High Income ETF,ETF,,nasdaq_trader_symbol_directory
NASDAQ,XRAY,DENTSPLY SIRONA Inc. - Common Stock,Stock,,nasdaq_trader_symbol_directory
NASDAQ,XRPC,Canary XRP ETF,ETF,,nasdaq_trader_symbol_directory
NASDAQ,XRPI,Volatility Shares Trust XRP ETF,ETF,,nasdaq_trader_symbol_directory
NASDAQ,XRPN,Armada Acquisition Corp. II - Class A Ordinary Shares,Stock,,nasdaq_trader_symbol_directory
NASDAQ,XRPNU,Armada Acquisition Corp. II - Units,Stock,,nasdaq_trader_symbol_directory
NASDAQ,XRPNW,Armada Acquisition Corp. II - Warrant,Stock,,nasdaq_trader_symbol_directory
NASDAQ,XRPT,Volatility Shares Trust XRP 2X ETF,ETF,,nasdaq_trader_symbol_directory
NASDAQ,XRTX,XORTX Therapeutics Inc. - Common Shares,Stock,,nasdaq_trader_symbol_directory
NASDAQ,XRX,Xerox Holdings Corporation - Common Stock,Stock,,nasdaq_trader_symbol_directory
NASDAQ,XRXDW,Xerox Holdings Corporation - Warrants,Stock,,nasdaq_trader_symbol_directory
NASDAQ,XSLL,Xsolla SPAC 1 - Class A Ordinary Shares,Stock,,nasdaq_trader_symbol_directory
NASDAQ,XSLLU,Xsolla SPAC 1 - Units,Stock,,nasdaq_trader_symbol_directory
NASDAQ,XSLLW,Xsolla SPAC 1 - Warrants,Stock,,nasdaq_trader_symbol_directory
NASDAQ,XSPC,VegaShares SpaceX & Beyond Earth ETF,ETF,,nasdaq_trader_symbol_directory
NASDAQ,XSPI,NEOS Boosted S&P 500 High Income ETF,ETF,,nasdaq_trader_symbol_directory
NASDAQ,XT,iShares Future Exponential Technologies ETF,ETF,,nasdaq_trader_symbol_directory
NASDAQ,XTIA,"XTI Aerospace, Inc. Common Stock - Common Stock",Stock,,nasdaq_trader_symbol_directory
NASDAQ,XTLB,XTL Biopharmaceuticals Ltd. - American Depositary Shares,Stock,,nasdaq_trader_symbol_directory
NASDAQ,XWEL,"XWELL, Inc. - Common Stock",Stock,,nasdaq_trader_symbol_directory
NASDAQ,XXII,"22nd Century Group, Inc - Common Stock",Stock,,nasdaq_trader_symbol_directory
NASDAQ,XXX,CYBER HORNET S&P 500 and XRP 75/25 Strategy ETF,ETF,,nasdaq_trader_symbol_directory
NASDAQ,XYZG,Leverage Shares 2X Long XYZ Daily ETF,ETF,,nasdaq_trader_symbol_directory
NASDAQ,YAAS,Youxin Technology Ltd - Class A Ordinary shares,Stock,,nasdaq_trader_symbol_directory
NASDAQ,YB,Yuanbao Inc. - American Depositary Shares,Stock,,nasdaq_trader_symbol_directory
NASDAQ,YBMN,Defiance BMNR Option Income ETF,ETF,,nasdaq_trader_symbol_directory
NASDAQ,YBST,GraniteShares YieldBoost Single Stock Universe ETF,ETF,,nasdaq_trader_symbol_directory
NASDAQ,YBTY,GraniteShares YieldBoost TopYielders ETF,ETF,,nasdaq_trader_symbol_directory
NASDAQ,YDDL,One and One Green Technologies. INC - Class A Ordinary Shares,Stock,,nasdaq_trader_symbol_directory
NASDAQ,YDES,YD Bio Limited - Ordinary Shares,Stock,,nasdaq_trader_symbol_directory
NASDAQ,YDESW,YD Bio Limited - Warrants,Stock,,nasdaq_trader_symbol_directory
NASDAQ,YDKG,Yueda Digital Holding - Class A Ordinary Share,Stock,,nasdaq_trader_symbol_directory
NASDAQ,YHC,LQR House Inc. - Common Stock,Stock,,nasdaq_trader_symbol_directory
NASDAQ,YHGJ,Yunhong Green CTI Ltd. - Common Stock,Stock,,nasdaq_trader_symbol_directory
NASDAQ,YHNA,YHN Acquisition I Limited - Ordinary Shares,Stock,,nasdaq_trader_symbol_directory
NASDAQ,YHNAR,YHN Acquisition I Limited - Right,Stock,,nasdaq_trader_symbol_directory
NASDAQ,YHNAU,YHN Acquisition I Limited - Unit,Stock,,nasdaq_trader_symbol_directory
NASDAQ,YI,"111, Inc. - American Depositary Shares",Stock,,nasdaq_trader_symbol_directory
NASDAQ,YIBO,Planet Image International Limited - Class A Ordinary Shares,Stock,,nasdaq_trader_symbol_directory
NASDAQ,YICCU,Yorkville International Capital Corp. - Units,Stock,,nasdaq_trader_symbol_directory
NASDAQ,YJ,Yunji Inc. - American Depository Shares,Stock,,nasdaq_trader_symbol_directory
NASDAQ,YLDE,Franklin ClearBridge Enhanced Income ETF,ETF,,nasdaq_trader_symbol_directory
NASDAQ,YMAT,"J-Star Holding Co., Ltd. - Class A Ordinary Shares",Stock,,nasdaq_trader_symbol_directory
NASDAQ,YMT,Yimutian Inc. - American Depositary Shares; each representing 25 Class A ordinary shares,Stock,,nasdaq_trader_symbol_directory
NASDAQ,YNOT,Horizon Digital Frontier ETF,ETF,,nasdaq_trader_symbol_directory
NASDAQ,YOKE,YOKE Core ETF,ETF,,nasdaq_trader_symbol_directory
NASDAQ,YOOV,Concorde International Group Ltd - Class A Ordinary Shares,Stock,,nasdaq_trader_symbol_directory
NASDAQ,YORW,The York Water Company - Common Stock,Stock,,nasdaq_trader_symbol_directory
NASDAQ,YOUL,Youlife Group Inc. - American Depositary Shares,Stock,,nasdaq_trader_symbol_directory
NASDAQ,YQ,17 Education & Technology Group Inc. - American Depositary Shares,Stock,,nasdaq_trader_symbol_directory
NASDAQ,YQQQ,YieldMax Short N100 Option Income Strategy ETF,ETF,,nasdaq_trader_symbol_directory
NASDAQ,YSPY,GraniteShares YieldBOOST SPY ETF,ETF,,nasdaq_trader_symbol_directory
NASDAQ,YSWY,"Yesway, Inc. - Class A Common Stock",Stock,,nasdaq_trader_symbol_directory
NASDAQ,YSXT,"YSX Tech. Co., Ltd - Class A Ordinary Shares",Stock,,nasdaq_trader_symbol_directory
NASDAQ,YTRA,"Yatra Online, Inc. - Ordinary Shares",Stock,,nasdaq_trader_symbol_directory
NASDAQ,YXT,YXT.COM GROUP HOLDING LIMITED - American Depository Shares,Stock,,nasdaq_trader_symbol_directory
NASDAQ,YYAI,AiRWA Inc. - Common Stock,Stock,,nasdaq_trader_symbol_directory
NASDAQ,YYGH,YY Group Holding Limited - Class A Ordinary Shares,Stock,,nasdaq_trader_symbol_directory
NASDAQ,Z,"Zillow Group, Inc. - Class C Capital Stock",Stock,,nasdaq_trader_symbol_directory
NASDAQ,ZAP,Global X U.S. Electrification ETF,ETF,,nasdaq_trader_symbol_directory
NASDAQ,ZAZZT,Tick Pilot Test Stock Class A Common Stock,Stock,,nasdaq_trader_symbol_directory
NASDAQ,ZBAO,Zhibao Technology Inc. - Class A Ordinary Shares,Stock,,nasdaq_trader_symbol_directory
NASDAQ,ZBIO,"Zenas BioPharma, Inc. - Common Stock",Stock,,nasdaq_trader_symbol_directory
NASDAQ,ZBRA,Zebra Technologies Corporation - Class A Common Stock,Stock,,nasdaq_trader_symbol_directory
NASDAQ,ZBZZT,Test Pilot Test Stock Class B Common Stock,Stock,,nasdaq_trader_symbol_directory
NASDAQ,ZCMD,Zhongchao Inc. - Class A Ordinary Shares,Stock,,nasdaq_trader_symbol_directory
NASDAQ,ZCZZT,Tick Pilot Test Stock Class C,Stock,,nasdaq_trader_symbol_directory
NASDAQ,ZD,"Ziff Davis, Inc. - Common Stock",Stock,,nasdaq_trader_symbol_directory
NASDAQ,ZDAI,"DirectBooking Technology Co., Ltd. - Class A Ordinary Shares",Stock,,nasdaq_trader_symbol_directory
NASDAQ,ZENA,"ZenaTech, Inc. - Common Stock",Stock,,nasdaq_trader_symbol_directory
NASDAQ,ZEO,Zeo Energy Corporation - Class A Common Stock,Stock,,nasdaq_trader_symbol_directory
NASDAQ,ZEOWW,Zeo Energy Corporation - Warrants,Stock,,nasdaq_trader_symbol_directory
NASDAQ,ZG,"Zillow Group, Inc. - Class A Common Stock",Stock,,nasdaq_trader_symbol_directory
NASDAQ,ZHOG,F/m Opportunistic Income ETF,ETF,,nasdaq_trader_symbol_directory
NASDAQ,ZION,Zions Bancorporation N.A. - Common Stock,Stock,,nasdaq_trader_symbol_directory
NASDAQ,ZIONP,Zions Bancorporation N.A. - Depositary Shares each representing a 1/40th ownership interest in a share of Series A Floating-Rate Non-Cumulative Perpetual Preferred Stock,Stock,,nasdaq_trader_symbol_directory
NASDAQ,ZJK,"ZJK Industrial Co., Ltd. - Class A Ordinary Shares",Stock,,nasdaq_trader_symbol_directory
NASDAQ,ZJYL,JIN MEDICAL INTERNATIONAL LTD. - Class A Ordinary Shares,Stock,,nasdaq_trader_symbol_directory
NASDAQ,ZJZZT,NASDAQ TEST STOCK,Stock,,nasdaq_trader_symbol_directory
NASDAQ,ZKIN,"ZK International Group Co., Ltd - Ordinary Share",Stock,,nasdaq_trader_symbol_directory
NASDAQ,ZKP,Lafayette Digital Acquisition Corp. I - Class A Ordinary Shares,Stock,,nasdaq_trader_symbol_directory
NASDAQ,ZKPU,Lafayette Digital Acquisition Corp. I - Unit,Stock,,nasdaq_trader_symbol_directory
NASDAQ,ZKPW,Lafayette Digital Acquisition Corp. I - Warrant,Stock,,nasdaq_trader_symbol_directory
NASDAQ,ZLAB,Zai Lab Limited - American Depositary Shares,Stock,,nasdaq_trader_symbol_directory
NASDAQ,ZM,"Zoom Communications, Inc. - Class A Common Stock",Stock,,nasdaq_trader_symbol_directory
NASDAQ,ZMUN,F/m Ultrashort Tax-Free Municipal ETF,ETF,,nasdaq_trader_symbol_directory
NASDAQ,ZNB,Zeta Network Group - Class A Ordinary Shares,Stock,,nasdaq_trader_symbol_directory
NASDAQ,ZNTL,"Zentalis Pharmaceuticals, Inc. - common stock",Stock,,nasdaq_trader_symbol_directory
NASDAQ,ZOOZ,ZOOZ Strategy Ltd. - Ordinary Shares,Stock,,nasdaq_trader_symbol_directory
NASDAQ,ZOOZW,ZOOZ Strategy Ltd. - Warrant,Stock,,nasdaq_trader_symbol_directory
NASDAQ,ZS,"Zscaler, Inc. - Common Stock",Stock,,nasdaq_trader_symbol_directory
NASDAQ,ZSQR,Z Squared Inc. - Common Stock,Stock,,nasdaq_trader_symbol_directory
NASDAQ,ZSTK,ZeroStack Corp. - Common Stock,Stock,,nasdaq_trader_symbol_directory
NASDAQ,ZTEK,Zentek Ltd. - common stock,Stock,,nasdaq_trader_symbol_directory
NASDAQ,ZTEN,F/m 10-Year Investment Grade Corporate Bond ETF,ETF,,nasdaq_trader_symbol_directory
NASDAQ,ZTG,Zenta Group Company Limited - Class A Ordinary Shares,Stock,,nasdaq_trader_symbol_directory
NASDAQ,ZTOP,F/m High Yield 100 ETF,ETF,,nasdaq_trader_symbol_directory
NASDAQ,ZTRE,F/m 3-Year Investment Grade Corporate Bond ETF,ETF,,nasdaq_trader_symbol_directory
NASDAQ,ZTWO,F/m 2-Year Investment Grade Corporate Bond ETF,ETF,,nasdaq_trader_symbol_directory
NASDAQ,ZUMZ,Zumiez Inc. - Common Stock,Stock,,nasdaq_trader_symbol_directory
NASDAQ,ZURA,Zura Bio Limited - Class A Ordinary shares,Stock,,nasdaq_trader_symbol_directory
NASDAQ,ZVRA,"Zevra Therapeutics, Inc. - Common Stock",Stock,,nasdaq_trader_symbol_directory
NASDAQ,ZVZZT,NASDAQ TEST STOCK,Stock,,nasdaq_trader_symbol_directory
NASDAQ,ZWZZT,NASDAQ TEST STOCK,Stock,,nasdaq_trader_symbol_directory
NASDAQ,ZXYZ.A,Nasdaq Symbology Test Common Stock,Stock,,nasdaq_trader_symbol_directory
NASDAQ,ZXZZT,NASDAQ TEST STOCK,Stock,,nasdaq_trader_symbol_directory
NASDAQ,ZYBT,Zhengye Biotechnology Holding Limited - Class A Ordinary Shares,Stock,,nasdaq_trader_symbol_directory
NASDAQ,ZYME,Zymeworks Inc. - Common Stock,Stock,,nasdaq_trader_symbol_directory
