Exchange,Symbol,Name,InstrumentType,FirstIpoDate,Source
NYSE,A,"Agilent Technologies, Inc. Common Stock",Stock,,nasdaq_trader_symbol_directory
NYSE,AA,Alcoa Corporation Common Stock,Stock,,nasdaq_trader_symbol_directory
NYSE,AAC.U,"Ares Acquisition Corporation III Units, each consisting of one Class A ordinary share and one-tenth of one redeemable warrant",Stock,,nasdaq_trader_symbol_directory
NYSE,AADX,"Applied Aerospace & Defense, Inc. Common Stock",Stock,,nasdaq_trader_symbol_directory
NYSE,AAMI,Acadian Asset Management Inc. Common Stock,Stock,,nasdaq_trader_symbol_directory
NYSE,AAP,Advance Auto Parts Inc.,Stock,,nasdaq_trader_symbol_directory
NYSE,AAT,"American Assets Trust, Inc. Common Stock",Stock,,nasdaq_trader_symbol_directory
NYSE,AAUC,Allied Gold Corporation Common Shares,Stock,,nasdaq_trader_symbol_directory
NYSE,AB,AllianceBernstein Holding L.P. Units,Stock,,nasdaq_trader_symbol_directory
NYSE,ABBV,AbbVie Inc. Common Stock,Stock,,nasdaq_trader_symbol_directory
NYSE,ABCB,Ameris Bancorp Common Stock,Stock,,nasdaq_trader_symbol_directory
NYSE,ABEV,Ambev S.A. American Depositary Shares (Each representing 1 Common Share),Stock,,nasdaq_trader_symbol_directory
NYSE,ABG,Asbury Automotive Group Inc Common Stock,Stock,,nasdaq_trader_symbol_directory
NYSE,ABM,ABM Industries Incorporated Common Stock,Stock,,nasdaq_trader_symbol_directory
NYSE,ABR,Arbor Realty Trust Common Stock,Stock,,nasdaq_trader_symbol_directory
NYSE,ABR$D,"Arbor Realty Trust 6.375% Series D Cumulative Redeemable Preferred Stock, Liquidation Preference $25.00 per Share",Stock,,nasdaq_trader_symbol_directory
NYSE,ABR$E,Arbor Realty Trust 6.25% Series E Cumulative Redeemable Preferred Stock,Stock,,nasdaq_trader_symbol_directory
NYSE,ABR$F,"Arbor Realty Trust 6.25% Series F Fixed-to-Floating Rate Cumulative Redeemable Preferred Stock, Liquidation Preference $25.00 per share",Stock,,nasdaq_trader_symbol_directory
NYSE,ABT,Abbott Laboratories Common Stock,Stock,,nasdaq_trader_symbol_directory
NYSE,ABX,"Abacus Global Management, Inc. Class A Common Stock",Stock,,nasdaq_trader_symbol_directory
NYSE,ABXL,"Abacus Global Management, Inc. 9.875% Fixed Rate Senior Notes due 2028",Stock,,nasdaq_trader_symbol_directory
NYSE,ACA,"Arcosa, Inc. Common Stock",Stock,,nasdaq_trader_symbol_directory
NYSE,ACCO,Acco Brands Corporation Common Stock,Stock,,nasdaq_trader_symbol_directory
NYSE,ACEL,"Accel Entertainment, Inc.",Stock,,nasdaq_trader_symbol_directory
NYSE,ACH,"Accendra Health, Inc. Common Stock",Stock,,nasdaq_trader_symbol_directory
NYSE,ACHR,Archer Aviation Inc. Class A Common Stock,Stock,,nasdaq_trader_symbol_directory
NYSE,ACHR.W,"Archer Aviation Inc. Redeemable Warrants, each whole warrant exercisable for one Class A common stock at an exercise price of $11.50",Stock,,nasdaq_trader_symbol_directory
NYSE,ACI,"Albertsons Companies, Inc. Class A Common Stock",Stock,,nasdaq_trader_symbol_directory
NYSE,ACLO,TCW AAA CLO ETF,ETF,,nasdaq_trader_symbol_directory
NYSE,ACM,AECOM Common Stock,Stock,,nasdaq_trader_symbol_directory
NYSE,ACN,Accenture plc Class A Ordinary Shares (Ireland),Stock,,nasdaq_trader_symbol_directory
NYSE,ACP,abrdn Income Credit Strategies Fund Common Shares,Stock,,nasdaq_trader_symbol_directory
NYSE,ACP$A,abrdn Income Credit Strategies Fund 5.250% Series A Perpetual Preferred Stock,Stock,,nasdaq_trader_symbol_directory
NYSE,ACR,ACRES Commercial Realty Corp. Common Stock,Stock,,nasdaq_trader_symbol_directory
NYSE,ACR$C,ACRES Commercial Realty Corp. 8.625% Fixed-to-Floating Series C Cumulative Redeemable Preferred Stock,Stock,,nasdaq_trader_symbol_directory
NYSE,ACR$D,ACRES Commercial Realty Corp. 7.875% Series D Cumulative Redeemable Preferred Stock,Stock,,nasdaq_trader_symbol_directory
NYSE,ACRE,Ares Commercial Real Estate Corporation Common Stock,Stock,,nasdaq_trader_symbol_directory
NYSE,ACV,Virtus Diversified Income & Convertible Fund Common Shares of Beneficial Interest,Stock,,nasdaq_trader_symbol_directory
NYSE,ACVA,ACV Auctions Inc. Class A Common Stock,Stock,,nasdaq_trader_symbol_directory
NYSE,AD,"Array Digital Infrastructure, Inc. Common Shares",Stock,,nasdaq_trader_symbol_directory
NYSE,ADC,Agree Realty Corporation Common Stock,Stock,,nasdaq_trader_symbol_directory
NYSE,ADC$A,"Agree Realty Corporation Depositary Shares, each representing 1/1,000th of a 4.250% Series A Cumulative Redeemable Preferred Stock",Stock,,nasdaq_trader_symbol_directory
NYSE,ADCT,ADC Therapeutics SA Common Shares,Stock,,nasdaq_trader_symbol_directory
NYSE,ADM,Archer-Daniels-Midland Company Common Stock,Stock,,nasdaq_trader_symbol_directory
NYSE,ADNT,Adient plc Ordinary Shares,Stock,,nasdaq_trader_symbol_directory
NYSE,ADT,ADT Inc. Common Stock,Stock,,nasdaq_trader_symbol_directory
NYSE,ADX,Adams Diversified Equity Fund Inc.,Stock,,nasdaq_trader_symbol_directory
NYSE,AEE,Ameren Corporation Common Stock,Stock,,nasdaq_trader_symbol_directory
NYSE,AEFC,Aegon Funding Company LLC 5.10% Subordinated Notes due 2049,Stock,,nasdaq_trader_symbol_directory
NYSE,AEG,Aegon Ltd. New York Registry Shares,Stock,,nasdaq_trader_symbol_directory
NYSE,AEM,Agnico Eagle Mines Limited Common Stock,Stock,,nasdaq_trader_symbol_directory
NYSE,AEO,"American Eagle Outfitters, Inc. Common Stock",Stock,,nasdaq_trader_symbol_directory
NYSE,AER,AerCap Holdings N.V. Ordinary Shares,Stock,,nasdaq_trader_symbol_directory
NYSE,AERO,"Grupo Aeromexico, S.A.B. de C.V. American Depositary Shares (each representing ten (10) Common Shares)",Stock,,nasdaq_trader_symbol_directory
NYSE,AES,The AES Corporation Common Stock,Stock,,nasdaq_trader_symbol_directory
NYSE,AESI,Atlas Energy Solutions Inc. Common Stock,Stock,,nasdaq_trader_symbol_directory
NYSE,AEXA,American Exceptionalism Acquisition Corp. A Class A Ordinary Shares,Stock,,nasdaq_trader_symbol_directory
NYSE,AFB,AllianceBernstein National Municipal Income Fund Inc,Stock,,nasdaq_trader_symbol_directory
NYSE,AFG,"American Financial Group, Inc. Common Stock",Stock,,nasdaq_trader_symbol_directory
NYSE,AFGB,"American Financial Group, Inc. 5.875% Subordinated Debentures due 2059",Stock,,nasdaq_trader_symbol_directory
NYSE,AFGC,"American Financial Group, Inc. 5.125% Subordinated Debentures due 2059",Stock,,nasdaq_trader_symbol_directory
NYSE,AFGD,"American Financial Group, Inc. 5.625% Subordinated Debentures due 2060",Stock,,nasdaq_trader_symbol_directory
NYSE,AFGE,"American Financial Group, Inc. 4.500% Subordinated Debentures due 2060",Stock,,nasdaq_trader_symbol_directory
NYSE,AFL,AFLAC Incorporated Common Stock,Stock,,nasdaq_trader_symbol_directory
NYSE,AG,First Majestic Silver Corp. Ordinary Shares (Canada),Stock,,nasdaq_trader_symbol_directory
NYSE,AGBK,AGI Inc Class A Common Shares,Stock,,nasdaq_trader_symbol_directory
NYSE,AGCO,AGCO Corporation Common Stock,Stock,,nasdaq_trader_symbol_directory
NYSE,AGD,abrdn Global Dynamic Dividend Fund Common Shares of Beneficial Interest,Stock,,nasdaq_trader_symbol_directory
NYSE,AGI,Alamos Gold Inc. Class A Common Shares,Stock,,nasdaq_trader_symbol_directory
NYSE,AGL,"agilon health, inc. Common Stock",Stock,,nasdaq_trader_symbol_directory
NYSE,AGM,Federal Agricultural Mortgage Corporation Common Stock,Stock,,nasdaq_trader_symbol_directory
NYSE,AGM$D,"Federal Agricultural Mortgage Corporation 5.700% Non-Cumulative Preferred Stock, Series D",Stock,,nasdaq_trader_symbol_directory
NYSE,AGM$E,"Federal Agricultural Mortgage Corporation 5.750% Non-Cumulative Preferred Stock, Series E",Stock,,nasdaq_trader_symbol_directory
NYSE,AGM$F,"Federal Agricultural Mortgage Corporation 5.250% Non-Cumulative Preferred Stock, Series F",Stock,,nasdaq_trader_symbol_directory
NYSE,AGM$G,"Federal Agricultural Mortgage Corporation 4.875% Non-Cumulative Preferred Stock, Series G",Stock,,nasdaq_trader_symbol_directory
NYSE,AGM$H,"Federal Agricultural Mortgage Corporation 6.500% Non-Cumulative Preferred Stock, Series H",Stock,,nasdaq_trader_symbol_directory
NYSE,AGM$I,"Federal Agricultural Mortgage Corporation 6.875% Non-Cumulative Preferred Stock, Series I",Stock,,nasdaq_trader_symbol_directory
NYSE,AGM.A,Federal Agricultural Mortgage Corporation Common Stock,Stock,,nasdaq_trader_symbol_directory
NYSE,AGO,Assured Guaranty Ltd. Common Stock,Stock,,nasdaq_trader_symbol_directory
NYSE,AGRO,Adecoagro S.A. Common Shares,Stock,,nasdaq_trader_symbol_directory
NYSE,AGX,"Argan, Inc. Common Stock",Stock,,nasdaq_trader_symbol_directory
NYSE,AHL$D,Aspen Insurance Holdings Limited 5.625% Perpetual Non-Cumulative Preference Shares,Stock,,nasdaq_trader_symbol_directory
NYSE,AHL$E,"Aspen Insurance Holdings Limited Depositary Shares, each representing a 1/1000th interest in a share of 5.625% Perpetual Non-Cumulative Preference Shares",Stock,,nasdaq_trader_symbol_directory
NYSE,AHL$F,"Aspen Insurance Holdings Limited Depositary Shares, each representing a 1/1,000th Interest in a 7.00% Perpetual Non-Cumulative Preference Share",Stock,,nasdaq_trader_symbol_directory
NYSE,AHR,"American Healthcare REIT, Inc. Common Stock",Stock,,nasdaq_trader_symbol_directory
NYSE,AHRT,"AH Realty Trust, Inc. Common Stock",Stock,,nasdaq_trader_symbol_directory
NYSE,AHRT$A,"AH Realty Trust, Inc. 6.75% Series A Cumulative Redeemable Perpetual Preferred Stock",Stock,,nasdaq_trader_symbol_directory
NYSE,AHT,Ashford Hospitality Trust Inc Common Stock,Stock,,nasdaq_trader_symbol_directory
NYSE,AHT$D,Ashford Hospitality Trust Inc 8.45% Series D Cumulative Preferred Stock,Stock,,nasdaq_trader_symbol_directory
NYSE,AHT$F,Ashford Hospitality Trust Inc 7.375% Series F Cumulative Preferred Stock,Stock,,nasdaq_trader_symbol_directory
NYSE,AHT$G,Ashford Hospitality Trust Inc 7.375% Series G Cumulative Preferred Stock,Stock,,nasdaq_trader_symbol_directory
NYSE,AHT$H,Ashford Hospitality Trust Inc 7.50% Series H Cumulative Preferred Stock,Stock,,nasdaq_trader_symbol_directory
NYSE,AHT$I,Ashford Hospitality Trust Inc 7.50% Series I Cumulative Preferred Stock,Stock,,nasdaq_trader_symbol_directory
NYSE,AI,"C3.ai, Inc. Class A Common Stock",Stock,,nasdaq_trader_symbol_directory
NYSE,AIG,"American International Group, Inc. New Common Stock",Stock,,nasdaq_trader_symbol_directory
NYSE,AII,"American Integrity Insurance Group, Inc. Common Stock",Stock,,nasdaq_trader_symbol_directory
NYSE,AIIA,AI Infrastructure Acquisition Corp. Class A Ordinary Shares,Stock,,nasdaq_trader_symbol_directory
NYSE,AIIA.R,"AI Infrastructure Acquisition Corp. Rights, each entitling the holder to receive one-fifth (1/5) of one Class A Ordinary Share",Stock,,nasdaq_trader_symbol_directory
NYSE,AIIA.U,"AI Infrastructure Acquisition Corp. Units, each consisting of one Class A Ordinary Share and one Right",Stock,,nasdaq_trader_symbol_directory
NYSE,AIN,Albany International Corporation Common Stock,Stock,,nasdaq_trader_symbol_directory
NYSE,AIO,Virtus Artificial Intelligence & Technology Opportunities Fund Common Shares of Beneficial Interest,Stock,,nasdaq_trader_symbol_directory
NYSE,AIR,AAR Corp. Common Stock,Stock,,nasdaq_trader_symbol_directory
NYSE,AIT,"Applied Industrial Technologies, Inc. Common Stock",Stock,,nasdaq_trader_symbol_directory
NYSE,AIV,Apartment Investment and Management Company Common Stock,Stock,,nasdaq_trader_symbol_directory
NYSE,AIZ,"Assurant, Inc. Common Stock",Stock,,nasdaq_trader_symbol_directory
NYSE,AIZN,"Assurant, Inc. 5.25% Subordinated Notes due 2061",Stock,,nasdaq_trader_symbol_directory
NYSE,AJG,Arthur J. Gallagher & Co. Common Stock,Stock,,nasdaq_trader_symbol_directory
NYSE,AKA,a.k.a. Brands Holding Corp. Common Stock,Stock,,nasdaq_trader_symbol_directory
NYSE,AKAF,The Frontier Economic Fund,ETF,,nasdaq_trader_symbol_directory
NYSE,AKO.A,Embotelladora Andina S.A. Common Stock,Stock,,nasdaq_trader_symbol_directory
NYSE,AKO.B,Embotelladora Andina S.A. Common Stock,Stock,,nasdaq_trader_symbol_directory
NYSE,AKR,Acadia Realty Trust Common Stock,Stock,,nasdaq_trader_symbol_directory
NYSE,ALB,Albemarle Corporation Common Stock,Stock,,nasdaq_trader_symbol_directory
NYSE,ALB$A,Albemarle Corporation Depositary Shares each representing a 1/20th of 7.25% Series A Mandatory Convertible Preferred Stock,Stock,,nasdaq_trader_symbol_directory
NYSE,ALC,Alcon Inc. Ordinary Shares,Stock,,nasdaq_trader_symbol_directory
NYSE,ALG,"Alamo Group, Inc. Common Stock",Stock,,nasdaq_trader_symbol_directory
NYSE,ALH,Alliance Laundry Holdings Inc. Common Stock,Stock,,nasdaq_trader_symbol_directory
NYSE,ALIT,"Alight, Inc. Class A Common Stock",Stock,,nasdaq_trader_symbol_directory
NYSE,ALK,"Alaska Air Group, Inc. Common Stock",Stock,,nasdaq_trader_symbol_directory
NYSE,ALL,Allstate Corporation (The) Common Stock,Stock,,nasdaq_trader_symbol_directory
NYSE,ALL$B,Allstate Corporation (The) 5.100% Fixed-to-Floating Rate Subordinated Debentures due 2053,Stock,,nasdaq_trader_symbol_directory
NYSE,ALL$H,"Allstate Corporation (The) Depositary Shares each representing a 1/1,000th interest in a share of Fixed Rate Noncumulative Perpetual Preferred Stock, Series H",Stock,,nasdaq_trader_symbol_directory
NYSE,ALL$I,"Allstate Corporation (The) Depositary Shares each representing a 1/1,000th interest in a share of Fixed Rate Noncumulative Perpetual Preferred Stock, Series I",Stock,,nasdaq_trader_symbol_directory
NYSE,ALL$J,"Allstate Corporation (The) Depositary Shares each representing a 1/1,000th interest in a share of Fixed Rate Noncumulative Perpetual Preferred Stock, Series J",Stock,,nasdaq_trader_symbol_directory
NYSE,ALLE,Allegion plc Ordinary Shares,Stock,,nasdaq_trader_symbol_directory
NYSE,ALLY,Ally Financial Inc. Common Stock,Stock,,nasdaq_trader_symbol_directory
NYSE,ALSN,"Allison Transmission Holdings, Inc. Common Stock",Stock,,nasdaq_trader_symbol_directory
NYSE,ALTG,Alta Equipment Group Inc. Class A Common Stock,Stock,,nasdaq_trader_symbol_directory
NYSE,ALTG$A,Alta Equipment Group Inc. Depositary Shares (each representing 1/1000th in a share of 10% Series A Cumulative Perpetual Preferred Stock),Stock,,nasdaq_trader_symbol_directory
NYSE,ALUB,Alussa Energy Acquisition Corp. II Class A Ordinary Shares,Stock,,nasdaq_trader_symbol_directory
NYSE,ALUB.U,"Alussa Energy Acquisition Corp. II Units, each consisting of one Class A ordinary share and one-third of one redeemable warrant",Stock,,nasdaq_trader_symbol_directory
NYSE,ALUB.W,"Alussa Energy Acquisition Corp. II Redeemable Warrants, each whole warrant exercisable for one Class A ordinary share at an exercise price of $11.50 per share",Stock,,nasdaq_trader_symbol_directory
NYSE,ALV,"Autoliv, Inc. Common Stock",Stock,,nasdaq_trader_symbol_directory
NYSE,ALX,"Alexander's, Inc. Common Stock",Stock,,nasdaq_trader_symbol_directory
NYSE,AM,Antero Midstream Corporation Common Stock,Stock,,nasdaq_trader_symbol_directory
NYSE,AMBP,Ardagh Metal Packaging S.A. Ordinary Shares,Stock,,nasdaq_trader_symbol_directory
NYSE,AMBQ,"Ambiq Micro, Inc. Common Stock",Stock,,nasdaq_trader_symbol_directory
NYSE,AMC,"AMC Entertainment Holdings, Inc. Class A Common Stock",Stock,,nasdaq_trader_symbol_directory
NYSE,AMCR,Amcor plc Ordinary Shares,Stock,,nasdaq_trader_symbol_directory
NYSE,AME,"AMETEK, Inc.",Stock,,nasdaq_trader_symbol_directory
NYSE,AMG,"Affiliated Managers Group, Inc. Common Stock",Stock,,nasdaq_trader_symbol_directory
NYSE,AMH,American Homes 4 Rent Common Shares of Beneficial Interest,Stock,,nasdaq_trader_symbol_directory
NYSE,AMH$G,American Homes 4 Rent Series G cumulative redeemable perpetual preferred shares of beneficial interest,Stock,,nasdaq_trader_symbol_directory
NYSE,AMH$H,American Homes 4 Rent Series H cumulative redeemable perpetual Preferred Shares of Beneficial Interest,Stock,,nasdaq_trader_symbol_directory
NYSE,AMN,AMN Healthcare Services Inc,Stock,,nasdaq_trader_symbol_directory
NYSE,AMP,"Ameriprise Financial, Inc. Common Stock",Stock,,nasdaq_trader_symbol_directory
NYSE,AMPX,"Amprius Technologies, Inc. Common Stock",Stock,,nasdaq_trader_symbol_directory
NYSE,AMPX.W,"Amprius Technologies, Inc. Warrants to purchase one share of Common Stock at an exercise price of $11.50 per share",Stock,,nasdaq_trader_symbol_directory
NYSE,AMPY,Amplify Energy Corp. Common Stock,Stock,,nasdaq_trader_symbol_directory
NYSE,AMR,"Alpha Metallurgical Resources, Inc. Common Stock",Stock,,nasdaq_trader_symbol_directory
NYSE,AMRC,"Ameresco, Inc. Class A Common Stock",Stock,,nasdaq_trader_symbol_directory
NYSE,AMRZ,Amrize Ltd Ordinary Shares,Stock,,nasdaq_trader_symbol_directory
NYSE,AMT,American Tower Corporation (REIT) Common Stock,Stock,,nasdaq_trader_symbol_directory
NYSE,AMTB,Amerant Bancorp Inc. Class A Common Stock,Stock,,nasdaq_trader_symbol_directory
NYSE,AMTD,"AMTD IDEA Group American Depositary Shares, each representing six (6) Class A Ordinary Shares",Stock,,nasdaq_trader_symbol_directory
NYSE,AMTM,"Amentum Holdings, Inc. Common Stock",Stock,,nasdaq_trader_symbol_directory
NYSE,AMWL,American Well Corporation Class A Common Stock,Stock,,nasdaq_trader_symbol_directory
NYSE,AMX,"America Movil, S.A.B. de C.V. American Depositary Shares (each representing the right to receive twenty (20) Series B Shares",Stock,,nasdaq_trader_symbol_directory
NYSE,AN,"AutoNation, Inc. Common Stock",Stock,,nasdaq_trader_symbol_directory
NYSE,ANDG,Andersen Group Inc. Class A Common Stock,Stock,,nasdaq_trader_symbol_directory
NYSE,ANET,"Arista Networks, Inc. Common Stock",Stock,,nasdaq_trader_symbol_directory
NYSE,ANF,Abercrombie & Fitch Company Common Stock,Stock,,nasdaq_trader_symbol_directory
NYSE,ANG$D,"American National Group Inc. Depositary Shares, each representing a 1/1000th interest in a share of 7.375% Fixed-Rate Non-Cumulative Preferred Stock, Series D",Stock,,nasdaq_trader_symbol_directory
NYSE,ANGX,"Angel Studios, Inc. Class A Common Stock",Stock,,nasdaq_trader_symbol_directory
NYSE,ANRO,"Alto Neuroscience, Inc. Common Stock",Stock,,nasdaq_trader_symbol_directory
NYSE,ANVS,"Annovis Bio, Inc. Common Stock",Stock,,nasdaq_trader_symbol_directory
NYSE,AOD,abrdn Total Dynamic Dividend Fund Common Shares of Beneficial Interest,Stock,,nasdaq_trader_symbol_directory
NYSE,AOMD,"Angel Oak Mortgage REIT, Inc. 9.750% Senior Notes due 2030",Stock,,nasdaq_trader_symbol_directory
NYSE,AOMN,"Angel Oak Mortgage REIT, Inc. 9.500% Senior Notes due 2029",Stock,,nasdaq_trader_symbol_directory
NYSE,AOMR,"Angel Oak Mortgage REIT, Inc. Common Stock",Stock,,nasdaq_trader_symbol_directory
NYSE,AON,Aon plc Class A Ordinary Shares (Ireland),Stock,,nasdaq_trader_symbol_directory
NYSE,AORT,"Artivion, Inc. Common Stock",Stock,,nasdaq_trader_symbol_directory
NYSE,AOS,A.O. Smith Corporation Common Stock,Stock,,nasdaq_trader_symbol_directory
NYSE,AP,Ampco-Pittsburgh Corporation Common Stock,Stock,,nasdaq_trader_symbol_directory
NYSE,APAM,Artisan Partners Asset Management Inc. Class A Common Stock,Stock,,nasdaq_trader_symbol_directory
NYSE,APD,"Air Products and Chemicals, Inc. Common Stock",Stock,,nasdaq_trader_symbol_directory
NYSE,APG,APi Group Corporation Common Stock,Stock,,nasdaq_trader_symbol_directory
NYSE,APH,Amphenol Corporation Common Stock,Stock,,nasdaq_trader_symbol_directory
NYSE,APLE,"Apple Hospitality REIT, Inc. Common Shares",Stock,,nasdaq_trader_symbol_directory
NYSE,APO,"Apollo Global Management, Inc. (New) Common Stock",Stock,,nasdaq_trader_symbol_directory
NYSE,APO$A,"Apollo Global Management, Inc. 6.75% Series A Mandatory Convertible Preferred Stock",Stock,,nasdaq_trader_symbol_directory
NYSE,APOS,"Apollo Global Management, Inc. 7.625% Fixed-Rate Resettable Junior Subordinated Notes due 2053",Stock,,nasdaq_trader_symbol_directory
NYSE,APTV,Aptiv PLC Ordinary Shares,Stock,,nasdaq_trader_symbol_directory
NYSE,AQN,Algonquin Power & Utilities Corp. Common Shares,Stock,,nasdaq_trader_symbol_directory
NYSE,AQNB,"Algonquin Power & Utilities Corp. 6.20% Fixed-to-Floating Subordinated Notes Series 2019-A due July 1, 2079",Stock,,nasdaq_trader_symbol_directory
NYSE,AR,Antero Resources Corporation Common Stock,Stock,,nasdaq_trader_symbol_directory
NYSE,ARCO,Arcos Dorados Holdings Inc. Class A Shares,Stock,,nasdaq_trader_symbol_directory
NYSE,ARDC,"Ares Dynamic Credit Allocation Fund, Inc. Common Shares",Stock,,nasdaq_trader_symbol_directory
NYSE,ARDT,"Ardent Health, Inc. Common Stock",Stock,,nasdaq_trader_symbol_directory
NYSE,ARE,"Alexandria Real Estate Equities, Inc. Common Stock",Stock,,nasdaq_trader_symbol_directory
NYSE,ARES,Ares Management Corporation Class A Common Stock,Stock,,nasdaq_trader_symbol_directory
NYSE,ARES$B,Ares Management Corporation 6.75% Series B Mandatory Convertible Preferred Stock,Stock,,nasdaq_trader_symbol_directory
NYSE,ARI,"Apollo Commercial Real Estate Finance, Inc",Stock,,nasdaq_trader_symbol_directory
NYSE,ARIS,Aris Mining Corporation Common Shares,Stock,,nasdaq_trader_symbol_directory
NYSE,ARL,"American Realty Investors, Inc. Common Stock",Stock,,nasdaq_trader_symbol_directory
NYSE,ARLO,"Arlo Technologies, Inc. Common Stock",Stock,,nasdaq_trader_symbol_directory
NYSE,ARMK,Aramark Common Stock,Stock,,nasdaq_trader_symbol_directory
NYSE,AROC,"Archrock, Inc. Common Stock",Stock,,nasdaq_trader_symbol_directory
NYSE,ARR,"ARMOUR Residential REIT, Inc.",Stock,,nasdaq_trader_symbol_directory
NYSE,ARR$C,"ARMOUR Residential REIT, Inc. 7% Series C Cumulative Redeemable Preferred Stock (liquidation preference $25.00 per share)",Stock,,nasdaq_trader_symbol_directory
NYSE,ARW,"Arrow Electronics, Inc. Common Stock",Stock,,nasdaq_trader_symbol_directory
NYSE,ARX,Accelerant Holdings Class A Common Shares,Stock,,nasdaq_trader_symbol_directory
NYSE,AS,"Amer Sports, Inc. Ordinary Shares",Stock,,nasdaq_trader_symbol_directory
NYSE,ASA,ASA Gold and Precious Metals Limited,Stock,,nasdaq_trader_symbol_directory
NYSE,ASAN,"Asana, Inc. Class A Common Stock",Stock,,nasdaq_trader_symbol_directory
NYSE,ASB,Associated Banc-Corp Common Stock,Stock,,nasdaq_trader_symbol_directory
NYSE,ASB$E,"Associated Banc-Corp Depositary Shares, each representing a 1/40th interest in a share of 5.875% Non-Cumulative Perpetual Preferred Stock, Series E",Stock,,nasdaq_trader_symbol_directory
NYSE,ASB$F,"Associated Banc-Corp Depositary Shares, each representing a 1/40th interest in a share of Associated Banc-Corp 5.625% Non-Cumulative Perpetual Preferred Stock, Series F",Stock,,nasdaq_trader_symbol_directory
NYSE,ASBA,Associated Banc-Corp 6.625% Fixed-Rate Reset Subordinated Notes due 2033,Stock,,nasdaq_trader_symbol_directory
NYSE,ASC,Ardmore Shipping Corporation Common Stock,Stock,,nasdaq_trader_symbol_directory
NYSE,ASG,"Liberty All-Star Growth Fund, Inc.",Stock,,nasdaq_trader_symbol_directory
NYSE,ASGI,abrdn Global Infrastructure Income Fund Common Shares of Beneficial Interest,Stock,,nasdaq_trader_symbol_directory
NYSE,ASH,Ashland Inc. Common Stock,Stock,,nasdaq_trader_symbol_directory
NYSE,ASIC,Ategrity Specialty Insurance Company Holdings Common Stock,Stock,,nasdaq_trader_symbol_directory
NYSE,ASIX,AdvanSix Inc. Common Stock,Stock,,nasdaq_trader_symbol_directory
NYSE,ASPN,"Aspen Aerogels, Inc. Common Stock",Stock,,nasdaq_trader_symbol_directory
NYSE,ASR,"Grupo Aeroportuario del Sureste, S.A. de C.V. Common Stock",Stock,,nasdaq_trader_symbol_directory
NYSE,ASX,"ASE Technology Holding Co., Ltd. American Depositary Shares (each representing Two Common Shares)",Stock,,nasdaq_trader_symbol_directory
NYSE,ATEN,"A10 Networks, Inc. Common Stock",Stock,,nasdaq_trader_symbol_directory
NYSE,ATH$A,"Athene Holding Ltd. Depositary Shares, Each Representing a 1/1,000th Interest in a 6.35% Fixed-to-Floating Rate Perpetual Non-Cumulative Preference Share, Series A",Stock,,nasdaq_trader_symbol_directory
NYSE,ATH$B,"Athene Holding Ltd. Depositary Shares, Each Representing a 1/1,000th Interest in a 5.625% Fixed Rate Perpetual Non- Cumulative Preference Share, Series B, par value $1.00 per share",Stock,,nasdaq_trader_symbol_directory
NYSE,ATH$D,"Athene Holding Ltd. Depositary Shares, Each Representing a 1/1,000th Interest in a 4.875% Fixed-Rate Perpetual Non-Cumulative Preference Share, Series D",Stock,,nasdaq_trader_symbol_directory
NYSE,ATH$E,"Athene Holding Ltd. Depositary Shares, Each Representing a 1/1,000th Interest in a 7.750% Fixed-Rate Reset Perpetual Non-Cumulative Preference Share, Series E",Stock,,nasdaq_trader_symbol_directory
NYSE,ATHM,"Autohome Inc. American Depositary Shares, each representing four class A ordinary shares.",Stock,,nasdaq_trader_symbol_directory
NYSE,ATHS,Athene Holding Ltd. 7.250% Fixed-Rate Reset Junior Subordinated Debentures due 2064,Stock,,nasdaq_trader_symbol_directory
NYSE,ATI,ATI Inc. Common Stock,Stock,,nasdaq_trader_symbol_directory
NYSE,ATKR,Atkore Inc. Common Stock,Stock,,nasdaq_trader_symbol_directory
NYSE,ATMU,Atmus Filtration Technologies Inc. Common Stock,Stock,,nasdaq_trader_symbol_directory
NYSE,ATO,Atmos Energy Corporation Common Stock,Stock,,nasdaq_trader_symbol_directory
NYSE,ATR,"AptarGroup, Inc. Common Stock",Stock,,nasdaq_trader_symbol_directory
NYSE,ATS,ATS Corporation Common Shares,Stock,,nasdaq_trader_symbol_directory
NYSE,AU,AngloGold Ashanti PLC Ordinary Shares,Stock,,nasdaq_trader_symbol_directory
NYSE,AUB,Atlantic Union Bankshares Corporation Common Stock,Stock,,nasdaq_trader_symbol_directory
NYSE,AUB$A,"Atlantic Union Bankshares Corporation Depositary Shares each representing a 1/400th ownership interest in a share of 6.875% Perpetual Non-Cumulative Preferred Stock, Series A",Stock,,nasdaq_trader_symbol_directory
NYSE,AUNA,Auna SA Class A Ordinary Shares,Stock,,nasdaq_trader_symbol_directory
NYSE,AVA,Avista Corporation Common Stock,Stock,,nasdaq_trader_symbol_directory
NYSE,AVAL,Grupo Aval Acciones y Valores S.A. ADR (Each representing 20 preferred shares),Stock,,nasdaq_trader_symbol_directory
NYSE,AVB,"AvalonBay Communities, Inc. Common Stock",Stock,,nasdaq_trader_symbol_directory
NYSE,AVBC,"Avidia Bancorp, Inc. Common Stock",Stock,,nasdaq_trader_symbol_directory
NYSE,AVD,American Vanguard Corporation Common Stock ($0.10 Par Value),Stock,,nasdaq_trader_symbol_directory
NYSE,AVEX,AEVEX Corp. Class A Common Stock,Stock,,nasdaq_trader_symbol_directory
NYSE,AVK,Advent Convertible and Income Fund,Stock,,nasdaq_trader_symbol_directory
NYSE,AVNS,"Avanos Medical, Inc. Common Stock",Stock,,nasdaq_trader_symbol_directory
NYSE,AVNT,Avient Corporation Common Stock,Stock,,nasdaq_trader_symbol_directory
NYSE,AVTR,"Avantor, Inc. Common Stock",Stock,,nasdaq_trader_symbol_directory
NYSE,AVY,Avery Dennison Corporation Common Stock,Stock,,nasdaq_trader_symbol_directory
NYSE,AWF,Alliancebernstein Global High Income Fund,Stock,,nasdaq_trader_symbol_directory
NYSE,AWI,Armstrong World Industries Inc Common Stock,Stock,,nasdaq_trader_symbol_directory
NYSE,AWK,"American Water Works Company, Inc. Common Stock",Stock,,nasdaq_trader_symbol_directory
NYSE,AWP,abrdn Global Premier Properties Fund Common Shares of Beneficial Interest,Stock,,nasdaq_trader_symbol_directory
NYSE,AWR,American States Water Company Common Stock,Stock,,nasdaq_trader_symbol_directory
NYSE,AX,"Axos Financial, Inc. Common Stock",Stock,,nasdaq_trader_symbol_directory
NYSE,AXIA,AXIA Energia American Depositary Shares (Each representing one Common Share),Stock,,nasdaq_trader_symbol_directory
NYSE,AXIA$C,"AXIA Energia American Depositary Shares, each representing one Preferred Class C Share",Stock,,nasdaq_trader_symbol_directory
NYSE,AXP,American Express Company Common Stock,Stock,,nasdaq_trader_symbol_directory
NYSE,AXR,AMREP Corporation Common Stock,Stock,,nasdaq_trader_symbol_directory
NYSE,AXS,Axis Capital Holdings Limited Common Stock,Stock,,nasdaq_trader_symbol_directory
NYSE,AXS$E,"Axis Capital Holdings Limited Depositary Shares, each representing 1/100th interest in a share of a 5.50% Series E Preferred Shares",Stock,,nasdaq_trader_symbol_directory
NYSE,AXTA,Axalta Coating Systems Ltd. Common Shares,Stock,,nasdaq_trader_symbol_directory
NYSE,AYI,Acuity Inc. Common Stock,Stock,,nasdaq_trader_symbol_directory
NYSE,AZN,AstraZeneca PLC Ordinary Shares,Stock,,nasdaq_trader_symbol_directory
NYSE,AZO,"AutoZone, Inc. Common Stock",Stock,,nasdaq_trader_symbol_directory
NYSE,AZZ,AZZ Inc.,Stock,,nasdaq_trader_symbol_directory
NYSE,B,Barrick Mining Corporation Common Shares,Stock,,nasdaq_trader_symbol_directory
NYSE,BA,Boeing Company (The) Common Stock,Stock,,nasdaq_trader_symbol_directory
NYSE,BA$A,"Boeing Company (The) Depositary Shares, each representing a 1/20th interest in a share of 6.00% Series A Mandatory Convertible Preferred Stock, par value $1.00",Stock,,nasdaq_trader_symbol_directory
NYSE,BABA,Alibaba Group Holding Limited American Depositary Shares each representing eight Ordinary share,Stock,,nasdaq_trader_symbol_directory
NYSE,BAC,Bank of America Corporation Common Stock,Stock,,nasdaq_trader_symbol_directory
NYSE,BAC$B,"Bank of America Corporation Depositary Shares, each representing a 1/1,000th interest in a share of 6.000% Non-Cumulative Preferred Stock, Series GG",Stock,,nasdaq_trader_symbol_directory
NYSE,BAC$E,Bank of America Corporation Depositary Sh repstg 1/1000th Perp Pfd Ser E,Stock,,nasdaq_trader_symbol_directory
NYSE,BAC$K,"Bank of America Corporation Depositary Shares, each representing a 1/1,000th interest in a share of 5.875% Non- Cumulative Preferred Stock, Series HH",Stock,,nasdaq_trader_symbol_directory
NYSE,BAC$L,Bank of America Corporation Non Cumulative Perpetual Conv Pfd Ser L,Stock,,nasdaq_trader_symbol_directory
NYSE,BAC$M,"Bank of America Corporation Depositary Shares, each representing a 1/1,000th interest in a share of 5.375% Non-Cumulative Preferred Stock, Series KK",Stock,,nasdaq_trader_symbol_directory
NYSE,BAC$N,"Bank of America Corporation Depositary shares, each representing 1/1,000th interest in a share of 5.000% Non-Cumulative Preferred Stock, Series LL",Stock,,nasdaq_trader_symbol_directory
NYSE,BAC$O,"Bank of America Corporation Depositary shares, each representing 1/1,000th interest in a share of 4.375% Non-Cumulative Preferred Stock, Series NN",Stock,,nasdaq_trader_symbol_directory
NYSE,BAC$P,"Bank of America Corporation Depositary Shares, each representing a 1/1,000th interest in a share of 4.125% Non-Cumulative Preferred Stock, Series PP",Stock,,nasdaq_trader_symbol_directory
NYSE,BAC$Q,"Bank of America Corporation Depositary shares, each representing 1/1,000th interest in a share of 4.250% Non-Cumulative Preferred Stock, Series QQ",Stock,,nasdaq_trader_symbol_directory
NYSE,BAC$S,"Bank of America Corporation Depositary shares, each representing 1/1,000th interest in a share of 4.750% Non-Cumulative Preferred Stock, Series SS",Stock,,nasdaq_trader_symbol_directory
NYSE,BAH,Booz Allen Hamilton Holding Corporation Common Stock,Stock,,nasdaq_trader_symbol_directory
NYSE,BAK,Braskem SA ADR,Stock,,nasdaq_trader_symbol_directory
NYSE,BALL,Ball Corporation Common Stock,Stock,,nasdaq_trader_symbol_directory
NYSE,BALY,Bally's Corporation Common Stock,Stock,,nasdaq_trader_symbol_directory
NYSE,BAM,Brookfield Asset Management Inc Class A Limited Voting Shares,Stock,,nasdaq_trader_symbol_directory
NYSE,BANC,"Banc of California, Inc. Common Stock",Stock,,nasdaq_trader_symbol_directory
NYSE,BANC$F,"Banc of California, Inc. Depositary Shares, each representing a 1/40th interest in a share of 7.75% non-cumulative perpetual preferred stock, Series F",Stock,,nasdaq_trader_symbol_directory
NYSE,BAP,Credicorp Ltd. Common Stock,Stock,,nasdaq_trader_symbol_directory
NYSE,BARK,"BARK, Inc. Class A Common Stock",Stock,,nasdaq_trader_symbol_directory
NYSE,BAX,Baxter International Inc. Common Stock,Stock,,nasdaq_trader_symbol_directory
NYSE,BB,BlackBerry Limited Common Stock,Stock,,nasdaq_trader_symbol_directory
NYSE,BBAI,"BigBear.ai, Inc. Common Stock",Stock,,nasdaq_trader_symbol_directory
NYSE,BBAI.W,"BigBear.ai, Inc. Redeemable Warrants, each exercisable for one share of Common Stock at an exercise price of $11.50 per share",Stock,,nasdaq_trader_symbol_directory
NYSE,BBAR,Banco BBVA Argentina S.A. ADS,Stock,,nasdaq_trader_symbol_directory
NYSE,BBBY,"Bed Bath & Beyond, Inc. Common Stock",Stock,,nasdaq_trader_symbol_directory
NYSE,BBBY.W,"Bed Bath & Beyond, Inc. Warrants to Purchase Common Stock",Stock,,nasdaq_trader_symbol_directory
NYSE,BBD,Banco Bradesco Sa American Depositary Shares,Stock,,nasdaq_trader_symbol_directory
NYSE,BBDC,"Barings BDC, Inc. Common Stock",Stock,,nasdaq_trader_symbol_directory
NYSE,BBDO,Banco Bradesco Sa American Depositary Shares (each representing one Common Share),Stock,,nasdaq_trader_symbol_directory
NYSE,BBN,BlackRock Taxable Municipal Bond Trust Common Shares of Beneficial Interest,Stock,,nasdaq_trader_symbol_directory
NYSE,BBT,Beacon Financial Corporation Common stock,Stock,,nasdaq_trader_symbol_directory
NYSE,BBUC,Brookfield Business Corporation Class A Subordinate Voting Shares,Stock,,nasdaq_trader_symbol_directory
NYSE,BBVA,Banco Bilbao Vizcaya Argentaria S.A. Common Stock,Stock,,nasdaq_trader_symbol_directory
NYSE,BBW,"Build-A-Bear Workshop, Inc. Common Stock",Stock,,nasdaq_trader_symbol_directory
NYSE,BBWI,"Bath & Body Works, Inc.",Stock,,nasdaq_trader_symbol_directory
NYSE,BBY,"Best Buy Co., Inc. Common Stock",Stock,,nasdaq_trader_symbol_directory
NYSE,BC,Brunswick Corporation Common Stock,Stock,,nasdaq_trader_symbol_directory
NYSE,BC$C,Brunswick Corporation 6.375% Notes due 2049,Stock,,nasdaq_trader_symbol_directory
NYSE,BCAT,BlackRock Capital Allocation Term Trust Common Shares of Beneficial Interest,Stock,,nasdaq_trader_symbol_directory
NYSE,BCC,"Boise Cascade, L.L.C. Common Stock",Stock,,nasdaq_trader_symbol_directory
NYSE,BCE,"BCE, Inc. Common Stock",Stock,,nasdaq_trader_symbol_directory
NYSE,BCEM,Baron Emerging Markets Select ETF,ETF,,nasdaq_trader_symbol_directory
NYSE,BCGD,Baron Global Durable Advantage ETF,ETF,,nasdaq_trader_symbol_directory
NYSE,BCH,Banco De Chile ADS,Stock,,nasdaq_trader_symbol_directory
NYSE,BCO,Brinks Company (The) Common Stock,Stock,,nasdaq_trader_symbol_directory
NYSE,BCS,Barclays PLC Common Stock,Stock,,nasdaq_trader_symbol_directory
NYSE,BCSF,"Bain Capital Specialty Finance, Inc. Common Stock",Stock,,nasdaq_trader_symbol_directory
NYSE,BCSM,Baron SMID Cap ETF,ETF,,nasdaq_trader_symbol_directory
NYSE,BCSS,Bain Capital GSS Investment Corp. Class A Ordinary Shares,Stock,,nasdaq_trader_symbol_directory
NYSE,BCSS.U,"Bain Capital GSS Investment Corp. Units, each consisting of one Class A Ordinary Share and one-fifth of one redeemable warrant",Stock,,nasdaq_trader_symbol_directory
NYSE,BCSS.W,"Bain Capital GSS Investment Corp. Redeemable warrants, each whole warrant exercisable for one Class A ordinary share at an exercise price of $11.50",Stock,,nasdaq_trader_symbol_directory
NYSE,BCX,BlackRock Resources Common Shares of Beneficial Interest,Stock,,nasdaq_trader_symbol_directory
NYSE,BDC,Belden Inc Common Stock,Stock,,nasdaq_trader_symbol_directory
NYSE,BDJ,Blackrock Enhanced Equity Dividend Trust,Stock,,nasdaq_trader_symbol_directory
NYSE,BDN,Brandywine Realty Trust Common Stock,Stock,,nasdaq_trader_symbol_directory
NYSE,BDX,"Becton, Dickinson and Company Common Stock",Stock,,nasdaq_trader_symbol_directory
NYSE,BE,Bloom Energy Corporation Class A Common Stock,Stock,,nasdaq_trader_symbol_directory
NYSE,BEBE,TGE Value Creative Solutions Corp Class A Ordinary Shares,Stock,,nasdaq_trader_symbol_directory
NYSE,BEBE.U,"TGE Value Creative Solutions Corp Units, each consisting of one Class A ordinary share and one-half of one redeemable warrant",Stock,,nasdaq_trader_symbol_directory
NYSE,BEBE.W,"TGE Value Creative Solutions Corp Redeemable warrants, each whole warrant exercisable for one Class A ordinary share at an exercise price of $11.50 per share",Stock,,nasdaq_trader_symbol_directory
NYSE,BEKE,KE Holdings Inc American Depositary Shares (each representing three Class A Ordinary Shares),Stock,,nasdaq_trader_symbol_directory
NYSE,BEN,"Franklin Resources, Inc. Common Stock",Stock,,nasdaq_trader_symbol_directory
NYSE,BEP,Brookfield Renewable Partners L.P. Limited Partnership Units,Stock,,nasdaq_trader_symbol_directory
NYSE,BEP$A,"Brookfield Renewable Partners L.P. 5.25% Class A Preferred Limited Partnership Units, Series 17",Stock,,nasdaq_trader_symbol_directory
NYSE,BEPC,Brookfield Renewable Corporation Brookfield Renewable Corporation Class A Subordinate Voting Shares,Stock,,nasdaq_trader_symbol_directory
NYSE,BEPH,Brookfield BRP Holdings (Canada) Inc. 4.625% Perpetual Subordinated Notes,Stock,,nasdaq_trader_symbol_directory
NYSE,BEPI,Brookfield BRP Holdings (Canada) Inc. 4.875% Perpetual Subordinated Notes,Stock,,nasdaq_trader_symbol_directory
NYSE,BEPJ,Brookfield BRP Holdings (Canada) Inc. 7.250% Perpetual Subordinated Notes,Stock,,nasdaq_trader_symbol_directory
NYSE,BETA,"Beta Technologies, Inc. Class A Common Stock",Stock,,nasdaq_trader_symbol_directory
NYSE,BF.A,Brown Forman Inc Class A Common Stock,Stock,,nasdaq_trader_symbol_directory
NYSE,BF.B,Brown Forman Inc Class B Common Stock,Stock,,nasdaq_trader_symbol_directory
NYSE,BFAM,Bright Horizons Family Solutions Inc. Common Stock,Stock,,nasdaq_trader_symbol_directory
NYSE,BFH,"Bread Financial Holdings, Inc. Common Stock",Stock,,nasdaq_trader_symbol_directory
NYSE,BFH$A,"Bread Financial Holdings, Inc. Depositary Shares, each representing a 1/40th interest in a share of 8.625% Non-Cumulative Perpetual Preferred Stock, Series A",Stock,,nasdaq_trader_symbol_directory
NYSE,BFH$B,"Bread Financial Holdings, Inc. Depositary Shares, each representing a 1/40th interest in a share of 8.875% Fixed Rate Reset Non-Cumulative Perpetual Preferred Stock, Series B",Stock,,nasdaq_trader_symbol_directory
NYSE,BFLY,"Butterfly Network, Inc. Class A Common Stock",Stock,,nasdaq_trader_symbol_directory
NYSE,BFS,"Saul Centers, Inc. Common Stock",Stock,,nasdaq_trader_symbol_directory
NYSE,BFS$D,"Saul Centers, Inc. Depositary Shares, each representing 1/100th of a share of 6.125% Series D Cumulative Redeemable Preferred Stock",Stock,,nasdaq_trader_symbol_directory
NYSE,BFS$E,"Saul Centers, Inc. Depositary shares, each representing a 1/100th fractional interest in a share of 6.000% Series E Cumulative Redeemable Preferred Stock",Stock,,nasdaq_trader_symbol_directory
NYSE,BG,Bunge Limited Common Shares,Stock,,nasdaq_trader_symbol_directory
NYSE,BGB,Blackstone Strategic Credit 2027 Term Fund Common Shares of Beneficial Interest,Stock,,nasdaq_trader_symbol_directory
NYSE,BGH,Barings Global Short Duration High Yield Fund Common Shares of Beneficial Interests,Stock,,nasdaq_trader_symbol_directory
NYSE,BGR,BlackRock Energy and Resources Trust,Stock,,nasdaq_trader_symbol_directory
NYSE,BGS,"B&G Foods, Inc. Common Stock",Stock,,nasdaq_trader_symbol_directory
NYSE,BGSF,"BGSF, Inc. Common Stock",Stock,,nasdaq_trader_symbol_directory
NYSE,BGSI,Boyd Group Services Inc. Common Shares,Stock,,nasdaq_trader_symbol_directory
NYSE,BGT,BlackRock Floating Rate Income Trust,Stock,,nasdaq_trader_symbol_directory
NYSE,BGX,Blackstone Long Short Credit Income Fund Common Shares,Stock,,nasdaq_trader_symbol_directory
NYSE,BGY,Blackrock Enhanced International Dividend Trust,Stock,,nasdaq_trader_symbol_directory
NYSE,BH,Biglari Holdings Inc. Class B Common Stock,Stock,,nasdaq_trader_symbol_directory
NYSE,BH.A,Biglari Holdings Inc. Class A Common Stock,Stock,,nasdaq_trader_symbol_directory
NYSE,BHC,Bausch Health Companies Inc. Common Stock,Stock,,nasdaq_trader_symbol_directory
NYSE,BHE,"Benchmark Electronics, Inc. Common Stock",Stock,,nasdaq_trader_symbol_directory
NYSE,BHK,Blackrock Core Bond Trust,Stock,,nasdaq_trader_symbol_directory
NYSE,BHP,BHP Group Limited American Depositary Shares (Each representing two Ordinary Shares),Stock,,nasdaq_trader_symbol_directory
NYSE,BHR,Braemar Hotels & Resorts Inc. Common Stock,Stock,,nasdaq_trader_symbol_directory
NYSE,BHR$B,"Braemar Hotels & Resorts Inc. 5.50% Series B Cumulative Convertible Preferred Stock, par value $0.01 per share",Stock,,nasdaq_trader_symbol_directory
NYSE,BHR$D,"Braemar Hotels & Resorts Inc. 8.25% Series D Cumulative Preferred Stock, par value $0.01 per share",Stock,,nasdaq_trader_symbol_directory
NYSE,BHV,BlackRock Virginia Municipal Bond Trust,Stock,,nasdaq_trader_symbol_directory
NYSE,BHVN,Biohaven Ltd. Common Shares,Stock,,nasdaq_trader_symbol_directory
NYSE,BIII,Black Spade Acquisition III Co Class A Ordinary Shares,Stock,,nasdaq_trader_symbol_directory
NYSE,BIII.U,"Black Spade Acquisition III Co Units, each consisting of one Class A ordinary share and one-third of one redeemable warrant",Stock,,nasdaq_trader_symbol_directory
NYSE,BIII.W,"Black Spade Acquisition III Co Redeemable warrants, each whole warrant exercisable for one Class A ordinary share at an exercise price of $11.50",Stock,,nasdaq_trader_symbol_directory
NYSE,BILL,"BILL Holdings, Inc. Common Stock",Stock,,nasdaq_trader_symbol_directory
NYSE,BIO,"Bio-Rad Laboratories, Inc. Class A Common Stock",Stock,,nasdaq_trader_symbol_directory
NYSE,BIO.B,"Bio-Rad Laboratories, Inc. Class B Common Stock",Stock,,nasdaq_trader_symbol_directory
NYSE,BIP,Brookfield Infrastructure Partners LP Limited Partnership Units,Stock,,nasdaq_trader_symbol_directory
NYSE,BIP$A,"Brookfield Infrastructure Partners LP 5.125% Class A Preferred Limited Partnership Units, Series 13",Stock,,nasdaq_trader_symbol_directory
NYSE,BIP$B,"Brookfield Infrastructure Partners LP 5.000% Class A Preferred Limited Partnership Units, Series 14",Stock,,nasdaq_trader_symbol_directory
NYSE,BIPC,Brookfield Infrastructure Corporation Brookfield Infrastructure Corporation,Stock,,nasdaq_trader_symbol_directory
NYSE,BIPH,Brookfield Infrastructure Corporation 5.000% Subordinated Notes due 2081,Stock,,nasdaq_trader_symbol_directory
NYSE,BIPI,BIP Bermuda Holdings I Limited 5.125% Perpetual Subordinated Notes,Stock,,nasdaq_trader_symbol_directory
NYSE,BIPJ,Brookfield Infrastructure Corporation 7.250% Subordinated Notes due 2084,Stock,,nasdaq_trader_symbol_directory
NYSE,BIRK,Birkenstock Holding plc Ordinary Shares,Stock,,nasdaq_trader_symbol_directory
NYSE,BIT,BlackRock Multi-Sector Income Trust Common Shares of Beneficial Interest,Stock,,nasdaq_trader_symbol_directory
NYSE,BJ,"BJ's Wholesale Club Holdings, Inc. Common Stock",Stock,,nasdaq_trader_symbol_directory
NYSE,BKD,Brookdale Senior Living Inc. Common Stock,Stock,,nasdaq_trader_symbol_directory
NYSE,BKE,"Buckle, Inc. (The) Common Stock",Stock,,nasdaq_trader_symbol_directory
NYSE,BKH,Black Hills Corporation Common Stock,Stock,,nasdaq_trader_symbol_directory
NYSE,BKKT,"Bakkt, Inc. Class A Common Stock",Stock,,nasdaq_trader_symbol_directory
NYSE,BKKT.W,"Bakkt, Inc. Warrants to purchase Class A Common Stock, each Warrant entitles a holder to purchase 1/25th of a share of Class A common stock at an exercise price of $287.50 for one share",Stock,,nasdaq_trader_symbol_directory
NYSE,BKSY,BlackSky Technology Inc. Class A Common Stock,Stock,,nasdaq_trader_symbol_directory
NYSE,BKSY.W,"BlackSky Technology Inc. Redeemable Warrants, each whole Warrant exercisable for one share of Class A Common Stock",Stock,,nasdaq_trader_symbol_directory
NYSE,BKT,BlackRock Income Trust Inc. (The),Stock,,nasdaq_trader_symbol_directory
NYSE,BKU,"BankUnited, Inc. Common Stock",Stock,,nasdaq_trader_symbol_directory
NYSE,BKV,BKV Corporation Common Stock,Stock,,nasdaq_trader_symbol_directory
NYSE,BLCO,Bausch + Lomb Corporation Common Shares,Stock,,nasdaq_trader_symbol_directory
NYSE,BLD,TopBuild Corp. Common Stock,Stock,,nasdaq_trader_symbol_directory
NYSE,BLDR,"Builders FirstSource, Inc. Common Stock",Stock,,nasdaq_trader_symbol_directory
NYSE,BLK,"BlackRock, Inc. Common Stock",Stock,,nasdaq_trader_symbol_directory
NYSE,BLND,"Blend Labs, Inc. Class A Common Stock",Stock,,nasdaq_trader_symbol_directory
NYSE,BLSH,Bullish Ordinary Shares,Stock,,nasdaq_trader_symbol_directory
NYSE,BLW,Blackrock Limited Duration Income Trust,Stock,,nasdaq_trader_symbol_directory
NYSE,BLX,"Bladex, Inc. Class E Common Stock",Stock,,nasdaq_trader_symbol_directory
NYSE,BMA,Banco Macro S.A. ADR (representing Ten Class B Common Shares),Stock,,nasdaq_trader_symbol_directory
NYSE,BME,Blackrock Health Sciences Trust,Stock,,nasdaq_trader_symbol_directory
NYSE,BMEZ,BlackRock Health Sciences Term Trust Common Shares of Beneficial Interest,Stock,,nasdaq_trader_symbol_directory
NYSE,BMI,"Badger Meter, Inc. Common Stock",Stock,,nasdaq_trader_symbol_directory
NYSE,BML$G,"Bank of America Corporation Depositary Shares (Each representing a 1/1200th interest in a share of Floating Rate Non-Cumulative Preferred Stock , Series 1)",Stock,,nasdaq_trader_symbol_directory
NYSE,BML$H,"Bank of America Corporation Depositary Shares (Each representing a 1/1200th interest in a Share of Floating Rate Non-Cumulative Preferred Stock, Series 2)",Stock,,nasdaq_trader_symbol_directory
NYSE,BML$J,"Bank of America Corporation Depositary Shares (Each representing a 1/1200th interest in a Share of Floating Rate Non-Cumulative Preferred Stock, Series 4)",Stock,,nasdaq_trader_symbol_directory
NYSE,BML$L,"Bank of America Corporation Depositary Shares (Each representing a 1/1200th Interest in a Share of Floating Rate Non-Cumulative Preferred Stock, Series 5)",Stock,,nasdaq_trader_symbol_directory
NYSE,BMN,BlackRock 2037 Municipal Target Term Trust Common Shares of Beneficial Interest,Stock,,nasdaq_trader_symbol_directory
NYSE,BMNP,"BitMine Immersion Technologies, Inc. 9.5% Series A Perpetual Preferred Stock",Stock,,nasdaq_trader_symbol_directory
NYSE,BMNR,"BitMine Immersion Technologies, Inc. Common Stock",Stock,,nasdaq_trader_symbol_directory
NYSE,BMO,Bank Of Montreal Common Stock,Stock,,nasdaq_trader_symbol_directory
NYSE,BMY,Bristol-Myers Squibb Company Common Stock,Stock,,nasdaq_trader_symbol_directory
NYSE,BN,Brookfield Corporation Class A Limited Voting Shares,Stock,,nasdaq_trader_symbol_directory
NYSE,BNED,"Barnes & Noble Education, Inc Common Stock",Stock,,nasdaq_trader_symbol_directory
NYSE,BNH,"Brookfield Finance Inc. 4.625% Subordinated Notes due October 16, 2080",Stock,,nasdaq_trader_symbol_directory
NYSE,BNJ,Brookfield Finance Inc. 4.50% Perpetual Subordinated Notes,Stock,,nasdaq_trader_symbol_directory
NYSE,BNL,"Broadstone Net Lease, Inc. Common Stock",Stock,,nasdaq_trader_symbol_directory
NYSE,BNS,Bank Nova Scotia Halifax Pfd 3 Ordinary Shares,Stock,,nasdaq_trader_symbol_directory
NYSE,BNT,Brookfield Wealth Solutions Ltd. Class A Exchangeable Limited Voting Shares,Stock,,nasdaq_trader_symbol_directory
NYSE,BNY,The Bank of New York Mellon Corporation Common Stock,Stock,,nasdaq_trader_symbol_directory
NYSE,BNY$K,"The Bank Of New York Mellon Corporation Depositary Shares, each representing a 1/4,000th interest in a share of Series K Noncumulative Perpetual Preferred Stock",Stock,,nasdaq_trader_symbol_directory
NYSE,BOBS,"Bob's Discount Furniture, Inc. Common Stock",Stock,,nasdaq_trader_symbol_directory
NYSE,BOC,Boston Omaha Corporation Class A Common Stock,Stock,,nasdaq_trader_symbol_directory
NYSE,BOE,Blackrock Enhanced Global Dividend Trust Common Shares of Beneficial Interest,Stock,,nasdaq_trader_symbol_directory
NYSE,BOH,Bank of Hawaii Corporation Common Stock,Stock,,nasdaq_trader_symbol_directory
NYSE,BOH$A,"Bank of Hawaii Corporation Depositary Shares Each Representing a 1/40th Interest in a Share of 4.375% Fixed Rate Non-Cumulative Perpetual Preferred Stock, Series A",Stock,,nasdaq_trader_symbol_directory
NYSE,BOH$B,"Bank of Hawaii Corporation Depositary Shares, Each Representing a 1/40th Interest in a Share of 8.000% Fixed Rate Non-Cumulative Perpetual Preferred Stock, Series B",Stock,,nasdaq_trader_symbol_directory
NYSE,BOND,PIMCO Active Bond Exchange-Traded Fund Exchange-Traded Fund,ETF,,nasdaq_trader_symbol_directory
NYSE,BOOT,"Boot Barn Holdings, Inc. Common Stock",Stock,,nasdaq_trader_symbol_directory
NYSE,BORR,Borr Drilling Limited Common Shares,Stock,,nasdaq_trader_symbol_directory
NYSE,BOW,Bowhead Specialty Holdings Inc. Common Stock,Stock,,nasdaq_trader_symbol_directory
NYSE,BOX,"Box, Inc. Class A Common Stock",Stock,,nasdaq_trader_symbol_directory
NYSE,BP,BP p.l.c. Common Stock,Stock,,nasdaq_trader_symbol_directory
NYSE,BPRE,Bluerock Private Real Estate Fund Common Shares of Beneficial Interest,Stock,,nasdaq_trader_symbol_directory
NYSE,BR,"Broadridge Financial Solutions, Inc. Common Stock",Stock,,nasdaq_trader_symbol_directory
NYSE,BRBR,"BellRing Brands, Inc. Common Stock",Stock,,nasdaq_trader_symbol_directory
NYSE,BRC,Brady Corporation Common Stock,Stock,,nasdaq_trader_symbol_directory
NYSE,BRCC,BRC Inc. Class A Common Stock,Stock,,nasdaq_trader_symbol_directory
NYSE,BRCE,MFS Blended Research Core Equity ETF,ETF,,nasdaq_trader_symbol_directory
NYSE,BREE,MFS Blended Research Emerging Markets Equity ETF,ETF,,nasdaq_trader_symbol_directory
NYSE,BRIE,MFS Blended Research International Equity ETF,ETF,,nasdaq_trader_symbol_directory
NYSE,BRK.A,Berkshire Hathaway Inc. Common Stock,Stock,,nasdaq_trader_symbol_directory
NYSE,BRK.B,Berkshire Hathaway Inc. New Common Stock,Stock,,nasdaq_trader_symbol_directory
NYSE,BRO,"Brown & Brown, Inc. Common Stock",Stock,,nasdaq_trader_symbol_directory
NYSE,BROL,Baron Risk Optimized Large Cap ETF,ETF,,nasdaq_trader_symbol_directory
NYSE,BROS,Dutch Bros Inc. Class A Common Stock,Stock,,nasdaq_trader_symbol_directory
NYSE,BRSL,"Brightstar Lottery PLC Trading under the Legal Name to begin at the market open on July 21, 2025. Ordinary Shares",Stock,,nasdaq_trader_symbol_directory
NYSE,BRSP,"BrightSpire Capital, Inc. Class A Common Stock",Stock,,nasdaq_trader_symbol_directory
NYSE,BRT,BRT Apartments Corp. (MD) Common Stock,Stock,,nasdaq_trader_symbol_directory
NYSE,BRW,Saba Capital Income & Opportunities Fund SBI,Stock,,nasdaq_trader_symbol_directory
NYSE,BRX,Brixmor Property Group Inc. Common Stock,Stock,,nasdaq_trader_symbol_directory
NYSE,BSAC,Banco Santander - Chile ADS,Stock,,nasdaq_trader_symbol_directory
NYSE,BSBR,"Banco Santander Brasil SA American Depositary Shares, each representing one unit",Stock,,nasdaq_trader_symbol_directory
NYSE,BSL,Blackstone Senior Floating Rate 2027 Term Fund Common Shares of Beneficial Interest,Stock,,nasdaq_trader_symbol_directory
NYSE,BSM,"Black Stone Minerals, L.P. Common units representing limited partner interests",Stock,,nasdaq_trader_symbol_directory
NYSE,BST,BlackRock Science and Technology Trust Common Shares of Beneficial Interest,Stock,,nasdaq_trader_symbol_directory
NYSE,BSTZ,BlackRock Science and Technology Term Trust Common Shares of Beneficial Interest,Stock,,nasdaq_trader_symbol_directory
NYSE,BSX,Boston Scientific Corporation Common Stock,Stock,,nasdaq_trader_symbol_directory
NYSE,BTE,Baytex Energy Corp Common Shares,Stock,,nasdaq_trader_symbol_directory
NYSE,BTGO,"BitGo Holdings, Inc. Class A Common Stock",Stock,,nasdaq_trader_symbol_directory
NYSE,BTI,"British American Tobacco Industries, p.l.c. Common Stock ADR",Stock,,nasdaq_trader_symbol_directory
NYSE,BTO,John Hancock Financial Opportunities Fund Common Stock,Stock,,nasdaq_trader_symbol_directory
NYSE,BTT,BlackRock Municipal 2030 Target Term Trust,Stock,,nasdaq_trader_symbol_directory
NYSE,BTU,Peabody Energy Corporation Common Stock,Stock,,nasdaq_trader_symbol_directory
NYSE,BTX,BlackRock Technology and Private Equity Term Trust Common Shares of Beneficial Interest,Stock,,nasdaq_trader_symbol_directory
NYSE,BTZ,BlackRock Credit Allocation Income Trust,Stock,,nasdaq_trader_symbol_directory
NYSE,BUD,Anheuser-Busch Inbev SA Sponsored ADR (Belgium),Stock,,nasdaq_trader_symbol_directory
NYSE,BUI,"BlackRock Utility, Infrastructure & Power Opportunities Trust",Stock,,nasdaq_trader_symbol_directory
NYSE,BUR,Burford Capital Limited Ordinary Shares,Stock,,nasdaq_trader_symbol_directory
NYSE,BURL,"Burlington Stores, Inc. Common Stock",Stock,,nasdaq_trader_symbol_directory
NYSE,BUXX,Strive Enhanced Income Short Maturity ETF,ETF,,nasdaq_trader_symbol_directory
NYSE,BV,"BrightView Holdings, Inc. Common Stock",Stock,,nasdaq_trader_symbol_directory
NYSE,BVN,Buenaventura Mining Company Inc.,Stock,,nasdaq_trader_symbol_directory
NYSE,BW,"Babcock & Wilcox Enterprises, Inc. Common Stock",Stock,,nasdaq_trader_symbol_directory
NYSE,BW$A,"Babcock & Wilcox Enterprises, Inc. 7.75% Series A Cumulative Perpetual Preferred Stock",Stock,,nasdaq_trader_symbol_directory
NYSE,BWA,BorgWarner Inc. Common Stock,Stock,,nasdaq_trader_symbol_directory
NYSE,BWG,BrandywineGLOBAL Global Income Opportunities Fund Inc.,Stock,,nasdaq_trader_symbol_directory
NYSE,BWIV,Blue Water Acquisition Corp. IV Class A Ordinary Shares,Stock,,nasdaq_trader_symbol_directory
NYSE,BWIV.U,"Blue Water Acquisition Corp. IV Units, each consisting of one Class A ordinary share and one-half of one redeemable warrant",Stock,,nasdaq_trader_symbol_directory
NYSE,BWIV.W,Blue Water Acquisition Corp. IV Warrants entitling the holder to purchase one Class A ordinary share at a price of $11.50 per share,Stock,,nasdaq_trader_symbol_directory
NYSE,BWLP,BW LPG Limited Common Shares,Stock,,nasdaq_trader_symbol_directory
NYSE,BWMX,"Betterware de Mexico, S.A.P.I. de C.V. Ordinary Shares",Stock,,nasdaq_trader_symbol_directory
NYSE,BWNB,"Babcock & Wilcox Enterprises, Inc. 6.50% Senior Notes due 2026",Stock,,nasdaq_trader_symbol_directory
NYSE,BWXT,"BWX Technologies, Inc. Common Stock",Stock,,nasdaq_trader_symbol_directory
NYSE,BX,Blackstone Inc. Common Stock,Stock,,nasdaq_trader_symbol_directory
NYSE,BXC,Bluelinx Holdings Inc. Common Stock,Stock,,nasdaq_trader_symbol_directory
NYSE,BXDC,Blackstone Digital Infrastructure Trust Inc. Common Stock,Stock,,nasdaq_trader_symbol_directory
NYSE,BXMT,"Blackstone Mortgage Trust, Inc. Common Stock",Stock,,nasdaq_trader_symbol_directory
NYSE,BXP,"BXP, Inc. Common Stock",Stock,,nasdaq_trader_symbol_directory
NYSE,BXSL,Blackstone Secured Lending Fund Common Shares of Beneficial Interest,Stock,,nasdaq_trader_symbol_directory
NYSE,BY,"Byline Bancorp, Inc. Common Stock",Stock,,nasdaq_trader_symbol_directory
NYSE,BYD,Boyd Gaming Corporation Common Stock,Stock,,nasdaq_trader_symbol_directory
NYSE,BZH,"Beazer Homes USA, Inc. Common Stock",Stock,,nasdaq_trader_symbol_directory
NYSE,C,"Citigroup, Inc. Common Stock",Stock,,nasdaq_trader_symbol_directory
NYSE,C$N,Citigroup Capital XIII 7.875% Fixed rate Floating Rate trust Preferred Securities (TruPS),Stock,,nasdaq_trader_symbol_directory
NYSE,C$R,"Citigroup Inc. Depositary Shares, Each Representing a 1/1,000th Interest in a Share of 6.250% Noncumulative Preferred Stock, Series II",Stock,,nasdaq_trader_symbol_directory
NYSE,CAAP,Corporacion America Airports SA Common Shares,Stock,,nasdaq_trader_symbol_directory
NYSE,CABO,"Cable One, Inc. Common Stock",Stock,,nasdaq_trader_symbol_directory
NYSE,CACI,"CACI International, Inc. Class A Common Stock",Stock,,nasdaq_trader_symbol_directory
NYSE,CAE,CAE Inc. Ordinary Shares,Stock,,nasdaq_trader_symbol_directory
NYSE,CAF,Morgan Stanley China A Share Fund Inc. Common Stock,Stock,,nasdaq_trader_symbol_directory
NYSE,CAG,"ConAgra Brands, Inc. Common Stock",Stock,,nasdaq_trader_symbol_directory
NYSE,CAH,"Cardinal Health, Inc. Common Stock",Stock,,nasdaq_trader_symbol_directory
NYSE,CAL,"Caleres, Inc. Common Stock",Stock,,nasdaq_trader_symbol_directory
NYSE,CALX,"Calix, Inc Common Stock",Stock,,nasdaq_trader_symbol_directory
NYSE,CALY,Callaway Golf Company Common Stock,Stock,,nasdaq_trader_symbol_directory
NYSE,CANG,Cango Inc. Class A Ordinary Shares,Stock,,nasdaq_trader_symbol_directory
NYSE,CAPL,CrossAmerica Partners LP Common Units representing limited partner interests,Stock,,nasdaq_trader_symbol_directory
NYSE,CARR,Carrier Global Corporation Common Stock,Stock,,nasdaq_trader_symbol_directory
NYSE,CARS,Cars.com Inc. Common Stock,Stock,,nasdaq_trader_symbol_directory
NYSE,CAT,"Caterpillar, Inc. Common Stock",Stock,,nasdaq_trader_symbol_directory
NYSE,CATO,Cato Corporation (The) Class A Common Stock,Stock,,nasdaq_trader_symbol_directory
NYSE,CAVA,"CAVA Group, Inc. Common Stock",Stock,,nasdaq_trader_symbol_directory
NYSE,CB,Chubb Limited Common Stock,Stock,,nasdaq_trader_symbol_directory
NYSE,CBAN,"Colony Bankcorp, Inc. Common Stock",Stock,,nasdaq_trader_symbol_directory
NYSE,CBL,"CBL & Associates Properties, Inc. Common Stock",Stock,,nasdaq_trader_symbol_directory
NYSE,CBNA,"Chain Bridge Bancorp, Inc. Class A Common Stock",Stock,,nasdaq_trader_symbol_directory
NYSE,CBO,CBO (Listing Market - NYSE - Networks A/E) Common Stock,Stock,,nasdaq_trader_symbol_directory
NYSE,CBRE,CBRE Group Inc Common Stock Class A,Stock,,nasdaq_trader_symbol_directory
NYSE,CBT,Cabot Corporation Common Stock,Stock,,nasdaq_trader_symbol_directory
NYSE,CBU,"Community Financial System, Inc. Common Stock",Stock,,nasdaq_trader_symbol_directory
NYSE,CBX,CBX (Listing Market NYSE Networks AE) Common Stock,Stock,,nasdaq_trader_symbol_directory
NYSE,CBZ,"CBIZ, Inc. Common Stock",Stock,,nasdaq_trader_symbol_directory
NYSE,CC,Chemours Company (The) Common Stock,Stock,,nasdaq_trader_symbol_directory
NYSE,CCI,Crown Castle Inc. Common Stock,Stock,,nasdaq_trader_symbol_directory
NYSE,CCID,Carlyle Credit Income Fund 7.375% Series D Term Preferred Shares due 2028,Stock,,nasdaq_trader_symbol_directory
NYSE,CCIF,Carlyle Credit Income Fund Shares of Beneficial Interest,Stock,,nasdaq_trader_symbol_directory
NYSE,CCJ,Cameco Corporation Common Stock,Stock,,nasdaq_trader_symbol_directory
NYSE,CCK,"Crown Holdings, Inc.",Stock,,nasdaq_trader_symbol_directory
NYSE,CCL,Carnival Corporation Ltd. Common Shares,Stock,,nasdaq_trader_symbol_directory
NYSE,CCM,Concord Medical Services Holdings Limited American Depositary Shares (Each represents thirty (30) Class A ordinary shares),Stock,,nasdaq_trader_symbol_directory
NYSE,CCO,"Clear Channel Outdoor Holdings, Inc. Common Stock",Stock,,nasdaq_trader_symbol_directory
NYSE,CCS,"Century Communities, Inc. Common Stock",Stock,,nasdaq_trader_symbol_directory
NYSE,CCU,"Compania Cervecerias Unidas, S.A. Common Stock",Stock,,nasdaq_trader_symbol_directory
NYSE,CCZ,Comcast Holdings ZONES,Stock,,nasdaq_trader_symbol_directory
NYSE,CDE,"Coeur Mining, Inc. Common Stock",Stock,,nasdaq_trader_symbol_directory
NYSE,CDLR,Cadeler A/S American Depositary Share (each representing four (4) Ordinary Shares),Stock,,nasdaq_trader_symbol_directory
NYSE,CDP,COPT Defense Properties Common Shares of Beneficial Interest,Stock,,nasdaq_trader_symbol_directory
NYSE,CDR$B,"Cedar Realty Trust, Inc. 7.25% Series B Cumulative Redeemable Preferred Stock",Stock,,nasdaq_trader_symbol_directory
NYSE,CDR$C,"Cedar Realty Trust, Inc. 6.50% Series C Cumulative Redeemable Preferred Stock",Stock,,nasdaq_trader_symbol_directory
NYSE,CDRE,"Cadre Holdings, Inc. Common Stock",Stock,,nasdaq_trader_symbol_directory
NYSE,CE,Celanese Corporation Common Stock,Stock,,nasdaq_trader_symbol_directory
NYSE,CEE,"The Central and Eastern Europe Fund, Inc. (The) Common Stock",Stock,,nasdaq_trader_symbol_directory
NYSE,CELG.R,Bristol-Myers Squibb Company Celegne Contingent Value Rights,Stock,,nasdaq_trader_symbol_directory
NYSE,CEPU,Central Puerto S.A. American Depositary Shares (each represents ten Common Shares),Stock,,nasdaq_trader_symbol_directory
NYSE,CF,"CF Industries Holdings, Inc. Common Stock",Stock,,nasdaq_trader_symbol_directory
NYSE,CFG,"Citizens Financial Group, Inc. Common Stock",Stock,,nasdaq_trader_symbol_directory
NYSE,CFG$E,"Citizens Financial Group, Inc. Depositary Shares Each Representing 1/40th Interest in a Share of 5.000% Fixed-Rate Non-Cumulative Perpetual Preferred Stock, Series E",Stock,,nasdaq_trader_symbol_directory
NYSE,CFG$H,"Citizens Financial Group, Inc. Depositary Shares Each Representing a 1/40th Interest in a Share of 7.375% Fixed-Rate Non-Cumulative Perpetual Preferred Stock, Series H",Stock,,nasdaq_trader_symbol_directory
NYSE,CFG$I,"Citizens Financial Group, Inc. Depositary Shares, Each Representing a 1/40th Interest in a Share of 6.500% Fixed-Rate Reset Non-Cumulative Perpetual Preferred Stock, Series I",Stock,,nasdaq_trader_symbol_directory
NYSE,CFND,C1 Fund Inc. Common Stock,Stock,,nasdaq_trader_symbol_directory
NYSE,CFR,"Cullen/Frost Bankers, Inc. Common Stock",Stock,,nasdaq_trader_symbol_directory
NYSE,CFR$B,"Cullen/Frost Bankers, Inc. Depositary Shares, each representing a 1/40th ownership interest in a share of 4.450% non-cumulative perpetual preferred stock, Series B",Stock,,nasdaq_trader_symbol_directory
NYSE,CFTR$A,"Cantor Fitzgerald Income Trust, Inc. 9.50% Series A Cumulative Redeemable Preferred Stock",Stock,,nasdaq_trader_symbol_directory
NYSE,CGAU,Centerra Gold Inc. Common Shares,Stock,,nasdaq_trader_symbol_directory
NYSE,CGV,Conductor Global Equity Value ETF,ETF,,nasdaq_trader_symbol_directory
NYSE,CHCT,Community Healthcare Trust Incorporated Common Stock,Stock,,nasdaq_trader_symbol_directory
NYSE,CHD,"Church & Dwight Company, Inc. Common Stock",Stock,,nasdaq_trader_symbol_directory
NYSE,CHE,Chemed Corp,Stock,,nasdaq_trader_symbol_directory
NYSE,CHGG,"Chegg, Inc. Common Stock",Stock,,nasdaq_trader_symbol_directory
NYSE,CHH,"Choice Hotels International, Inc. Common Stock",Stock,,nasdaq_trader_symbol_directory
NYSE,CHMI,Cherry Hill Mortgage Investment Corporation Common Stock,Stock,,nasdaq_trader_symbol_directory
NYSE,CHMI$A,Cherry Hill Mortgage Investment Corporation 8.20% Series A Cumulative Redeemable Preferred Stock,Stock,,nasdaq_trader_symbol_directory
NYSE,CHMI$B,Cherry Hill Mortgage Investment Corporation 8.250% Series B Fixed-to-Floating Rate Cumulative Redeemable Preferred Stock,Stock,,nasdaq_trader_symbol_directory
NYSE,CHPT,"ChargePoint Holdings, Inc. Common Stock",Stock,,nasdaq_trader_symbol_directory
NYSE,CHT,"Chunghwa Telecom Co., Ltd.",Stock,,nasdaq_trader_symbol_directory
NYSE,CHWY,"Chewy, Inc. Class A Common Stock",Stock,,nasdaq_trader_symbol_directory
NYSE,CI,The Cigna Group Common Stock,Stock,,nasdaq_trader_symbol_directory
NYSE,CIA,"Citizens, Inc. Class A Common Stock ($1.00 Par)",Stock,,nasdaq_trader_symbol_directory
NYSE,CIB,Grupo Cibest S.A. American Depositary Shares each representing four Preferred Shares,Stock,,nasdaq_trader_symbol_directory
NYSE,CICB,CION Investment Corporation 7.50% Notes due 2029,Stock,,nasdaq_trader_symbol_directory
NYSE,CICC,CION Investment Corporation 7.50% Notes due 2031,Stock,,nasdaq_trader_symbol_directory
NYSE,CIEN,Ciena Corporation Common Stock,Stock,,nasdaq_trader_symbol_directory
NYSE,CIG,Comp En De Mn Cemig ADS American Depositary Shares,Stock,,nasdaq_trader_symbol_directory
NYSE,CIG.C,Comp En De Mn Cemig ADS American Depositary Receipts,Stock,,nasdaq_trader_symbol_directory
NYSE,CII,"BlackRock Enhanced Large Cap Core Fund, Inc. Common Stock",Stock,,nasdaq_trader_symbol_directory
NYSE,CIM,Chimera Investment Corporation Common Stock,Stock,,nasdaq_trader_symbol_directory
NYSE,CIM$A,Chimera Investment Corporation 8.00% Series A Cumulative Redeemable Preferred Stock,Stock,,nasdaq_trader_symbol_directory
NYSE,CIM$B,Chimera Investment Corporation 8.00% Series B Fixed-to-Floating Rate Cumulative Redeemable Preferred Stock,Stock,,nasdaq_trader_symbol_directory
NYSE,CIM$C,Chimera Investment Corporation 7.75% Series C Fixed-to-Floating Rate Cumulative Redeemable Preferred Stock,Stock,,nasdaq_trader_symbol_directory
NYSE,CIM$D,Chimera Investment Corporation 8.00% Series D Fixed-to-Floating Rate Cumulative Redeemable Preferred Stock,Stock,,nasdaq_trader_symbol_directory
NYSE,CIMN,Chimera Investment Corporation 9.000% Senior Notes due 2029,Stock,,nasdaq_trader_symbol_directory
NYSE,CIMO,Chimera Investment Corporation 9.250% Senior Notes due 2029,Stock,,nasdaq_trader_symbol_directory
NYSE,CIMP,Chimera Investment Corporation 8.875% Senior Notes due 2030,Stock,,nasdaq_trader_symbol_directory
NYSE,CINT,CI&T Inc Class A Common Shares,Stock,,nasdaq_trader_symbol_directory
NYSE,CION,CION Investment Corporation Common Stock,Stock,,nasdaq_trader_symbol_directory
NYSE,CL,Colgate-Palmolive Company Common Stock,Stock,,nasdaq_trader_symbol_directory
NYSE,CLB,Core Laboratories Inc. Common Stock,Stock,,nasdaq_trader_symbol_directory
NYSE,CLBR,Colombier Acquisition Corp. III Class A Ordinary Shares,Stock,,nasdaq_trader_symbol_directory
NYSE,CLBR.U,"Colombier Acquisition Corp. III Units, each consisting of one Class A ordinary share and one-eighth of one warrant",Stock,,nasdaq_trader_symbol_directory
NYSE,CLBR.W,"Colombier Acquisition Corp. III Warrants, each whole warrant exercisable for one Class A ordinary share at an exercise price of $11.50 per share",Stock,,nasdaq_trader_symbol_directory
NYSE,CLDT,Chatham Lodging Trust (REIT) Common Shares of Beneficial Interest,Stock,,nasdaq_trader_symbol_directory
NYSE,CLDT$A,Chatham Lodging Trust (REIT) 6.625% Series A Cumulative Redeemable Preferred Shares of Beneficial Interest,Stock,,nasdaq_trader_symbol_directory
NYSE,CLF,Cleveland-Cliffs Inc. Common Stock,Stock,,nasdaq_trader_symbol_directory
NYSE,CLH,"Clean Harbors, Inc. Common Stock",Stock,,nasdaq_trader_symbol_directory
NYSE,CLPR,Clipper Realty Inc. Common Stock,Stock,,nasdaq_trader_symbol_directory
NYSE,CLS,"Celestica, Inc. Common Stock",Stock,,nasdaq_trader_symbol_directory
NYSE,CLVT,Clarivate Plc Ordinary Shares,Stock,,nasdaq_trader_symbol_directory
NYSE,CLW,Clearwater Paper Corporation Common Stock,Stock,,nasdaq_trader_symbol_directory
NYSE,CLX,Clorox Company (The) Common Stock,Stock,,nasdaq_trader_symbol_directory
NYSE,CM,Canadian Imperial Bank of Commerce Common Stock,Stock,,nasdaq_trader_symbol_directory
NYSE,CMBT,CMB.TECH NV Ordinary Shares,Stock,,nasdaq_trader_symbol_directory
NYSE,CMC,Commercial Metals Company Common Stock,Stock,,nasdaq_trader_symbol_directory
NYSE,CMCM,"Cheetah Mobile Inc. American Depositary Shares, each representing fifty (50) Class A Ordinary Shares",Stock,,nasdaq_trader_symbol_directory
NYSE,CMDB,Costamare Bulkers Holdings Limited Common Stock,Stock,,nasdaq_trader_symbol_directory
NYSE,CMG,"Chipotle Mexican Grill, Inc. Common Stock",Stock,,nasdaq_trader_symbol_directory
NYSE,CMI,Cummins Inc. Common Stock,Stock,,nasdaq_trader_symbol_directory
NYSE,CMP,Compass Minerals Intl Inc Common Stock,Stock,,nasdaq_trader_symbol_directory
NYSE,CMRE,Costamare Inc. Common Stock $0.0001 par value,Stock,,nasdaq_trader_symbol_directory
NYSE,CMRE$B,Costamare Inc. Perpetual Preferred Stock Series B (Marshall Islands),Stock,,nasdaq_trader_symbol_directory
NYSE,CMRE$C,Costamare Inc. Perpetual Preferred Series C (Marshall Islands),Stock,,nasdaq_trader_symbol_directory
NYSE,CMRE$D,Costamare Inc. 8.75% Series D Cumulative Redeemable Perpetual Preferred Stock,Stock,,nasdaq_trader_symbol_directory
NYSE,CMS,CMS Energy Corporation Common Stock,Stock,,nasdaq_trader_symbol_directory
NYSE,CMS$B,CMS Energy Corporation Preferred Stock,Stock,,nasdaq_trader_symbol_directory
NYSE,CMS$C,"CMS Energy Corporation Depositary Shares, each representing a 1/1,000th interest in a share of 4.200% Cumulative Redeemable Perpetual Preferred Stock, Series C",Stock,,nasdaq_trader_symbol_directory
NYSE,CMSA,CMS Energy Corporation 5.625% Junior Subordinated Notes due 2078,Stock,,nasdaq_trader_symbol_directory
NYSE,CMSC,CMS Energy Corporation 5.875% Junior Subordinated Notes due 2078,Stock,,nasdaq_trader_symbol_directory
NYSE,CMSD,CMS Energy Corporation 5.875% Junior Subordinated Notes due 2079,Stock,,nasdaq_trader_symbol_directory
NYSE,CMTG,"Claros Mortgage Trust, Inc. Common Stock",Stock,,nasdaq_trader_symbol_directory
NYSE,CNA,CNA Financial Corporation Common Stock,Stock,,nasdaq_trader_symbol_directory
NYSE,CNC,Centene Corporation Common Stock,Stock,,nasdaq_trader_symbol_directory
NYSE,CNF,"CNFinance Holdings Limited American Depositary Shares, each representing two hundred (200) Ordinary Shares",Stock,,nasdaq_trader_symbol_directory
NYSE,CNH,CNH Industrial N.V. Common Shares,Stock,,nasdaq_trader_symbol_directory
NYSE,CNI,Canadian National Railway Company Common Stock,Stock,,nasdaq_trader_symbol_directory
NYSE,CNK,"Cinemark Holdings Inc Cinemark Holdings, Inc. Common Stock",Stock,,nasdaq_trader_symbol_directory
NYSE,CNM,"Core & Main, Inc. Class A Common Stock",Stock,,nasdaq_trader_symbol_directory
NYSE,CNMD,CONMED Corporation Common Stock,Stock,,nasdaq_trader_symbol_directory
NYSE,CNNE,"Cannae Holdings, Inc. Common Stock",Stock,,nasdaq_trader_symbol_directory
NYSE,CNO,"CNO Financial Group, Inc. Common Stock",Stock,,nasdaq_trader_symbol_directory
NYSE,CNO$A,"CNO Financial Group, Inc. 5.125% Subordinated Debentures due 2060",Stock,,nasdaq_trader_symbol_directory
NYSE,CNP,"CenterPoint Energy, Inc (Holding Co) Common Stock",Stock,,nasdaq_trader_symbol_directory
NYSE,CNQ,Canadian Natural Resources Limited Common Stock,Stock,,nasdaq_trader_symbol_directory
NYSE,CNR,"Core Natural Resources, Inc. Common Stock",Stock,,nasdaq_trader_symbol_directory
NYSE,CNS,Cohen & Steers Inc Common Stock,Stock,,nasdaq_trader_symbol_directory
NYSE,CNX,CNX Resources Corporation Common Stock,Stock,,nasdaq_trader_symbol_directory
NYSE,CODI,D/B/A Compass Diversified Holdings Shares of Beneficial Interest,Stock,,nasdaq_trader_symbol_directory
NYSE,CODI$A,Compass Diversified Holdings 7.250% Series A Preferred Shares representing beneficial interest in Compass Diversified Holdings,Stock,,nasdaq_trader_symbol_directory
NYSE,CODI$B,Compass Diversified Holdings 7.875% Series B Fixed-to-Floating Rate Cumulative Preferred Shares representing beneficial interests in Compass Diversified Holdings,Stock,,nasdaq_trader_symbol_directory
NYSE,CODI$C,Compass Diversified Holdings 7.875% Series C Cumulative Preferred Shares,Stock,,nasdaq_trader_symbol_directory
NYSE,COF,Capital One Financial Corporation Common Stock,Stock,,nasdaq_trader_symbol_directory
NYSE,COF$I,"Capital One Financial Corporation Depositary shares each representing a 1/40th interest in a share of Fixed Rate Non-Cumulative Perpetual Preferred Stock, Series I of the Issuer",Stock,,nasdaq_trader_symbol_directory
NYSE,COF$J,"Capital One Financial Corporation Depositary Shares, Each Representing a 1/40th Interest in a Share of Fixed Rate Non- Cumulative Perpetual Preferred Stock, Series J",Stock,,nasdaq_trader_symbol_directory
NYSE,COF$K,"Capital One Financial Corporation Depositary Shares, Each Representing a 1/40th Ownership Interest in a Share of Fixed Rate Non-Cumulative Perpetual Preferred Stock, Series K",Stock,,nasdaq_trader_symbol_directory
NYSE,COF$L,"Capital One Financial Corporation Depositary Shares, Each Representing a 1/40th Interest in a Share of Fixed Rate Non-Cumulative Perpetual Preferred Stock, Series L",Stock,,nasdaq_trader_symbol_directory
NYSE,COF$N,"Capital One Financial Corporation Depositary Shares, Each Representing a 1/40th Ownership Interest in a Share of Fixed Rate Non-Cumulative Perpetual Preferred Stock, Series N",Stock,,nasdaq_trader_symbol_directory
NYSE,COHR,Coherent Corp. Common Stock,Stock,,nasdaq_trader_symbol_directory
NYSE,COLD,"Americold Realty Trust, Inc. Common Stock",Stock,,nasdaq_trader_symbol_directory
NYSE,COMP,"Compass, Inc. Class A Common Stock",Stock,,nasdaq_trader_symbol_directory
NYSE,CON,"Concentra Group Holdings Parent, Inc. Common Stock",Stock,,nasdaq_trader_symbol_directory
NYSE,COOK,"Traeger, Inc. Common Stock",Stock,,nasdaq_trader_symbol_directory
NYSE,COP,ConocoPhillips Common Stock,Stock,,nasdaq_trader_symbol_directory
NYSE,COPL,Copley Acquisition Corp Ordinary Shares,Stock,,nasdaq_trader_symbol_directory
NYSE,COPL.U,"Copley Acquisition Corp Units, each consisting of one ordinary share and one-half warrant",Stock,,nasdaq_trader_symbol_directory
NYSE,COPL.W,"Copley Acquisition Corp Redeemable warrants, each whole warrant exercisable for one Class A ordinary share at an exercise price of $11.50",Stock,,nasdaq_trader_symbol_directory
NYSE,COR,"Cencora, Inc. Common Stock",Stock,,nasdaq_trader_symbol_directory
NYSE,COSO,"CoastalSouth Bancshares, Inc. Common Stock",Stock,,nasdaq_trader_symbol_directory
NYSE,COTY,Coty Inc. Class A Common Stock,Stock,,nasdaq_trader_symbol_directory
NYSE,COUR,"Coursera, Inc. Common Stock",Stock,,nasdaq_trader_symbol_directory
NYSE,CP,Canadian Pacific Kansas City Limited Common Shares,Stock,,nasdaq_trader_symbol_directory
NYSE,CPA,"Copa Holdings, S.A. Class A Common Stock",Stock,,nasdaq_trader_symbol_directory
NYSE,CPAC,Cementos Pacasmayo S.A.A. American Depositary Shares (Each representing five Common Shares),Stock,,nasdaq_trader_symbol_directory
NYSE,CPAI,Counterpoint Quantitative Equity ETF,ETF,,nasdaq_trader_symbol_directory
NYSE,CPAY,"Corpay, Inc. Common Stock",Stock,,nasdaq_trader_symbol_directory
NYSE,CPF,Central Pacific Financial Corp New,Stock,,nasdaq_trader_symbol_directory
NYSE,CPK,Chesapeake Utilities Corporation Common Stock,Stock,,nasdaq_trader_symbol_directory
NYSE,CPNG,"Coupang, Inc. Class A Common Stock",Stock,,nasdaq_trader_symbol_directory
NYSE,CPRI,Capri Holdings Limited Ordinary Shares,Stock,,nasdaq_trader_symbol_directory
NYSE,CPS,Cooper-Standard Holdings Inc. Common Stock,Stock,,nasdaq_trader_symbol_directory
NYSE,CPT,Camden Property Trust Common Stock,Stock,,nasdaq_trader_symbol_directory
NYSE,CQP,"Cheniere Energy Partners, LP Common Units",Stock,,nasdaq_trader_symbol_directory
NYSE,CR,Crane Company Common Stock,Stock,,nasdaq_trader_symbol_directory
NYSE,CRBD,Corebridge Financial Inc. 6.375% Junior Subordinated Notes due 2064,Stock,,nasdaq_trader_symbol_directory
NYSE,CRBG,Corebridge Financial Inc. Common Stock,Stock,,nasdaq_trader_symbol_directory
NYSE,CRC,California Resources Corporation Common Stock,Stock,,nasdaq_trader_symbol_directory
NYSE,CRCL,"Circle Internet Group, Inc. Class A Common Stock",Stock,,nasdaq_trader_symbol_directory
NYSE,CRD.A,Crawford & Company Common Stock,Stock,,nasdaq_trader_symbol_directory
NYSE,CRD.B,Crawford & Company Common Stock,Stock,,nasdaq_trader_symbol_directory
NYSE,CRGY,Crescent Energy Company Class A Common Stock,Stock,,nasdaq_trader_symbol_directory
NYSE,CRH,CRH PLC Ordinary Shares,Stock,,nasdaq_trader_symbol_directory
NYSE,CRI,"Carter's, Inc. Common Stock",Stock,,nasdaq_trader_symbol_directory
NYSE,CRK,"Comstock Resources, Inc. Common Stock",Stock,,nasdaq_trader_symbol_directory
NYSE,CRL,"Charles River Laboratories International, Inc. Common Stock",Stock,,nasdaq_trader_symbol_directory
NYSE,CRM,"Salesforce, Inc. Common Stock",Stock,,nasdaq_trader_symbol_directory
NYSE,CRS,Carpenter Technology Corporation Common Stock,Stock,,nasdaq_trader_symbol_directory
NYSE,CRT,Cross Timbers Royalty Trust Common Stock,Stock,,nasdaq_trader_symbol_directory
NYSE,CSAN,Cosan S.A. ADS,Stock,,nasdaq_trader_symbol_directory
NYSE,CSL,Carlisle Companies Incorporated Common Stock,Stock,,nasdaq_trader_symbol_directory
NYSE,CSR,D/B/A Centerspace Common Stock,Stock,,nasdaq_trader_symbol_directory
NYSE,CSTM,Constellium SE Ordinary Shares (France),Stock,,nasdaq_trader_symbol_directory
NYSE,CSV,"Carriage Services, Inc. Common Stock",Stock,,nasdaq_trader_symbol_directory
NYSE,CSW,"CSW Industrials, Inc. Common Stock",Stock,,nasdaq_trader_symbol_directory
NYSE,CTA$A,"EIDP, Inc. Preferred Stock $3.50 Series",Stock,,nasdaq_trader_symbol_directory
NYSE,CTA$B,"EIDP, Inc. Preferred Stock $4.50 Series",Stock,,nasdaq_trader_symbol_directory
NYSE,CTEST.E,NYSE Test One Common Stock,Stock,,nasdaq_trader_symbol_directory
NYSE,CTEST.G,NYSE Test One Common Stock,Stock,,nasdaq_trader_symbol_directory
NYSE,CTEST.L,NYSE Test One Common Stock,Stock,,nasdaq_trader_symbol_directory
NYSE,CTEST.O,NYSE Test One Common Stock,Stock,,nasdaq_trader_symbol_directory
NYSE,CTEST.S,NYSE Test Six Common Stock,Stock,,nasdaq_trader_symbol_directory
NYSE,CTEST.V,NYSE Test One Common Stock,Stock,,nasdaq_trader_symbol_directory
NYSE,CTEV,Claritev Corporation Class A Common Stock,Stock,,nasdaq_trader_symbol_directory
NYSE,CTGG,Qwest Corporation 6.500% Senior Notes due 2051 (denominations of $25),Stock,,nasdaq_trader_symbol_directory
NYSE,CTHH,Qwest Corporation 6.750% Senior Notes due 2052 (denominations of $25),Stock,,nasdaq_trader_symbol_directory
NYSE,CTO,"CTO Realty Growth, Inc. Common Stock",Stock,,nasdaq_trader_symbol_directory
NYSE,CTO$A,"CTO Realty Growth, Inc. 6.375% Series A Cumulative Redeemable Preferred Stock",Stock,,nasdaq_trader_symbol_directory
NYSE,CTOS,"Custom Truck One Source, Inc. Common Stock",Stock,,nasdaq_trader_symbol_directory
NYSE,CTRE,"CareTrust REIT, Inc. Common Stock",Stock,,nasdaq_trader_symbol_directory
NYSE,CTRI,"Centuri Holdings, Inc. Common Stock",Stock,,nasdaq_trader_symbol_directory
NYSE,CTS,CTS Corporation Common Stock,Stock,,nasdaq_trader_symbol_directory
NYSE,CTVA,"Corteva, Inc. Common Stock",Stock,,nasdaq_trader_symbol_directory
NYSE,CUBB,"Customers Bancorp, Inc 5.375% Subordinated Notes Due 2034",Stock,,nasdaq_trader_symbol_directory
NYSE,CUBE,CubeSmart Common Shares,Stock,,nasdaq_trader_symbol_directory
NYSE,CUBI,"Customers Bancorp, Inc Common Stock",Stock,,nasdaq_trader_symbol_directory
NYSE,CURB,Curbline Properties Corp. Common Stock,Stock,,nasdaq_trader_symbol_directory
NYSE,CURV,Torrid Holdings Inc. Common Stock,Stock,,nasdaq_trader_symbol_directory
NYSE,CUZ,Cousins Properties Incorporated Common Stock,Stock,,nasdaq_trader_symbol_directory
NYSE,CVE,Cenovus Energy Inc Common Stock,Stock,,nasdaq_trader_symbol_directory
NYSE,CVEO,Civeo Corporation (Canada) Common Shares,Stock,,nasdaq_trader_symbol_directory
NYSE,CVI,CVR Energy Inc. Common Stock,Stock,,nasdaq_trader_symbol_directory
NYSE,CVLG,"Covenant Logistics Group, Inc. Class A Common Stock",Stock,,nasdaq_trader_symbol_directory
NYSE,CVNA,Carvana Co. Class A Common Stock,Stock,,nasdaq_trader_symbol_directory
NYSE,CVS,CVS Health Corporation Common Stock,Stock,,nasdaq_trader_symbol_directory
NYSE,CVSA,Covista Inc. Common Shares,Stock,,nasdaq_trader_symbol_directory
NYSE,CVX,Chevron Corporation Common Stock,Stock,,nasdaq_trader_symbol_directory
NYSE,CW,Curtiss-Wright Corporation Common Stock,Stock,,nasdaq_trader_symbol_directory
NYSE,CWEN,"Clearway Energy, Inc. Class C Common Stock",Stock,,nasdaq_trader_symbol_directory
NYSE,CWH,"Camping World Holdings, Inc. Class A Common Stock",Stock,,nasdaq_trader_symbol_directory
NYSE,CWK,Cushman & Wakefield Ltd. Common Shares,Stock,,nasdaq_trader_symbol_directory
NYSE,CWT,California Water Service Group Common Stock,Stock,,nasdaq_trader_symbol_directory
NYSE,CX,"Cemex, S.A.B. de C.V. Sponsored ADR",Stock,,nasdaq_trader_symbol_directory
NYSE,CXM,"Sprinklr, Inc. Class A Common Stock",Stock,,nasdaq_trader_symbol_directory
NYSE,CXT,"Crane NXT, Co. Common Stock",Stock,,nasdaq_trader_symbol_directory
NYSE,CXW,"CoreCivic, Inc. Common Stock",Stock,,nasdaq_trader_symbol_directory
NYSE,CYD,China Yuchai International Limited Common Stock,Stock,,nasdaq_trader_symbol_directory
NYSE,CYH,"Community Health Systems, Inc. Common Stock",Stock,,nasdaq_trader_symbol_directory
NYSE,D,"Dominion Energy, Inc. Common Stock",Stock,,nasdaq_trader_symbol_directory
NYSE,DAC,Danaos Corporation Common Stock,Stock,,nasdaq_trader_symbol_directory
NYSE,DAL,"Delta Air Lines, Inc. Common Stock",Stock,,nasdaq_trader_symbol_directory
NYSE,DAN,Dana Incorporated Common Stock,Stock,,nasdaq_trader_symbol_directory
NYSE,DAO,"Youdao, Inc. American Depositary Shares, each representing one Class A Ordinary Share",Stock,,nasdaq_trader_symbol_directory
NYSE,DAR,Darling Ingredients Inc. Common Stock,Stock,,nasdaq_trader_symbol_directory
NYSE,DAVA,Endava plc American Depositary Shares (each representing one Class A Ordinary Share),Stock,,nasdaq_trader_symbol_directory
NYSE,DB,Deutsche Bank AG Common Stock,Stock,,nasdaq_trader_symbol_directory
NYSE,DBD,Diebold Nixdorf Incorporated Common stock,Stock,,nasdaq_trader_symbol_directory
NYSE,DBI,Designer Brands Inc. Class A Common Stock,Stock,,nasdaq_trader_symbol_directory
NYSE,DBL,DoubleLine Opportunistic Credit Fund Common Shares of Beneficial Interest,Stock,,nasdaq_trader_symbol_directory
NYSE,DBRG,"DigitalBridge Group, Inc.",Stock,,nasdaq_trader_symbol_directory
NYSE,DBRG$H,"DigitalBridge Group, Inc. 7.125% Series H",Stock,,nasdaq_trader_symbol_directory
NYSE,DBRG$I,"DigitalBridge Group, Inc. 7.15% Series I",Stock,,nasdaq_trader_symbol_directory
NYSE,DBRG$J,"DigitalBridge Group, Inc. 7.125% Series J",Stock,,nasdaq_trader_symbol_directory
NYSE,DCBG,"Dime Commercial Bancshares, Inc. 9.000% Junior Subordinated Notes",Stock,,nasdaq_trader_symbol_directory
NYSE,DCH,Dauch Corporation Common Stock,Stock,,nasdaq_trader_symbol_directory
NYSE,DCI,"Donaldson Company, Inc. Common Stock",Stock,,nasdaq_trader_symbol_directory
NYSE,DCO,Ducommun Incorporated Common Stock,Stock,,nasdaq_trader_symbol_directory
NYSE,DCOM,"Dime Commercial Bancshares, Inc. Common Stock",Stock,,nasdaq_trader_symbol_directory
NYSE,DCOM$,"Dime Commercial Bancshares, Inc. Preferred Stock, Series A",Stock,,nasdaq_trader_symbol_directory
NYSE,DD,"DuPont de Nemours, Inc. Common Stock",Stock,,nasdaq_trader_symbol_directory
NYSE,DDD,3D Systems Corporation Common Stock,Stock,,nasdaq_trader_symbol_directory
NYSE,DDL,Dingdong (Cayman) Limited American Depositary Shares (each two representing three Ordinary Shares),Stock,,nasdaq_trader_symbol_directory
NYSE,DDS,"Dillard's, Inc. Common Stock",Stock,,nasdaq_trader_symbol_directory
NYSE,DDT,Dillard's Capital Trust I,Stock,,nasdaq_trader_symbol_directory
NYSE,DE,Deere & Company Common Stock,Stock,,nasdaq_trader_symbol_directory
NYSE,DEA,"Easterly Government Properties, Inc. Common Stock",Stock,,nasdaq_trader_symbol_directory
NYSE,DEC,Diversified Energy Company Common Stock,Stock,,nasdaq_trader_symbol_directory
NYSE,DECK,Deckers Outdoor Corporation Common Stock,Stock,,nasdaq_trader_symbol_directory
NYSE,DEI,"Douglas Emmett, Inc. Common Stock",Stock,,nasdaq_trader_symbol_directory
NYSE,DELL,Dell Technologies Inc. Class C Common Stock,Stock,,nasdaq_trader_symbol_directory
NYSE,DEO,Diageo plc Common Stock,Stock,,nasdaq_trader_symbol_directory
NYSE,DFH,"Dream Finders Homes, Inc. Class A Common Stock",Stock,,nasdaq_trader_symbol_directory
NYSE,DFIN,"Donnelley Financial Solutions, Inc. Common Stock",Stock,,nasdaq_trader_symbol_directory
NYSE,DFP,Flaherty & Crumrine Dynamic Preferred and Income Fund Inc. Common Stock,Stock,,nasdaq_trader_symbol_directory
NYSE,DG,Dollar General Corporation Common Stock,Stock,,nasdaq_trader_symbol_directory
NYSE,DGAC.U,"Disciplined Growth Acquisition Corporation Units, each consisting of one Class A Ordinary Share and one Right",Stock,,nasdaq_trader_symbol_directory
NYSE,DGX,Quest Diagnostics Incorporated Common Stock,Stock,,nasdaq_trader_symbol_directory
NYSE,DHF,BNY Mellon High Yield Strategies Fund Common Stock,Stock,,nasdaq_trader_symbol_directory
NYSE,DHI,"D.R. Horton, Inc. Common Stock",Stock,,nasdaq_trader_symbol_directory
NYSE,DHR,Danaher Corporation Common Stock,Stock,,nasdaq_trader_symbol_directory
NYSE,DHT,"DHT Holdings, Inc.",Stock,,nasdaq_trader_symbol_directory
NYSE,DHX,"DHI Group, Inc. Common Stock",Stock,,nasdaq_trader_symbol_directory
NYSE,DIN,"Dine Brands Global, Inc. Common Stock",Stock,,nasdaq_trader_symbol_directory
NYSE,DINO,HF Sinclair Corporation Common Stock,Stock,,nasdaq_trader_symbol_directory
NYSE,DIS,Walt Disney Company (The) Common Stock,Stock,,nasdaq_trader_symbol_directory
NYSE,DIVY,Sound Equity Dividend Income ETF,ETF,,nasdaq_trader_symbol_directory
NYSE,DK,"Delek US Holdings, Inc. Common Stock",Stock,,nasdaq_trader_symbol_directory
NYSE,DKL,"Delek Logistics Partners, L.P. Common Units representing Limited Partner Interests",Stock,,nasdaq_trader_symbol_directory
NYSE,DKS,Dick's Sporting Goods Inc Common Stock,Stock,,nasdaq_trader_symbol_directory
NYSE,DLB,Dolby Laboratories Common Stock,Stock,,nasdaq_trader_symbol_directory
NYSE,DLNG,Dynagas LNG Partners LP Common Units,Stock,,nasdaq_trader_symbol_directory
NYSE,DLNG$A,Dynagas LNG Partners LP 9.00% Series A Cumulative Redeemable Preferred Units,Stock,,nasdaq_trader_symbol_directory
NYSE,DLR,"Digital Realty Trust, Inc. Common Stock",Stock,,nasdaq_trader_symbol_directory
NYSE,DLR$J,"Digital Realty Trust, Inc. 5.250% Series J Cumulative Redeemable Preferred Stock",Stock,,nasdaq_trader_symbol_directory
NYSE,DLR$K,"Digital Realty Trust, Inc. 5.850% Series K Cumulative Redeemable Preferred Stock, par value $0.01 per share",Stock,,nasdaq_trader_symbol_directory
NYSE,DLR$L,"Digital Realty Trust, Inc. 5.200% Series L Cumulative Redeemable Preferred Stock",Stock,,nasdaq_trader_symbol_directory
NYSE,DLX,Deluxe Corporation Common Stock,Stock,,nasdaq_trader_symbol_directory
NYSE,DLY,DoubleLine Yield Opportunities Fund Common Shares of Beneficial Interest,Stock,,nasdaq_trader_symbol_directory
NYSE,DMA,Destra Multi-Alternative Fund Common Stock,Stock,,nasdaq_trader_symbol_directory
NYSE,DMB,"BNY Mellon Municipal Bond Infrastructure Fund, Inc. Common Stock",Stock,,nasdaq_trader_symbol_directory
NYSE,DMC,Del Monte Corporation Ordinary Shares,Stock,,nasdaq_trader_symbol_directory
NYSE,DMO,Western Asset Mortgage Opportunity Fund Inc. Common Stock,Stock,,nasdaq_trader_symbol_directory
NYSE,DNA,"Ginkgo Bioworks Holdings, Inc. Class A Common Stock",Stock,,nasdaq_trader_symbol_directory
NYSE,DNOW,DNOW Inc. Common Stock,Stock,,nasdaq_trader_symbol_directory
NYSE,DNP,"DNP Select Income Fund, Inc. Common Stock",Stock,,nasdaq_trader_symbol_directory
NYSE,DOC,"Healthpeak Properties, Inc. Common Stock",Stock,,nasdaq_trader_symbol_directory
NYSE,DOCN,"DigitalOcean Holdings, Inc. Common Stock",Stock,,nasdaq_trader_symbol_directory
NYSE,DOCS,"Doximity, Inc. Class A Common Stock",Stock,,nasdaq_trader_symbol_directory
NYSE,DOLE,Dole plc Ordinary Shares,Stock,,nasdaq_trader_symbol_directory
NYSE,DOUG,Douglas Elliman Inc. Common Stock,Stock,,nasdaq_trader_symbol_directory
NYSE,DOV,Dover Corporation Common Stock,Stock,,nasdaq_trader_symbol_directory
NYSE,DOW,Dow Inc. Common Stock,Stock,,nasdaq_trader_symbol_directory
NYSE,DPC,DPC Holdings PLC Ordinary Shares,Stock,,nasdaq_trader_symbol_directory
NYSE,DPG,Duff & Phelps Utility and Infrastructure Fund Inc.,Stock,,nasdaq_trader_symbol_directory
NYSE,DQ,"DAQO New Energy Corp. American Depositary Shares, each representing five ordinary shares",Stock,,nasdaq_trader_symbol_directory
NYSE,DRD,DRDGOLD Limited American Depositary Shares,Stock,,nasdaq_trader_symbol_directory
NYSE,DRI,"Darden Restaurants, Inc. Common Stock",Stock,,nasdaq_trader_symbol_directory
NYSE,DRLL,Strive U.S. Energy ETF,ETF,,nasdaq_trader_symbol_directory
NYSE,DSL,DoubleLine Income Solutions Fund Common Shares of Beneficial Interests,Stock,,nasdaq_trader_symbol_directory
NYSE,DSM,"BNY Mellon Strategic Municipal Bond Fund, Inc. Common Stock",Stock,,nasdaq_trader_symbol_directory
NYSE,DSMC,Distillate Small/Mid Cash Flow ETF,ETF,,nasdaq_trader_symbol_directory
NYSE,DSTX,Distillate International Fundamental Stability & Value ETF,ETF,,nasdaq_trader_symbol_directory
NYSE,DSU,"Blackrock Debt Strategies Fund, Inc. Common Stock",Stock,,nasdaq_trader_symbol_directory
NYSE,DSX,Diana Shipping inc. common stock,Stock,,nasdaq_trader_symbol_directory
NYSE,DSX$B,Diana Shipping Inc. Perpetual Preferred Shares Series B (Marshall Islands),Stock,,nasdaq_trader_symbol_directory
NYSE,DSX.W,Diana Shipping inc. Warrants,Stock,,nasdaq_trader_symbol_directory
NYSE,DT,"Dynatrace, Inc. Common Stock",Stock,,nasdaq_trader_symbol_directory
NYSE,DTB,DTE Energy Company 2020 Series G 4.375% Junior Subordinated Debentures due 2080,Stock,,nasdaq_trader_symbol_directory
NYSE,DTE,DTE Energy Company Common Stock,Stock,,nasdaq_trader_symbol_directory
NYSE,DTF,DTF Tax-Free Income 2028 Term Fund Inc. Common Stock,Stock,,nasdaq_trader_symbol_directory
NYSE,DTG,DTE Energy Company 2021 Series E 4.375% Junior Subordinated Debentures,Stock,,nasdaq_trader_symbol_directory
NYSE,DTK,DTE Energy Company 2025 Series H 6.25% Junior Subordinated Debentures due 2085,Stock,,nasdaq_trader_symbol_directory
NYSE,DTM,"DT Midstream, Inc. Common Stock",Stock,,nasdaq_trader_symbol_directory
NYSE,DTW,DTE Energy Company 2017 Series E 5.25% Junior Subordinated Debentures due 2077,Stock,,nasdaq_trader_symbol_directory
NYSE,DUK,Duke Energy Corporation (Holding Company) Common Stock,Stock,,nasdaq_trader_symbol_directory
NYSE,DUK$A,"Duke Energy Corporation Depositary Shares, each representing a 1/1,000th interest in a share of 5.75% Series A Cumulative Redeemable Perpetual Preferred Stock",Stock,,nasdaq_trader_symbol_directory
NYSE,DUKB,Duke Energy Corporation 5.625% Junior Subordinated Debentures due 2078,Stock,,nasdaq_trader_symbol_directory
NYSE,DV,"DoubleVerify Holdings, Inc. Common Stock",Stock,,nasdaq_trader_symbol_directory
NYSE,DVA,DaVita Inc. Common Stock,Stock,,nasdaq_trader_symbol_directory
NYSE,DVN,Devon Energy Corporation Common Stock,Stock,,nasdaq_trader_symbol_directory
NYSE,DX,"Dynex Capital, Inc. Common Stock",Stock,,nasdaq_trader_symbol_directory
NYSE,DX$C,"Dynex Capital, Inc. 6.900% Series C Fixed-to-Floating Rate Cumulative Redeemable Preferred Stock",Stock,,nasdaq_trader_symbol_directory
NYSE,DXC,DXC Technology Company Common Stock,Stock,,nasdaq_trader_symbol_directory
NYSE,DXYZ,Destiny Tech100 Inc. Common Stock,Stock,,nasdaq_trader_symbol_directory
NYSE,DY,"Dycom Industries, Inc. Common Stock",Stock,,nasdaq_trader_symbol_directory
NYSE,E,ENI S.p.A. Common Stock,Stock,,nasdaq_trader_symbol_directory
NYSE,EAF,GrafTech International Ltd. Common Stock,Stock,,nasdaq_trader_symbol_directory
NYSE,EAI,"Entergy Arkansas, LLC First Mortgage Bonds, 4.875% Series Due September 1, 2066",Stock,,nasdaq_trader_symbol_directory
NYSE,EARN,Ellington Credit Company Common Shares of Beneficial Interest,Stock,,nasdaq_trader_symbol_directory
NYSE,EAT,"Brinker International, Inc. Common Stock",Stock,,nasdaq_trader_symbol_directory
NYSE,EBF,"Ennis, Inc. Common Stock",Stock,,nasdaq_trader_symbol_directory
NYSE,EBS,Emergent BioSolutions Inc. Common Stock,Stock,,nasdaq_trader_symbol_directory
NYSE,EC,Ecopetrol S.A. American Depositary Shares,Stock,,nasdaq_trader_symbol_directory
NYSE,ECAT,BlackRock ESG Capital Allocation Term Trust Common Shares of Beneficial Interest,Stock,,nasdaq_trader_symbol_directory
NYSE,ECC,Eagle Point Credit Company Common Share of Beneficial Interest,Stock,,nasdaq_trader_symbol_directory
NYSE,ECC$D,Eagle Point Credit Company 6.75% Series D Preferred Stock,Stock,,nasdaq_trader_symbol_directory
NYSE,ECCC,Eagle Point Credit Company 6.50% Series C Term Preferred Stock due 2031,Stock,,nasdaq_trader_symbol_directory
NYSE,ECCU,Eagle Point Credit Company 7.75% Notes due 2030,Stock,,nasdaq_trader_symbol_directory
NYSE,ECCV,Eagle Point Credit Company 5.375% Notes due 2029,Stock,,nasdaq_trader_symbol_directory
NYSE,ECG,"Everus Construction Group, Inc. Common Stock",Stock,,nasdaq_trader_symbol_directory
NYSE,ECL,Ecolab Inc. Common Stock,Stock,,nasdaq_trader_symbol_directory
NYSE,ECO,Okeanis Eco Tankers Corp. Common Stock,Stock,,nasdaq_trader_symbol_directory
NYSE,ECVT,Ecovyst Inc. Common Stock,Stock,,nasdaq_trader_symbol_directory
NYSE,ED,"Consolidated Edison, Inc. Common Stock",Stock,,nasdaq_trader_symbol_directory
NYSE,EDD,"Morgan Stanley Emerging Markets Domestic Debt Fund, Inc. Common Stock",Stock,,nasdaq_trader_symbol_directory
NYSE,EDF,Virtus Stone Harbor Emerging Markets Income Fund Common Shares of Beneficial Interest,Stock,,nasdaq_trader_symbol_directory
NYSE,EDN,Empresa Distribuidora Y Comercializadora Norte S.A. (Edenor) American Depositary Shares,Stock,,nasdaq_trader_symbol_directory
NYSE,EDU,"New Oriental Education & Technology Group, Inc. Sponsored ADR representing 10 Ordinary Share (Cayman Islands)",Stock,,nasdaq_trader_symbol_directory
NYSE,EE,"Excelerate Energy, Inc. Class A Common Stock",Stock,,nasdaq_trader_symbol_directory
NYSE,EEA,"The European Equity Fund, Inc. Common Stock",Stock,,nasdaq_trader_symbol_directory
NYSE,EEX,"Emerald Holding, Inc. Common Stock",Stock,,nasdaq_trader_symbol_directory
NYSE,EFC,Ellington Financial Inc. Common Stock,Stock,,nasdaq_trader_symbol_directory
NYSE,EFC$B,Ellington Financial Inc. 6.250% Series B Fixed-Rate Reset Cumulative Redeemable Preferred Stock,Stock,,nasdaq_trader_symbol_directory
NYSE,EFC$C,Ellington Financial Inc. 8.625% Series C Fixed-Rate Reset Cumulative Redeemable Preferred Stock,Stock,,nasdaq_trader_symbol_directory
NYSE,EFC$D,Ellington Financial Inc. 7.00% Series D Cumulative Perpetual Redeemable Preferred Stock,Stock,,nasdaq_trader_symbol_directory
NYSE,EFOR,"Everforth, Inc. Common Stock",Stock,,nasdaq_trader_symbol_directory
NYSE,EFR,Eaton Vance Senior Floating-Rate Fund Common Shares of Beneficial Interest,Stock,,nasdaq_trader_symbol_directory
NYSE,EFT,Eaton Vance Floating Rate Income Trust Common Shares of Beneficial Interest,Stock,,nasdaq_trader_symbol_directory
NYSE,EFX,"Equifax, Inc. Common Stock",Stock,,nasdaq_trader_symbol_directory
NYSE,EFXT,Enerflex Ltd Common Shares,Stock,,nasdaq_trader_symbol_directory
NYSE,EG,"Everest Group, Ltd. Common Stock",Stock,,nasdaq_trader_symbol_directory
NYSE,EGO,Eldorado Gold Corporation Ordinary Shares,Stock,,nasdaq_trader_symbol_directory
NYSE,EGP,"EastGroup Properties, Inc. Common Stock",Stock,,nasdaq_trader_symbol_directory
NYSE,EGY,"VAALCO Energy, Inc. Common Stock",Stock,,nasdaq_trader_symbol_directory
NYSE,EHC,Encompass Health Corporation Common Stock,Stock,,nasdaq_trader_symbol_directory
NYSE,EHI,Western Asset Global High Income Fund Inc Common Stock,Stock,,nasdaq_trader_symbol_directory
NYSE,EIC,Eagle Point Income Company Inc. Common Stock,Stock,,nasdaq_trader_symbol_directory
NYSE,EICA,Eagle Point Income Company Inc. 5.00% Series A Term Preferred Stock due 2026,Stock,,nasdaq_trader_symbol_directory
NYSE,EIG,Employers Holdings Inc Common Stock,Stock,,nasdaq_trader_symbol_directory
NYSE,EIIA,Eagle Point Institutional Income Fund 8.125% Series A Term Preferred Shares Due 2029,Stock,,nasdaq_trader_symbol_directory
NYSE,EIX,Edison International Common Stock,Stock,,nasdaq_trader_symbol_directory
NYSE,EL,"Estee Lauder Companies, Inc. (The) Common Stock",Stock,,nasdaq_trader_symbol_directory
NYSE,ELAN,Elanco Animal Health Incorporated Common Stock,Stock,,nasdaq_trader_symbol_directory
NYSE,ELC,"Entergy Louisiana, Inc. Collateral Trust Mortgage Bonds, 4.875 % Series due September 1, 2066",Stock,,nasdaq_trader_symbol_directory
NYSE,ELF,"e.l.f. Beauty, Inc. Common Stock",Stock,,nasdaq_trader_symbol_directory
NYSE,ELLA,Ellington Credit Company 8.50% Notes due 2031,Stock,,nasdaq_trader_symbol_directory
NYSE,ELME,Elme Communities Common Stock,Stock,,nasdaq_trader_symbol_directory
NYSE,ELPC,Companhia Paranaense de Energia (COPEL) American Depositary Shares (each representing four (4) Common Shares),Stock,,nasdaq_trader_symbol_directory
NYSE,ELS,"Equity Lifestyle Properties, Inc. Common Stock",Stock,,nasdaq_trader_symbol_directory
NYSE,ELV,"Elevance Health, Inc. Common Stock",Stock,,nasdaq_trader_symbol_directory
NYSE,EMA,Emera Incorporated Common Shares,Stock,,nasdaq_trader_symbol_directory
NYSE,EMBJ,Embraer S.A. Common Stock,Stock,,nasdaq_trader_symbol_directory
NYSE,EMD,Western Asset Emerging Markets Debt Fund Inc Common Stock,Stock,,nasdaq_trader_symbol_directory
NYSE,EME,"EMCOR Group, Inc. Common Stock",Stock,,nasdaq_trader_symbol_directory
NYSE,EMF,Templeton Emerging Markets Fund Common Stock,Stock,,nasdaq_trader_symbol_directory
NYSE,EMN,Eastman Chemical Company Common Stock,Stock,,nasdaq_trader_symbol_directory
NYSE,EMO,ClearBridge Energy Midstream Opportunity Fund Inc. Common Stock,Stock,,nasdaq_trader_symbol_directory
NYSE,EMP,"Entergy Mississippi, LLC First Mortgage Bonds, 4.90% Series Due October 1, 2066",Stock,,nasdaq_trader_symbol_directory
NYSE,EMR,Emerson Electric Company Common Stock,Stock,,nasdaq_trader_symbol_directory
NYSE,ENB,Enbridge Inc Common Stock,Stock,,nasdaq_trader_symbol_directory
NYSE,ENHA,Enhanced Group Inc. Class A Common Stock,Stock,,nasdaq_trader_symbol_directory
NYSE,ENIC,Enel Chile S.A. American Depositary Shares (Each representing 50 shares of Common Stock),Stock,,nasdaq_trader_symbol_directory
NYSE,ENJ,"Entergy New Orleans, LLC First Mortgage Bonds, 5.0% Series due December 1, 2052",Stock,,nasdaq_trader_symbol_directory
NYSE,ENO,"Entergy New Orleans, LLC First Mortgage Bonds, 5.50% Series due April 1, 2066",Stock,,nasdaq_trader_symbol_directory
NYSE,ENOV,Enovis Corporation Common Stock,Stock,,nasdaq_trader_symbol_directory
NYSE,ENR,"Energizer Holdings, Inc. Common Stock",Stock,,nasdaq_trader_symbol_directory
NYSE,ENS,EnerSys Common Stock,Stock,,nasdaq_trader_symbol_directory
NYSE,ENVA,"Enova International, Inc. Common Stock",Stock,,nasdaq_trader_symbol_directory
NYSE,EOD,Allspring Global Dividend Opportunity Fund Common Shares of Beneficial Interest,Stock,,nasdaq_trader_symbol_directory
NYSE,EOG,"EOG Resources, Inc. Common Stock",Stock,,nasdaq_trader_symbol_directory
NYSE,EOI,Eaton Vance Enhance Equity Income Fund Eaton Vance Enhanced Equity Income Fund Shares of Beneficial Interest,Stock,,nasdaq_trader_symbol_directory
NYSE,EOS,Eaton Vance Enhance Equity Income Fund II Common Stock,Stock,,nasdaq_trader_symbol_directory
NYSE,EOT,Eaton Vance Municipal Income Trust EATON VANCE NATIONAL MUNICIPAL OPPORTUNITIES TRUST,Stock,,nasdaq_trader_symbol_directory
NYSE,EP$C,El Paso Corporation Preferred Stock,Stock,,nasdaq_trader_symbol_directory
NYSE,EPAC,Enerpac Tool Group Corp. Common Stock,Stock,,nasdaq_trader_symbol_directory
NYSE,EPAM,"EPAM Systems, Inc. Common Stock",Stock,,nasdaq_trader_symbol_directory
NYSE,EPC,Edgewell Personal Care Company Common Stock,Stock,,nasdaq_trader_symbol_directory
NYSE,EPD,Enterprise Products Partners L.P. Common Stock,Stock,,nasdaq_trader_symbol_directory
NYSE,EPR,EPR Properties Common Stock,Stock,,nasdaq_trader_symbol_directory
NYSE,EPR$C,EPR Properties 5.75% Series C Cumulative Convertible Preferred Shares,Stock,,nasdaq_trader_symbol_directory
NYSE,EPR$E,EPR Properties Series E Cumulative Conv Pfd Shs Ser E,Stock,,nasdaq_trader_symbol_directory
NYSE,EPR$G,EPR Properties 5.750% Series G Cumulative Redeemable Preferred Shares,Stock,,nasdaq_trader_symbol_directory
NYSE,EPRT,"Essential Properties Realty Trust, Inc. Common Stock",Stock,,nasdaq_trader_symbol_directory
NYSE,EQBK,"Equity Bancshares, Inc. Class A Common Stock",Stock,,nasdaq_trader_symbol_directory
NYSE,EQH,"Equitable Holdings, Inc. Common Stock",Stock,,nasdaq_trader_symbol_directory
NYSE,EQH$A,"Equitable Holdings, Inc. Depositary Shares",Stock,,nasdaq_trader_symbol_directory
NYSE,EQH$C,"Equitable Holdings, Inc. Depositary Shares, each representing a 1/1,000th interest in a share of Fixed Rate Noncumulative Perpetual Preferred Stock, Series C",Stock,,nasdaq_trader_symbol_directory
NYSE,EQNR,Equinor ASA,Stock,,nasdaq_trader_symbol_directory
NYSE,EQR,Equity Residential Common Shares of Beneficial Interest,Stock,,nasdaq_trader_symbol_directory
NYSE,EQS,"Equus Total Return, Inc. Common Stock",Stock,,nasdaq_trader_symbol_directory
NYSE,EQT,EQT Corporation Common Stock,Stock,,nasdaq_trader_symbol_directory
NYSE,ERO,Ero Copper Corp. Common Shares,Stock,,nasdaq_trader_symbol_directory
NYSE,EROC,"ERock, Inc. Class A Common Stock",Stock,,nasdaq_trader_symbol_directory
NYSE,EROK,"EagleRock Land, LLC Class A shares representing limited liability company interests",Stock,,nasdaq_trader_symbol_directory
NYSE,ES,Eversource Energy (D/B/A) Common Stock,Stock,,nasdaq_trader_symbol_directory
NYSE,ESAB,ESAB Corporation Common Stock,Stock,,nasdaq_trader_symbol_directory
NYSE,ESE,ESCO Technologies Inc. Common Stock,Stock,,nasdaq_trader_symbol_directory
NYSE,ESI,Element Solutions Inc. Common Stock,Stock,,nasdaq_trader_symbol_directory
NYSE,ESNT,Essent Group Ltd. Common Shares,Stock,,nasdaq_trader_symbol_directory
NYSE,ESRT,"Empire State Realty Trust, Inc. Class A Common Stock",Stock,,nasdaq_trader_symbol_directory
NYSE,ESS,"Essex Property Trust, Inc. Common Stock",Stock,,nasdaq_trader_symbol_directory
NYSE,ESTC,Elastic N.V. Ordinary Shares,Stock,,nasdaq_trader_symbol_directory
NYSE,ET,Energy Transfer LP Common Units,Stock,,nasdaq_trader_symbol_directory
NYSE,ET$I,Energy Transfer L.P. Series I Fixed Rate Perpetual Preferred Units,Stock,,nasdaq_trader_symbol_directory
NYSE,ETB,Eaton Vance Tax-Managed Buy-Write Income Fund Eaton Vance Tax-Managed Buy-Write Income Fund Common Shares of Beneficial Interest,Stock,,nasdaq_trader_symbol_directory
NYSE,ETD,Ethan Allen Interiors Inc. Common Stock,Stock,,nasdaq_trader_symbol_directory
NYSE,ETG,Eaton Vance Tax-Advantaged Global Dividend Income Fund Common Shares of Beneficial Interest,Stock,,nasdaq_trader_symbol_directory
NYSE,ETI$,"Entergy Texas Inc 5.375% Series A Preferred Stock, Cumulative, No Par Value",Stock,,nasdaq_trader_symbol_directory
NYSE,ETJ,Eaton Vance Risk-Managed Diversified Equity Income Fund Common Shares of Beneficial Interest,Stock,,nasdaq_trader_symbol_directory
NYSE,ETN,"Eaton Corporation, PLC Ordinary Shares",Stock,,nasdaq_trader_symbol_directory
NYSE,ETO,Eaton Vance Tax-Advantage Global Dividend Opp Common Stock,Stock,,nasdaq_trader_symbol_directory
NYSE,ETR,Entergy Corporation Common Stock,Stock,,nasdaq_trader_symbol_directory
NYSE,ETSS,Energy Transition Special Opportunities Class A Ordinary Shares,Stock,,nasdaq_trader_symbol_directory
NYSE,ETSS.U,"Energy Transition Special Opportunities Units, each consisting of one Class A ordinary share and one-half of one redeemable warrant",Stock,,nasdaq_trader_symbol_directory
NYSE,ETSS.W,"Energy Transition Special Opportunities Warrants, each whole warrant exercisable for one Class A ordinary share at an exercise price of $11.50",Stock,,nasdaq_trader_symbol_directory
NYSE,ETSY,"Etsy, Inc. Common Stock",Stock,,nasdaq_trader_symbol_directory
NYSE,ETV,Eaton Vance Corporation Eaton Vance Tax-Managed Buy-Write Opportunities Fund Common Shares of Beneficial Interest,Stock,,nasdaq_trader_symbol_directory
NYSE,ETW,Eaton Vance Corporation Eaton Vance Tax-Managed Global Buy-Write Opportunites Fund Common Shares of Beneficial Interest,Stock,,nasdaq_trader_symbol_directory
NYSE,ETX,Eaton Vance Municipal Income 2028 Term Trust Common Shares of Beneficial Interest,Stock,,nasdaq_trader_symbol_directory
NYSE,ETY,"Eaton Vance Tax-Managed Diversified Equity Income Fund Common Shares of Beneficial Interest,",Stock,,nasdaq_trader_symbol_directory
NYSE,EVAC,EQV Ventures Acquisition Corp. II Class A Ordinary Shares,Stock,,nasdaq_trader_symbol_directory
NYSE,EVAC.U,"EQV Ventures Acquisition Corp. II Units, each unit consists of one Class A ordinary share and one-third of one redeemable warrant",Stock,,nasdaq_trader_symbol_directory
NYSE,EVAC.W,"EQV Ventures Acquisition Corp. II Redeemable Warrants, each whole warrant exercisable for one Class A ordinary share at an exercise price of $11.50 per share",Stock,,nasdaq_trader_symbol_directory
NYSE,EVC,Entravision Communications Corporation Common Stock,Stock,,nasdaq_trader_symbol_directory
NYSE,EVEX,"Eve Holding, Inc. Common Stock",Stock,,nasdaq_trader_symbol_directory
NYSE,EVEX.W,"Eve Holding, Inc. Warrants, each exercisable for one share of Common Stock at an exercise price of $11.50 per share",Stock,,nasdaq_trader_symbol_directory
NYSE,EVF,Eaton Vance Senior Income Trust Common Stock,Stock,,nasdaq_trader_symbol_directory
NYSE,EVG,Eaton Vance Short Diversified Income Fund Eaton Vance Short Duration Diversified Income Fund Common Shares of Beneficial Interest,Stock,,nasdaq_trader_symbol_directory
NYSE,EVH,"Evolent Health, Inc Class A Common Stock",Stock,,nasdaq_trader_symbol_directory
NYSE,EVMN,"Evommune, Inc. Common Stock",Stock,,nasdaq_trader_symbol_directory
NYSE,EVN,Eaton Vance Municipal Income Trust Common Stock,Stock,,nasdaq_trader_symbol_directory
NYSE,EVR,Evercore Inc. Class A Common Stock,Stock,,nasdaq_trader_symbol_directory
NYSE,EVT,Eaton Vance Tax Advantaged Dividend Income Fund Common Shares of Beneficial Interest,Stock,,nasdaq_trader_symbol_directory
NYSE,EVTC,"Evertec, Inc. Common Stock",Stock,,nasdaq_trader_symbol_directory
NYSE,EVTL,Vertical Aerospace Ltd. Ordinary Shares,Stock,,nasdaq_trader_symbol_directory
NYSE,EVTR,Eaton Vance Total Return Bond ETF,ETF,,nasdaq_trader_symbol_directory
NYSE,EW,Edwards Lifesciences Corporation Common Stock,Stock,,nasdaq_trader_symbol_directory
NYSE,EXG,Eaton Vance Tax-Managed Global Diversified Equity Income Fund Common Shares of Beneficial Interest,Stock,,nasdaq_trader_symbol_directory
NYSE,EXK,Endeavour Silver Corporation Ordinary Shares (Canada),Stock,,nasdaq_trader_symbol_directory
NYSE,EXP,Eagle Materials Inc Common Stock,Stock,,nasdaq_trader_symbol_directory
NYSE,EXPD,"Expeditors International of Washington, Inc. Common Stock",Stock,,nasdaq_trader_symbol_directory
NYSE,EXR,Extra Space Storage Inc Common Stock,Stock,,nasdaq_trader_symbol_directory
NYSE,F,Ford Motor Company Common Stock,Stock,,nasdaq_trader_symbol_directory
NYSE,F$B,"Ford Motor Company 6.20% Notes due June 1, 2059",Stock,,nasdaq_trader_symbol_directory
NYSE,F$C,"Ford Motor Company 6% Notes due December 1, 2059",Stock,,nasdaq_trader_symbol_directory
NYSE,F$D,"Ford Motor Company 6.500% Notes due August 15, 2062",Stock,,nasdaq_trader_symbol_directory
NYSE,FAF,First American Corporation (New) Common Stock,Stock,,nasdaq_trader_symbol_directory
NYSE,FBIN,"Fortune Brands Innovations, Inc. Common Stock",Stock,,nasdaq_trader_symbol_directory
NYSE,FBK,FB Financial Corporation Common Stock,Stock,,nasdaq_trader_symbol_directory
NYSE,FBP,First BanCorp. New Common Stock,Stock,,nasdaq_trader_symbol_directory
NYSE,FBRT,"Franklin BSP Realty Trust, Inc. Common Stock",Stock,,nasdaq_trader_symbol_directory
NYSE,FBRT$E,"Franklin BSP Realty Trust, Inc. 7.50% Series E Cumulative Redeemable Preferred Stock",Stock,,nasdaq_trader_symbol_directory
NYSE,FC,Franklin Covey Company Common Stock,Stock,,nasdaq_trader_symbol_directory
NYSE,FCBM,"First Carolina Financial Services, Inc. Common Stock",Stock,,nasdaq_trader_symbol_directory
NYSE,FCF,First Commonwealth Financial Corporation Common Stock,Stock,,nasdaq_trader_symbol_directory
NYSE,FCN,"FTI Consulting, Inc. Common Stock",Stock,,nasdaq_trader_symbol_directory
NYSE,FCPT,"Four Corners Property Trust, Inc. Common Stock",Stock,,nasdaq_trader_symbol_directory
NYSE,FCRS,FutureCrest Acquisition Corp. Class A Ordinary Shares,Stock,,nasdaq_trader_symbol_directory
NYSE,FCRS.U,"FutureCrest Acquisition Corp. Units, each consisting of one Class A ordinary share and one-quarter of one redeemable warrant",Stock,,nasdaq_trader_symbol_directory
NYSE,FCRS.W,"FutureCrest Acquisition Corp. Redeemable warrants, each whole warrant exercisable for one Class A ordinary share at an exercise price of $11.50",Stock,,nasdaq_trader_symbol_directory
NYSE,FCT,First Trust Senior Floating Rate Income Fund II Common Shares of Beneficial Interest,Stock,,nasdaq_trader_symbol_directory
NYSE,FCX,"Freeport-McMoRan, Inc. Common Stock",Stock,,nasdaq_trader_symbol_directory
NYSE,FDS,FactSet Research Systems Inc. Common Stock,Stock,,nasdaq_trader_symbol_directory
NYSE,FDX,FedEx Corporation Common Stock,Stock,,nasdaq_trader_symbol_directory
NYSE,FDXF,"FedEx Freight Holding Company, Inc. Common Stock",Stock,,nasdaq_trader_symbol_directory
NYSE,FE,FirstEnergy Corp. Common Stock,Stock,,nasdaq_trader_symbol_directory
NYSE,FEDU,"Four Seasons Education (Cayman) Inc. American Depositary Shares, each ADS representing 10 ordinary shares",Stock,,nasdaq_trader_symbol_directory
NYSE,FEGE,First Eagle Global Equity ETF,ETF,,nasdaq_trader_symbol_directory
NYSE,FENG,"Phoenix New Media Limited American Depositary Shares, each representing 48 Class A ordinary shares.",Stock,,nasdaq_trader_symbol_directory
NYSE,FEOE,First Eagle Overseas Equity ETF,ETF,,nasdaq_trader_symbol_directory
NYSE,FERG,Ferguson Enterprises Inc. Common Stock,Stock,,nasdaq_trader_symbol_directory
NYSE,FET,"Forum Energy Technologies, Inc. Common Stock",Stock,,nasdaq_trader_symbol_directory
NYSE,FF,FutureFuel Corp. Common shares,Stock,,nasdaq_trader_symbol_directory
NYSE,FFA,First Trust Enhanced Equity Income Fund Common Shares of Beneficial Interest,Stock,,nasdaq_trader_symbol_directory
NYSE,FFC,Flaherty & Crumrine Preferred and Income Securities Fund Incorporated,Stock,,nasdaq_trader_symbol_directory
NYSE,FG,"F&G Annuities & Life, Inc. Common Stock",Stock,,nasdaq_trader_symbol_directory
NYSE,FGN,"F&G Annuities & Life, Inc. 7.950% Senior Notes due 2053",Stock,,nasdaq_trader_symbol_directory
NYSE,FGSN,"F&G Annuities & Life, Inc. 7.300% Junior Subordinated Notes due 2065",Stock,,nasdaq_trader_symbol_directory
NYSE,FHI,"Federated Hermes, Inc. Common Stock",Stock,,nasdaq_trader_symbol_directory
NYSE,FHN,First Horizon Corporation Common Stock,Stock,,nasdaq_trader_symbol_directory
NYSE,FHN$E,"First Horizon Corporation Depositary Shares, each representing a 1/4,000th interest in a share of Non-Cumulative Perpetual Preferred Stock, Series E",Stock,,nasdaq_trader_symbol_directory
NYSE,FHN$F,"First Horizon Corporation Depositary Shares, each representing 1/4000th Interest in a Share of Non-Cumulative Perpetual Preferred Stock, Series F",Stock,,nasdaq_trader_symbol_directory
NYSE,FHN$H,"First Horizon Corporation Depositary Shares each representing a 1/4,000th interest in a share of Non-Cumulative Perpetual Preferred Stock, Series H",Stock,,nasdaq_trader_symbol_directory
NYSE,FICO,Fair Isaac Corporation Common Stock,Stock,,nasdaq_trader_symbol_directory
NYSE,FIG,"Figma, Inc. Class A Common Stock",Stock,,nasdaq_trader_symbol_directory
NYSE,FIGS,"FIGS, Inc. Class A Common Stock",Stock,,nasdaq_trader_symbol_directory
NYSE,FINS,Angel Oak Financial Strategies Income Term Trust Common Shares of Beneficial Interest,Stock,,nasdaq_trader_symbol_directory
NYSE,FINV,FinVolution Group American Depositary Shares,Stock,,nasdaq_trader_symbol_directory
NYSE,FIRY,Firy Inc. Class A Common Stock,Stock,,nasdaq_trader_symbol_directory
NYSE,FIS,"Fidelity National Information Services, Inc. Common Stock",Stock,,nasdaq_trader_symbol_directory
NYSE,FITB,Fifth Third Bancorp Common Stock,Stock,,nasdaq_trader_symbol_directory
NYSE,FITB$A,"Fifth Third Bancorp Depositary Shares each representing 1/40th share of Fifth Third 6.00% Non-Cumulative Perpetual Class B Preferred Stock, Series A",Stock,,nasdaq_trader_symbol_directory
NYSE,FITB$I,Fifth Third Bancorp Depositary Share repstg 1/1000th Ownership Interest Perp Pfd Series I,Stock,,nasdaq_trader_symbol_directory
NYSE,FITB$K,"Fifth Third Bancorp Depositary Shares each representing a 1/1000th ownership interest in a share of Non-Cumulative Perpetual Preferred Stock, Series K",Stock,,nasdaq_trader_symbol_directory
NYSE,FITB$M,"Fifth Third Bancorp Depositary Shares Representing a 1/40th Ownership Interest in a Share of 6.875% Fixed-Rate Reset Non-Cumulative Perpetual Preferred Stock, Series M",Stock,,nasdaq_trader_symbol_directory
NYSE,FIX,"Comfort Systems USA, Inc. Common Stock",Stock,,nasdaq_trader_symbol_directory
NYSE,FIXT,TCW Core Plus Bond ETF,ETF,,nasdaq_trader_symbol_directory
NYSE,FLC,Flaherty & Crumrine Total Return Fund Inc Common Stock,Stock,,nasdaq_trader_symbol_directory
NYSE,FLG,"Flagstar Bank, N.A. Common Stock",Stock,,nasdaq_trader_symbol_directory
NYSE,FLG$A,"Flagstar Bank, N.A. Depositary shares, each representing a 1/40th interest in a share of Fixed-to-Floating Rate Series A Noncumulative Perpetual Preferred Stock",Stock,,nasdaq_trader_symbol_directory
NYSE,FLG$U,"Flagstar Bank, N.A. Bifurcated Option Note Unit SecuritiES",Stock,,nasdaq_trader_symbol_directory
NYSE,FLNG,FLEX LNG Ltd. Ordinary Shares,Stock,,nasdaq_trader_symbol_directory
NYSE,FLO,"Flowers Foods, Inc. Common Stock",Stock,,nasdaq_trader_symbol_directory
NYSE,FLOC,Flowco Holdings Inc. Class A Common Stock,Stock,,nasdaq_trader_symbol_directory
NYSE,FLR,Fluor Corporation Common Stock,Stock,,nasdaq_trader_symbol_directory
NYSE,FLS,Flowserve Corporation Common Stock,Stock,,nasdaq_trader_symbol_directory
NYSE,FLUT,Flutter Entertainment plc Ordinary Shares,Stock,,nasdaq_trader_symbol_directory
NYSE,FLXR,TCW Flexible Income ETF,ETF,,nasdaq_trader_symbol_directory
NYSE,FMC,FMC Corporation Common Stock,Stock,,nasdaq_trader_symbol_directory
NYSE,FMN,Federated Hermes Premier Municipal Income Fund,Stock,,nasdaq_trader_symbol_directory
NYSE,FMS,Fresenius Medical Care AG American Depositary Shares (Each representing 1/2 of an Ordinary Share),Stock,,nasdaq_trader_symbol_directory
NYSE,FMX,Fomento Economico Mexicano S.A.B. de C.V. Common Stock,Stock,,nasdaq_trader_symbol_directory
NYSE,FMY,First Trust Mortgage Income Fund Common Shares of Beneficial Interest,Stock,,nasdaq_trader_symbol_directory
NYSE,FN,Fabrinet Ordinary Shares,Stock,,nasdaq_trader_symbol_directory
NYSE,FNB,F.N.B. Corporation Common Stock,Stock,,nasdaq_trader_symbol_directory
NYSE,FND,"Floor & Decor Holdings, Inc. Common Stock",Stock,,nasdaq_trader_symbol_directory
NYSE,FNF,"Fidelity National Financial, Inc. Common Stock",Stock,,nasdaq_trader_symbol_directory
NYSE,FNV,Franco-Nevada Corporation,Stock,,nasdaq_trader_symbol_directory
NYSE,FOA,Finance of America Companies Inc. Class A Common Stock,Stock,,nasdaq_trader_symbol_directory
NYSE,FOF,"Cohen & Steers Closed-End Opportunity Fund, Inc. Common Stock",Stock,,nasdaq_trader_symbol_directory
NYSE,FOR,Forestar Group Inc Common Stock,Stock,,nasdaq_trader_symbol_directory
NYSE,FOUR,"Shift4 Payments, Inc. Class A Common Stock",Stock,,nasdaq_trader_symbol_directory
NYSE,FOUR$A,"Shift4 Payments, Inc. 6.00% Series A Mandatory Convertible Preferred Stock",Stock,,nasdaq_trader_symbol_directory
NYSE,FPF,First Trust Intermediate Duration Preferred & Income Fund Common Shares of Beneficial Interest,Stock,,nasdaq_trader_symbol_directory
NYSE,FPH,"Five Point Holdings, LLC Class A Common Shares",Stock,,nasdaq_trader_symbol_directory
NYSE,FPI,Farmland Partners Inc. Common Stock,Stock,,nasdaq_trader_symbol_directory
NYSE,FPS,"Forgent Power Solutions, Inc. Class A Common Stock",Stock,,nasdaq_trader_symbol_directory
NYSE,FR,"First Industrial Realty Trust, Inc. Common Stock",Stock,,nasdaq_trader_symbol_directory
NYSE,FRA,Blackrock Floating Rate Income Strategies Fund Inc Common Stock,Stock,,nasdaq_trader_symbol_directory
NYSE,FRO,Frontline Plc Ordinary Shares,Stock,,nasdaq_trader_symbol_directory
NYSE,FRT,Federal Realty Investment Trust Common Stock,Stock,,nasdaq_trader_symbol_directory
NYSE,FRT$C,"Federal Realty Investment Trust Depositary Shares, each representing a 1/1000th interest in a 5.000% Series C Cumulative Redeemable Preferred Share",Stock,,nasdaq_trader_symbol_directory
NYSE,FSCO,FS Credit Opportunities Corp. Common Stock,Stock,,nasdaq_trader_symbol_directory
NYSE,FSK,FS KKR Capital Corp. Common Stock,Stock,,nasdaq_trader_symbol_directory
NYSE,FSM,Fortuna Mining Corp. Common Shares,Stock,,nasdaq_trader_symbol_directory
NYSE,FSS,Federal Signal Corporation Common Stock,Stock,,nasdaq_trader_symbol_directory
NYSE,FSSL,FS Specialty Lending Fund Common Shares of Beneficial Interest,Stock,,nasdaq_trader_symbol_directory
NYSE,FT,Franklin Universal Trust Common Stock,Stock,,nasdaq_trader_symbol_directory
NYSE,FTHY,First Trust High Yield Opportunities 2027 Term Fund Common Stock,Stock,,nasdaq_trader_symbol_directory
NYSE,FTI,TechnipFMC plc Ordinary Share,Stock,,nasdaq_trader_symbol_directory
NYSE,FTK,"Flotek Industries, Inc. Common Stock",Stock,,nasdaq_trader_symbol_directory
NYSE,FTRA.U,"FutureCorp Space Acquisition 1 Units, each consisting of one Class A ordinary share and one-half of one redeemable warrant",Stock,,nasdaq_trader_symbol_directory
NYSE,FTS,Fortis Inc. Common Shares,Stock,,nasdaq_trader_symbol_directory
NYSE,FTV,Fortive Corporation Common Stock,Stock,,nasdaq_trader_symbol_directory
NYSE,FTW,Presidio Production Company Class A Common Stock,Stock,,nasdaq_trader_symbol_directory
NYSE,FTW.W,"Presidio Production Company Warrants, each whole warrant exercisable for one share of Class A common stock at an exercise price of $11.50 per share",Stock,,nasdaq_trader_symbol_directory
NYSE,FTWO,Strive Natural Resources and Security ETF,ETF,,nasdaq_trader_symbol_directory
NYSE,FUBO,FuboTV Inc. Class A Common Stock,Stock,,nasdaq_trader_symbol_directory
NYSE,FUL,H. B. Fuller Company Common Stock,Stock,,nasdaq_trader_symbol_directory
NYSE,FUN,Six Flags Entertainment Corporation Common Stock New,Stock,,nasdaq_trader_symbol_directory
NYSE,FVR,"FrontView REIT, Inc. Common Stock",Stock,,nasdaq_trader_symbol_directory
NYSE,FVRR,"Fiverr International Ltd. Ordinary Shares, no par value",Stock,,nasdaq_trader_symbol_directory
NYSE,FXED,Sound Enhanced Fixed Income ETF,ETF,,nasdaq_trader_symbol_directory
NYSE,G,Genpact Limited Common Stock,Stock,,nasdaq_trader_symbol_directory
NYSE,GAB,"Gabelli Equity Trust, Inc. (The) Common Stock",Stock,,nasdaq_trader_symbol_directory
NYSE,GAB$G,"Gabelli Equity Trust, Inc. (The) Series G Cumulative Preferred Stock",Stock,,nasdaq_trader_symbol_directory
NYSE,GAB$H,"Gabelli Equity Trust, Inc. (The) Pfd Ser H",Stock,,nasdaq_trader_symbol_directory
NYSE,GAB$K,"Gabelli Equity Trust, Inc. (The) 5.00% Series K Cumulative Preferred Stock",Stock,,nasdaq_trader_symbol_directory
NYSE,GAM,"General American Investors, Inc. Common Stock",Stock,,nasdaq_trader_symbol_directory
NYSE,GAM$B,"General American Investors Company, Inc. Cumulative Preferred Stock",Stock,,nasdaq_trader_symbol_directory
NYSE,GAP,"Gap, Inc. (The) Common Stock",Stock,,nasdaq_trader_symbol_directory
NYSE,GATX,GATX Corporation Common Stock,Stock,,nasdaq_trader_symbol_directory
NYSE,GBAB,Guggenheim Taxable Municipal Bond & Investment Grade Debt Trust Common Shares of Beneficial Interest,Stock,,nasdaq_trader_symbol_directory
NYSE,GBCI,"Glacier Bancorp, Inc. Common Stock",Stock,,nasdaq_trader_symbol_directory
NYSE,GBTG,"Global Business Travel Group, Inc. Class A Common Stock",Stock,,nasdaq_trader_symbol_directory
NYSE,GBX,"Greenbrier Companies, Inc. (The) Common Stock",Stock,,nasdaq_trader_symbol_directory
NYSE,GCO,Genesco Inc. Common Stock,Stock,,nasdaq_trader_symbol_directory
NYSE,GCTS,"GCT Semiconductor Holding, Inc. Common Stock",Stock,,nasdaq_trader_symbol_directory
NYSE,GCTS.W,"GCT Semiconductor Holding, Inc. Warrants, each whole warrant exercisable for one share of Common Stock at an exercise price of $11.50",Stock,,nasdaq_trader_symbol_directory
NYSE,GCV,"Gabelli Convertible and Income Securities Fund, Inc. (The) Common Stock",Stock,,nasdaq_trader_symbol_directory
NYSE,GD,General Dynamics Corporation Common Stock,Stock,,nasdaq_trader_symbol_directory
NYSE,GDDY,GoDaddy Inc. Class A Common Stock,Stock,,nasdaq_trader_symbol_directory
NYSE,GDIV,Harbor Dividend Growth Leaders ETF,ETF,,nasdaq_trader_symbol_directory
NYSE,GDL,"GDL Fund, The Common Shares of Beneficial Interest",Stock,,nasdaq_trader_symbol_directory
NYSE,GDO,Western Asset Global Corporate Opportunity Fund Inc. Common Stock,Stock,,nasdaq_trader_symbol_directory
NYSE,GDOT,"Green Dot Corporation Class A Common Stock, $0.001 par value",Stock,,nasdaq_trader_symbol_directory
NYSE,GDV,Gabelli Dividend & Income Trust Common Shares of Beneficial Interest,Stock,,nasdaq_trader_symbol_directory
NYSE,GDV$H,The Gabelli Dividend & Income Trust 5.375% Series H Cumulative Preferred Shares,Stock,,nasdaq_trader_symbol_directory
NYSE,GDV$K,The Gabelli Dividend & Income Trust 4.250% Series K Cumulative Preferred Shares,Stock,,nasdaq_trader_symbol_directory
NYSE,GE,GE Aerospace Common Stock,Stock,,nasdaq_trader_symbol_directory
NYSE,GEF,Greif Inc. Class A Common Stock,Stock,,nasdaq_trader_symbol_directory
NYSE,GEF.B,"Greif, Inc. Corporation Class B Common Stock",Stock,,nasdaq_trader_symbol_directory
NYSE,GEL,"Genesis Energy, L.P. Common Units",Stock,,nasdaq_trader_symbol_directory
NYSE,GENI,Genius Sports Limited Ordinary Shares,Stock,,nasdaq_trader_symbol_directory
NYSE,GEO,Geo Group Inc (The) REIT,Stock,,nasdaq_trader_symbol_directory
NYSE,GETY,"Getty Images Holdings, Inc. Class A Common Stock",Stock,,nasdaq_trader_symbol_directory
NYSE,GEV,GE Vernova Inc. Common Stock,Stock,,nasdaq_trader_symbol_directory
NYSE,GF,"New Germany Fund, Inc. (The) Common Stock",Stock,,nasdaq_trader_symbol_directory
NYSE,GFF,Griffon Corporation Common Stock,Stock,,nasdaq_trader_symbol_directory
NYSE,GFI,Gold Fields Limited American Depositary Shares,Stock,,nasdaq_trader_symbol_directory
NYSE,GFL,"GFL Environmental Inc. Subordinate voting shares, no par value",Stock,,nasdaq_trader_symbol_directory
NYSE,GFR,Greenfire Resources Ltd. Common Shares,Stock,,nasdaq_trader_symbol_directory
NYSE,GGB,Gerdau S.A. Common Stock,Stock,,nasdaq_trader_symbol_directory
NYSE,GGG,Graco Inc. Common Stock,Stock,,nasdaq_trader_symbol_directory
NYSE,GGT,"Gabelli Multi-Media Trust, Inc. (The) Common Stock",Stock,,nasdaq_trader_symbol_directory
NYSE,GGT$E,Gabelli Multi-Media Trust Inc. (The) 5.125% Series E Cumulative Preferred Stock,Stock,,nasdaq_trader_symbol_directory
NYSE,GGT$G,Gabelli Multi-Media Trust Inc. (The) 5.125% Series G Cumulative Preferred Shares,Stock,,nasdaq_trader_symbol_directory
NYSE,GGZ,Gabelli Global Small and Mid Cap Value Trust (The) Common Shares of Beneficial Interest,Stock,,nasdaq_trader_symbol_directory
NYSE,GHC,Graham Holdings Company Common Stock,Stock,,nasdaq_trader_symbol_directory
NYSE,GHG,"GreenTree Hospitality Group Ltd. American depositary shares, each representing one Class A ordinary share",Stock,,nasdaq_trader_symbol_directory
NYSE,GHI,Greystone Housing Impact Investors LP Beneficial Unit Certificates representing assignments of limited partnership interests,Stock,,nasdaq_trader_symbol_directory
NYSE,GHM,Graham Corporation Common Stock,Stock,,nasdaq_trader_symbol_directory
NYSE,GHY,"PGIM Global High Yield Fund, Inc.",Stock,,nasdaq_trader_symbol_directory
NYSE,GIB,CGI Inc. Common Stock,Stock,,nasdaq_trader_symbol_directory
NYSE,GIC,Global Industrial Company Common Stock,Stock,,nasdaq_trader_symbol_directory
NYSE,GIL,"Gildan Activewear, Inc. Class A Sub. Vot. Common Stock",Stock,,nasdaq_trader_symbol_directory
NYSE,GIS,"General Mills, Inc. Common Stock",Stock,,nasdaq_trader_symbol_directory
NYSE,GJH,Synthetic Fixed-Income Securities Inc 6.375% (STRATS) Cl A-1,Stock,,nasdaq_trader_symbol_directory
NYSE,GJO,"Synthetic Fixed-Income Securities, Inc. on behalf of STRATS(SM) Trust for Wal-Mart Stores, Inc. Securities, Series 2004-5",Stock,,nasdaq_trader_symbol_directory
NYSE,GJP,"Synthetic Fixed-Income Securities, Inc. on behalf of STRATS (SM) Trust for Dominion Resources, Inc. Securities, Series 2005-6, Floating Rate Structured Repackaged Asset-Backed Trust Securities (STRATS) Certificates",Stock,,nasdaq_trader_symbol_directory
NYSE,GJR,"Synthetic Fixed-Income Securities, Inc. STRATS Trust for Procter&Gamble Securities, Series 2006-1",Stock,,nasdaq_trader_symbol_directory
NYSE,GJS,"Goldman Sachs Group Securities STRATS Trust for Goldman Sachs Group Securities, Series 2006-2",Stock,,nasdaq_trader_symbol_directory
NYSE,GJT,"Synthetic Fixed-Income Securities, Inc. Floating Rate Structured Repackaged Asset-Backed Trust Securities Certificates, Series 2006-3",Stock,,nasdaq_trader_symbol_directory
NYSE,GKOS,Glaukos Corporation Common Stock,Stock,,nasdaq_trader_symbol_directory
NYSE,GL,Globe Life Inc. Common Stock,Stock,,nasdaq_trader_symbol_directory
NYSE,GL$D,Globe Life Inc. 4.25% Junior Subordinated Debentures due 2061,Stock,,nasdaq_trader_symbol_directory
NYSE,GLAS,Glass House Brands Inc. Subordinate Voting Shares,Stock,,nasdaq_trader_symbol_directory
NYSE,GLED,GalaxyEdge Acquisition Corporation Ordinary Shares,Stock,,nasdaq_trader_symbol_directory
NYSE,GLED.R,GalaxyEdge Acquisition Corporation Rights to receive one-fourth (1/4) of one ordinary share,Stock,,nasdaq_trader_symbol_directory
NYSE,GLED.U,"GalaxyEdge Acquisition Corporation Units, each consisting of one Ordinary Share and one Right entitling the holder to receive 1/4th of one ordinary share",Stock,,nasdaq_trader_symbol_directory
NYSE,GLOB,Globant S.A. Common Shares,Stock,,nasdaq_trader_symbol_directory
NYSE,GLOP$A,GasLog Partners LP 8.625% Series A Cumulative Redeemable Perpetual Fixed to Floating Rate Preference Units,Stock,,nasdaq_trader_symbol_directory
NYSE,GLOP$B,GasLog Partners LP 8.200% Series B Cumulative Redeemable Perpetual Fixed to Floating Rate Preference Units,Stock,,nasdaq_trader_symbol_directory
NYSE,GLOP$C,GasLog Partners LP 8.500% Series C Cumulative Redeemable Perpetual Fixed to Floating Rate Preference Units,Stock,,nasdaq_trader_symbol_directory
NYSE,GLP,Global Partners LP Common Units representing Limited Partner Interests,Stock,,nasdaq_trader_symbol_directory
NYSE,GLP$B,Global Partners LP 9.50% Series B Fixed Rate Cumulative Redeemable Perpetual Preferred Units representing limited partner interests,Stock,,nasdaq_trader_symbol_directory
NYSE,GLW,Corning Incorporated Common Stock,Stock,,nasdaq_trader_symbol_directory
NYSE,GM,General Motors Company Common Stock,Stock,,nasdaq_trader_symbol_directory
NYSE,GME,GameStop Corporation Common Stock,Stock,,nasdaq_trader_symbol_directory
NYSE,GME.W,GameStop Corporation Warrants to Purchase Common Stock,Stock,,nasdaq_trader_symbol_directory
NYSE,GMED,"Globus Medical, Inc. Class A Common Stock",Stock,,nasdaq_trader_symbol_directory
NYSE,GMMF,iShares Government Money Market ETF,ETF,,nasdaq_trader_symbol_directory
NYSE,GMRS,GMR Solutions Inc. Class A Common Stock,Stock,,nasdaq_trader_symbol_directory
NYSE,GNE,Genie Energy Ltd. Class B Common Stock Stock,Stock,,nasdaq_trader_symbol_directory
NYSE,GNK,Genco Shipping & Trading Limited Ordinary Shares New (Marshall Islands),Stock,,nasdaq_trader_symbol_directory
NYSE,GNL,"Global Net Lease, Inc. Common Stock",Stock,,nasdaq_trader_symbol_directory
NYSE,GNL$A,"Global Net Lease, Inc. 7.25% Series A Cumulative Redeemable Preferred Stock, $0.01 par value per share",Stock,,nasdaq_trader_symbol_directory
NYSE,GNL$B,"Global Net Lease, Inc. 6.875% Series B Cumulative Redeemable Perpetual Preferred Stock",Stock,,nasdaq_trader_symbol_directory
NYSE,GNL$D,"Global Net Lease, Inc. 7.50% Series D Cumulative Redeemable Perpetual Preferred Stock",Stock,,nasdaq_trader_symbol_directory
NYSE,GNL$E,"Global Net Lease, Inc. 7.375% Series E Cumulative Redeemable Perpetual Preferred Stock",Stock,,nasdaq_trader_symbol_directory
NYSE,GNRC,Generac Holdlings Inc. Common Stock,Stock,,nasdaq_trader_symbol_directory
NYSE,GNT,"GAMCO Natural Resources, Gold & Income Trust",Stock,,nasdaq_trader_symbol_directory
NYSE,GNT$A,"GAMCO Natural Resources, Gold & Income Tust 5.20% Series A Cumulative Preferred Shares (Liquidation Preference $25.00 per share)",Stock,,nasdaq_trader_symbol_directory
NYSE,GNW,Genworth Financial Inc Common Stock,Stock,,nasdaq_trader_symbol_directory
NYSE,GOF,Guggenheim Strategic Opportunities Fund Common Shares of Beneficial Interest,Stock,,nasdaq_trader_symbol_directory
NYSE,GOLD,"Gold.com, Inc. Common Stock",Stock,,nasdaq_trader_symbol_directory
NYSE,GOLF,Acushnet Holdings Corp. Common Stock,Stock,,nasdaq_trader_symbol_directory
NYSE,GOOS,Canada Goose Holdings Inc. Subordinate Voting Shares,Stock,,nasdaq_trader_symbol_directory
NYSE,GOTU,Gaotu Techedu Inc. American Depositary Shares,Stock,,nasdaq_trader_symbol_directory
NYSE,GPC,Genuine Parts Company Common Stock,Stock,,nasdaq_trader_symbol_directory
NYSE,GPGI,"GPGI, Inc. Class A Common Stock",Stock,,nasdaq_trader_symbol_directory
NYSE,GPI,"Group 1 Automotive, Inc. Common Stock",Stock,,nasdaq_trader_symbol_directory
NYSE,GPJA,"Georgia Power Company Series 2017A 5.00% Junior Subordinated Notes due October 1, 2077",Stock,,nasdaq_trader_symbol_directory
NYSE,GPK,Graphic Packaging Holding Company,Stock,,nasdaq_trader_symbol_directory
NYSE,GPMT,Granite Point Mortgage Trust Inc. Common Stock,Stock,,nasdaq_trader_symbol_directory
NYSE,GPMT$A,Granite Point Mortgage Trust Inc. 7.00% Series A Fixed-to-Floating Rate Cumulative Redeemable Preferred Stock,Stock,,nasdaq_trader_symbol_directory
NYSE,GPN,Global Payments Inc. Common Stock,Stock,,nasdaq_trader_symbol_directory
NYSE,GPOR,Gulfport Energy Corporation Common Shares,Stock,,nasdaq_trader_symbol_directory
NYSE,GPRK,Geopark Ltd Common Shares,Stock,,nasdaq_trader_symbol_directory
NYSE,GRBK,"Green Brick Partners, Inc. Common Stock",Stock,,nasdaq_trader_symbol_directory
NYSE,GRBK$A,"Green Brick Partners, Inc. Depositary Shares (each representing a 1/1000th fractional interest in a share of 5.75% Series A Cumulative Perpetual Preferred Stock)",Stock,,nasdaq_trader_symbol_directory
NYSE,GRC,Gorman-Rupp Company (The) Common Stock,Stock,,nasdaq_trader_symbol_directory
NYSE,GRDN,"Guardian Pharmacy Services, Inc. Class A Common Stock",Stock,,nasdaq_trader_symbol_directory
NYSE,GRMN,Garmin Ltd. Common Stock (Switzerland),Stock,,nasdaq_trader_symbol_directory
NYSE,GRND,Grindr Inc. Common Stock,Stock,,nasdaq_trader_symbol_directory
NYSE,GRNT,"Granite Ridge Resources, Inc. Common Stock",Stock,,nasdaq_trader_symbol_directory
NYSE,GROV,"Grove Collaborative Holdings, Inc. Class A Common Stock",Stock,,nasdaq_trader_symbol_directory
NYSE,GRX,The Gabelli Healthcare & Wellness Trust Common Shares of Beneficial Interest,Stock,,nasdaq_trader_symbol_directory
NYSE,GS,"Goldman Sachs Group, Inc. (The) Common Stock",Stock,,nasdaq_trader_symbol_directory
NYSE,GS$A,"Goldman Sachs Group, Inc. (The) Depositary Shares each representing 1/1000th Interest in a Share of Floating Rate Non-Cumulative Preferred Stock Series A",Stock,,nasdaq_trader_symbol_directory
NYSE,GS$C,"Goldman Sachs Group, Inc. (The) Depositary Share repstg 1/1000th Preferred Series C",Stock,,nasdaq_trader_symbol_directory
NYSE,GS$D,"Goldman Sachs Group, Inc. (The) Dep Shs repstg 1/1000 Pfd Ser D Fltg",Stock,,nasdaq_trader_symbol_directory
NYSE,GSBD,"Goldman Sachs BDC, Inc. Common Stock",Stock,,nasdaq_trader_symbol_directory
NYSE,GSK,GSK plc American Depositary Shares (Each representing two Ordinary Shares),Stock,,nasdaq_trader_symbol_directory
NYSE,GSL,Global Ship Lease Inc New Class A Common Shares,Stock,,nasdaq_trader_symbol_directory
NYSE,GSL$B,"Global Ship Lease, Inc. Depository Shares Representing 1/100th Perpetual Preferred Series B% (Marshall Island)",Stock,,nasdaq_trader_symbol_directory
NYSE,GTES,Gates Industrial Corporation plc Ordinary Shares,Stock,,nasdaq_trader_symbol_directory
NYSE,GTLS,"Chart Industries, Inc. Common Stock",Stock,,nasdaq_trader_symbol_directory
NYSE,GTN,"Gray Media, Inc. Common Stock",Stock,,nasdaq_trader_symbol_directory
NYSE,GTN.A,"Gray Media, Inc. Class A Common Stock",Stock,,nasdaq_trader_symbol_directory
NYSE,GTY,Getty Realty Corporation Common Stock,Stock,,nasdaq_trader_symbol_directory
NYSE,GUG,Guggenheim Active Allocation Fund Common Shares of Beneficial Interest,Stock,,nasdaq_trader_symbol_directory
NYSE,GUT,Gabelli Utility Trust (The) Common Stock,Stock,,nasdaq_trader_symbol_directory
NYSE,GUT$C,Gabelli Utility Trust (The) 5.375% Series C Cumulative Preferred Shares,Stock,,nasdaq_trader_symbol_directory
NYSE,GVA,Granite Construction Incorporated Common Stock,Stock,,nasdaq_trader_symbol_directory
NYSE,GWH,"ESS Tech, Inc. Common Stock",Stock,,nasdaq_trader_symbol_directory
NYSE,GWH.W,"ESS Tech, Inc. Warrant",Stock,,nasdaq_trader_symbol_directory
NYSE,GWRE,"Guidewire Software, Inc. Common Stock",Stock,,nasdaq_trader_symbol_directory
NYSE,GWW,"W.W. Grainger, Inc. Common Stock",Stock,,nasdaq_trader_symbol_directory
NYSE,GXO,"GXO Logistics, Inc. Common Stock",Stock,,nasdaq_trader_symbol_directory
NYSE,GYLD,Arrow Dow Jones Global Yield ETF ETF,ETF,,nasdaq_trader_symbol_directory
NYSE,H,Hyatt Hotels Corporation Class A Common Stock,Stock,,nasdaq_trader_symbol_directory
NYSE,HAE,Haemonetics Corporation Common Stock,Stock,,nasdaq_trader_symbol_directory
NYSE,HAFN,Hafnia Limited Common Shares,Stock,,nasdaq_trader_symbol_directory
NYSE,HAL,Halliburton Company Common Stock,Stock,,nasdaq_trader_symbol_directory
NYSE,HASI,"HA Sustainable Infrastructure Capital, Inc. Common Stock",Stock,,nasdaq_trader_symbol_directory
NYSE,HAWK,"HawkEye 360, Inc. Common Stock",Stock,,nasdaq_trader_symbol_directory
NYSE,HAYW,"Hayward Holdings, Inc. Common Stock",Stock,,nasdaq_trader_symbol_directory
NYSE,HBB,Hamilton Beach Brands Holding Company Class A Common Stock,Stock,,nasdaq_trader_symbol_directory
NYSE,HBM,Hudbay Minerals Inc. Ordinary Shares (Canada),Stock,,nasdaq_trader_symbol_directory
NYSE,HCA,"HCA Healthcare, Inc. Common Stock",Stock,,nasdaq_trader_symbol_directory
NYSE,HCC,"Warrior Met Coal, Inc. Common Stock",Stock,,nasdaq_trader_symbol_directory
NYSE,HCI,"HCI Group, Inc. Common Stock",Stock,,nasdaq_trader_symbol_directory
NYSE,HCXY,"Hercules Capital, Inc. 6.25% Notes due 2033",Stock,,nasdaq_trader_symbol_directory
NYSE,HD,"Home Depot, Inc. (The) Common Stock",Stock,,nasdaq_trader_symbol_directory
NYSE,HDB,HDFC Bank Limited Common Stock,Stock,,nasdaq_trader_symbol_directory
NYSE,HE,"Hawaiian Electric Industries, Inc. Common Stock",Stock,,nasdaq_trader_symbol_directory
NYSE,HEI,Heico Corporation Common Stock,Stock,,nasdaq_trader_symbol_directory
NYSE,HEI.A,Heico Corporation Common Stock,Stock,,nasdaq_trader_symbol_directory
NYSE,HEQ,John Hancock Diversified Income Fund Common Shares of Beneficial Interest,Stock,,nasdaq_trader_symbol_directory
NYSE,HESM,Hess Midstream LP Class A Representing Limited Partner Interests,Stock,,nasdaq_trader_symbol_directory
NYSE,HF,DGA Core Plus Absolute Return ETF,ETF,,nasdaq_trader_symbol_directory
NYSE,HFEQ,Unlimited HFEQ Equity Long/Short ETF,ETF,,nasdaq_trader_symbol_directory
NYSE,HFGM,Unlimited HFGM Global Macro ETF,ETF,,nasdaq_trader_symbol_directory
NYSE,HFMF,Unlimited HFMF Managed Futures ETF,ETF,,nasdaq_trader_symbol_directory
NYSE,HFND,Unlimited HFND Multi-Strategy Return Tracker ETF,ETF,,nasdaq_trader_symbol_directory
NYSE,HFRO,Highland Opportunities and Income Fund Common Shares of Beneficial Interest,Stock,,nasdaq_trader_symbol_directory
NYSE,HFRO$A,Highland Opportunities and Income Fund 5.375% Series A Cumulative Preferred Shares,Stock,,nasdaq_trader_symbol_directory
NYSE,HFRO$B,Highland Opportunities and Income Fund 5.375% Series B Cumulative Preferred Shares,Stock,,nasdaq_trader_symbol_directory
NYSE,HG,"Hamilton Insurance Group, Ltd. Class B Common Shares",Stock,,nasdaq_trader_symbol_directory
NYSE,HGER,Harbor Commodity All-Weather Strategy ETF,ETF,,nasdaq_trader_symbol_directory
NYSE,HGLB,Highland Global Allocation Fund Common Stock,Stock,,nasdaq_trader_symbol_directory
NYSE,HGTY,"Hagerty, Inc. Class A Common Stock",Stock,,nasdaq_trader_symbol_directory
NYSE,HGV,Hilton Grand Vacations Inc. Common Stock,Stock,,nasdaq_trader_symbol_directory
NYSE,HHH,Howard Hughes Holdings Inc. Common Stock,Stock,,nasdaq_trader_symbol_directory
NYSE,HIG,"The Hartford Insurance Group, Inc. Common Stock",Stock,,nasdaq_trader_symbol_directory
NYSE,HIG$G,"The Hartford Insurance Group, Inc. Depositary Shares each representing a 1/1000th interest in a share of 6.000% Non-Cumulative Preferred Stock, Series G",Stock,,nasdaq_trader_symbol_directory
NYSE,HII,"Huntington Ingalls Industries, Inc. Common Stock",Stock,,nasdaq_trader_symbol_directory
NYSE,HIMS,"Hims & Hers Health, Inc. Class A Common Stock",Stock,,nasdaq_trader_symbol_directory
NYSE,HIO,"Western Asset High Income Opportunity Fund, Inc. Common Stock",Stock,,nasdaq_trader_symbol_directory
NYSE,HIPO,Hippo Holdings Inc. Common Stock,Stock,,nasdaq_trader_symbol_directory
NYSE,HIW,"Highwoods Properties, Inc. Common Stock",Stock,,nasdaq_trader_symbol_directory
NYSE,HIX,Western Asset High Income Fund II Inc. Common Stock,Stock,,nasdaq_trader_symbol_directory
NYSE,HKD,AMTD Digital Inc. American Depositary Shares (every five of which represent two Class A Ordinary Shares),Stock,,nasdaq_trader_symbol_directory
NYSE,HL,Hecla Mining Company Common Stock,Stock,,nasdaq_trader_symbol_directory
NYSE,HL$B,Hecla Mining Company Preferred Stock,Stock,,nasdaq_trader_symbol_directory
NYSE,HLF,Herbalife Ltd. Common Shares,Stock,,nasdaq_trader_symbol_directory
NYSE,HLI,"Houlihan Lokey, Inc. Class A Common Stock",Stock,,nasdaq_trader_symbol_directory
NYSE,HLIO,"Helios Technologies, Inc. Common Stock",Stock,,nasdaq_trader_symbol_directory
NYSE,HLLY,Holley Inc. Common Stock,Stock,,nasdaq_trader_symbol_directory
NYSE,HLLY.W,Holley Inc. Warrants,Stock,,nasdaq_trader_symbol_directory
NYSE,HLN,Haleon plc American Depositary Shares (Each representing two Ordinary Shares),Stock,,nasdaq_trader_symbol_directory
NYSE,HLT,Hilton Worldwide Holdings Inc. Common Stock,Stock,,nasdaq_trader_symbol_directory
NYSE,HLX,"Helix Energy Solutions Group, Inc. Common Stock",Stock,,nasdaq_trader_symbol_directory
NYSE,HMC,"Honda Motor Company, Ltd. Common Stock",Stock,,nasdaq_trader_symbol_directory
NYSE,HMN,Horace Mann Educators Corporation Common Stock,Stock,,nasdaq_trader_symbol_directory
NYSE,HMY,Harmony Gold Mining Company Limited,Stock,,nasdaq_trader_symbol_directory
NYSE,HNGE,"Hinge Health, Inc. Class A Common Stock",Stock,,nasdaq_trader_symbol_directory
NYSE,HNI,HNI Corporation Common Stock,Stock,,nasdaq_trader_symbol_directory
NYSE,HOG,"Harley-Davidson, Inc. Common Stock",Stock,,nasdaq_trader_symbol_directory
NYSE,HOMB,"Home BancShares, Inc. Common Stock",Stock,,nasdaq_trader_symbol_directory
NYSE,HOV,"Hovnanian Enterprises, Inc. Class A Common Stock",Stock,,nasdaq_trader_symbol_directory
NYSE,HP,"Helmerich & Payne, Inc. Common Stock",Stock,,nasdaq_trader_symbol_directory
NYSE,HPE,Hewlett Packard Enterprise Company Common Stock,Stock,,nasdaq_trader_symbol_directory
NYSE,HPE$C,Hewlett Packard Enterprise Company 7.625% Series C Mandatory Convertible Preferred Stock,Stock,,nasdaq_trader_symbol_directory
NYSE,HPF,John Hancock Pfd Income Fund II Pfd Income Fund II,Stock,,nasdaq_trader_symbol_directory
NYSE,HPI,John Hancock Preferred Income Fund Common Shares of Beneficial Interest,Stock,,nasdaq_trader_symbol_directory
NYSE,HPP,"Hudson Pacific Properties, Inc. Common Stock",Stock,,nasdaq_trader_symbol_directory
NYSE,HPP$C,"Hudson Pacific Properties, Inc. 4.750% Series C Cumulative Redeemable Preferred Stock",Stock,,nasdaq_trader_symbol_directory
NYSE,HPQ,HP Inc. Common Stock,Stock,,nasdaq_trader_symbol_directory
NYSE,HPS,John Hancock Preferred Income Fund III Preferred Income Fund III,Stock,,nasdaq_trader_symbol_directory
NYSE,HQH,abrdn Healthcare Investors Shares of Beneficial Interest,Stock,,nasdaq_trader_symbol_directory
NYSE,HQL,abrdn Life Sciences Investors Shares of Beneficial Interest,Stock,,nasdaq_trader_symbol_directory
NYSE,HR,Healthcare Realty Trust Incorporated Common Stock,Stock,,nasdaq_trader_symbol_directory
NYSE,HRB,"H&R Block, Inc. Common Stock",Stock,,nasdaq_trader_symbol_directory
NYSE,HRI,Herc Holdings Inc. Common Stock,Stock,,nasdaq_trader_symbol_directory
NYSE,HRL,Hormel Foods Corporation Common Stock,Stock,,nasdaq_trader_symbol_directory
NYSE,HRTG,"Heritage Insurance Holdings, Inc. Common Stock",Stock,,nasdaq_trader_symbol_directory
NYSE,HSBC,"HSBC Holdings, plc. Common Stock",Stock,,nasdaq_trader_symbol_directory
NYSE,HSHP,Himalaya Shipping Ltd. Common Shares,Stock,,nasdaq_trader_symbol_directory
NYSE,HSY,The Hershey Company Common Stock,Stock,,nasdaq_trader_symbol_directory
NYSE,HTB,"HomeTrust Bancshares, Inc. Common Stock",Stock,,nasdaq_trader_symbol_directory
NYSE,HTD,John Hancock Tax Advantaged Dividend Income Fund Common Shares of Beneficial Interest,Stock,,nasdaq_trader_symbol_directory
NYSE,HTFC,Horizon Technology Finance Corporation 6.25% Notes due 2027,Stock,,nasdaq_trader_symbol_directory
NYSE,HTGC,"Hercules Capital, Inc. Common Stock",Stock,,nasdaq_trader_symbol_directory
NYSE,HTH,Hilltop Holdings Inc.,Stock,,nasdaq_trader_symbol_directory
NYSE,HTT,"High Templar Tech Limited American depositary shares, each representing one Class A ordinary share",Stock,,nasdaq_trader_symbol_directory
NYSE,HUBB,Hubbell Inc Common Stock,Stock,,nasdaq_trader_symbol_directory
NYSE,HUBS,"HubSpot, Inc. Common Stock",Stock,,nasdaq_trader_symbol_directory
NYSE,HUM,Humana Inc. Common Stock,Stock,,nasdaq_trader_symbol_directory
NYSE,HUN,Huntsman Corporation Common Stock,Stock,,nasdaq_trader_symbol_directory
NYSE,HUYA,"HUYA Inc. American depositary shares, each representing one Class A ordinary share",Stock,,nasdaq_trader_symbol_directory
NYSE,HVT,"Haverty Furniture Companies, Inc. Common Stock",Stock,,nasdaq_trader_symbol_directory
NYSE,HVT.A,"Haverty Furniture Companies, Inc. Common Stock",Stock,,nasdaq_trader_symbol_directory
NYSE,HWM,Howmet Aerospace Inc. Common Stock,Stock,,nasdaq_trader_symbol_directory
NYSE,HXL,Hexcel Corporation Common Stock,Stock,,nasdaq_trader_symbol_directory
NYSE,HY,"Hyster-Yale, Inc. Class A common stock",Stock,,nasdaq_trader_symbol_directory
NYSE,HYBX,TCW High Yield Bond ETF,ETF,,nasdaq_trader_symbol_directory
NYSE,HYI,Western Asset High Yield Opportunity Fund Inc. Common Stock,Stock,,nasdaq_trader_symbol_directory
NYSE,HYT,"Blackrock Corporate High Yield Fund, Inc. Common Stock",Stock,,nasdaq_trader_symbol_directory
NYSE,HYTR,Counterpoint High Yield Trend ETF,ETF,,nasdaq_trader_symbol_directory
NYSE,HZO,"MarineMax, Inc. (FL) Common Stock",Stock,,nasdaq_trader_symbol_directory
NYSE,IAE,Voya Asia Pacific High Dividend Equity Income Fund ING Asia Pacific High Dividend Equity Income Fund Common Shares of Beneficial Interest,Stock,,nasdaq_trader_symbol_directory
NYSE,IAG,Iamgold Corporation Ordinary Shares,Stock,,nasdaq_trader_symbol_directory
NYSE,IBM,International Business Machines Corporation Common Stock,Stock,,nasdaq_trader_symbol_directory
NYSE,IBN,ICICI Bank Limited Common Stock,Stock,,nasdaq_trader_symbol_directory
NYSE,IBP,"Installed Building Products, Inc. Common Stock",Stock,,nasdaq_trader_symbol_directory
NYSE,IBTA,"Ibotta, Inc. Class A Common Stock",Stock,,nasdaq_trader_symbol_directory
NYSE,ICE,Intercontinental Exchange Inc. Common Stock,Stock,,nasdaq_trader_symbol_directory
NYSE,ICL,ICL Group Ltd. Ordinary Shares,Stock,,nasdaq_trader_symbol_directory
NYSE,ICR$A,"InPoint Commercial Real Estate Income, Inc. 6.75% Series A Cumulative Redeemable Preferred Stock",Stock,,nasdaq_trader_symbol_directory
NYSE,IDA,"IDACORP, Inc. Common Stock",Stock,,nasdaq_trader_symbol_directory
NYSE,IDE,"Voya Infrastructure, Industrials and Materials Fund Common Shares of Beneficial Interest",Stock,,nasdaq_trader_symbol_directory
NYSE,IDT,IDT Corporation Class B Common Stock,Stock,,nasdaq_trader_symbol_directory
NYSE,IEX,IDEX Corporation Common Stock,Stock,,nasdaq_trader_symbol_directory
NYSE,IFF,"International Flavors & Fragrances, Inc. Common Stock",Stock,,nasdaq_trader_symbol_directory
NYSE,IFN,"Aberdeen India Fund, Inc. Common Stock",Stock,,nasdaq_trader_symbol_directory
NYSE,IFS,Intercorp Financial Services Inc. Common Shares,Stock,,nasdaq_trader_symbol_directory
NYSE,IGA,Voya Global Advantage and Premium Opportunity Fund Common Shares of Beneficial Interest,Stock,,nasdaq_trader_symbol_directory
NYSE,IGCB,TCW Corporate Bond ETF,ETF,,nasdaq_trader_symbol_directory
NYSE,IGD,Voya Global Equity Dividend and Premium Opportunity Fund,Stock,,nasdaq_trader_symbol_directory
NYSE,IGI,Western Asset Investment Grade Opportunity Trust Inc. Common Stock,Stock,,nasdaq_trader_symbol_directory
NYSE,IGR,CBRE Global Real Estate Income Fund Common Shares of Beneficial Interest,Stock,,nasdaq_trader_symbol_directory
NYSE,IH,"iHuman Inc. American depositary shares, each representing five Class A ordinary shares",Stock,,nasdaq_trader_symbol_directory
NYSE,IHD,Voya Emerging Markets High Income Dividend Equity Fund Common Shares,Stock,,nasdaq_trader_symbol_directory
NYSE,IHG,Intercontinental Hotels Group American Depositary Shares (Each representing one Ordinary Share),Stock,,nasdaq_trader_symbol_directory
NYSE,IHS,IHS Holding Limited Ordinary Shares,Stock,,nasdaq_trader_symbol_directory
NYSE,IIF,"Morgan Stanley India Investment Fund, Inc. Common Stock",Stock,,nasdaq_trader_symbol_directory
NYSE,IIIN,"Insteel Industries, Inc. Common Stock",Stock,,nasdaq_trader_symbol_directory
NYSE,IIM,Invesco Value Municipal Income Trust Common Stock,Stock,,nasdaq_trader_symbol_directory
NYSE,IIPR,"Innovative Industrial Properties, Inc. Common Stock",Stock,,nasdaq_trader_symbol_directory
NYSE,IIPR$A,"Innovative Industrial Properties, Inc. 9.00% Series A Cumulative Redeemable Preferred Stock",Stock,,nasdaq_trader_symbol_directory
NYSE,IMAX,Imax Corporation Common Stock,Stock,,nasdaq_trader_symbol_directory
NYSE,INFO,Harbor PanAgora Dynamic Large Cap Core ETF,ETF,,nasdaq_trader_symbol_directory
NYSE,INFQ,"Infleqtion, Inc. Common Stock",Stock,,nasdaq_trader_symbol_directory
NYSE,INFQ.W,"Infleqtion, Inc. Warrants, each whole warrant exercisable for one share of Common Stock at an exercise price of $11.50 per share",Stock,,nasdaq_trader_symbol_directory
NYSE,INFY,Infosys Limited American Depositary Shares,Stock,,nasdaq_trader_symbol_directory
NYSE,ING,"ING Group, N.V. Common Stock",Stock,,nasdaq_trader_symbol_directory
NYSE,INGM,Ingram Micro Holding Corporation Common Stock,Stock,,nasdaq_trader_symbol_directory
NYSE,INGR,Ingredion Incorporated Common Stock,Stock,,nasdaq_trader_symbol_directory
NYSE,INN,"Summit Hotel Properties, Inc. Common Stock",Stock,,nasdaq_trader_symbol_directory
NYSE,INN$E,"Summit Hotel Properties, Inc. 6.250% Series E Cumulative Redeemable Preferred Stock",Stock,,nasdaq_trader_symbol_directory
NYSE,INN$F,"Summit Hotel Properties, Inc. 5.875% Series F Cumulative Redeemable Preferred Stock, $0.01 par value per share",Stock,,nasdaq_trader_symbol_directory
NYSE,INR,"Infinity Natural Resources, Inc. Class A Common Stock",Stock,,nasdaq_trader_symbol_directory
NYSE,INSP,"Inspire Medical Systems, Inc. Common Stock",Stock,,nasdaq_trader_symbol_directory
NYSE,INSW,"International Seaways, Inc. Common Stock",Stock,,nasdaq_trader_symbol_directory
NYSE,INVH,Invitation Homes Inc. Common Stock,Stock,,nasdaq_trader_symbol_directory
NYSE,INVX,"Innovex International, Inc. Common Stock",Stock,,nasdaq_trader_symbol_directory
NYSE,IONQ,"IonQ, Inc. Common Stock",Stock,,nasdaq_trader_symbol_directory
NYSE,IONQ.W,"IonQ, Inc. Redeemable warrants, each whole warrant exercisable for one share of Common Stock, each at an exercise price of $11.50 per share",Stock,,nasdaq_trader_symbol_directory
NYSE,IOT,Samsara Inc. Class A Common Stock,Stock,,nasdaq_trader_symbol_directory
NYSE,IP,International Paper Company Common Stock,Stock,,nasdaq_trader_symbol_directory
NYSE,IPB,"Merrill Lynch & Co., Inc. 6.0518% Index Plus Trust Certificates Series 2003-1",ETF,,nasdaq_trader_symbol_directory
NYSE,IPI,"Intrepid Potash, Inc Common Stock",Stock,,nasdaq_trader_symbol_directory
NYSE,IQI,Invesco Quality Municipal Income Trust Common Stock,Stock,,nasdaq_trader_symbol_directory
NYSE,IQV,"IQVIA Holdings, Inc. Common Stock",Stock,,nasdaq_trader_symbol_directory
NYSE,IR,Ingersoll Rand Inc. Common Stock,Stock,,nasdaq_trader_symbol_directory
NYSE,IRAB,Iris Acquisition Corp II Class A Ordinary Shares,Stock,,nasdaq_trader_symbol_directory
NYSE,IRAB.U,"Iris Acquisition Corp II Units, each consisting of one Class A Ordinary Share and one-half of one redeemable Warrant",Stock,,nasdaq_trader_symbol_directory
NYSE,IRAB.W,"Iris Acquisition Corp II Redeemable Warrants, each whole warrant exercisable for one Class A Ordinary Share at an exercise price of $11.50 per share",Stock,,nasdaq_trader_symbol_directory
NYSE,IRM,Iron Mountain Incorporated (Delaware)Common Stock REIT,Stock,,nasdaq_trader_symbol_directory
NYSE,IRS,IRSA Inversiones Y Representaciones S.A. Global Depositary Shares (Each representing ten shares of Common Stock),Stock,,nasdaq_trader_symbol_directory
NYSE,IRT,"Independence Realty Trust, Inc. Common Stock",Stock,,nasdaq_trader_symbol_directory
NYSE,ISD,"PGIM High Yield Bond Fund, Inc.",Stock,,nasdaq_trader_symbol_directory
NYSE,IT,"Gartner, Inc. Common Stock",Stock,,nasdaq_trader_symbol_directory
NYSE,ITGR,Integer Holdings Corporation Common Stock,Stock,,nasdaq_trader_symbol_directory
NYSE,ITT,ITT Inc. Common Stock,Stock,,nasdaq_trader_symbol_directory
NYSE,ITUB,Itau Unibanco Banco Holding SA American Depositary Shares (Each repstg 500 Preferred shares),Stock,,nasdaq_trader_symbol_directory
NYSE,ITW,Illinois Tool Works Inc. Common Stock,Stock,,nasdaq_trader_symbol_directory
NYSE,IVR,INVESCO MORTGAGE CAPITAL INC Common Stock,Stock,,nasdaq_trader_symbol_directory
NYSE,IVR$C,"INVESCO MORTGAGE CAPITAL INC 7.5% Fixed-to-Floating Series C Cumulative Redeemable Preferred Stock, Liquation Preference $25.00 per Share",Stock,,nasdaq_trader_symbol_directory
NYSE,IVT,InvenTrust Properties Corp. Common Stock,Stock,,nasdaq_trader_symbol_directory
NYSE,IVZ,Invesco Ltd Common Stock,Stock,,nasdaq_trader_symbol_directory
NYSE,IX,ORIX Corporation American Depositary Shares,Stock,,nasdaq_trader_symbol_directory
NYSE,J,Jacobs Solutions Inc. Common Stock,Stock,,nasdaq_trader_symbol_directory
NYSE,JACS,Jackson Acquisition Company II Class A Ordinary Shares,Stock,,nasdaq_trader_symbol_directory
NYSE,JACS.R,"Jackson Acquisition Company II Rights, each right to acquire one-tenth (1/10) of one Class A ordinary share",Stock,,nasdaq_trader_symbol_directory
NYSE,JACS.U,"Jackson Acquisition Company II Units, each consisting of one Class A ordinary share and one right to acquire one-tenth (1/10) of one Class A ordinary share",Stock,,nasdaq_trader_symbol_directory
NYSE,JAN,"Janus Living, Inc. Class A-1 Common Stock",Stock,,nasdaq_trader_symbol_directory
NYSE,JBGS,JBG SMITH Properties Common Shares,Stock,,nasdaq_trader_symbol_directory
NYSE,JBI,"Janus International Group, Inc. Common Stock",Stock,,nasdaq_trader_symbol_directory
NYSE,JBK,Lehman ABS 3.50 3.50% Adjustable Corp Backed Tr Certs GS Cap I,Stock,,nasdaq_trader_symbol_directory
NYSE,JBL,Jabil Inc. Common Stock,Stock,,nasdaq_trader_symbol_directory
NYSE,JBND,JPMorgan Active Bond ETF,ETF,,nasdaq_trader_symbol_directory
NYSE,JBS,JBS N.V. Class A Common Shares,Stock,,nasdaq_trader_symbol_directory
NYSE,JBTM,JBT Marel Corporation Common Stock,Stock,,nasdaq_trader_symbol_directory
NYSE,JCE,Nuveen Core Equity Alpha Fund Common Shares of Beneficial Interest,Stock,,nasdaq_trader_symbol_directory
NYSE,JCI,Johnson Controls International plc Ordinary Share,Stock,,nasdaq_trader_symbol_directory
NYSE,JEF,Jefferies Financial Group Inc. Common Stock,Stock,,nasdaq_trader_symbol_directory
NYSE,JELD,"JELD-WEN Holding, Inc. Common Stock",Stock,,nasdaq_trader_symbol_directory
NYSE,JENA,Jena Acquisition Corporation II Class A Ordinary Shares,Stock,,nasdaq_trader_symbol_directory
NYSE,JENA.R,"Jena Acquisition Corporation II Rights, each right to acquire one-twentieth (1/20) of one Class A ordinary share",Stock,,nasdaq_trader_symbol_directory
NYSE,JENA.U,"Jena Acquisition Corporation II Units, each consisting of one Class A ordinary share and one right",Stock,,nasdaq_trader_symbol_directory
NYSE,JFR,Nuveen Floating Rate Income Fund Common Stock,Stock,,nasdaq_trader_symbol_directory
NYSE,JGH,Nuveen Global High Income Fund Common Shares of Beneficial Interest,Stock,,nasdaq_trader_symbol_directory
NYSE,JHG,Janus Henderson Group plc Ordinary Shares,Stock,,nasdaq_trader_symbol_directory
NYSE,JHI,John Hancock Investors Trust Common Stock,Stock,,nasdaq_trader_symbol_directory
NYSE,JHS,John Hancock Income Securities Trust Common Stock,Stock,,nasdaq_trader_symbol_directory
NYSE,JHX,James Hardie Industries plc. Ordinary Shares,Stock,,nasdaq_trader_symbol_directory
NYSE,JILL,"J. Jill, Inc. Common Stock",Stock,,nasdaq_trader_symbol_directory
NYSE,JKS,JinkoSolar Holding Company Limited American Depositary Shares (each representing 4 Common Shares),Stock,,nasdaq_trader_symbol_directory
NYSE,JLL,Jones Lang LaSalle Incorporated Common Stock,Stock,,nasdaq_trader_symbol_directory
NYSE,JLS,Nuveen Mortgage and Income Fund,Stock,,nasdaq_trader_symbol_directory
NYSE,JMIA,"Jumia Technologies AG American Depositary Shares, each representing two Ordinary Shares",Stock,,nasdaq_trader_symbol_directory
NYSE,JMM,Nuveen Multi-Market Income Fund (MA),Stock,,nasdaq_trader_symbol_directory
NYSE,JNJ,Johnson & Johnson Common Stock,Stock,,nasdaq_trader_symbol_directory
NYSE,JOBY,"Joby Aviation, Inc. Common Stock",Stock,,nasdaq_trader_symbol_directory
NYSE,JOBY.W,"Joby Aviation, Inc. Warrants",Stock,,nasdaq_trader_symbol_directory
NYSE,JOE,St. Joe Company (The) Common Stock,Stock,,nasdaq_trader_symbol_directory
NYSE,JOF,Japan Smaller Capitalization Fund Inc Common Stock,Stock,,nasdaq_trader_symbol_directory
NYSE,JPC,Nuveen Preferred & Income Opportunities Fund,Stock,,nasdaq_trader_symbol_directory
NYSE,JPM,JP Morgan Chase & Co. Common Stock,Stock,,nasdaq_trader_symbol_directory
NYSE,JPM$C,"J P Morgan Chase & Co Depositary Shares, each representing a 1/400th interest in a share of 6.00% Non-Cumulative Preferred Stock, Series EE",Stock,,nasdaq_trader_symbol_directory
NYSE,JPM$D,"J P Morgan Chase & Co Depositary Shares, each representing a 1/400th interest in a share of 5.75% Non-Cumulative Preferred Stock, Series DD",Stock,,nasdaq_trader_symbol_directory
NYSE,JPM$J,"J P Morgan Chase & Co Depositary Shares, each representing a 1/400th interest in a share of JPMorgan Chase & Co. 4.75% Non-Cumulative Preferred Stock, Series GG",Stock,,nasdaq_trader_symbol_directory
NYSE,JPM$K,"J P Morgan Chase & Co Depositary Shares, each representing a 1/400th interest in a share of 4.55% Non-Cumulative Preferred Stock, Series JJ",Stock,,nasdaq_trader_symbol_directory
NYSE,JPM$L,"J P Morgan Chase & Co Depositary Shares, each representing a 1/400th interest in a share of 4.625% Non-Cumulative Preferred Stock, Series LL",Stock,,nasdaq_trader_symbol_directory
NYSE,JPM$M,"J P Morgan Chase & Co Depositary Shares, each representing a 1/400th interest in a share of 4.20% Non-Cumulative Preferred Stock, Series MM",Stock,,nasdaq_trader_symbol_directory
NYSE,JQC,Nuveen Credit Strategies Income Fund Shares of Beneficial Interest,Stock,,nasdaq_trader_symbol_directory
NYSE,JRI,Nuveen Real Asset Income and Growth Fund Common Shares of Beneficial Interest,Stock,,nasdaq_trader_symbol_directory
NYSE,JRS,Nuveen Real Estate Income Fund Common Shares of Beneficial Interest,Stock,,nasdaq_trader_symbol_directory
NYSE,JXN,Jackson Financial Inc. Class A Common Stock,Stock,,nasdaq_trader_symbol_directory
NYSE,JXN$A,"Jackson Financial Inc. Depositary Shares, each representing a 1/1,000th interest in a share of Fixed-Rate Reset Noncumulative Perpetual Preferred Stock, Series A",Stock,,nasdaq_trader_symbol_directory
NYSE,KAI,Kadant Inc Common Stock,Stock,,nasdaq_trader_symbol_directory
NYSE,KB,KB Financial Group Inc,Stock,,nasdaq_trader_symbol_directory
NYSE,KBDC,"Kayne Anderson BDC, Inc. Common Stock",Stock,,nasdaq_trader_symbol_directory
NYSE,KBH,KB Home Common Stock,Stock,,nasdaq_trader_symbol_directory
NYSE,KBR,"KBR, Inc. Common Stock",Stock,,nasdaq_trader_symbol_directory
NYSE,KCA.U,"Kensington Capital Acquisition Corp. VI New Units, each consisting of one Class A Ordinary Share and three-quarters of one Class 2 Redeemable Warrant",Stock,,nasdaq_trader_symbol_directory
NYSE,KCAC.U,"Kensington Capital Acquisition Corp. VI Units, each consisting of one Class A ordinary share, one-quarter of one Class 1 redeemable warrant and three-quarters of one Class 2 redeemable warrant",Stock,,nasdaq_trader_symbol_directory
NYSE,KCAC.W,"Kensington Capital Acquisition Corp. VI Class 1 redeemable warrants, each exercisable for one Class A ordinary share at an exercise price of $11.50",Stock,,nasdaq_trader_symbol_directory
NYSE,KD,"Kyndryl Holdings, Inc. Common Stock",Stock,,nasdaq_trader_symbol_directory
NYSE,KEN,Kenon Holdings Ltd. Ordinary Shares,Stock,,nasdaq_trader_symbol_directory
NYSE,KEP,Korea Electric Power Corporation Common Stock,Stock,,nasdaq_trader_symbol_directory
NYSE,KEX,Kirby Corporation Common Stock,Stock,,nasdaq_trader_symbol_directory
NYSE,KEY,KeyCorp Common Stock,Stock,,nasdaq_trader_symbol_directory
NYSE,KEY$I,"KeyCorp Depositary Shares Each Representing a 1/40th Ownership Interest in a Share of Fixed-to-Floating Rate Perpetual Non-Cumulative Preferred Stock, Series E",Stock,,nasdaq_trader_symbol_directory
NYSE,KEY$J,"KeyCorp Depositary Shares each representing a 1/40th ownership interest in a share of Fixed Rate Perpetual Non-Cumulative Preferred Stock, Series F",Stock,,nasdaq_trader_symbol_directory
NYSE,KEY$K,"KeyCorp Depositary Shares, each representing a 1/40th ownership interest in a share of Fixed Rate Perpetual Non-Cumulative Preferred Stock, Series G",Stock,,nasdaq_trader_symbol_directory
NYSE,KEY$L,"KeyCorp Depositary Shares each representing a 1/40th ownership interest in a share of Fixed Rate Perpetual Non-Cumulative Preferred Stock, Series H",Stock,,nasdaq_trader_symbol_directory
NYSE,KEYS,Keysight Technologies Inc. Common Stock,Stock,,nasdaq_trader_symbol_directory
NYSE,KF,"Korea Fund, Inc. (The) New Common Stock",Stock,,nasdaq_trader_symbol_directory
NYSE,KFRC,"Kforce, Inc. Common Stock",Stock,,nasdaq_trader_symbol_directory
NYSE,KFY,Korn Ferry Common Stock,Stock,,nasdaq_trader_symbol_directory
NYSE,KGC,Kinross Gold Corporation Common Stock,Stock,,nasdaq_trader_symbol_directory
NYSE,KGS,"Kodiak Gas Services, Inc. Common Stock",Stock,,nasdaq_trader_symbol_directory
NYSE,KIM,Kimco Realty Corporation (HC) Common Stock,Stock,,nasdaq_trader_symbol_directory
NYSE,KIM$L,"Kimco Realty Corporation Class L Depositary Shares, each of which represents a one-one thousandth fractional interest in a share of 5.125% Class L Cumulative Redeemable Preferred Stock, liquidation preference $25,000.00 per share",Stock,,nasdaq_trader_symbol_directory
NYSE,KIM$M,"Kimco Realty Corporation Class M Depositary Shares, each of which represents a one-one thousandth fractional interest in a share of 5.25% Class M Cumulative Redeemable Preferred Stock, liquidation preference $25,000.00 per share",Stock,,nasdaq_trader_symbol_directory
NYSE,KIM$N,"Kimco Realty Corporation Depositary Shares, each representing 1/1,000th interest in a share of 7.25% Class N Cumulative Convertible Perpetual Preferred Stock",Stock,,nasdaq_trader_symbol_directory
NYSE,KIO,KKR Income Opportunities Fund Common Shares,Stock,,nasdaq_trader_symbol_directory
NYSE,KKR,KKR & Co. Inc. Common Stock,Stock,,nasdaq_trader_symbol_directory
NYSE,KKR$D,KKR & Co. Inc. 6.25% Series D Mandatory Convertible Preferred Stock,Stock,,nasdaq_trader_symbol_directory
NYSE,KKRS,KKR Group Finance Co. IX LLC 4.625% Subordinated Notes due 2061,Stock,,nasdaq_trader_symbol_directory
NYSE,KKRT,KKR & Co. Inc. 6.875% Subordinated Notes due 2065,Stock,,nasdaq_trader_symbol_directory
NYSE,KLAR,Klarna Group plc Ordinary Shares,Stock,,nasdaq_trader_symbol_directory
NYSE,KLC,"KinderCare Learning Companies, Inc. Common Stock",Stock,,nasdaq_trader_symbol_directory
NYSE,KMI,"Kinder Morgan, Inc. Common Stock",Stock,,nasdaq_trader_symbol_directory
NYSE,KMPB,Kemper Corporation 5.875% Fixed-Rate Reset Junior Subordinated Debentures due 2062,Stock,,nasdaq_trader_symbol_directory
NYSE,KMPR,Kemper Corporation,Stock,,nasdaq_trader_symbol_directory
NYSE,KMT,Kennametal Inc. Common Stock,Stock,,nasdaq_trader_symbol_directory
NYSE,KMX,CarMax Inc,Stock,,nasdaq_trader_symbol_directory
NYSE,KN,Knowles Corporation Common Stock,Stock,,nasdaq_trader_symbol_directory
NYSE,KNF,Knife Riv Holding Co. Common Stock,Stock,,nasdaq_trader_symbol_directory
NYSE,KNOP,KNOT Offshore Partners LP Common Units representing Limited Partner Interests,Stock,,nasdaq_trader_symbol_directory
NYSE,KNSL,"Kinsale Capital Group, Inc. Common Stock",Stock,,nasdaq_trader_symbol_directory
NYSE,KNTK,Kinetik Holdings Inc. Class A Common Stock,Stock,,nasdaq_trader_symbol_directory
NYSE,KNX,Knight-Swift Transportation Holdings Inc.,Stock,,nasdaq_trader_symbol_directory
NYSE,KO,Coca-Cola Company (The) Common Stock,Stock,,nasdaq_trader_symbol_directory
NYSE,KODK,Eastman Kodak Company Common New,Stock,,nasdaq_trader_symbol_directory
NYSE,KOF,"Coca Cola Femsa S.A.B. de C.V. American Depositary Shares, each representing 10 Units (each Unit consists of 3 Series B Shares and 5 Series L Shares)",Stock,,nasdaq_trader_symbol_directory
NYSE,KOP,Koppers Holdings Inc. Common Stock,Stock,,nasdaq_trader_symbol_directory
NYSE,KORE,"KORE Group Holdings, Inc. Common Stock",Stock,,nasdaq_trader_symbol_directory
NYSE,KOS,Kosmos Energy Ltd. Common Shares (DE),Stock,,nasdaq_trader_symbol_directory
NYSE,KPET,KPET Ultra Paceline Corporation Class A Ordinary Shares,Stock,,nasdaq_trader_symbol_directory
NYSE,KPET.U,"KPET Ultra Paceline Corporation Units, each consisting of one Class A Ordinary Share and one-sixth of one Warrant",Stock,,nasdaq_trader_symbol_directory
NYSE,KPET.W,"KPET Ultra Paceline Corporation Warrants, each whole warrant exercisable for one Class A ordinary share at an exercise price of $11.50 per share",Stock,,nasdaq_trader_symbol_directory
NYSE,KR,Kroger Company (The) Common Stock,Stock,,nasdaq_trader_symbol_directory
NYSE,KRC,Kilroy Realty Corporation Common Stock,Stock,,nasdaq_trader_symbol_directory
NYSE,KREF,KKR Real Estate Finance Trust Inc. Common Stock,Stock,,nasdaq_trader_symbol_directory
NYSE,KREF$A,KKR Real Estate Finance Trust Inc. 6.50% Series A Cumulative Redeemable Preferred Stock,Stock,,nasdaq_trader_symbol_directory
NYSE,KRG,Kite Realty Group Trust Common Stock,Stock,,nasdaq_trader_symbol_directory
NYSE,KRMN,Karman Holdings Inc. Common Stock,Stock,,nasdaq_trader_symbol_directory
NYSE,KRO,Kronos Worldwide Inc Common Stock,Stock,,nasdaq_trader_symbol_directory
NYSE,KRP,Kimbell Royalty Partners Common Units Representing Limited Partner Interests,Stock,,nasdaq_trader_symbol_directory
NYSE,KRSP,Rice Acquisition Corporation 3 Class A Ordinary Shares,Stock,,nasdaq_trader_symbol_directory
NYSE,KRSP.U,"Rice Acquisition Corporation 3 Units, each consisting of one Class A ordinary share, and one-sixth of one redeemable warrant",Stock,,nasdaq_trader_symbol_directory
NYSE,KRSP.W,"Rice Acquisition Corporation 3 Redeemable warrants, each whole warrant exercisable for one Class A ordinary share at an exercise price of $11.50",Stock,,nasdaq_trader_symbol_directory
NYSE,KSS,Kohl's Corporation Common Stock,Stock,,nasdaq_trader_symbol_directory
NYSE,KT,KT Corporation Common Stock,Stock,,nasdaq_trader_symbol_directory
NYSE,KTB,"Kontoor Brands, Inc. Common Stock",Stock,,nasdaq_trader_symbol_directory
NYSE,KTF,DWS Municipal Income Trust,Stock,,nasdaq_trader_symbol_directory
NYSE,KTH,Structures Products Cp 8% CorTS Issued by Peco Energy Cap Tr II Preferred Stock,Stock,,nasdaq_trader_symbol_directory
NYSE,KTN,Structured Products Corp 8.205% CorTS 8.205% Corporate Backed Trust Securities (CorTS),Stock,,nasdaq_trader_symbol_directory
NYSE,KVUE,Kenvue Inc. Common Stock,Stock,,nasdaq_trader_symbol_directory
NYSE,KVYO,"Klaviyo, Inc. Series A Common Stock",Stock,,nasdaq_trader_symbol_directory
NYSE,KWR,Quaker Houghton Common Stock,Stock,,nasdaq_trader_symbol_directory
NYSE,KWY,Kingsway Corporation Common Stock,Stock,,nasdaq_trader_symbol_directory
NYSE,KYN,"Kayne Anderson Energy Infrastructure Fund, Inc.",Stock,,nasdaq_trader_symbol_directory
NYSE,L,Loews Corporation Common Stock,Stock,,nasdaq_trader_symbol_directory
NYSE,LAC,Lithium Americas Corp. Common Shares,Stock,,nasdaq_trader_symbol_directory
NYSE,LAD,"Lithia Motors, Inc. Common Stock",Stock,,nasdaq_trader_symbol_directory
NYSE,LADR,Ladder Capital Corp Class A Common Stock,Stock,,nasdaq_trader_symbol_directory
NYSE,LANV,Lanvin Group Holdings Limited Ordinary Shares,Stock,,nasdaq_trader_symbol_directory
NYSE,LAR,Lithium Argentina AG Common Shares,Stock,,nasdaq_trader_symbol_directory
NYSE,LAW,"CS Disco, Inc. Common Stock",Stock,,nasdaq_trader_symbol_directory
NYSE,LAZ,"Lazard, Inc. Common Stock",Stock,,nasdaq_trader_symbol_directory
NYSE,LB,LandBridge Company LLC Class A Shares Representing Limited Liability Company Interests,Stock,,nasdaq_trader_symbol_directory
NYSE,LBRT,Liberty Energy Inc. Class A common stock,Stock,,nasdaq_trader_symbol_directory
NYSE,LCII,LCI Industries,Stock,,nasdaq_trader_symbol_directory
NYSE,LCLN,"Lincoln International, Inc. Class A Common Stock",Stock,,nasdaq_trader_symbol_directory
NYSE,LDI,"loanDepot, Inc. Class A Common Stock",Stock,,nasdaq_trader_symbol_directory
NYSE,LDOS,"Leidos Holdings, Inc. Common Stock",Stock,,nasdaq_trader_symbol_directory
NYSE,LDP,"Cohen & Steers Limited Duration Preferred and Income Fund, Inc.",Stock,,nasdaq_trader_symbol_directory
NYSE,LEA,Lear Corporation Common Stock,Stock,,nasdaq_trader_symbol_directory
NYSE,LEG,"Leggett & Platt, Incorporated Common Stock",Stock,,nasdaq_trader_symbol_directory
NYSE,LEN,Lennar Corporation Class A Common Stock,Stock,,nasdaq_trader_symbol_directory
NYSE,LEN.B,Lennar Corporation Class B,Stock,,nasdaq_trader_symbol_directory
NYSE,LEO,"BNY Mellon Strategic Municipals, Inc. Common Stock",Stock,,nasdaq_trader_symbol_directory
NYSE,LEU,Centrus Energy Corp. Class A Common Stock,Stock,,nasdaq_trader_symbol_directory
NYSE,LEVI,Levi Strauss & Co Class A Common Stock,Stock,,nasdaq_trader_symbol_directory
NYSE,LFT,"Lument Finance Trust, Inc. Common Stock",Stock,,nasdaq_trader_symbol_directory
NYSE,LFT$A,"Lument Finance Trust, Inc. 7.875% Series A Cumulative Redeemable Preferred Stock",Stock,,nasdaq_trader_symbol_directory
NYSE,LGI,Lazard Global Total Return and Income Fund Common Stock,Stock,,nasdaq_trader_symbol_directory
NYSE,LH,Labcorp Holdings Inc. Common Stock,Stock,,nasdaq_trader_symbol_directory
NYSE,LHX,"L3Harris Technologies, Inc. Common Stock",Stock,,nasdaq_trader_symbol_directory
NYSE,LII,"Lennox International, Inc. Common Stock",Stock,,nasdaq_trader_symbol_directory
NYSE,LION,Lionsgate Studios Corp Common Shares,Stock,,nasdaq_trader_symbol_directory
NYSE,LITB,"LightInTheBox Holding Co., Ltd. American Depositary Shares, each representing twelve ordinary shares",Stock,,nasdaq_trader_symbol_directory
NYSE,LLY,Eli Lilly and Company Common Stock,Stock,,nasdaq_trader_symbol_directory
NYSE,LMND,"Lemonade, Inc. Common Stock",Stock,,nasdaq_trader_symbol_directory
NYSE,LMT,Lockheed Martin Corporation Common Stock,Stock,,nasdaq_trader_symbol_directory
NYSE,LNC,Lincoln National Corporation Common Stock,Stock,,nasdaq_trader_symbol_directory
NYSE,LNC$D,"Lincoln National Corporation Depositary Shares Each Representing a 1/1,000th Interest in a Share of 9.000% Non-Cumulative Preferred Stock, Series D",Stock,,nasdaq_trader_symbol_directory
NYSE,LND,Brasilagro Brazilian Agric Real Estate Co Sponsored ADR (Brazil),Stock,,nasdaq_trader_symbol_directory
NYSE,LNG,"Cheniere Energy, Inc. Common Stock",Stock,,nasdaq_trader_symbol_directory
NYSE,LNN,Lindsay Corporation Common Stock,Stock,,nasdaq_trader_symbol_directory
NYSE,LOAR,Loar Holdings Inc. Common Stock,Stock,,nasdaq_trader_symbol_directory
NYSE,LOB,"Live Oak Bancshares, Inc. Common Stock",Stock,,nasdaq_trader_symbol_directory
NYSE,LOB$A,"Live Oak Bancshares, Inc. Depositary Shares, Each Representing a 1/40th Interest in a Share of 8.375% Fixed Rate Series A Non-Cumulative Perpetual Preferred Stock",Stock,,nasdaq_trader_symbol_directory
NYSE,LOCL,Local Bounti Corporation Common Stock,Stock,,nasdaq_trader_symbol_directory
NYSE,LOMA,Loma Negra Compania Industrial Argentina Sociedad Anonima ADS,Stock,,nasdaq_trader_symbol_directory
NYSE,LOW,"Lowe's Companies, Inc. Common Stock",Stock,,nasdaq_trader_symbol_directory
NYSE,LPG,Dorian LPG Ltd. Common Stock,Stock,,nasdaq_trader_symbol_directory
NYSE,LPL,"LG Display Co, Ltd AMERICAN DEPOSITORY SHARES",Stock,,nasdaq_trader_symbol_directory
NYSE,LPX,Louisiana-Pacific Corporation Common Stock,Stock,,nasdaq_trader_symbol_directory
NYSE,LRN,"Stride, Inc. Common Stock",Stock,,nasdaq_trader_symbol_directory
NYSE,LSPD,Lightspeed Commerce Inc. Subordinate Voting Shares,Stock,,nasdaq_trader_symbol_directory
NYSE,LTC,"LTC Properties, Inc. Common Stock",Stock,,nasdaq_trader_symbol_directory
NYSE,LTH,"Life Time Group Holdings, Inc. Common Stock",Stock,,nasdaq_trader_symbol_directory
NYSE,LTM,"LATAM Airlines Group S.A. American Depositary Shares (each representing two thousand (2,000) shares of Common Stock)",Stock,,nasdaq_trader_symbol_directory
NYSE,LU,"Lufax Holding Ltd American Depositary Shares, each representing two (2) Ordinary Shares",Stock,,nasdaq_trader_symbol_directory
NYSE,LUCK,Lucky Strike Entertainment Corporation Class A Common Stock,Stock,,nasdaq_trader_symbol_directory
NYSE,LUMN,"Lumen Technologies, Inc. Common Stock",Stock,,nasdaq_trader_symbol_directory
NYSE,LUV,Southwest Airlines Company Common Stock,Stock,,nasdaq_trader_symbol_directory
NYSE,LUXE,"LuxExperience B.V. American Depositary Shares, each representing one Ordinary Share",Stock,,nasdaq_trader_symbol_directory
NYSE,LVS,Las Vegas Sands Corp. Common Stock,Stock,,nasdaq_trader_symbol_directory
NYSE,LVWR,"LiveWire Group, Inc. Common Stock",Stock,,nasdaq_trader_symbol_directory
NYSE,LVWR.W,"LiveWire Group, Inc. Warrants, each exercisable for one share of Common Stock at an exercise price of $11.50 per share",Stock,,nasdaq_trader_symbol_directory
NYSE,LW,"Lamb Weston Holdings, Inc. Common Stock",Stock,,nasdaq_trader_symbol_directory
NYSE,LXFR,Luxfer Holdings PLC Ordinary Shares,Stock,,nasdaq_trader_symbol_directory
NYSE,LXP,LXP Industrial Trust Common Stock (Maryland REIT),Stock,,nasdaq_trader_symbol_directory
NYSE,LXP$C,LXP Industrial Trust 6.5% Series C Cumulative Convertible Preferred Stock,Stock,,nasdaq_trader_symbol_directory
NYSE,LXU,"LSB Industries, Inc. Common Stock",Stock,,nasdaq_trader_symbol_directory
NYSE,LYB,LyondellBasell Industries NV Ordinary Shares Class A (Netherlands),Stock,,nasdaq_trader_symbol_directory
NYSE,LYG,Lloyds Banking Group Plc American Depositary Shares,Stock,,nasdaq_trader_symbol_directory
NYSE,LYV,"Live Nation Entertainment, Inc. Common Stock",Stock,,nasdaq_trader_symbol_directory
NYSE,LZB,La-Z-Boy Incorporated Common Stock,Stock,,nasdaq_trader_symbol_directory
NYSE,LZM,Lifezone Metals Limited Ordinary Shares,Stock,,nasdaq_trader_symbol_directory
NYSE,LZM.W,Lifezone Metals Limited Warrants,Stock,,nasdaq_trader_symbol_directory
NYSE,M,Macy's Inc Common Stock,Stock,,nasdaq_trader_symbol_directory
NYSE,MA,Mastercard Incorporated Common Stock,Stock,,nasdaq_trader_symbol_directory
NYSE,MAA,"Mid-America Apartment Communities, Inc. Common Stock",Stock,,nasdaq_trader_symbol_directory
NYSE,MAA$I,"Mid-America Apartment Communities, Inc. 8.50% Series I Cumulative Redeemable Preferred Stock",Stock,,nasdaq_trader_symbol_directory
NYSE,MAC,Macerich Company (The) Common Stock,Stock,,nasdaq_trader_symbol_directory
NYSE,MAGN,Magnera Corporation Common Stock,Stock,,nasdaq_trader_symbol_directory
NYSE,MAIN,Main Street Capital Corporation Common Stock,Stock,,nasdaq_trader_symbol_directory
NYSE,MAIR,Madison Air Solutions Corporation Class A Common Stock,Stock,,nasdaq_trader_symbol_directory
NYSE,MAN,ManpowerGroup Common Stock,Stock,,nasdaq_trader_symbol_directory
NYSE,MANE,"Veradermics, Incorporated Common Stock",Stock,,nasdaq_trader_symbol_directory
NYSE,MANU,Manchester United Ltd. Class A Ordinary Shares,Stock,,nasdaq_trader_symbol_directory
NYSE,MAS,Masco Corporation Common Stock,Stock,,nasdaq_trader_symbol_directory
NYSE,MATV,"Mativ Holdings, Inc. Common Stock",Stock,,nasdaq_trader_symbol_directory
NYSE,MATX,"Matson, Inc. Common Stock",Stock,,nasdaq_trader_symbol_directory
NYSE,MAX,"MediaAlpha, Inc. Class A Common Stock",Stock,,nasdaq_trader_symbol_directory
NYSE,MBC,"MasterBrand, Inc. Common Stock",Stock,,nasdaq_trader_symbol_directory
NYSE,MBGL.V,Mobility Global Inc. Common Stock When-Issued,Stock,,nasdaq_trader_symbol_directory
NYSE,MBI,MBIA Inc. Common Stock,Stock,,nasdaq_trader_symbol_directory
NYSE,MC,Moelis & Company Class A Common Stock,Stock,,nasdaq_trader_symbol_directory
NYSE,MCB,Metropolitan Bank Holding Corp. Common Stock,Stock,,nasdaq_trader_symbol_directory
NYSE,MCD,McDonald's Corporation Common Stock,Stock,,nasdaq_trader_symbol_directory
NYSE,MCI,Barings Corporate Investors Common Stock,Stock,,nasdaq_trader_symbol_directory
NYSE,MCK,McKesson Corporation Common Stock,Stock,,nasdaq_trader_symbol_directory
NYSE,MCN,XAI Madison Equity Premium Income Fund Common Shares,Stock,,nasdaq_trader_symbol_directory
NYSE,MCO,Moody's Corporation Common Stock,Stock,,nasdaq_trader_symbol_directory
NYSE,MCS,Marcus Corporation (The) Common Stock,Stock,,nasdaq_trader_symbol_directory
NYSE,MCY,Mercury General Corporation Common Stock,Stock,,nasdaq_trader_symbol_directory
NYSE,MD,"Pediatrix Medical Group, Inc. Common Stock",Stock,,nasdaq_trader_symbol_directory
NYSE,MDA,MDA Space Ltd. Common Shares,Stock,,nasdaq_trader_symbol_directory
NYSE,MDST,Westwood Salient Enhanced Midstream Income ETF,ETF,,nasdaq_trader_symbol_directory
NYSE,MDT,Medtronic plc. Ordinary Shares,Stock,,nasdaq_trader_symbol_directory
NYSE,MDU,"MDU Resources Group, Inc. Common Stock (Holding Company)",Stock,,nasdaq_trader_symbol_directory
NYSE,MDV,"Modiv Industrial, Inc. Class C Common Stock",Stock,,nasdaq_trader_symbol_directory
NYSE,MDV$A,"Modiv Industrial, Inc. 7.375% Series A Cumulative Redeemable Perpetual Preferred Stock",Stock,,nasdaq_trader_symbol_directory
NYSE,MEC,"Mayville Engineering Company, Inc. Common Stock",Stock,,nasdaq_trader_symbol_directory
NYSE,MED,MEDIFAST INC Common Stock,Stock,,nasdaq_trader_symbol_directory
NYSE,MEGI,NYLI CBRE Global Infrastructure Megatrends Term Fund Common Shares,Stock,,nasdaq_trader_symbol_directory
NYSE,MEI,"Methode Electronics, Inc. Common Stock",Stock,,nasdaq_trader_symbol_directory
NYSE,MER$K,"Bank of America Corporation Income Capital Obligation Notes initially due December 15, 2066",Stock,,nasdaq_trader_symbol_directory
NYSE,MET,"MetLife, Inc. Common Stock",Stock,,nasdaq_trader_symbol_directory
NYSE,MET$A,"MetLife, Inc. Preferred Series A Floating Rate",Stock,,nasdaq_trader_symbol_directory
NYSE,MET$E,"MetLife, Inc. Depositary Shares",Stock,,nasdaq_trader_symbol_directory
NYSE,MET$F,"MetLife, Inc. Depositary Shares, each representing a 1/1,000th interest in a share of 4.75% Non-Cumulative Preferred Stock, Series F",Stock,,nasdaq_trader_symbol_directory
NYSE,MFA,"MFA Financial, Inc.",Stock,,nasdaq_trader_symbol_directory
NYSE,MFA$B,"MFA Financial, Inc. Preferred Series B",Stock,,nasdaq_trader_symbol_directory
NYSE,MFA$C,"MFA Financial, Inc. 6.50% Series C Fixed-to-Floating Rate Cumulative Redeemable Preferred Stock",Stock,,nasdaq_trader_symbol_directory
NYSE,MFAN,"MFA Financial, Inc. 8.875% Senior Notes due 2029",Stock,,nasdaq_trader_symbol_directory
NYSE,MFAO,"MFA Financial, Inc. 9.000% Senior Notes due 2029",Stock,,nasdaq_trader_symbol_directory
NYSE,MFC,Manulife Financial Corporation Common Stock,Stock,,nasdaq_trader_symbol_directory
NYSE,MFG,"Mizuho Financial Group, Inc. Sponosred ADR (Japan)",Stock,,nasdaq_trader_symbol_directory
NYSE,MFM,Aberdeen Municipal Income Fund Common Shares of Beneficial Interest,Stock,,nasdaq_trader_symbol_directory
NYSE,MFSB,MFS Active Core Plus Bond ETF,ETF,,nasdaq_trader_symbol_directory
NYSE,MFSG,MFS Active Growth ETF,ETF,,nasdaq_trader_symbol_directory
NYSE,MFSI,MFS Active International ETF,ETF,,nasdaq_trader_symbol_directory
NYSE,MFSM,MFS Active Intermediate Muni Bond ETF,ETF,,nasdaq_trader_symbol_directory
NYSE,MFSV,MFS Active Value ETF,ETF,,nasdaq_trader_symbol_directory
NYSE,MG,Mistras Group Inc Common Stock,Stock,,nasdaq_trader_symbol_directory
NYSE,MGA,"Magna International, Inc. Common Stock",Stock,,nasdaq_trader_symbol_directory
NYSE,MGF,MFS Government Markets Income Trust Common Stock,Stock,,nasdaq_trader_symbol_directory
NYSE,MGM,MGM Resorts International Common Stock,Stock,,nasdaq_trader_symbol_directory
NYSE,MGR,"Affiliated Managers Group, Inc. 5.875% Junior Subordinated Notes due 2059",Stock,,nasdaq_trader_symbol_directory
NYSE,MGRB,"Affiliated Managers Group, Inc. 4.750% Junior Subordinated Notes due 2060",Stock,,nasdaq_trader_symbol_directory
NYSE,MGRD,"Affiliated Managers Group, Inc. 4.200% Junior Subordinated Notes due 2061",Stock,,nasdaq_trader_symbol_directory
NYSE,MGRE,"Affiliated Managers Group, Inc. 6.750% Junior Subordinated Notes due 2064",Stock,,nasdaq_trader_symbol_directory
NYSE,MGY,Magnolia Oil & Gas Corporation Class A Common Stock,Stock,,nasdaq_trader_symbol_directory
NYSE,MH,"McGraw Hill, Inc. Common Stock",Stock,,nasdaq_trader_symbol_directory
NYSE,MHD,"Blackrock MuniHoldings Fund, Inc. Common Stock",Stock,,nasdaq_trader_symbol_directory
NYSE,MHF,"Western Asset Municipal High Income Fund, Inc. Common Stock",Stock,,nasdaq_trader_symbol_directory
NYSE,MHK,"Mohawk Industries, Inc. Common Stock",Stock,,nasdaq_trader_symbol_directory
NYSE,MHLA,"Maiden Holdings, Ltd. 6.625% Notes due 2046",Stock,,nasdaq_trader_symbol_directory
NYSE,MHNC,"Maiden Holdings North America, Ltd. 7.75% Notes due 2043",Stock,,nasdaq_trader_symbol_directory
NYSE,MHO,"M/I Homes, Inc. Common Stock",Stock,,nasdaq_trader_symbol_directory
NYSE,MIAX,"Miami International Holdings, Inc. Common Stock",Stock,,nasdaq_trader_symbol_directory
NYSE,MICC,The Magnum Ice Cream Company N.V. Ordinary Shares,Stock,,nasdaq_trader_symbol_directory
NYSE,MIN,MFS Intermediate Income Trust Common Stock,Stock,,nasdaq_trader_symbol_directory
NYSE,MIR,"Mirion Technologies, Inc. Class A Common Stock",Stock,,nasdaq_trader_symbol_directory
NYSE,MITN,"TPG Mortgage Investment Trust, Inc. 9.500% Senior Notes due 2029",Stock,,nasdaq_trader_symbol_directory
NYSE,MITP,"TPG Mortgage Investment Trust, Inc. 9.500% Senior Notes due 2029",Stock,,nasdaq_trader_symbol_directory
NYSE,MITT,"TPG Mortgage Investment Trust, Inc. Common Stock",Stock,,nasdaq_trader_symbol_directory
NYSE,MITT$A,"TPG Mortgage Investment Trust, Inc. 8.25% Series A Cumulative Redeemable Preferred Stock",Stock,,nasdaq_trader_symbol_directory
NYSE,MITT$B,"TPG Mortgage Investment Trust, Inc. 8.00% Series B Cumulative Redeemable Preferred Stock",Stock,,nasdaq_trader_symbol_directory
NYSE,MITT$C,"TPG Mortgage Investment Trust, Inc. 8.00% Series C Fixed-to-Floating Rate Cumulative Redeemable Preferred Stock, $0.01 par value per share",Stock,,nasdaq_trader_symbol_directory
NYSE,MIY,"Blackrock MuniYield Michigan Quality Fund, Inc. Common Stock",Stock,,nasdaq_trader_symbol_directory
NYSE,MKC,"McCormick & Company, Incorporated Common Stock",Stock,,nasdaq_trader_symbol_directory
NYSE,MKC.V,"McCormick & Company, Incorporated Common Stock",Stock,,nasdaq_trader_symbol_directory
NYSE,MKL,Markel Group Inc. Common Stock,Stock,,nasdaq_trader_symbol_directory
NYSE,MLI,"Mueller Industries, Inc. Common Stock",Stock,,nasdaq_trader_symbol_directory
NYSE,MLM,"Martin Marietta Materials, Inc. Common Stock",Stock,,nasdaq_trader_symbol_directory
NYSE,MLP,"Maui Land & Pineapple Company, Inc. Common Stock",Stock,,nasdaq_trader_symbol_directory
NYSE,MLR,"Miller Industries, Inc. Common Stock",Stock,,nasdaq_trader_symbol_directory
NYSE,MMD,NYLI MacKay DefinedTerm Muni Opportunities Fund Common Shares,Stock,,nasdaq_trader_symbol_directory
NYSE,MMI,"Marcus & Millichap, Inc. Common Stock",Stock,,nasdaq_trader_symbol_directory
NYSE,MMID,MFS Active Mid Cap ETF,ETF,,nasdaq_trader_symbol_directory
NYSE,MMK,State Street Prime Money Market ETF,ETF,,nasdaq_trader_symbol_directory
NYSE,MMKT,Texas Capital Government Money Market ETF,ETF,,nasdaq_trader_symbol_directory
NYSE,MMM,3M Company Common Stock,Stock,,nasdaq_trader_symbol_directory
NYSE,MMS,"Maximus, Inc. Common Stock",Stock,,nasdaq_trader_symbol_directory
NYSE,MMT,Aberdeen Multi-Market Income Fund Common Shares of Beneficial Interest,Stock,,nasdaq_trader_symbol_directory
NYSE,MMU,"Western Asset Managed Municipals Fund, Inc. Common Stock",Stock,,nasdaq_trader_symbol_directory
NYSE,MNR,Mach Natural Resources LP Common Units representing Limited Partner Interests,Stock,,nasdaq_trader_symbol_directory
NYSE,MNSO,"MINISO Group Holding Limited American Depositary Shares, each representing four Ordinary Shares",Stock,,nasdaq_trader_symbol_directory
NYSE,MNTN,"MNTN, Inc. Class A Common Stock",Stock,,nasdaq_trader_symbol_directory
NYSE,MO,"Altria Group, Inc.",Stock,,nasdaq_trader_symbol_directory
NYSE,MOD,Modine Manufacturing Company Common Stock,Stock,,nasdaq_trader_symbol_directory
NYSE,MOG.A,Moog Inc. Class A Common Stock,Stock,,nasdaq_trader_symbol_directory
NYSE,MOG.B,Moog Inc. Class B Common Stock,Stock,,nasdaq_trader_symbol_directory
NYSE,MOGU,MOGU Inc. American Depositary Shares (each representing 25 Class A Ordinary Shares),Stock,,nasdaq_trader_symbol_directory
NYSE,MOH,Molina Healthcare Inc Common Stock,Stock,,nasdaq_trader_symbol_directory
NYSE,MOS,Mosaic Company (The) Common Stock,Stock,,nasdaq_trader_symbol_directory
NYSE,MOV,Movado Group Inc. Common Stock,Stock,,nasdaq_trader_symbol_directory
NYSE,MP,MP Materials Corp. Common Stock,Stock,,nasdaq_trader_symbol_directory
NYSE,MPA,Blackrock MuniYield Pennsylvania Quality Fund Common Stock,Stock,,nasdaq_trader_symbol_directory
NYSE,MPC,Marathon Petroleum Corporation Common Stock,Stock,,nasdaq_trader_symbol_directory
NYSE,MPLX,MPLX LP Common Units Representing Limited Partner Interests,Stock,,nasdaq_trader_symbol_directory
NYSE,MPT,"Medical Properties Trust, Inc. common stock",Stock,,nasdaq_trader_symbol_directory
NYSE,MPV,Barings Participation Investors Common Stock,Stock,,nasdaq_trader_symbol_directory
NYSE,MQY,"Blackrock MuniYield Quality Fund, Inc. Common Stock",Stock,,nasdaq_trader_symbol_directory
NYSE,MRK,"Merck & Company, Inc. Common Stock (new)",Stock,,nasdaq_trader_symbol_directory
NYSE,MRP,"Millrose Properties, Inc. Class A Common Stock",Stock,,nasdaq_trader_symbol_directory
NYSE,MRSH,Marsh Common Stock,Stock,,nasdaq_trader_symbol_directory
NYSE,MS,Morgan Stanley Common Stock,Stock,,nasdaq_trader_symbol_directory
NYSE,MS$A,Morgan Stanley Dep Shs repstg 1/1000 Pfd Ser A,Stock,,nasdaq_trader_symbol_directory
NYSE,MS$E,Morgan Stanley DEPOSITARY SHARES REP 1/1000TH SHARES FIXED/FLTG PREFERRED STOCK SERIES E,Stock,,nasdaq_trader_symbol_directory
NYSE,MS$F,Morgan Stanley Dep Shs Rpstg 1/1000th Int Prd Ser F Fxd to Flag,Stock,,nasdaq_trader_symbol_directory
NYSE,MS$I,Morgan Stanley Depository Shares Representing 1/1000th Preferred Series 1 Fixed to Floating Non (Cum),Stock,,nasdaq_trader_symbol_directory
NYSE,MS$K,"Morgan Stanley Depositary Shares, each representing 1/1,000th of a share of Fixed-to-Floating Rate Non-Cumulative Preferred Stock, Series K",Stock,,nasdaq_trader_symbol_directory
NYSE,MS$L,"Morgan Stanley Depositary Shares, each representing 1/1,000th of a share of 4.875% Non-Cumulative Preferred Stock, Series L",Stock,,nasdaq_trader_symbol_directory
NYSE,MS$O,"Morgan Stanley Depositary Shares, each representing 1/1,000th of a share of 4.250% Non-Cumulative Preferred Stock, Series O",Stock,,nasdaq_trader_symbol_directory
NYSE,MS$P,"Morgan Stanley Depositary Shares, each representing 1/1,000th of a share of 6.500% Non-Cumulative Preferred Stock, Series P",Stock,,nasdaq_trader_symbol_directory
NYSE,MS$Q,"Morgan Stanley Depositary Shares, each representing 1/1,000th of a share of 6.625% Non-Cumulative Preferred Stock, Series Q",Stock,,nasdaq_trader_symbol_directory
NYSE,MSA,MSA Safety Incorporated Common Stock,Stock,,nasdaq_trader_symbol_directory
NYSE,MSB,Mesabi Trust Common Stock,Stock,,nasdaq_trader_symbol_directory
NYSE,MSC,"Studio City International Holdings Limited American depositary shares, each representing four Class A ordinary shares",Stock,,nasdaq_trader_symbol_directory
NYSE,MSCI,MSCI Inc. Common Stock,Stock,,nasdaq_trader_symbol_directory
NYSE,MSD,"Morgan Stanley Emerging Markets Debt Fund, Inc. Common Stock",Stock,,nasdaq_trader_symbol_directory
NYSE,MSDL,Morgan Stanley Direct Lending Fund Common Stock,Stock,,nasdaq_trader_symbol_directory
NYSE,MSGE,Madison Square Garden Entertainment Corp. Class A Common Stock,Stock,,nasdaq_trader_symbol_directory
NYSE,MSGS,Madison Square Garden Sports Corp. Class A Common Stock (New),Stock,,nasdaq_trader_symbol_directory
NYSE,MSI,"Motorola Solutions, Inc. Common Stock",Stock,,nasdaq_trader_symbol_directory
NYSE,MSIF,"MSC Income Fund, Inc. Common Stock",Stock,,nasdaq_trader_symbol_directory
NYSE,MSM,"MSC Industrial Direct Company, Inc. Common Stock",Stock,,nasdaq_trader_symbol_directory
NYSE,MT,Arcelor Mittal NY Registry Shares NEW,Stock,,nasdaq_trader_symbol_directory
NYSE,MTAL,Metals Acquisition Corp. II Class A Ordinary Shares,Stock,,nasdaq_trader_symbol_directory
NYSE,MTAL.U,"Metals Acquisition Corp. II Units, each consisting of one Class A ordinary share and one-third of one redeemable warrant",Stock,,nasdaq_trader_symbol_directory
NYSE,MTAL.W,"Metals Acquisition Corp. II Warrants, each whole warrant exercisable for one Class A ordinary share at an exercise price of $11.50 per share",Stock,,nasdaq_trader_symbol_directory
NYSE,MTB,M&T Bank Corporation Common Stock,Stock,,nasdaq_trader_symbol_directory
NYSE,MTB$H,"M&T Bank Corporation Perpetual Fixed-to-Floating Rate Non-Cumulative Preferred Stock, Series H",Stock,,nasdaq_trader_symbol_directory
NYSE,MTB$J,"M&T Bank Corporation Depositary Shares each representing a 1/400th ownership interest in a share of Perpetual 7.500% Non-Cumulative Preferred Stock, Series J",Stock,,nasdaq_trader_symbol_directory
NYSE,MTB$K,"M&T Bank Corporation Depositary Shares each representing a 1/400th interest in a share of Perpetual 6.350% Non-Cumulative Preferred Stock, Series K",Stock,,nasdaq_trader_symbol_directory
NYSE,MTD,"Mettler-Toledo International, Inc. Common Stock",Stock,,nasdaq_trader_symbol_directory
NYSE,MTDR,Matador Resources Company Common Stock,Stock,,nasdaq_trader_symbol_directory
NYSE,MTG,MGIC Investment Corporation Common Stock,Stock,,nasdaq_trader_symbol_directory
NYSE,MTH,Meritage Homes Corporation Common Stock,Stock,,nasdaq_trader_symbol_directory
NYSE,MTN,"Vail Resorts, Inc. Common Stock",Stock,,nasdaq_trader_symbol_directory
NYSE,MTNE,CH4 Natural Solutions Corporation Class A Ordinary Shares,Stock,,nasdaq_trader_symbol_directory
NYSE,MTNE.U,"CH4 Natural Solutions Corporation Units, each consisting of one Class A ordinary share and one-half of one Warrant",Stock,,nasdaq_trader_symbol_directory
NYSE,MTNE.W,"CH4 Natural Solutions Corporation Warrants, each whole warrant exercisable for one Class A Ordinary Share at an exercise price of $11.50 per share",Stock,,nasdaq_trader_symbol_directory
NYSE,MTR,Mesa Royalty Trust Common Stock,Stock,,nasdaq_trader_symbol_directory
NYSE,MTRN,Materion Corporation,Stock,,nasdaq_trader_symbol_directory
NYSE,MTUS,Metallus Inc. Common Shares,Stock,,nasdaq_trader_symbol_directory
NYSE,MTW,"Manitowoc Company, Inc. (The) Common Stock",Stock,,nasdaq_trader_symbol_directory
NYSE,MTX,Minerals Technologies Inc. Common Stock,Stock,,nasdaq_trader_symbol_directory
NYSE,MTZ,"MasTec, Inc. Common Stock",Stock,,nasdaq_trader_symbol_directory
NYSE,MUA,"Blackrock MuniAssets Fund, Inc Common Stock",Stock,,nasdaq_trader_symbol_directory
NYSE,MUC,"Blackrock MuniHoldings California Quality Fund, Inc. Common Stock",Stock,,nasdaq_trader_symbol_directory
NYSE,MUFG,"Mitsubishi UFJ Financial Group, Inc. Common Stock",Stock,,nasdaq_trader_symbol_directory
NYSE,MUJ,"Blackrock MuniHoldings New Jersey Quality Fund, Inc. Common Stock",Stock,,nasdaq_trader_symbol_directory
NYSE,MUR,Murphy Oil Corporation Common Stock,Stock,,nasdaq_trader_symbol_directory
NYSE,MUSA,Murphy USA Inc. Common Stock,Stock,,nasdaq_trader_symbol_directory
NYSE,MUSE,TCW Multisector Credit Income ETF,ETF,,nasdaq_trader_symbol_directory
NYSE,MUX,McEwen Inc. Common Stock,Stock,,nasdaq_trader_symbol_directory
NYSE,MVO,MV Oil Trust Units of Beneficial Interests,Stock,,nasdaq_trader_symbol_directory
NYSE,MWA,MUELLER WATER PRODUCTS Common Stock,Stock,,nasdaq_trader_symbol_directory
NYSE,MX,Magnachip Semiconductor Corporation Common Stock,Stock,,nasdaq_trader_symbol_directory
NYSE,MXE,"Mexico Equity and Income Fund, Inc. (The) Common Stock",Stock,,nasdaq_trader_symbol_directory
NYSE,MXF,"Mexico Fund, Inc. (The) Common Stock",Stock,,nasdaq_trader_symbol_directory
NYSE,MYE,"Myers Industries, Inc. Common Stock",Stock,,nasdaq_trader_symbol_directory
NYSE,MYI,"Blackrock MuniYield Quality Fund III, Inc Common Stock",Stock,,nasdaq_trader_symbol_directory
NYSE,MYN,"Blackrock MuniYield New York Quality Fund, Inc.Common Stock",Stock,,nasdaq_trader_symbol_directory
NYSE,MZYX,MOZAYYX Acquisition Corp. Class A Ordinary Shares,Stock,,nasdaq_trader_symbol_directory
NYSE,MZYX.U,"MOZAYYX Acquisition Corp. Units, each consisting of one Class A ordinary share and one-quarter of one redeemable warrant",Stock,,nasdaq_trader_symbol_directory
NYSE,MZYX.W,"MOZAYYX Acquisition Corp. Redeemable warrants, each whole warrant exercisable for one Class A ordinary share at an exercise price of $11.50",Stock,,nasdaq_trader_symbol_directory
NYSE,NABL,"N-able, Inc. Common Stock",Stock,,nasdaq_trader_symbol_directory
NYSE,NAC,Nuveen California Quality Municipal Income Fund,Stock,,nasdaq_trader_symbol_directory
NYSE,NAD,Nuveen Quality Municipal Income Fund Common Stock,Stock,,nasdaq_trader_symbol_directory
NYSE,NAN,Nuveen New York Quality Municipal Income Fund Common Stock,Stock,,nasdaq_trader_symbol_directory
NYSE,NAT,Nordic American Tankers Limited Common Stock,Stock,,nasdaq_trader_symbol_directory
NYSE,NATL,NCR Atleos Corporation Common Stock,Stock,,nasdaq_trader_symbol_directory
NYSE,NAZ,Nuveen Arizona Quality Municipal Income Fund Common Stock,Stock,,nasdaq_trader_symbol_directory
NYSE,NBB,Nuveen Taxable Municipal Income Fund Common Shares of Beneficial Interest,Stock,,nasdaq_trader_symbol_directory
NYSE,NBHC,National Bank Holdings Corporation Common Stock,Stock,,nasdaq_trader_symbol_directory
NYSE,NBR,Nabors Industries Ltd.,Stock,,nasdaq_trader_symbol_directory
NYSE,NBXG,Neuberger Next Generation Connectivity Fund Inc. Common Stock,Stock,,nasdaq_trader_symbol_directory
NYSE,NC,"NACCO Industries, Inc. Common Stock",Stock,,nasdaq_trader_symbol_directory
NYSE,NCA,Nuveen California Municipal Value Fund,Stock,,nasdaq_trader_symbol_directory
NYSE,NCDL,Nuveen Churchill Direct Lending Corp. Common Stock,Stock,,nasdaq_trader_symbol_directory
NYSE,NCLH,Norwegian Cruise Line Holdings Ltd. Ordinary Shares,Stock,,nasdaq_trader_symbol_directory
NYSE,NCV,Virtus Convertible & Income Fund Common Shares of Beneficial Interest,Stock,,nasdaq_trader_symbol_directory
NYSE,NCV$A,Virtus Convertible & Income Fund 5.625% Series A Cumulative Preferred Shares,Stock,,nasdaq_trader_symbol_directory
NYSE,NCZ,Virtus Convertible & Income Fund II Common Shares of Beneficial Interest,Stock,,nasdaq_trader_symbol_directory
NYSE,NCZ$A,Virtus Convertible & Income Fund II 5.50% Series A Cumulative Preferred Shares,Stock,,nasdaq_trader_symbol_directory
NYSE,NDMO,Nuveen Dynamic Municipal Opportunities Fund Common Shares of Beneficial Interest,Stock,,nasdaq_trader_symbol_directory
NYSE,NE,Noble Corporation plc A Ordinary Shares,Stock,,nasdaq_trader_symbol_directory
NYSE,NE.A,Noble Corporation plc Tranche 2 Warrants,Stock,,nasdaq_trader_symbol_directory
NYSE,NE.W,Noble Corporation plc Tranche 1 Warrants,Stock,,nasdaq_trader_symbol_directory
NYSE,NEA,Nuveen AMT-Free Quality Municipal Income Fund Common Shares of Beneficial Interest Par Value $.01,Stock,,nasdaq_trader_symbol_directory
NYSE,NEE,"NextEra Energy, Inc. Common Stock",Stock,,nasdaq_trader_symbol_directory
NYSE,NEE$N,"NextEra Energy Capital Holdings Inc. Series N Junior Subordinated Debentures due March 1, 2079",Stock,,nasdaq_trader_symbol_directory
NYSE,NEE$S,"NextEra Energy, Inc. 7.299% Corporate Units",Stock,,nasdaq_trader_symbol_directory
NYSE,NEE$T,"NextEra Energy, Inc. 7.234% Corporate Units",Stock,,nasdaq_trader_symbol_directory
NYSE,NEE$U,"NextEra Energy, Inc. Series U Junior Subordinated Debentures due June 1, 2085",Stock,,nasdaq_trader_symbol_directory
NYSE,NEE$V,"NextEra Energy, Inc. 7.375% Corporate Units",Stock,,nasdaq_trader_symbol_directory
NYSE,NEE$W,"NextEra Energy Capital Holdings Inc. Series Z Junior Subordinated Debentures due April 15, 2086",Stock,,nasdaq_trader_symbol_directory
NYSE,NEM,Newmont Corporation,Stock,,nasdaq_trader_symbol_directory
NYSE,NET,"Cloudflare, Inc. Class A Common Stock",Stock,,nasdaq_trader_symbol_directory
NYSE,NEU,NewMarket Corp Common Stock,Stock,,nasdaq_trader_symbol_directory
NYSE,NEXA,Nexa Resources S.A. Common Shares,Stock,,nasdaq_trader_symbol_directory
NYSE,NFG,National Fuel Gas Company Common Stock,Stock,,nasdaq_trader_symbol_directory
NYSE,NFJ,"Virtus Dividend, Interest & Premium Strategy Fund Common Shares of Beneficial Interest",Stock,,nasdaq_trader_symbol_directory
NYSE,NGG,"National Grid Transco, PLC National Grid PLC (NEW) American Depositary Shares",Stock,,nasdaq_trader_symbol_directory
NYSE,NGL,NGL ENERGY PARTNERS LP Common Units representing Limited Partner Interests,Stock,,nasdaq_trader_symbol_directory
NYSE,NGL$B,NGL ENERGY PARTNERS LP 9.00% Class B Fixed-to-Floating Rate Cumulative Redeemable Perpetual Preferred Units representing limited partnership interests,Stock,,nasdaq_trader_symbol_directory
NYSE,NGL$C,NGL ENERGY PARTNERS LP 9.625% Class C Fixed-to-Floating Rate Cumulative Redeemable Perpetual Preferred Units representing limited partner interests,Stock,,nasdaq_trader_symbol_directory
NYSE,NGS,"Natural Gas Services Group, Inc. Common Stock",Stock,,nasdaq_trader_symbol_directory
NYSE,NGVC,"Natural Grocers by Vitamin Cottage, Inc. Common Stock",Stock,,nasdaq_trader_symbol_directory
NYSE,NGVT,Ingevity Corporation Common Stock,Stock,,nasdaq_trader_symbol_directory
NYSE,NHI,"National Health Investors, Inc. Common Stock",Stock,,nasdaq_trader_symbol_directory
NYSE,NI,NiSource Inc Common Stock,Stock,,nasdaq_trader_symbol_directory
NYSE,NIC,Nicolet Bankshares Inc. Common Stock,Stock,,nasdaq_trader_symbol_directory
NYSE,NIE,Virtus Equity & Convertible Income Fund Common Shares of Beneficial Interest,Stock,,nasdaq_trader_symbol_directory
NYSE,NIM,Nuveen Select Maturities Municipal Fund Common Stock,Stock,,nasdaq_trader_symbol_directory
NYSE,NIO,"NIO Inc. American depositary shares, each representing one Class A ordinary share",Stock,,nasdaq_trader_symbol_directory
NYSE,NIQ,NIQ Global Intelligence plc Ordinary Shares,Stock,,nasdaq_trader_symbol_directory
NYSE,NJR,NewJersey Resources Corporation Common Stock,Stock,,nasdaq_trader_symbol_directory
NYSE,NKE,"Nike, Inc. Common Stock",Stock,,nasdaq_trader_symbol_directory
NYSE,NKX,Nuveen California AMT-Free Quality Municipal Income Fund,Stock,,nasdaq_trader_symbol_directory
NYSE,NL,"NLI Holdings, Inc. Common Stock",Stock,,nasdaq_trader_symbol_directory
NYSE,NLOP,Net Lease Office Properties Common Shares of Beneficial Interest,Stock,,nasdaq_trader_symbol_directory
NYSE,NLY,Annaly Capital Management Inc. Common Stock,Stock,,nasdaq_trader_symbol_directory
NYSE,NLY$F,Annaly Capital Management Inc 6.95% Series F,Stock,,nasdaq_trader_symbol_directory
NYSE,NLY$G,Annaly Capital Management Inc 6.50% Series G Fixed-to-Floating Rate Cumulative Redeemable Preferred Stock,Stock,,nasdaq_trader_symbol_directory
NYSE,NLY$I,Annaly Capital Management Inc 6.750% Series I Fixed-to-Floating Rate Cumulative Redeemable Preferred Stock,Stock,,nasdaq_trader_symbol_directory
NYSE,NLY$J,Annaly Capital Management Inc. 8.875% Series J Fixed-Rate Cumulative Redeemable Preferred Stock,Stock,,nasdaq_trader_symbol_directory
NYSE,NMAI,Nuveen Multi-Asset Income Fund Common Shares of Beneficial Interest,Stock,,nasdaq_trader_symbol_directory
NYSE,NMAX,"Newsmax, Inc. Class B Common Stock",Stock,,nasdaq_trader_symbol_directory
NYSE,NMCO,Nuveen Municipal Credit Opportunities Fund Common Shares,Stock,,nasdaq_trader_symbol_directory
NYSE,NMG,Nouveau Monde Graphite Inc. Common Shares,Stock,,nasdaq_trader_symbol_directory
NYSE,NMI,"Nuveen Municipal Income Fund, Inc. Common Stock",Stock,,nasdaq_trader_symbol_directory
NYSE,NMM,Navios Maritime Partners LP Common Units Representing Limited Partner Interests,Stock,,nasdaq_trader_symbol_directory
NYSE,NMR,Nomura Holdings Inc ADR American Depositary Shares,Stock,,nasdaq_trader_symbol_directory
NYSE,NMS,Nuveen Minnesota Quality Municipal Income Fund,Stock,,nasdaq_trader_symbol_directory
NYSE,NMT,Nuveen Massachusetts Quality Municipal Income Fund Common Stock,Stock,,nasdaq_trader_symbol_directory
NYSE,NMZ,"Nuveen Municipal High Income Opportunity Fund Common Stock, $0.01 par value, per share",Stock,,nasdaq_trader_symbol_directory
NYSE,NNI,"Nelnet, Inc. Common Stock",Stock,,nasdaq_trader_symbol_directory
NYSE,NNN,"NNN REIT, Inc. Common Stock",Stock,,nasdaq_trader_symbol_directory
NYSE,NNY,Nuveen New York Municipal Value Fund Common Stock,Stock,,nasdaq_trader_symbol_directory
NYSE,NOA,North American Construction Group Ltd. Common Shares (no par),Stock,,nasdaq_trader_symbol_directory
NYSE,NOAH,Noah Holdings Limited American Depositary Shares,Stock,,nasdaq_trader_symbol_directory
NYSE,NOC,Northrop Grumman Corporation Common Stock,Stock,,nasdaq_trader_symbol_directory
NYSE,NOG,"Northern Oil and Gas, Inc. Common Stock",Stock,,nasdaq_trader_symbol_directory
NYSE,NOK,Nokia Corporation Sponsored American Depositary Shares,Stock,,nasdaq_trader_symbol_directory
NYSE,NOMD,Nomad Foods Limited Ordinary Shares,Stock,,nasdaq_trader_symbol_directory
NYSE,NOV,NOV Inc. Common Stock,Stock,,nasdaq_trader_symbol_directory
NYSE,NOW,"ServiceNow, Inc. Common Stock",Stock,,nasdaq_trader_symbol_directory
NYSE,NP,Neptune Insurance Holdings Inc. Class A Common Stock,Stock,,nasdaq_trader_symbol_directory
NYSE,NPB,"Northpointe Bancshares, Inc. Common Stock",Stock,,nasdaq_trader_symbol_directory
NYSE,NPCT,Nuveen Core Plus Impact Fund Common Shares of Beneficial Interest,Stock,,nasdaq_trader_symbol_directory
NYSE,NPFD,Nuveen Variable Rate Preferred & Income Fund Common Shares,Stock,,nasdaq_trader_symbol_directory
NYSE,NPK,"National Presto Industries, Inc. Common Stock",Stock,,nasdaq_trader_symbol_directory
NYSE,NPKI,NPK International Inc. Common Stock,Stock,,nasdaq_trader_symbol_directory
NYSE,NPO,Enpro Inc. Common Stock,Stock,,nasdaq_trader_symbol_directory
NYSE,NPV,Nuveen Virginia Quality Municipal Income Fund Common Stock,Stock,,nasdaq_trader_symbol_directory
NYSE,NPWR,NET Power Inc. Class A Common Stock,Stock,,nasdaq_trader_symbol_directory
NYSE,NPWR.W,"NET Power Inc. Redeemable warrants, each whole warrant exercisable for one share of Class A Common Stock at an exercise price of $11.50",Stock,,nasdaq_trader_symbol_directory
NYSE,NRDY,Nerdy Inc. Class A Common Stock,Stock,,nasdaq_trader_symbol_directory
NYSE,NREF,"NexPoint Real Estate Finance, Inc. Common Stock",Stock,,nasdaq_trader_symbol_directory
NYSE,NREF$A,"NexPoint Real Estate Finance, Inc. 8.50% Series A Cumulative Redeemable Preferred Stock",Stock,,nasdaq_trader_symbol_directory
NYSE,NRG,"NRG Energy, Inc. Common Stock",Stock,,nasdaq_trader_symbol_directory
NYSE,NRGV,"Energy Vault Holdings, Inc. Common Stock",Stock,,nasdaq_trader_symbol_directory
NYSE,NRK,Nuveen New York AMT-Free Quality Municipal Income Fund,Stock,,nasdaq_trader_symbol_directory
NYSE,NRP,Natural Resource Partners LP Limited Partnership,Stock,,nasdaq_trader_symbol_directory
NYSE,NRT,North European Oil Royality Trust Common Stock,Stock,,nasdaq_trader_symbol_directory
NYSE,NRUC,National Rural Utilities Cooperative Finance Corporation 5.500% Subordinated Notes due 2064 (Subordinated Deferrable Interest Notes),Stock,,nasdaq_trader_symbol_directory
NYSE,NSA,National Storage Affiliates Trust Common Shares of Beneficial Interest,Stock,,nasdaq_trader_symbol_directory
NYSE,NSA$A,National Storage Affiliates Trust 6.000% Series A Cumulative Redeemable Preferred Shares of Beneficial Interest (Liquidation Preference $25.00 per share),Stock,,nasdaq_trader_symbol_directory
NYSE,NSA$B,National Storage Affiliates Trust 6.000% Series B Cumulative Redeemable Preferred Shares of Beneficial Interest,Stock,,nasdaq_trader_symbol_directory
NYSE,NSC,Norfolk Southern Corporation Common Stock,Stock,,nasdaq_trader_symbol_directory
NYSE,NSP,"Insperity, Inc. Common Stock",Stock,,nasdaq_trader_symbol_directory
NYSE,NTB,Bank of N.T. Butterfield & Son Limited (The) Voting Ordinary Shares,Stock,,nasdaq_trader_symbol_directory
NYSE,NTEST,NYSE Tick Pilot Test Sym-Control,Stock,,nasdaq_trader_symbol_directory
NYSE,NTEST.A,NYSE Tick Pilot Test Sym-G1,Stock,,nasdaq_trader_symbol_directory
NYSE,NTEST.B,NYSE Tick Pilot Test Sym-G2,Stock,,nasdaq_trader_symbol_directory
NYSE,NTEST.C,Tick Pilot Test C Common Stock,Stock,,nasdaq_trader_symbol_directory
NYSE,NTR,Nutrien Ltd. Common Shares,Stock,,nasdaq_trader_symbol_directory
NYSE,NTST,NetSTREIT Corp. Common Stock,Stock,,nasdaq_trader_symbol_directory
NYSE,NTZ,"Natuzzi, S.p.A.",Stock,,nasdaq_trader_symbol_directory
NYSE,NU,Nu Holdings Ltd. Class A Ordinary Shares,Stock,,nasdaq_trader_symbol_directory
NYSE,NUE,Nucor Corporation Common Stock,Stock,,nasdaq_trader_symbol_directory
NYSE,NUS,"Nu Skin Enterprises, Inc. Common Stock",Stock,,nasdaq_trader_symbol_directory
NYSE,NUV,"Nuveen Municipal Value Fund, Inc. Common Stock",Stock,,nasdaq_trader_symbol_directory
NYSE,NUVB,Nuvation Bio Inc. Class A Common Stock,Stock,,nasdaq_trader_symbol_directory
NYSE,NUW,Nuveen AMT-Free Municipal Value Fund,Stock,,nasdaq_trader_symbol_directory
NYSE,NVG,Nuveen AMT-Free Municipal Credit Income Fund,Stock,,nasdaq_trader_symbol_directory
NYSE,NVGS,Navigator Holdings Ltd. Ordinary Shares (Marshall Islands),Stock,,nasdaq_trader_symbol_directory
NYSE,NVO,Novo Nordisk A/S Common Stock,Stock,,nasdaq_trader_symbol_directory
NYSE,NVR,"NVR, Inc. Common Stock",Stock,,nasdaq_trader_symbol_directory
NYSE,NVRI,Enviri Corporation Common Stock,Stock,,nasdaq_trader_symbol_directory
NYSE,NVS,Novartis AG Common Stock,Stock,,nasdaq_trader_symbol_directory
NYSE,NVST,Envista Holdings Corporation Common Stock,Stock,,nasdaq_trader_symbol_directory
NYSE,NVT,nVent Electric plc Ordinary Shares,Stock,,nasdaq_trader_symbol_directory
NYSE,NWAX,New America Acquisition I Corp. Class A Common Stock,Stock,,nasdaq_trader_symbol_directory
NYSE,NWAX.U,"New America Acquisition I Corp. Units, each consisting of one share of Class A Common Stock and one-half of one redeemable warrant",Stock,,nasdaq_trader_symbol_directory
NYSE,NWAX.W,"New America Acquisition I Corp. Warrants, each whole warrant is exercisable to purchase one share of Class A common stock",Stock,,nasdaq_trader_symbol_directory
NYSE,NWG,"NatWest Group plc American Depositary Shares, (each representing two (2) Ordinary Shares)",Stock,,nasdaq_trader_symbol_directory
NYSE,NWN,Northwest Natural Holding Company Common Stock,Stock,,nasdaq_trader_symbol_directory
NYSE,NX,Quanex Building Products Corporation Common Stock,Stock,,nasdaq_trader_symbol_directory
NYSE,NXDR,"Nextdoor Holdings, Inc. Class A Common Stock",Stock,,nasdaq_trader_symbol_directory
NYSE,NXDT,NexPoint Diversified Real Estate Trust Common Stock,Stock,,nasdaq_trader_symbol_directory
NYSE,NXDT$A,NexPoint Diversified Real Estate Trust 5.50% Series A Cumulative Preferred Shares ($25.00 liquidation preference per share),Stock,,nasdaq_trader_symbol_directory
NYSE,NXE,Nexgen Energy Ltd. Common Shares,Stock,,nasdaq_trader_symbol_directory
NYSE,NXG,NXG NextGen Infrastructure Income Fund Common Shares of Beneficial Interest,Stock,,nasdaq_trader_symbol_directory
NYSE,NXP,Nuveen Select Tax Free Income Portfolio Common Stock,Stock,,nasdaq_trader_symbol_directory
NYSE,NXRT,"NexPoint Residential Trust, Inc. Common Stock",Stock,,nasdaq_trader_symbol_directory
NYSE,NYC,American Strategic Investment Co. Class A Common Stock,Stock,,nasdaq_trader_symbol_directory
NYSE,NYT,New York Times Company (The) Common Stock,Stock,,nasdaq_trader_symbol_directory
NYSE,NZF,Nuveen Municipal Credit Income Fund,Stock,,nasdaq_trader_symbol_directory
NYSE,O,Realty Income Corporation Common Stock,Stock,,nasdaq_trader_symbol_directory
NYSE,OAK$A,"Brookfield Oaktree Holdings, LLC 6.625% Series A Preferred Units",Stock,,nasdaq_trader_symbol_directory
NYSE,OAK$B,"Brookfield Oaktree Holdings, LLC 6.550% Series B Preferred Units",Stock,,nasdaq_trader_symbol_directory
NYSE,OBDC,Blue Owl Capital Corporation Common Stock,Stock,,nasdaq_trader_symbol_directory
NYSE,OBK,"Origin Bancorp, Inc. Common Stock",Stock,,nasdaq_trader_symbol_directory
NYSE,OC,Owens Corning Inc Common Stock New,Stock,,nasdaq_trader_symbol_directory
NYSE,OCAC.U,"Ocean Capital Acquisition Corporation Units, each consisting of one Class A Ordinary Share, one redeemable Warrant and one Right",Stock,,nasdaq_trader_symbol_directory
NYSE,ODC,Oil-Dri Corporation Of America Common Stock,Stock,,nasdaq_trader_symbol_directory
NYSE,ODV,Osisko Development Corp. Common Shares,Stock,,nasdaq_trader_symbol_directory
NYSE,OEC,Orion S.A. Common Shares,Stock,,nasdaq_trader_symbol_directory
NYSE,OFG,OFG Bancorp Common Stock,Stock,,nasdaq_trader_symbol_directory
NYSE,OFRM,"Once Upon a Farm, PBC Common Stock",Stock,,nasdaq_trader_symbol_directory
NYSE,OGC,OceanaGold Corporation Common Shares,Stock,,nasdaq_trader_symbol_directory
NYSE,OGE,OGE Energy Corp Common Stock,Stock,,nasdaq_trader_symbol_directory
NYSE,OGN,Organon & Co. Common Stock,Stock,,nasdaq_trader_symbol_directory
NYSE,OGS,"ONE Gas, Inc. Common Stock",Stock,,nasdaq_trader_symbol_directory
NYSE,OHI,"Omega Healthcare Investors, Inc. Common Stock",Stock,,nasdaq_trader_symbol_directory
NYSE,OI,"O-I Glass, Inc. Common Stock",Stock,,nasdaq_trader_symbol_directory
NYSE,OIA,Invesco Municipal Income Opportunities Trust Common Stock,Stock,,nasdaq_trader_symbol_directory
NYSE,OII,"Oceaneering International, Inc. Common Stock",Stock,,nasdaq_trader_symbol_directory
NYSE,OIS,"Oil States International, Inc. Common Stock",Stock,,nasdaq_trader_symbol_directory
NYSE,OKE,"ONEOK, Inc. Common Stock",Stock,,nasdaq_trader_symbol_directory
NYSE,OKLO,Oklo Inc. Class A common stock,Stock,,nasdaq_trader_symbol_directory
NYSE,OLN,Olin Corporation Common Stock,Stock,,nasdaq_trader_symbol_directory
NYSE,OLP,"One Liberty Properties, Inc. Common Stock",Stock,,nasdaq_trader_symbol_directory
NYSE,OMC,Omnicom Group Inc. Common Stock,Stock,,nasdaq_trader_symbol_directory
NYSE,OMF,"OneMain Holdings, Inc. Common Stock",Stock,,nasdaq_trader_symbol_directory
NYSE,ONIT,Onity Group Inc. Common Stock,Stock,,nasdaq_trader_symbol_directory
NYSE,ONL,Orion Properties Inc. Common Stock,Stock,,nasdaq_trader_symbol_directory
NYSE,ONON,On Holding AG Class A Ordinary Shares,Stock,,nasdaq_trader_symbol_directory
NYSE,ONT,"Onterris, Inc. Common Stock",Stock,,nasdaq_trader_symbol_directory
NYSE,ONTO,Onto Innovation Inc. Common Stock,Stock,,nasdaq_trader_symbol_directory
NYSE,OOMA,"Ooma, Inc. Common Stock",Stock,,nasdaq_trader_symbol_directory
NYSE,OPAD,Offerpad Solutions Inc. Class A Common Stock,Stock,,nasdaq_trader_symbol_directory
NYSE,OPFI,OppFi Inc. Class A Common Stock,Stock,,nasdaq_trader_symbol_directory
NYSE,OPFI.W,OppFi Inc. Warrants,Stock,,nasdaq_trader_symbol_directory
NYSE,OPLN,"OPENLANE, Inc. Common Stock",Stock,,nasdaq_trader_symbol_directory
NYSE,OPP,"RiverNorth/DoubleLine Strategic Opportunity Fund, Inc. Common Stock",Stock,,nasdaq_trader_symbol_directory
NYSE,OPP$A,"RiverNorth/DoubleLine Strategic Opportunity Fund, Inc. 4.375% Series A Cumulative Preferred Stock",Stock,,nasdaq_trader_symbol_directory
NYSE,OPP$B,"RiverNorth/DoubleLine Strategic Opportunity Fund, Inc. 4.75% Series B Cumulative Preferred Stock",Stock,,nasdaq_trader_symbol_directory
NYSE,OPTU,"Optimum Communications, Inc. Class A common stock",Stock,,nasdaq_trader_symbol_directory
NYSE,OPY,"Oppenheimer Holdings, Inc. Class A Common Stock (DE)",Stock,,nasdaq_trader_symbol_directory
NYSE,OR,OR Royalties Inc. Common Shares,Stock,,nasdaq_trader_symbol_directory
NYSE,ORA,"Ormat Technologies, Inc. Common Stock",Stock,,nasdaq_trader_symbol_directory
NYSE,ORC,"Orchid Island Capital, Inc. Common Stock",Stock,,nasdaq_trader_symbol_directory
NYSE,ORCL,Oracle Corporation Common Stock,Stock,,nasdaq_trader_symbol_directory
NYSE,ORCL$D,"Oracle Corporation Depositary Shares, each representing a 1/2,000th interest in a sh of 6.50% Series D Mandatory Convertible Preferred Stock",Stock,,nasdaq_trader_symbol_directory
NYSE,ORI,Old Republic International Corporation Common Stock,Stock,,nasdaq_trader_symbol_directory
NYSE,ORN,"Orion Group Holdings, Inc. Common",Stock,,nasdaq_trader_symbol_directory
NYSE,OSCR,"Oscar Health, Inc. Class A Common Stock",Stock,,nasdaq_trader_symbol_directory
NYSE,OSG,"Octave Specialty Group, Inc. Common Stock",Stock,,nasdaq_trader_symbol_directory
NYSE,OSK,Oshkosh Corporation (Holding Company)Common Stock,Stock,,nasdaq_trader_symbol_directory
NYSE,OTAI,Starlink AI Acquisition Corporation Ordinary Shares,Stock,,nasdaq_trader_symbol_directory
NYSE,OTAI.R,"Starlink AI Acquisition Corporation Rights, each entitling the holder to receive one-fourth (1/4) of one ordinary share",Stock,,nasdaq_trader_symbol_directory
NYSE,OTAI.U,"Starlink AI Acquisition Corporation Units, each consisting of one Ordinary Share, and one Right to receive one-fourth (1/4) of one ordinary share",Stock,,nasdaq_trader_symbol_directory
NYSE,OTF,Blue Owl Technology Finance Corp. Common Stock,Stock,,nasdaq_trader_symbol_directory
NYSE,OTIS,Otis Worldwide Corporation Common Stock,Stock,,nasdaq_trader_symbol_directory
NYSE,OUT,OUTFRONT Media Inc. Common Stock,Stock,,nasdaq_trader_symbol_directory
NYSE,OVV,Ovintiv Inc. (DE),Stock,,nasdaq_trader_symbol_directory
NYSE,OWL,Blue Owl Capital Inc. Class A Common Stock,Stock,,nasdaq_trader_symbol_directory
NYSE,OWLT,"Owlet, Inc. Class A Common Stock",Stock,,nasdaq_trader_symbol_directory
NYSE,OXM,"Oxford Industries, Inc. Common Stock",Stock,,nasdaq_trader_symbol_directory
NYSE,OXY,Occidental Petroleum Corporation Common Stock,Stock,,nasdaq_trader_symbol_directory
NYSE,OXY.W,Occidental Petroleum Corporation Warrants,Stock,,nasdaq_trader_symbol_directory
NYSE,P,"Everpure, Inc. Class A common stock",Stock,,nasdaq_trader_symbol_directory
NYSE,PAAS,Pan American Silver Corp. Common Stock,Stock,,nasdaq_trader_symbol_directory
NYSE,PAC,"Grupo Aeroportuario Del Pacifico, S.A. B. de C.V. Grupo Aeroportuario Del Pacifico, S.A. de C.V. (each representing 10 Series B shares)",Stock,,nasdaq_trader_symbol_directory
NYSE,PACK,Ranpak Holdings Corp Class A Common Stock,Stock,,nasdaq_trader_symbol_directory
NYSE,PACS,"PACS Group, Inc. Common Stock",Stock,,nasdaq_trader_symbol_directory
NYSE,PAG,"Penske Automotive Group, Inc. Common Stock",Stock,,nasdaq_trader_symbol_directory
NYSE,PAGS,PagSeguro Digital Ltd. Class A Common Shares,Stock,,nasdaq_trader_symbol_directory
NYSE,PAI,Western Asset Investment Grade Income Fund Inc.,Stock,,nasdaq_trader_symbol_directory
NYSE,PAII,Pyrophyte Acquisition Corp. II Class A Ordinary Shares,Stock,,nasdaq_trader_symbol_directory
NYSE,PAII.U,"Pyrophyte Acquisition Corp. II Units, each consisting of one Class A ordinary share and one-half of one redeemable warrant",Stock,,nasdaq_trader_symbol_directory
NYSE,PAII.W,"Pyrophyte Acquisition Corp. II Warrants, each whole warrant exercisable for one Class A Ordinary Share at an exercise price of $11.50 per share",Stock,,nasdaq_trader_symbol_directory
NYSE,PAM,Pampa Energia S.A.,Stock,,nasdaq_trader_symbol_directory
NYSE,PAR,PAR Technology Corporation Common Stock,Stock,,nasdaq_trader_symbol_directory
NYSE,PARR,"Par Pacific Holdings, Inc. Common Stock",Stock,,nasdaq_trader_symbol_directory
NYSE,PATH,"UiPath, Inc. Class A Common Stock",Stock,,nasdaq_trader_symbol_directory
NYSE,PAXS,PIMCO Access Income Fund Common Shares of Beneficial Interest,Stock,,nasdaq_trader_symbol_directory
NYSE,PAY,"Paymentus Holdings, Inc. Class A Common Stock",Stock,,nasdaq_trader_symbol_directory
NYSE,PAYC,"Paycom Software, Inc. Common Stock",Stock,,nasdaq_trader_symbol_directory
NYSE,PB,"Prosperity Bancshares, Inc. Common Stock",Stock,,nasdaq_trader_symbol_directory
NYSE,PBA,Pembina Pipeline Corp. Ordinary Shares (Canada),Stock,,nasdaq_trader_symbol_directory
NYSE,PBF,PBF Energy Inc. Class A Common Stock,Stock,,nasdaq_trader_symbol_directory
NYSE,PBH,Prestige Consumer Healthcare Inc. Common Stock,Stock,,nasdaq_trader_symbol_directory
NYSE,PBI,Pitney Bowes Inc. Common Stock,Stock,,nasdaq_trader_symbol_directory
NYSE,PBI$B,Pitney Bowes Inc 6.70% Notes Due 2043,Stock,,nasdaq_trader_symbol_directory
NYSE,PBR,Petroleo Brasileiro S.A. Petrobras ADS,Stock,,nasdaq_trader_symbol_directory
NYSE,PBR.A,Petroleo Brasileiro S.A. Petrobras American Depositary Shares representing Preferred Shares,Stock,,nasdaq_trader_symbol_directory
NYSE,PBT,Permian Basin Royalty Trust Common Stock,Stock,,nasdaq_trader_symbol_directory
NYSE,PCF,High Income Securities Fund Common Stock,Stock,,nasdaq_trader_symbol_directory
NYSE,PCG,Pacific Gas & Electric Co. Common Stock,Stock,,nasdaq_trader_symbol_directory
NYSE,PCG$X,PG&E Corp 6.000% Series A Mandatory Convertible Preferred Stock,Stock,,nasdaq_trader_symbol_directory
NYSE,PCM,"PCM Fund, Inc. Common Stock",Stock,,nasdaq_trader_symbol_directory
NYSE,PCN,Pimco Corporate & Income Strategy Fund Common Stock,Stock,,nasdaq_trader_symbol_directory
NYSE,PCOR,"Procore Technologies, Inc. Common Stock",Stock,,nasdaq_trader_symbol_directory
NYSE,PCQ,PIMCO California Municipal Income Fund Common Stock,Stock,,nasdaq_trader_symbol_directory
NYSE,PD,"PagerDuty, Inc. Common Stock",Stock,,nasdaq_trader_symbol_directory
NYSE,PDCC,Pearl Diver Credit Company Inc. Common Stock,Stock,,nasdaq_trader_symbol_directory
NYSE,PDI,PIMCO Dynamic Income Fund Common Stock,Stock,,nasdaq_trader_symbol_directory
NYSE,PDM,"Piedmont Realty Trust, Inc. Class A Common Stock",Stock,,nasdaq_trader_symbol_directory
NYSE,PDO,PIMCO Dynamic Income Opportunities Fund Common Shares of Beneficial Interest,Stock,,nasdaq_trader_symbol_directory
NYSE,PDPA,Pearl Diver Credit Company Inc. 8.00% Series A Preferred Stock Due 2029,Stock,,nasdaq_trader_symbol_directory
NYSE,PDS,Precision Drilling Corporation Common Stock,Stock,,nasdaq_trader_symbol_directory
NYSE,PDT,John Hancock Premium Dividend Fund,Stock,,nasdaq_trader_symbol_directory
NYSE,PDX,PIMCO Dynamic Income Strategy Fund Common Shares of Beneficial Interest,Stock,,nasdaq_trader_symbol_directory
NYSE,PEB,Pebblebrook Hotel Trust Common Shares of Beneficial Interest,Stock,,nasdaq_trader_symbol_directory
NYSE,PEB$E,Pebblebrook Hotel Trust 6.375% Series E Cumulative Redeemable Preferred Shares of Beneficial Interest,Stock,,nasdaq_trader_symbol_directory
NYSE,PEB$F,Pebblebrook Hotel Trust 6.3% Series F Cumulative Redeemable Preferred Shares of Beneficial Interest,Stock,,nasdaq_trader_symbol_directory
NYSE,PEB$G,Pebblebrook Hotel Trust 6.375% Series G Cumulative Redeemable Preferred Shares of Beneficial Interest,Stock,,nasdaq_trader_symbol_directory
NYSE,PEB$H,Pebblebrook Hotel Trust 5.700% Series H Cumulative Redeemable Preferred Shares of Beneficial Interest,Stock,,nasdaq_trader_symbol_directory
NYSE,PEG,Public Service Enterprise Group Incorporated Common Stock,Stock,,nasdaq_trader_symbol_directory
NYSE,PEN,"Penumbra, Inc. Common Stock",Stock,,nasdaq_trader_symbol_directory
NYSE,PEO,"Adams Natural Resources Fund, Inc. Common Stock",Stock,,nasdaq_trader_symbol_directory
NYSE,PERF,Perfect Corp. Class A Ordinary Share,Stock,,nasdaq_trader_symbol_directory
NYSE,PEW,GrabAGun Digital Holdings Inc. Common Stock,Stock,,nasdaq_trader_symbol_directory
NYSE,PEW.W,"GrabAGun Digital Holdings Inc. Warrants, each whole warrant exercisable to purchase one share of Common Stock at an exercise price of $11.50 per share",Stock,,nasdaq_trader_symbol_directory
NYSE,PFD,Flaherty & Crumrine Preferred and Income Fund Incorporated,Stock,,nasdaq_trader_symbol_directory
NYSE,PFE,"Pfizer, Inc. Common Stock",Stock,,nasdaq_trader_symbol_directory
NYSE,PFGC,Performance Food Group Company Common Stock,Stock,,nasdaq_trader_symbol_directory
NYSE,PFH,"Prudential Financial, Inc. 4.125% Junior Subordinated Notes due 2060",Stock,,nasdaq_trader_symbol_directory
NYSE,PFL,PIMCO Income Strategy Fund Shares of Beneficial Interest,Stock,,nasdaq_trader_symbol_directory
NYSE,PFLA,PennantPark Floating Rate Capital Ltd. 7.375% Notes Due 2031,Stock,,nasdaq_trader_symbol_directory
NYSE,PFLT,PennantPark Floating Rate Capital Ltd. Common Stock,Stock,,nasdaq_trader_symbol_directory
NYSE,PFN,PIMCO Income Strategy Fund II,Stock,,nasdaq_trader_symbol_directory
NYSE,PFO,Flaherty & Crumrine Preferred and Income Opportunity Fund Incorporated,Stock,,nasdaq_trader_symbol_directory
NYSE,PFS,"Provident Financial Services, Inc Common Stock",Stock,,nasdaq_trader_symbol_directory
NYSE,PFSI,"PennyMac Financial Services, Inc. Common Stock",Stock,,nasdaq_trader_symbol_directory
NYSE,PG,Procter & Gamble Company (The) Common Stock,Stock,,nasdaq_trader_symbol_directory
NYSE,PGP,Pimco Global StocksPlus & Income Fund Common Shares of Beneficial Interest,Stock,,nasdaq_trader_symbol_directory
NYSE,PGR,Progressive Corporation (The) Common Stock,Stock,,nasdaq_trader_symbol_directory
NYSE,PGZ,Principal Real Estate Income Fund Common Shares of Beneficial Interest,Stock,,nasdaq_trader_symbol_directory
NYSE,PH,Parker-Hannifin Corporation Common Stock,Stock,,nasdaq_trader_symbol_directory
NYSE,PHG,Koninklijke Philips N.V. NY Registry Shares,Stock,,nasdaq_trader_symbol_directory
NYSE,PHI,PLDT Inc. Sponsored ADR,Stock,,nasdaq_trader_symbol_directory
NYSE,PHIN,PHINIA Inc. Common Stock,Stock,,nasdaq_trader_symbol_directory
NYSE,PHK,Pimco High Income Fund,Stock,,nasdaq_trader_symbol_directory
NYSE,PHM,"PulteGroup, Inc. Common Stock",Stock,,nasdaq_trader_symbol_directory
NYSE,PHR,"Phreesia, Inc. Common Stock",Stock,,nasdaq_trader_symbol_directory
NYSE,PII,Polaris Inc. Common Stock,Stock,,nasdaq_trader_symbol_directory
NYSE,PIM,Putnam Master Intermediate Income Trust Common Stock,Stock,,nasdaq_trader_symbol_directory
NYSE,PINE,"Alpine Income Property Trust, Inc. Common Stock",Stock,,nasdaq_trader_symbol_directory
NYSE,PINE$A,"Alpine Income Property Trust, Inc. 8.00% Series A Cumulative Redeemable Preferred Stock",Stock,,nasdaq_trader_symbol_directory
NYSE,PINS,"Pinterest, Inc. Class A Common Stock",Stock,,nasdaq_trader_symbol_directory
NYSE,PIPR,Piper Sandler Companies Common Stock,Stock,,nasdaq_trader_symbol_directory
NYSE,PJT,PJT Partners Inc. Class A Common Stock,Stock,,nasdaq_trader_symbol_directory
NYSE,PK,Park Hotels & Resorts Inc. Common Stock,Stock,,nasdaq_trader_symbol_directory
NYSE,PKE,Park Aerospace Corp. Common Stock,Stock,,nasdaq_trader_symbol_directory
NYSE,PKG,Packaging Corporation of America Common Stock,Stock,,nasdaq_trader_symbol_directory
NYSE,PKX,POSCO HOLDINGS INC. American Depositary Shares (Each representing 1/4th of a share of Common Stock),Stock,,nasdaq_trader_symbol_directory
NYSE,PL,Planet Labs PBC Class A Common Stock,Stock,,nasdaq_trader_symbol_directory
NYSE,PLD,"Prologis, Inc. Common Stock",Stock,,nasdaq_trader_symbol_directory
NYSE,PLGO,Pelagos Insurance Capital Limited Common Shares,Stock,,nasdaq_trader_symbol_directory
NYSE,PLNT,"Planet Fitness, Inc. Common Stock",Stock,,nasdaq_trader_symbol_directory
NYSE,PLOW,"Douglas Dynamics, Inc. Common Stock",Stock,,nasdaq_trader_symbol_directory
NYSE,PLUN,Plutonian Acquisition Corp II Class A Ordinary Shares,Stock,,nasdaq_trader_symbol_directory
NYSE,PLUN.R,"Plutonian Acquisition Corp II Rights, each entitling the holder to receive one-fourth of one Class A Ordinary Share",Stock,,nasdaq_trader_symbol_directory
NYSE,PLUN.U,"Plutonian Acquisition Corp II Units, each consisting of one Class A Ordinary Share and one right entitling the holder to one-fourth of one Class A Ordinary Share",Stock,,nasdaq_trader_symbol_directory
NYSE,PM,Philip Morris International Inc Common Stock,Stock,,nasdaq_trader_symbol_directory
NYSE,PML,Pimco Municipal Income Fund II Common Shares of Beneficial Interest,Stock,,nasdaq_trader_symbol_directory
NYSE,PMM,Putnam Managed Municipal Income Trust Common Stock,Stock,,nasdaq_trader_symbol_directory
NYSE,PMMF,iShares Prime Money Market ETF,ETF,,nasdaq_trader_symbol_directory
NYSE,PMO,Putnam Municipal Opportunities Trust Common Stock,Stock,,nasdaq_trader_symbol_directory
NYSE,PMT,PennyMac Mortgage Investment Trust Common Shares of Beneficial Interest,Stock,,nasdaq_trader_symbol_directory
NYSE,PMT$A,PennyMac Mortgage Investment Trust 8.125% Series A Fixed-to-Floating Rate Cumulative Redeemable Preferred Shares of Beneficial Interest,Stock,,nasdaq_trader_symbol_directory
NYSE,PMT$B,PennyMac Mortgage Investment Trust 8.00% Series B Fixed-to-Floating Rate Cumulative Redeemable Preferred Shares of Beneficial Interest,Stock,,nasdaq_trader_symbol_directory
NYSE,PMT$C,PennyMac Mortgage Investment Trust 6.75% Series C Cumulative Redeemable Preferred Shares of Beneficial Interest,Stock,,nasdaq_trader_symbol_directory
NYSE,PMTU,PennyMac Mortgage Investment Trust 8.50% Senior Notes due 2028,Stock,,nasdaq_trader_symbol_directory
NYSE,PMTV,PennyMac Mortgage Investment Trust 9.00% Senior Notes due 2030,Stock,,nasdaq_trader_symbol_directory
NYSE,PMTW,PennyMac Mortgage Investment Trust 9.00% Senior Notes due 2030,Stock,,nasdaq_trader_symbol_directory
NYSE,PNC,"PNC Financial Services Group, Inc. (The) Common Stock",Stock,,nasdaq_trader_symbol_directory
NYSE,PNFP,"Pinnacle Financial Partners, Inc. Common stock",Stock,,nasdaq_trader_symbol_directory
NYSE,PNFP$A,"Pinnacle Financial Partners, Inc. Fixed-to-Floating Rate Non-Cumulative Perpetual Preferred Stock, Series A",Stock,,nasdaq_trader_symbol_directory
NYSE,PNFP$B,"Pinnacle Financial Partners, Inc. Fixed-to-Floating Rate Non-Cumulative Perpetual Preferred Stock, Series B",Stock,,nasdaq_trader_symbol_directory
NYSE,PNFP$C,"Pinnacle Financial Partners, Inc. Fixed-to-Floating Rate Non-Cumulative Perpetual Preferred Stock, Series C",Stock,,nasdaq_trader_symbol_directory
NYSE,PNI,Pimco New York Municipal Income Fund II Common Shares of Beneficial Interest,Stock,,nasdaq_trader_symbol_directory
NYSE,PNNT,PennantPark Investment Corporation Common Stock,Stock,,nasdaq_trader_symbol_directory
NYSE,PNR,Pentair plc. Ordinary Share,Stock,,nasdaq_trader_symbol_directory
NYSE,PNW,Pinnacle West Capital Corporation Common Stock,Stock,,nasdaq_trader_symbol_directory
NYSE,POR,Portland General Electric Co Common Stock,Stock,,nasdaq_trader_symbol_directory
NYSE,POST,"Post Holdings, Inc. Common Stock",Stock,,nasdaq_trader_symbol_directory
NYSE,PPG,"PPG Industries, Inc. Common Stock",Stock,,nasdaq_trader_symbol_directory
NYSE,PPL,PPL Corporation Common Stock,Stock,,nasdaq_trader_symbol_directory
NYSE,PPLC,PPL Corporation Corporate Units,Stock,,nasdaq_trader_symbol_directory
NYSE,PPT,Putnam Premier Income Trust Common Stock,Stock,,nasdaq_trader_symbol_directory
NYSE,PR,Permian Resources Corporation Class A Common Stock,Stock,,nasdaq_trader_symbol_directory
NYSE,PRCS,Parnassus Core Select ETF,ETF,,nasdaq_trader_symbol_directory
NYSE,PRG,"PROG Holdings, Inc. Common Stock",Stock,,nasdaq_trader_symbol_directory
NYSE,PRGO,Perrigo Company plc Ordinary Shares,Stock,,nasdaq_trader_symbol_directory
NYSE,PRH,"Prudential Financial, Inc. 5.950% Junior Subordinated Notes due 2062",Stock,,nasdaq_trader_symbol_directory
NYSE,PRI,"Primerica, Inc. Common Stock",Stock,,nasdaq_trader_symbol_directory
NYSE,PRIF$D,"Priority Income Fund, Inc. 7.00% Series D Term Preferred Stock due 2029",Stock,,nasdaq_trader_symbol_directory
NYSE,PRIF$K,"Priority Income Fund, Inc. 7.000% Series K Cumulative Preferred Stock",Stock,,nasdaq_trader_symbol_directory
NYSE,PRIF$L,"Priority Income Fund, Inc. 6.375% Series L Term Preferred Stock Due 2029",Stock,,nasdaq_trader_symbol_directory
NYSE,PRIM,Primoris Services Corporation Common Stock,Stock,,nasdaq_trader_symbol_directory
NYSE,PRKS,United Parks & Resorts Inc. Common Stock,Stock,,nasdaq_trader_symbol_directory
NYSE,PRLB,"Proto Labs, Inc. Common stock",Stock,,nasdaq_trader_symbol_directory
NYSE,PRM,"Perimeter Solutions, SA Common Stock",Stock,,nasdaq_trader_symbol_directory
NYSE,PRMB,Primo Brands Corporation Class A Common Stock,Stock,,nasdaq_trader_symbol_directory
NYSE,PRS,"Prudential Financial, Inc. 5.625% Junior Subordinated Notes due 2058",Stock,,nasdaq_trader_symbol_directory
NYSE,PRSU,"Pursuit Attractions and Hospitality, Inc. Common Stock",Stock,,nasdaq_trader_symbol_directory
NYSE,PRT,PermRock Royalty Trust Units of Beneficial Interest,Stock,,nasdaq_trader_symbol_directory
NYSE,PRU,"Prudential Financial, Inc. Common Stock",Stock,,nasdaq_trader_symbol_directory
NYSE,PRVS,Parnassus Value Select ETF,ETF,,nasdaq_trader_symbol_directory
NYSE,PS,Pershing Square Inc. Common Stock,Stock,,nasdaq_trader_symbol_directory
NYSE,PSA,Public Storage Common Stock,Stock,,nasdaq_trader_symbol_directory
NYSE,PSA$F,"Public Storage Depositary Shares Each Representing 1/1,000 of a 5.15% Cumulative Preferred Share of Beneficial Interest, Series F, par value $0.01 per share",Stock,,nasdaq_trader_symbol_directory
NYSE,PSA$G,"Public Storage Depositary Shares, Each Representing 1/1,000 of a 5.05% Cumulative Preferred Share of Beneficial Interest, Series G",Stock,,nasdaq_trader_symbol_directory
NYSE,PSA$H,"Public Storage Depositary Shares Each Representing 1/1,000 of a 5.60% Cumulative Preferred Share of Beneficial Interest, Series H",Stock,,nasdaq_trader_symbol_directory
NYSE,PSA$I,"Public Storage Depositary Shares Each Representing 1/1,000 of a 4.875% Cumulative Preferred Share of Beneficial Interest, Series I, par value $0.01 per share",Stock,,nasdaq_trader_symbol_directory
NYSE,PSA$J,"Public Storage Depositary Shares Each Representing 1/1,000 of a 4.700% Cumulative Preferred Share of Beneficial Interest, Series J, par value $0.01 per share",Stock,,nasdaq_trader_symbol_directory
NYSE,PSA$K,"Public Storage Depositary Shares Each Representing 1/1,000 of a 4.75% Cumulative Preferred Share of Beneficial Interest, Series K",Stock,,nasdaq_trader_symbol_directory
NYSE,PSA$L,"Public Storage Depositary Shares Each Representing 1/1,000 of a 4.625% Cumulative Preferred Share of Beneficial Interest, Series L, par value $0.01 per share",Stock,,nasdaq_trader_symbol_directory
NYSE,PSA$M,"Public Storage Depositary Shares Each Representing 1/1,000 of a 4.125% Cumulative Preferred Share of Beneficial Interest, Series M",Stock,,nasdaq_trader_symbol_directory
NYSE,PSA$N,"Public Storage Depositary Shares Each Representing 1/1,000 of a 3.875% Cumulative Preferred Share of Beneficial Interest, Series N",Stock,,nasdaq_trader_symbol_directory
NYSE,PSA$O,"Public Storage Depositary Shares Each Representing 1/1,000 of a 3.900% Cumulative Preferred Share of Beneficial Interest, Series O",Stock,,nasdaq_trader_symbol_directory
NYSE,PSA$P,"Public Storage Depositary Shares Each Representing 1/1,000 of a 4.000% Cumulative Preferred Share of Bene cial Interest, Series P",Stock,,nasdaq_trader_symbol_directory
NYSE,PSA$Q,"Public Storage Depositary Shares Each Representing 1/1,000 of a 3.950% Cumulative Preferred Share of Beneficial Interest, Series Q, par value $0.01 per share",Stock,,nasdaq_trader_symbol_directory
NYSE,PSA$R,"Public Storage Depositary Shares Each Representing 1/1,000 of a 4.00% Cumulative Preferred Share of Bene cial Interest, Series R",Stock,,nasdaq_trader_symbol_directory
NYSE,PSA$S,"Public Storage Depositary Shares Each Representing 1/1,000 of a 4.100% Cumulative Preferred Share of Beneficial Interest, Series S",Stock,,nasdaq_trader_symbol_directory
NYSE,PSBD,Palmer Square Capital BDC Inc. Common Stock,Stock,,nasdaq_trader_symbol_directory
NYSE,PSEC$A,Prospect Capital Corporation 5.35% Series A Fixed Rate Cumulative Perpetual Preferred Stock,Stock,,nasdaq_trader_symbol_directory
NYSE,PSF,"Cohen & Steers Select Preferred and Income Fund, Inc. Common Stock",Stock,,nasdaq_trader_symbol_directory
NYSE,PSFE,Paysafe Limited Common Shares,Stock,,nasdaq_trader_symbol_directory
NYSE,PSN,Parsons Corporation Common Stock,Stock,,nasdaq_trader_symbol_directory
NYSE,PSO,"Pearson, Plc Common Stock",Stock,,nasdaq_trader_symbol_directory
NYSE,PSQH,"PSQ Holdings, Inc. Class A Common Stock",Stock,,nasdaq_trader_symbol_directory
NYSE,PSQH.W,"PSQ Holdings, Inc. Warrants, each exercisable for one share of Class A common stock at an exercise price of $11.50 per share",Stock,,nasdaq_trader_symbol_directory
NYSE,PSTL,"Postal Realty Trust, Inc. Class A Common Stock",Stock,,nasdaq_trader_symbol_directory
NYSE,PSUS,"Pershing Square USA, Ltd. Common Shares",Stock,,nasdaq_trader_symbol_directory
NYSE,PSX,Phillips 66 Common Stock,Stock,,nasdaq_trader_symbol_directory
NYSE,PTA,Cohen & Steers Tax-Advantaged Preferred Securities and Income Fund Common Shares of Beneficial Interest,Stock,,nasdaq_trader_symbol_directory
NYSE,PTY,Pimco Corporate & Income Opportunity Fund,Stock,,nasdaq_trader_symbol_directory
NYSE,PUK,Prudential Public Limited Company Common Stock,Stock,,nasdaq_trader_symbol_directory
NYSE,PUMP,ProPetro Holding Corp. Common Stock,Stock,,nasdaq_trader_symbol_directory
NYSE,PVH,PVH Corp. Common Stock,Stock,,nasdaq_trader_symbol_directory
NYSE,PVL,Permianville Royalty Trust Units of Beneficial Interest,Stock,,nasdaq_trader_symbol_directory
NYSE,PWR,"Quanta Services, Inc. Common Stock",Stock,,nasdaq_trader_symbol_directory
NYSE,PXED,"Phoenix Education Partners, Inc. Common Stock",Stock,,nasdaq_trader_symbol_directory
NYSE,PYT,PPlus Tr GSC-2 Tr Ctf Fltg Rate,Stock,,nasdaq_trader_symbol_directory
NYSE,Q,"Qnity Electronics, Inc. Common Stock",Stock,,nasdaq_trader_symbol_directory
NYSE,QBTS,D-Wave Quantum Inc. Common Shares,Stock,,nasdaq_trader_symbol_directory
NYSE,QGEN,Qiagen N.V. Common Shares,Stock,,nasdaq_trader_symbol_directory
NYSE,QLEP,Quantum Leap Acquisition Corp Class A Ordinary Shares,Stock,,nasdaq_trader_symbol_directory
NYSE,QLEP.W,"Quantum Leap Acquisition Corp Warrants, each whole warrant exercisable for one Class A Ordinary Share at an exercise price of $11.50 per share",Stock,,nasdaq_trader_symbol_directory
NYSE,QRED,QuasarEdge Acquisition Corporation Ordinary Shares,Stock,,nasdaq_trader_symbol_directory
NYSE,QRED.R,QuasarEdge Acquisition Corporation Rights to receive one-fourth (1/4) of one Ordinary Share,Stock,,nasdaq_trader_symbol_directory
NYSE,QRED.U,"QuasarEdge Acquisition Corporation Units, each consisting of one Ordinary Share and one right entitling the holder to receive one-fourth (1/4) of one Ordinary Share",Stock,,nasdaq_trader_symbol_directory
NYSE,QSR,Restaurant Brands International Inc. Common Shares,Stock,,nasdaq_trader_symbol_directory
NYSE,QTWO,"Q2 Holdings, Inc. Common Stock",Stock,,nasdaq_trader_symbol_directory
NYSE,QUAD,"Quad Graphics, Inc Class A Common Stock",Stock,,nasdaq_trader_symbol_directory
NYSE,QXO,"QXO, Inc. Common Stock",Stock,,nasdaq_trader_symbol_directory
NYSE,QXO$B,"QXO, Inc. Depositary Shares, each representing a 1/20th interest in a share of 5.50% Series B Mandatory Convertible Preferred Stock",Stock,,nasdaq_trader_symbol_directory
NYSE,R,"Ryder System, Inc. Common Stock",Stock,,nasdaq_trader_symbol_directory
NYSE,RA,Brookfield Real Assets Income Fund Inc. Common Stock,Stock,,nasdaq_trader_symbol_directory
NYSE,RAC,Rithm Acquisition Corp. Class A Ordinary Shares,Stock,,nasdaq_trader_symbol_directory
NYSE,RAC.U,Rithm Acquisition Corp. Units (each consists of one Class A Ordinary Share and one-third of one redeemable Warrant),Stock,,nasdaq_trader_symbol_directory
NYSE,RAC.W,"Rithm Acquisition Corp. Redeemable warrants, each whole warrant exercisable for one Class A ordinary share at an exercise price of $11.50",Stock,,nasdaq_trader_symbol_directory
NYSE,RACE,Ferrari N.V. Common Shares,Stock,,nasdaq_trader_symbol_directory
NYSE,RAL,Ralliant Corporation Common Stock,Stock,,nasdaq_trader_symbol_directory
NYSE,RAMP,"LiveRamp Holdings, Inc. Common Stock",Stock,,nasdaq_trader_symbol_directory
NYSE,RBA,"RB Global, Inc. Common Stock",Stock,,nasdaq_trader_symbol_directory
NYSE,RBC,RBC Bearings Incorporated Common Stock,Stock,,nasdaq_trader_symbol_directory
NYSE,RBLX,Roblox Corporation Class A Common Stock,Stock,,nasdaq_trader_symbol_directory
NYSE,RBRK,"Rubrik, Inc. Class A Common Stock",Stock,,nasdaq_trader_symbol_directory
NYSE,RC,Ready Capital Corporation Common Stock,Stock,,nasdaq_trader_symbol_directory
NYSE,RC$C,Ready Capital Corporation 6.25% Series C Cumulative Convertible Preferred Stock,Stock,,nasdaq_trader_symbol_directory
NYSE,RC$E,Ready Capital Corporation 6.50% Series E Cumulative Redeemable Preferred Stock,Stock,,nasdaq_trader_symbol_directory
NYSE,RCD,Ready Capital Corporation 9.00% Senior Notes due 2029,Stock,,nasdaq_trader_symbol_directory
NYSE,RCI,"Rogers Communication, Inc. Common Stock",Stock,,nasdaq_trader_symbol_directory
NYSE,RCL,Royal Caribbean Cruises Ltd. Common Stock,Stock,,nasdaq_trader_symbol_directory
NYSE,RCS,"PIMCO Strategic Income Fund, Inc.",Stock,,nasdaq_trader_symbol_directory
NYSE,RCUS,"Arcus Biosciences, Inc. Common Stock",Stock,,nasdaq_trader_symbol_directory
NYSE,RDDT,"Reddit, Inc. Class A Common Stock",Stock,,nasdaq_trader_symbol_directory
NYSE,RDN,Radian Group Inc. Common Stock,Stock,,nasdaq_trader_symbol_directory
NYSE,RDW,Redwire Corporation Common Stock,Stock,,nasdaq_trader_symbol_directory
NYSE,RDY,Dr. Reddy's Laboratories Ltd Common Stock,Stock,,nasdaq_trader_symbol_directory
NYSE,RELX,RELX PLC PLC American Depositary Shares (Each representing One Ordinary Share),Stock,,nasdaq_trader_symbol_directory
NYSE,RERE,ATRenew Inc. American Depositary Shares (every three of which representing two Class A ordinary shares),Stock,,nasdaq_trader_symbol_directory
NYSE,RES,"RPC, Inc. Common Stock",Stock,,nasdaq_trader_symbol_directory
NYSE,REX,REX American Resources Corporation,Stock,,nasdaq_trader_symbol_directory
NYSE,REXR,"Rexford Industrial Realty, Inc. Common Stock",Stock,,nasdaq_trader_symbol_directory
NYSE,REXR$B,"Rexford Industrial Realty, Inc. 5.875% Series B Cumulative Redeemable Preferred Stock",Stock,,nasdaq_trader_symbol_directory
NYSE,REXR$C,"Rexford Industrial Realty, Inc. 5.625% Series C Cumulative Redeemable Preferred Stock, par value $0.01 per share",Stock,,nasdaq_trader_symbol_directory
NYSE,REZI,"Resideo Technologies, Inc. Common Stock",Stock,,nasdaq_trader_symbol_directory
NYSE,RF,Regions Financial Corporation Common Stock,Stock,,nasdaq_trader_symbol_directory
NYSE,RF$C,"Regions Financial Corporation Depositary Shares, each Representing a 1/40th Interest in a Share of 5.700% Fixed-to-Floating Rate Non-Cumulative Perpetual Preferred Stock, Series C",Stock,,nasdaq_trader_symbol_directory
NYSE,RF$E,"Regions Financial Corporation Depositary Shares, Each Representing a 1/40th Interest in a Share of 4.45% Non-Cumulative Perpetual Preferred Stock, Series E",Stock,,nasdaq_trader_symbol_directory
NYSE,RF$F,"Regions Financial Corporation Depositary Shares Each Representing a 1/40th Interest in a Share of Non-Cumulative Perpetual Preferred Stock, Series F",Stock,,nasdaq_trader_symbol_directory
NYSE,RFI,"Cohen & Steers Total Return Realty Fund, Inc. Common Stock",Stock,,nasdaq_trader_symbol_directory
NYSE,RFL,"Rafael Holdings, Inc. Class B Common Stock",Stock,,nasdaq_trader_symbol_directory
NYSE,RFM,"RiverNorth Flexible Municipal Income Fund, Inc. Common Stock",Stock,,nasdaq_trader_symbol_directory
NYSE,RFMZ,"RiverNorth Flexible Municipal Income Fund II, Inc. Common Stock",Stock,,nasdaq_trader_symbol_directory
NYSE,RGA,"Reinsurance Group of America, Incorporated Common Stock",Stock,,nasdaq_trader_symbol_directory
NYSE,RGR,"Sturm, Ruger & Company, Inc. Common Stock",Stock,,nasdaq_trader_symbol_directory
NYSE,RGT,"Royce Global Trust, Inc. Common Stock",Stock,,nasdaq_trader_symbol_directory
NYSE,RH,RH Common Stock,Stock,,nasdaq_trader_symbol_directory
NYSE,RHI,Robert Half Inc. Common Stock,Stock,,nasdaq_trader_symbol_directory
NYSE,RHLD,Resolute Holdings Management Common Stock,Stock,,nasdaq_trader_symbol_directory
NYSE,RHP,"Ryman Hospitality Properties, Inc. (REIT)",Stock,,nasdaq_trader_symbol_directory
NYSE,RIG,Transocean Ltd (Switzerland) Common Stock,Stock,,nasdaq_trader_symbol_directory
NYSE,RIO,Rio Tinto Plc Common Stock,Stock,,nasdaq_trader_symbol_directory
NYSE,RITM,Rithm Capital Corp. Common Stock,Stock,,nasdaq_trader_symbol_directory
NYSE,RITM$A,Rithm Capital Corp. 7.50% Series A Fixed-to-Floating Rate Cumulative Redeemable Preferred Stock,Stock,,nasdaq_trader_symbol_directory
NYSE,RITM$B,Rithm Capital Corp. 7.125% Series B Fixed-to-Floating Rate Cumulative Redeemable Preferred Stock,Stock,,nasdaq_trader_symbol_directory
NYSE,RITM$C,Rithm Capital Corp. 6.375% Series C Fixed-to-Floating Rate Cumulative Redeemable Preferred Stock,Stock,,nasdaq_trader_symbol_directory
NYSE,RITM$D,Rithm Capital Corp. 7.00% Fixed-Rate Reset Series D Cumulative Redeemable Preferred Stock,Stock,,nasdaq_trader_symbol_directory
NYSE,RITM$E,Rithm Capital Corp. 8.75% Series E Fixed-Rate Cumulative Redeemable Preferred Stock,Stock,,nasdaq_trader_symbol_directory
NYSE,RITM$F,Rithm Capital Corp. 8.750% Series F Fixed-Rate Reset Cumulative Redeemable Preferred Stock,Stock,,nasdaq_trader_symbol_directory
NYSE,RIV,"RiverNorth Opportunities Fund, Inc. Common Stock",Stock,,nasdaq_trader_symbol_directory
NYSE,RIV$A,"RiverNorth Opportunities Fund, Inc. 6.00% Series A Perpetual Preferred Stock",Stock,,nasdaq_trader_symbol_directory
NYSE,RJF,"Raymond James Financial, Inc. Common Stock",Stock,,nasdaq_trader_symbol_directory
NYSE,RKT,"Rocket Companies, Inc. Class A Common Stock",Stock,,nasdaq_trader_symbol_directory
NYSE,RL,Ralph Lauren Corporation Common Stock,Stock,,nasdaq_trader_symbol_directory
NYSE,RLI,RLI Corp. Common Stock (DE),Stock,,nasdaq_trader_symbol_directory
NYSE,RLJ,RLJ Lodging Trust Common Shares of Beneficial Interest $0.01 par value,Stock,,nasdaq_trader_symbol_directory
NYSE,RLJ$A,RLJ Lodging Trust $1.95 Series A Cumulative Convertible Preferred Shares,Stock,,nasdaq_trader_symbol_directory
NYSE,RLTY,Cohen & Steers Real Estate Opportunities and Income Fund Common Shares of Beneficial Interest,Stock,,nasdaq_trader_symbol_directory
NYSE,RLX,"RLX Technology Inc. American Depositary Shares, each representing the right to receive one (1) Class A ordinary share",Stock,,nasdaq_trader_symbol_directory
NYSE,RM,Regional Management Corp. Common Stock,Stock,,nasdaq_trader_symbol_directory
NYSE,RMAX,"RE/MAX Holdings, Inc. Class A Common Stock",Stock,,nasdaq_trader_symbol_directory
NYSE,RMD,ResMed Inc. Common Stock,Stock,,nasdaq_trader_symbol_directory
NYSE,RMI,"RiverNorth Opportunistic Municipal Income Fund, Inc. Common Stock",Stock,,nasdaq_trader_symbol_directory
NYSE,RMM,"RiverNorth Managed Duration Municipal Income Fund, Inc. Common Stock",Stock,,nasdaq_trader_symbol_directory
NYSE,RMMZ,"RiverNorth Managed Duration Municipal Income Fund II, Inc. Common Stock",Stock,,nasdaq_trader_symbol_directory
NYSE,RMT,"Royce Micro-Cap Trust, Inc. Common Stock",Stock,,nasdaq_trader_symbol_directory
NYSE,RNG,"RingCentral, Inc. Class A Common Stock",Stock,,nasdaq_trader_symbol_directory
NYSE,RNGR,"Ranger Energy Services, Inc. Class A Common Stock",Stock,,nasdaq_trader_symbol_directory
NYSE,RNP,"Cohen & Steers REIT and Preferred and Income Fund, Inc. Common Shares",Stock,,nasdaq_trader_symbol_directory
NYSE,RNR,RenaissanceRe Holdings Ltd. Common Stock,Stock,,nasdaq_trader_symbol_directory
NYSE,RNR$F,"RenaissanceRe Holdings Ltd. Depositary Shares, each Representing a 1/1,000th Interest in a 5.750% Series F Preference Share",Stock,,nasdaq_trader_symbol_directory
NYSE,RNR$G,"RenaissanceRe Holdings Ltd. Depositary Shares, each representing a 1/1,000th interest in a share of 4.20% Series G Preference Shares",Stock,,nasdaq_trader_symbol_directory
NYSE,RNST,Renasant Corporation Common Stock,Stock,,nasdaq_trader_symbol_directory
NYSE,ROG,Rogers Corporation Common Stock,Stock,,nasdaq_trader_symbol_directory
NYSE,ROK,"Rockwell Automation, Inc. Common Stock",Stock,,nasdaq_trader_symbol_directory
NYSE,ROL,"Rollins, Inc. Common Stock",Stock,,nasdaq_trader_symbol_directory
NYSE,RONB,Baron First Principles ETF,ETF,,nasdaq_trader_symbol_directory
NYSE,RPC,"Ridgepost Capital, Inc. Class A Common Stock",Stock,,nasdaq_trader_symbol_directory
NYSE,RPM,RPM International Inc. Common Stock,Stock,,nasdaq_trader_symbol_directory
NYSE,RPT,Rithm Property Trust Inc. Common stock,Stock,,nasdaq_trader_symbol_directory
NYSE,RPT$C,Rithm Property Trust Inc. 9.875% Series C Fixed-to-Floating Rate Cumulative Redeemable Preferred Stock,Stock,,nasdaq_trader_symbol_directory
NYSE,RQI,Cohen & Steers Quality Income Realty Fund Inc Common Shares,Stock,,nasdaq_trader_symbol_directory
NYSE,RQI.R,"Cohen & Steers Quality Income Realty Fund Inc. Rights (expiring July 15, 2026) Rights",Stock,,nasdaq_trader_symbol_directory
NYSE,RRC,Range Resources Corporation Common Stock,Stock,,nasdaq_trader_symbol_directory
NYSE,RRX,Regal Rexnord Corporation Common Stock,Stock,,nasdaq_trader_symbol_directory
NYSE,RS,"Reliance, Inc. Common Stock",Stock,,nasdaq_trader_symbol_directory
NYSE,RSF,RiverNorth Capital and Income Fund Common Stock,Stock,,nasdaq_trader_symbol_directory
NYSE,RSG,"Republic Services, Inc. Common Stock",Stock,,nasdaq_trader_symbol_directory
NYSE,RSI,"Rush Street Interactive, Inc. Class A Common Stock",Stock,,nasdaq_trader_symbol_directory
NYSE,RSKD,Riskified Ltd. Class A Ordinary Shares,Stock,,nasdaq_trader_symbol_directory
NYSE,RTO,Rentokil Initial plc American Depositary Shares (each representing five (5) Ordinary Shares),Stock,,nasdaq_trader_symbol_directory
NYSE,RTX,RTX Corporation Common Stock,Stock,,nasdaq_trader_symbol_directory
NYSE,RVI,Robinhood Ventures Fund I Common Shares of Beneficial Interest,Stock,,nasdaq_trader_symbol_directory
NYSE,RVLV,"Revolve Group, Inc. Class A Common Stock",Stock,,nasdaq_trader_symbol_directory
NYSE,RVT,"Royce Small-Cap Trust, Inc. Common Stock",Stock,,nasdaq_trader_symbol_directory
NYSE,RVTY,"Revvity, Inc. Common Stock",Stock,,nasdaq_trader_symbol_directory
NYSE,RWT,"Redwood Trust, Inc. Common Stock",Stock,,nasdaq_trader_symbol_directory
NYSE,RWT$A,"Redwood Trust, Inc. 10.00% Series A Fixed-Rate Reset Cumulative Redeemable Preferred Stock",Stock,,nasdaq_trader_symbol_directory
NYSE,RWTN,"Redwood Trust, Inc. 9.125% Senior Notes Due 2029",Stock,,nasdaq_trader_symbol_directory
NYSE,RWTO,"Redwood Trust, Inc. 9.00% Senior Notes Due 2029",Stock,,nasdaq_trader_symbol_directory
NYSE,RWTP,"Redwood Trust, Inc. 9.125% Senior Notes Due 2030",Stock,,nasdaq_trader_symbol_directory
NYSE,RWTQ,"Redwood Trust, Inc. 9.500% Senior Notes Due 2030",Stock,,nasdaq_trader_symbol_directory
NYSE,RWTS,"Redwood Trust, Inc. 9.75% Senior Notes Due 2031",Stock,,nasdaq_trader_symbol_directory
NYSE,RXO,"RXO, Inc. Common Stock",Stock,,nasdaq_trader_symbol_directory
NYSE,RY,Royal Bank Of Canada Common Stock,Stock,,nasdaq_trader_symbol_directory
NYSE,RYAM,Rayonier Advanced Materials Inc. Common Stock,Stock,,nasdaq_trader_symbol_directory
NYSE,RYAN,"Ryan Specialty Holdings, Inc. Class A Common Stock",Stock,,nasdaq_trader_symbol_directory
NYSE,RYN,Rayonier Inc. REIT Common Stock,Stock,,nasdaq_trader_symbol_directory
NYSE,RYZ,Ryerson Holding Corporation Common Stock,Stock,,nasdaq_trader_symbol_directory
NYSE,RZC,"Reinsurance Group of America, Incorporated 7.125% Fixed-Rate Reset Subordinated Debentures due 2052",Stock,,nasdaq_trader_symbol_directory
NYSE,S,"SentinelOne, Inc. Class A Common Stock",Stock,,nasdaq_trader_symbol_directory
NYSE,SA,"Seabridge Gold, Inc. Common Shares New",Stock,,nasdaq_trader_symbol_directory
NYSE,SABA,Saba Capital Income & Opportunities Fund II Shares of Beneficial Interest,Stock,,nasdaq_trader_symbol_directory
NYSE,SAC,Safeguard Acquisition Corp. Class A Ordinary Shares,Stock,,nasdaq_trader_symbol_directory
NYSE,SAC.U,"Safeguard Acquisition Corp. Units, each consisting of one Class A ordinary share and one-half of one redeemable warrant",Stock,,nasdaq_trader_symbol_directory
NYSE,SAC.W,"Safeguard Acquisition Corp. Warrants, each whole warrant exercisable for one Class A ordinary share at an exercise price of $11.50 per share",Stock,,nasdaq_trader_symbol_directory
NYSE,SAFE,Safehold Inc. New Common Stock,Stock,,nasdaq_trader_symbol_directory
NYSE,SAGU,Shreya Acquisition Group Class A Ordinary Shares,Stock,,nasdaq_trader_symbol_directory
NYSE,SAGU.R,"Shreya Acquisition Group Rights, each entitling the holder to receive one-fourth of one Class A Ordinary Share",Stock,,nasdaq_trader_symbol_directory
NYSE,SAGU.U,"Shreya Acquisition Group Units, each consisting of one Class A Ordinary Share, one redeemable warrant and one right entitling the holder to one-fourth of one Class A Ordinary Share",Stock,,nasdaq_trader_symbol_directory
NYSE,SAGU.W,"Shreya Acquisition Group Redeemable warrants, entitling the holder to purchase one Class A Ordinary Share at $11.50 per share",Stock,,nasdaq_trader_symbol_directory
NYSE,SAH,"Sonic Automotive, Inc. Common Stock",Stock,,nasdaq_trader_symbol_directory
NYSE,SAJ,Saratoga Investment Corp 8.00% Notes due 2027,Stock,,nasdaq_trader_symbol_directory
NYSE,SAM,"Boston Beer Company, Inc. (The) Common Stock",Stock,,nasdaq_trader_symbol_directory
NYSE,SAN,"Banco Santander, S.A. Sponsored ADR (Spain)",Stock,,nasdaq_trader_symbol_directory
NYSE,SAP,SAP SE ADS,Stock,,nasdaq_trader_symbol_directory
NYSE,SAR,Saratoga Investment Corp New,Stock,,nasdaq_trader_symbol_directory
NYSE,SARO,"StandardAero, Inc. Common Stock",Stock,,nasdaq_trader_symbol_directory
NYSE,SAT,Saratoga Investment Corp 6.00% Notes due 2027,Stock,,nasdaq_trader_symbol_directory
NYSE,SAV,Saratoga Investment Corp 7.50% Notes due 2031,Stock,,nasdaq_trader_symbol_directory
NYSE,SAY,Saratoga Investment Corp 8.125% Notes due 2027,Stock,,nasdaq_trader_symbol_directory
NYSE,SAZ,Saratoga Investment Corp 8.50% Notes due 2028,Stock,,nasdaq_trader_symbol_directory
NYSE,SB,"Safe Bulkers, Inc Common Stock ($0.001 par value)",Stock,,nasdaq_trader_symbol_directory
NYSE,SB$C,"Safe Bulkers, Inc Cumulative Redeemable Perpetual Preferred Series C (Marshall Islands)",Stock,,nasdaq_trader_symbol_directory
NYSE,SB$D,"Safe Bulkers, Inc Perpetual Preferred Series D (Marshall Islands)",Stock,,nasdaq_trader_symbol_directory
NYSE,SBH,"Sally Beauty Holdings, Inc. (Name to be changed from Sally Holdings, Inc.) Common Stock",Stock,,nasdaq_trader_symbol_directory
NYSE,SBI,Western Asset Intermediate Muni Fund Inc Common Stock,Stock,,nasdaq_trader_symbol_directory
NYSE,SBR,Sabine Royalty Trust Common Stock,Stock,,nasdaq_trader_symbol_directory
NYSE,SBS,Companhia de saneamento Basico Do Estado De Sao Paulo - Sabesp American Depositary Shares (Each repstg 250 Common Shares),Stock,,nasdaq_trader_symbol_directory
NYSE,SBSI,"Southside Bancshares, Inc. Common Stock",Stock,,nasdaq_trader_symbol_directory
NYSE,SBSW,D/B/A Sibanye-Stillwater Limited ADS,Stock,,nasdaq_trader_symbol_directory
NYSE,SBXD,SilverBox Corp IV Class A Ordinary Shares,Stock,,nasdaq_trader_symbol_directory
NYSE,SBXD.U,"SilverBox Corp IV Units, each consisting of one Class A ordinary share and one-third of one redeemable warrant",Stock,,nasdaq_trader_symbol_directory
NYSE,SBXD.W,"SilverBox Corp IV Redeemable warrants, each whole warrant exercisable for one Class A Ordinary Share at an exercise price of $11.50",Stock,,nasdaq_trader_symbol_directory
NYSE,SBXE,SilverBox Corp V Class A Ordinary Shares,Stock,,nasdaq_trader_symbol_directory
NYSE,SBXE.U,"SilverBox Corp V Units, each consisting of one Class A Ordinary Share and one-third of one redeemable warrant",Stock,,nasdaq_trader_symbol_directory
NYSE,SBXE.W,"SilverBox Corp V Redeemable warrants, each whole warrant exercisable for one Class A Ordinary Share at an exercise price of $11.50",Stock,,nasdaq_trader_symbol_directory
NYSE,SCCO,Southern Copper Corporation Common Stock,Stock,,nasdaq_trader_symbol_directory
NYSE,SCD,LMP Capital and Income Fund Inc. Common Stock,Stock,,nasdaq_trader_symbol_directory
NYSE,SCE$G,SCE Trust II Trust Preferred Securities,Stock,,nasdaq_trader_symbol_directory
NYSE,SCE$L,SCE TRUST VI,Stock,,nasdaq_trader_symbol_directory
NYSE,SCE$M,SCE Trust VII 7.50% Trust Preference Securities,Stock,,nasdaq_trader_symbol_directory
NYSE,SCE$N,SCE Trust VIII 6.95% Trust Preference Securities,Stock,,nasdaq_trader_symbol_directory
NYSE,SCHW,Charles Schwab Corporation (The) Common Stock,Stock,,nasdaq_trader_symbol_directory
NYSE,SCHW$D,"The Charles Schwab Corporation Depositary Shares each representing 1/40th interest in a share of 5.95% Non-Cumulative Perpetual Preferred Stock, Series D",Stock,,nasdaq_trader_symbol_directory
NYSE,SCHW$J,"The Charles Schwab Corporation Depositary Shares, Each Representing a 1/40th Interest in a Share of 4.450% Non-Cumulative Perpetual Preferred Stock, Series J",Stock,,nasdaq_trader_symbol_directory
NYSE,SCI,Service Corporation International Common Stock,Stock,,nasdaq_trader_symbol_directory
NYSE,SCL,Stepan Company Common Stock,Stock,,nasdaq_trader_symbol_directory
NYSE,SCM,Stellus Capital Investment Corporation Common Stock,Stock,,nasdaq_trader_symbol_directory
NYSE,SD,"SandRidge Energy, Inc. Common Stock",Stock,,nasdaq_trader_symbol_directory
NYSE,SDHC,Smith Douglas Homes Corp. Class A Common Stock,Stock,,nasdaq_trader_symbol_directory
NYSE,SDHY,PGIM Short Duration High Yield Opportunities Fund Common Shares,Stock,,nasdaq_trader_symbol_directory
NYSE,SDRL,Seadrill Limited Common Shares,Stock,,nasdaq_trader_symbol_directory
NYSE,SE,"Sea Limited American Depositary Shares, each representing one Class A Ordinary Share",Stock,,nasdaq_trader_symbol_directory
NYSE,SEAL$A,Seapeak LLC 9.00% Series A Cumulative Redeemable Perpetual Preferred Units,Stock,,nasdaq_trader_symbol_directory
NYSE,SEAL$B,Seapeak LLC 8.50% Series B Fixed-to-Floating Rate Cumulative Redeemable Perpetual Preferred Units,Stock,,nasdaq_trader_symbol_directory
NYSE,SEG,Seaport Entertainment Group Inc. Common Stock,Stock,,nasdaq_trader_symbol_directory
NYSE,SEI,"Solaris Energy Infrastructure, Inc. Class A Common Stock",Stock,,nasdaq_trader_symbol_directory
NYSE,SEM,Select Medical Holdings Corporation Common Stock,Stock,,nasdaq_trader_symbol_directory
NYSE,SES,SES AI Corporation Class A Common Stock,Stock,,nasdaq_trader_symbol_directory
NYSE,SES.W,"SES AI Corporation Warrants, each whole warrant exercisable for one share of Class A Common Stock at an exercise price of $11.50 per share",Stock,,nasdaq_trader_symbol_directory
NYSE,SF,Stifel Financial Corporation Common Stock,Stock,,nasdaq_trader_symbol_directory
NYSE,SF$B,"Stifel Financial Corporation Depositary Shares, Each Representing 1/1,000th Interest in a Share of 6.25% Non-Cumulative Preferred Stock, Series B",Stock,,nasdaq_trader_symbol_directory
NYSE,SF$C,"Stifel Financial Corporation Depositary Shares, Each Representing 1/1,000th Interest in a Share of 6.125% Non Cumulative Preferred Stock, Series C",Stock,,nasdaq_trader_symbol_directory
NYSE,SF$D,"Stifel Financial Corporation Depositary Shares, Each Representing 1/1,000th Interest in a Share of 4.50% Non-Cumulative Preferred Stock, Series D",Stock,,nasdaq_trader_symbol_directory
NYSE,SFB,Stifel Financial Corporation 5.20% Senior Notes due 2047,Stock,,nasdaq_trader_symbol_directory
NYSE,SFBS,"ServisFirst Bancshares, Inc. Common Stock",Stock,,nasdaq_trader_symbol_directory
NYSE,SFL,SFL Corporation Ltd,Stock,,nasdaq_trader_symbol_directory
NYSE,SG,"Sweetgreen, Inc. Class A Common Stock",Stock,,nasdaq_trader_symbol_directory
NYSE,SGHC,Super Group (SGHC) Limited Ordinary Shares,Stock,,nasdaq_trader_symbol_directory
NYSE,SGI,Somnigroup International Inc. Common Stock,Stock,,nasdaq_trader_symbol_directory
NYSE,SGOV,iShares 0-3 Month Treasury Bond ETF,ETF,,nasdaq_trader_symbol_directory
NYSE,SGU,Star Group L.P. Common Stock,Stock,,nasdaq_trader_symbol_directory
NYSE,SHAK,"Shake Shack, Inc. Class A Common Stock",Stock,,nasdaq_trader_symbol_directory
NYSE,SHEL,Shell PLC American Depositary Shares (each representing two (2) Ordinary Shares),Stock,,nasdaq_trader_symbol_directory
NYSE,SHG,Shinhan Financial Group Co Ltd American Depositary Shares,Stock,,nasdaq_trader_symbol_directory
NYSE,SHO,"Sunstone Hotel Investors, Inc. Sunstone Hotel Investors, Inc. Common Shares",Stock,,nasdaq_trader_symbol_directory
NYSE,SHO$H,"Sunstone Hotel Investors, Inc. 6.125% Series H Cumulative Redeemable Preferred Stock",Stock,,nasdaq_trader_symbol_directory
NYSE,SHO$I,"Sunstone Hotel Investors, Inc. 5.70% Series I Cumulative Redeemable Preferred Stock",Stock,,nasdaq_trader_symbol_directory
NYSE,SHOC,Strive U.S. Semiconductor ETF,ETF,,nasdaq_trader_symbol_directory
NYSE,SHV,iShares 0-1 Year Treasury Bond ETF,ETF,,nasdaq_trader_symbol_directory
NYSE,SHW,Sherwin-Williams Company (The) Common Stock,Stock,,nasdaq_trader_symbol_directory
NYSE,SI,"Shoulder Innovations, Inc. Common Stock",Stock,,nasdaq_trader_symbol_directory
NYSE,SID,Companhia Siderurgica Nacional S.A. Common Stock,Stock,,nasdaq_trader_symbol_directory
NYSE,SIG,Signet Jewelers Limited Common Shares,Stock,,nasdaq_trader_symbol_directory
NYSE,SII,Sprott Inc. Common Shares,Stock,,nasdaq_trader_symbol_directory
NYSE,SILA,"Sila Realty Trust, Inc. Common Stock",Stock,,nasdaq_trader_symbol_directory
NYSE,SIND,Sinda Ltd. Common Stock,Stock,,nasdaq_trader_symbol_directory
NYSE,SITC,SITE Centers Corp. Common Stock,Stock,,nasdaq_trader_symbol_directory
NYSE,SITE,"SiteOne Landscape Supply, Inc. Common Stock",Stock,,nasdaq_trader_symbol_directory
NYSE,SJM,The J.M. Smucker Company Common Stock,Stock,,nasdaq_trader_symbol_directory
NYSE,SJT,San Juan Basin Royalty Trust Common Stock,Stock,,nasdaq_trader_symbol_directory
NYSE,SKE,Skeena Resources Limited Common Shares,Stock,,nasdaq_trader_symbol_directory
NYSE,SKIL,Skillsoft Corp. Class A Common Stock,Stock,,nasdaq_trader_symbol_directory
NYSE,SKM,"SK Telecom Co., Ltd. Common Stock",Stock,,nasdaq_trader_symbol_directory
NYSE,SKT,Tanger Inc. Common Stock,Stock,,nasdaq_trader_symbol_directory
NYSE,SKY,"Champion Homes, Inc. Common Stock",Stock,,nasdaq_trader_symbol_directory
NYSE,SKYH,Sky Harbour Group Corporation Class A Common Stock,Stock,,nasdaq_trader_symbol_directory
NYSE,SKYH.W,"Sky Harbour Group Corporation Warrants, each whole warrant exercisable for one share of Class A common stock at an exercise price of $11.50 per share",Stock,,nasdaq_trader_symbol_directory
NYSE,SLAI,SOLAI Limited American Depositary Shares (each representing one hundred (100) Class A Ordinary Shares),Stock,,nasdaq_trader_symbol_directory
NYSE,SLB,SLB Limited Common Shares,Stock,,nasdaq_trader_symbol_directory
NYSE,SLF,Sun Life Financial Inc. Common Stock,Stock,,nasdaq_trader_symbol_directory
NYSE,SLG,SL Green Realty Corp Common Stock,Stock,,nasdaq_trader_symbol_directory
NYSE,SLG$I,SL Green Realty Corporation Preferred Series I,Stock,,nasdaq_trader_symbol_directory
NYSE,SLGN,Silgan Holdings Inc. Common Stock,Stock,,nasdaq_trader_symbol_directory
NYSE,SLNZ,TCW Senior Loan ETF,ETF,,nasdaq_trader_symbol_directory
NYSE,SLQT,"SelectQuote, Inc. Common Stock",Stock,,nasdaq_trader_symbol_directory
NYSE,SLVM,Sylvamo Corporation Common Stock,Stock,,nasdaq_trader_symbol_directory
NYSE,SM,SM Energy Company Common Stock,Stock,,nasdaq_trader_symbol_directory
NYSE,SMA,"SmartStop Self Storage REIT, Inc. Common Stock",Stock,,nasdaq_trader_symbol_directory
NYSE,SMBK,"SmartFinancial, Inc. Common Stock",Stock,,nasdaq_trader_symbol_directory
NYSE,SMC,Summit Midstream Corporation Common Stock,Stock,,nasdaq_trader_symbol_directory
NYSE,SMFG,Sumitomo Mitsui Financial Group Inc Unsponsored American Depositary Shares (Japan),Stock,,nasdaq_trader_symbol_directory
NYSE,SMG,Scotts Miracle-Gro Company (The) Common Stock,Stock,,nasdaq_trader_symbol_directory
NYSE,SMHI,SEACOR Marine Holdings Inc. Common Stock,Stock,,nasdaq_trader_symbol_directory
NYSE,SMP,"Standard Motor Products, Inc. Common Stock",Stock,,nasdaq_trader_symbol_directory
NYSE,SMR,NuScale Power Corporation Class A Common Stock,Stock,,nasdaq_trader_symbol_directory
NYSE,SMRT,"SmartRent, Inc. Class A Common Stock",Stock,,nasdaq_trader_symbol_directory
NYSE,SMWB,Similarweb Ltd. Ordinary Shares,Stock,,nasdaq_trader_symbol_directory
NYSE,SN,"SharkNinja, Inc. Ordinary Shares",Stock,,nasdaq_trader_symbol_directory
NYSE,SNA,Snap-On Incorporated Common Stock,Stock,,nasdaq_trader_symbol_directory
NYSE,SNAP,Snap Inc. Class A Common Stock,Stock,,nasdaq_trader_symbol_directory
NYSE,SNDA,"Sonida Senior Living, Inc. Common Stock",Stock,,nasdaq_trader_symbol_directory
NYSE,SNDR,"Schneider National, Inc. Common Stock",Stock,,nasdaq_trader_symbol_directory
NYSE,SNN,"Smith & Nephew SNATS, Inc. Common Stock",Stock,,nasdaq_trader_symbol_directory
NYSE,SNOW,Snowflake Inc. Common Stock,Stock,,nasdaq_trader_symbol_directory
NYSE,SNX,TD SYNNEX Corporation Common Stock,Stock,,nasdaq_trader_symbol_directory
NYSE,SO,Southern Company (The) Common Stock,Stock,,nasdaq_trader_symbol_directory
NYSE,SOBO,South Bow Corporation Common Shares,Stock,,nasdaq_trader_symbol_directory
NYSE,SOC,Sable Offshore Corp. Common Stock,Stock,,nasdaq_trader_symbol_directory
NYSE,SOJC,"Southern Company (The) Series 2017B 5.25% Junior Subordinated Notes due December 1, 2077",Stock,,nasdaq_trader_symbol_directory
NYSE,SOJD,"Southern Company (The) Series 2020A 4.95% Junior Subordinated Notes due January 30, 2080",Stock,,nasdaq_trader_symbol_directory
NYSE,SOJE,"Southern Company (The) Series 2020C 4.20% Junior Subordinated Notes due October 15, 2060",Stock,,nasdaq_trader_symbol_directory
NYSE,SOJF,"Southern Company (The) Series 2025A 6.50% Junior Subordinated Notes due March 15, 2085",Stock,,nasdaq_trader_symbol_directory
NYSE,SOLV,Solventum Corporation Common Stock,Stock,,nasdaq_trader_symbol_directory
NYSE,SOMN,Southern Company (The) 2025 Series A Corporate Units,Stock,,nasdaq_trader_symbol_directory
NYSE,SON,Sonoco Products Company Common Stock,Stock,,nasdaq_trader_symbol_directory
NYSE,SONY,Sony Group Corporation American Depositary Shares,Stock,,nasdaq_trader_symbol_directory
NYSE,SOR,"Source Capital, Inc. Cmn Shs of BI",Stock,,nasdaq_trader_symbol_directory
NYSE,SOS,SOS Limited Class A Ordinary Shares,Stock,,nasdaq_trader_symbol_directory
NYSE,SOUL,Soulpower Acquisition Corporation Class A Ordinary Shares,Stock,,nasdaq_trader_symbol_directory
NYSE,SOUL.R,"Soulpower Acquisition Corporation Rights, each right entitling the holder to receive one-tenth (1/10) of one Class A Ordinary Share",Stock,,nasdaq_trader_symbol_directory
NYSE,SOUL.U,"Soulpower Acquisition Corporation Units, each consisting of one Class A ordinary share and one right",Stock,,nasdaq_trader_symbol_directory
NYSE,SPB,"Spectrum Brands Holdings, Inc. Common Stock",Stock,,nasdaq_trader_symbol_directory
NYSE,SPCE,"Virgin Galactic Holdings, Inc. Common Stock",Stock,,nasdaq_trader_symbol_directory
NYSE,SPE,"Special Opportunities Fund, Inc Common Stock",Stock,,nasdaq_trader_symbol_directory
NYSE,SPE$C,"Special Opportunities Fund Inc. 2.75% Convertible Preferred Stock, Series C",Stock,,nasdaq_trader_symbol_directory
NYSE,SPG,"Simon Property Group, Inc. Common Stock",Stock,,nasdaq_trader_symbol_directory
NYSE,SPG$J,"Simon Property Group, Inc. Simon Property Group 8 3/8% Series J Cumulative Redeemable Preferred Stock",Stock,,nasdaq_trader_symbol_directory
NYSE,SPGI,S&P Global Inc. Common Stock,Stock,,nasdaq_trader_symbol_directory
NYSE,SPGI.V,S&P Global Inc. Common Stock When-Issued,Stock,,nasdaq_trader_symbol_directory
NYSE,SPH,"Suburban Propane Partners, L.P. Common Stock",Stock,,nasdaq_trader_symbol_directory
NYSE,SPHR,Sphere Entertainment Co. Class A Common Stock,Stock,,nasdaq_trader_symbol_directory
NYSE,SPIR,"Spire Global, Inc. Class A Common Stock",Stock,,nasdaq_trader_symbol_directory
NYSE,SPMA,"Sound Point Meridian Capital, Inc. 8.00% Series A Preferred Shares Due 2029",Stock,,nasdaq_trader_symbol_directory
NYSE,SPMC,"Sound Point Meridian Capital, Inc. Common Stock",Stock,,nasdaq_trader_symbol_directory
NYSE,SPME,"Sound Point Meridian Capital, Inc. 7.875% Series B Preferred Shares due 2030",Stock,,nasdaq_trader_symbol_directory
NYSE,SPNT,SiriusPoint Ltd. Common Shares,Stock,,nasdaq_trader_symbol_directory
NYSE,SPOT,Spotify Technology S.A. Ordinary Shares,Stock,,nasdaq_trader_symbol_directory
NYSE,SPRU,Spruce Power Holding Corporation Class A Common Stock,Stock,,nasdaq_trader_symbol_directory
NYSE,SPXC,"SPX Technologies, Inc. Common Stock",Stock,,nasdaq_trader_symbol_directory
NYSE,SPXX,Nuveen S&P 500 Dynamic Overwrite Fund,Stock,,nasdaq_trader_symbol_directory
NYSE,SQM,Sociedad Quimica y Minera S.A. Common Stock,Stock,,nasdaq_trader_symbol_directory
NYSE,SQNS,Sequans Communications S.A. American Depositary Shares (each representing one hundred (100) Ordinary Shares),Stock,,nasdaq_trader_symbol_directory
NYSE,SR,Spire Inc. Common Stock,Stock,,nasdaq_trader_symbol_directory
NYSE,SRE,DBA Sempra Common Stock,Stock,,nasdaq_trader_symbol_directory
NYSE,SREA,DBA Sempra 5.750% Junior Subordinated Notes due 2079,Stock,,nasdaq_trader_symbol_directory
NYSE,SRFM,Surf Air Mobility Inc. Common Stock,Stock,,nasdaq_trader_symbol_directory
NYSE,SRG,Seritage Growth Properties Class A Common Stock,Stock,,nasdaq_trader_symbol_directory
NYSE,SRG$A,Seritage Growth Properties 7.00% Series A Cumulative Redeemable Preferred Shares of Beneficial Interest,Stock,,nasdaq_trader_symbol_directory
NYSE,SRI,"Stoneridge, Inc. Common Stock",Stock,,nasdaq_trader_symbol_directory
NYSE,SRJN,Spire Inc. 6.375% Junior Subordinated Notes due 2086,Stock,,nasdaq_trader_symbol_directory
NYSE,SRL,Scully Royalty Ltd.,Stock,,nasdaq_trader_symbol_directory
NYSE,SRV,NXG Cushing Midstream Energy Fund Common Shares of Beneficial Interest,Stock,,nasdaq_trader_symbol_directory
NYSE,SSB,SouthState Bank Corporation Common Stock,Stock,,nasdaq_trader_symbol_directory
NYSE,SSD,"Simpson Manufacturing Company, Inc. Common Stock",Stock,,nasdaq_trader_symbol_directory
NYSE,SSL,Sasol Ltd. American Depositary Shares,Stock,,nasdaq_trader_symbol_directory
NYSE,SSMR,Sunshine Silver Mining & Refining Company Common Stock,Stock,,nasdaq_trader_symbol_directory
NYSE,SST,"System1, Inc. Class A Common Stock",Stock,,nasdaq_trader_symbol_directory
NYSE,SSTK,"Shutterstock, Inc. Common Stock",Stock,,nasdaq_trader_symbol_directory
NYSE,ST,Sensata Technologies Holding plc Ordinary Shares,Stock,,nasdaq_trader_symbol_directory
NYSE,STAG,"Stag Industrial, Inc. Common Stock",Stock,,nasdaq_trader_symbol_directory
NYSE,STC,Stewart Information Services Corporation Common Stock,Stock,,nasdaq_trader_symbol_directory
NYSE,STE,STERIS plc (Ireland) Ordinary Shares,Stock,,nasdaq_trader_symbol_directory
NYSE,STEL,"Stellar Bancorp, Inc. Common Stock",Stock,,nasdaq_trader_symbol_directory
NYSE,STEM,"Stem, Inc. Class A Common Stock",Stock,,nasdaq_trader_symbol_directory
NYSE,STEW,"SRH Total Return Fund, Inc. Common Stock",Stock,,nasdaq_trader_symbol_directory
NYSE,STG,"Sunlands Technology Group American Depositary Shares, representing Class A ordinary shares",Stock,,nasdaq_trader_symbol_directory
NYSE,STK,Columbia Seligman Premium Technology Growth Fund Inc,Stock,,nasdaq_trader_symbol_directory
NYSE,STLA,Stellantis N.V. Common Shares,Stock,,nasdaq_trader_symbol_directory
NYSE,STM,STMicroelectronics N.V. Common Stock,Stock,,nasdaq_trader_symbol_directory
NYSE,STN,Stantec Inc Common Stock,Stock,,nasdaq_trader_symbol_directory
NYSE,STNG,Scorpio Tankers Inc. Common Shares,Stock,,nasdaq_trader_symbol_directory
NYSE,STT,State Street Corporation Common Stock,Stock,,nasdaq_trader_symbol_directory
NYSE,STT$G,"State Street Corporation Depositary shares, each representing a 1/4,000th ownership interest in a share of Fixed-to-Floating Rate Non-Cumulative",Stock,,nasdaq_trader_symbol_directory
NYSE,STUB,"StubHub Holdings, Inc. Class A Common Stock",Stock,,nasdaq_trader_symbol_directory
NYSE,STVN,Stevanato Group S.p.A. Ordinary Shares,Stock,,nasdaq_trader_symbol_directory
NYSE,STWD,"STARWOOD PROPERTY TRUST, INC. Starwood Property Trust Inc.",Stock,,nasdaq_trader_symbol_directory
NYSE,STXD,Strive 1000 Dividend Growth ETF,ETF,,nasdaq_trader_symbol_directory
NYSE,STXE,Strive Emerging Markets Ex-China ETF,ETF,,nasdaq_trader_symbol_directory
NYSE,STXF,Strive 500 ETF,ETF,,nasdaq_trader_symbol_directory
NYSE,STXG,Strive 1000 Growth ETF,ETF,,nasdaq_trader_symbol_directory
NYSE,STXK,Strive Small-Cap ETF,ETF,,nasdaq_trader_symbol_directory
NYSE,STXT,Strive Total Return Bond ETF,ETF,,nasdaq_trader_symbol_directory
NYSE,STXV,Strive 1000 Value ETF,ETF,,nasdaq_trader_symbol_directory
NYSE,STZ,"Constellation Brands, Inc. Common Stock",Stock,,nasdaq_trader_symbol_directory
NYSE,SU,Suncor Energy Inc. Common Stock,Stock,,nasdaq_trader_symbol_directory
NYSE,SUI,"Sun Communities, Inc. Common Stock",Stock,,nasdaq_trader_symbol_directory
NYSE,SUN,Sunoco LP Common Units representing limited partner interests,Stock,,nasdaq_trader_symbol_directory
NYSE,SUNB,"Sunbelt Rentals Holdings, Inc. Common Stock",Stock,,nasdaq_trader_symbol_directory
NYSE,SUNC,"SunocoCorp LLC Common Units, representing limited liability company interests",Stock,,nasdaq_trader_symbol_directory
NYSE,SUPV,Grupo Supervielle S.A. American Depositary Shares each Representing five Class B shares,Stock,,nasdaq_trader_symbol_directory
NYSE,SUZ,Suzano S.A. American Depositary Shares (each representing One Ordinary Share),Stock,,nasdaq_trader_symbol_directory
NYSE,SVV,"Savers Value Village, Inc. Common Stock",Stock,,nasdaq_trader_symbol_directory
NYSE,SW,Smurfit WestRock plc Ordinary Shares,Stock,,nasdaq_trader_symbol_directory
NYSE,SWK,"Stanley Black & Decker, Inc. Common Stock",Stock,,nasdaq_trader_symbol_directory
NYSE,SWX,"Southwest Gas Holdings, Inc. Common Stock (DE)",Stock,,nasdaq_trader_symbol_directory
NYSE,SWZ,Total Return Securities Fund Common Stock,Stock,,nasdaq_trader_symbol_directory
NYSE,SXC,"SunCoke Energy, Inc. Common Stock",Stock,,nasdaq_trader_symbol_directory
NYSE,SXI,Standex International Corporation Common Stock,Stock,,nasdaq_trader_symbol_directory
NYSE,SXT,Sensient Technologies Corporation Common Stock,Stock,,nasdaq_trader_symbol_directory
NYSE,SYF,Synchrony Financial Common Stock,Stock,,nasdaq_trader_symbol_directory
NYSE,SYF$A,"Synchrony Financial Depositary Shares, each Representing a 1/40th Interest in a Share of 5.625% Fixed Rate Non-Cumulative Perpetual Preferred Stock, Series A",Stock,,nasdaq_trader_symbol_directory
NYSE,SYF$B,"Synchrony Financial Depositary Shares Each Representing a 1/40th Interest in a Share of 8.250% Fixed Rate Reset Non-Cumulative Perpetual Preferred Stock, Series B",Stock,,nasdaq_trader_symbol_directory
NYSE,SYK,Stryker Corporation Common Stock,Stock,,nasdaq_trader_symbol_directory
NYSE,SYY,Sysco Corporation Common Stock,Stock,,nasdaq_trader_symbol_directory
NYSE,T,AT&T Inc.,Stock,,nasdaq_trader_symbol_directory
NYSE,T$A,"AT&T Inc. Depositary Shares, each representing a 1/1,000th interest in a share of 5.000% Perpetual Preferred Stock, Series A",Stock,,nasdaq_trader_symbol_directory
NYSE,T$C,"AT&T Inc. Depositary Shares, each representing a 1/1,000th interest in a share of 4.750% Perpetual Preferred Stock, Series C",Stock,,nasdaq_trader_symbol_directory
NYSE,TAC,TransAlta Corporation Ordinary Shares,Stock,,nasdaq_trader_symbol_directory
NYSE,TAK,Takeda Pharmaceutical Company Limited American Depositary Shares (each representing 1/2 of a share of Common Stock),Stock,,nasdaq_trader_symbol_directory
NYSE,TAL,TAL Education Group American Depositary Shares,Stock,,nasdaq_trader_symbol_directory
NYSE,TALO,"Talos Energy, Inc. Common Stock",Stock,,nasdaq_trader_symbol_directory
NYSE,TAP,Molson Coors Beverage Company Class B Common Stock,Stock,,nasdaq_trader_symbol_directory
NYSE,TAP.A,Molson Coors Beverage Company Class A Common Stock,Stock,,nasdaq_trader_symbol_directory
NYSE,TBB,AT&T Inc. 5.350% Global Notes due 2066,Stock,,nasdaq_trader_symbol_directory
NYSE,TBBB,BBB Foods Inc. Class A Common Shares,Stock,,nasdaq_trader_symbol_directory
NYSE,TBI,"TrueBlue, Inc. Common Stock",Stock,,nasdaq_trader_symbol_directory
NYSE,TBLU,Tortoise Global Water ETF,ETF,,nasdaq_trader_symbol_directory
NYSE,TBN,Tamboran Resources Corporation Common stock,Stock,,nasdaq_trader_symbol_directory
NYSE,TCAI,Tortoise AI Infrastructure ETF,ETF,,nasdaq_trader_symbol_directory
NYSE,TCBX,"Third Coast Bancshares, Inc. Common Stock",Stock,,nasdaq_trader_symbol_directory
NYSE,TCI,"Transcontinental Realty Investors, Inc. Common Stock",Stock,,nasdaq_trader_symbol_directory
NYSE,TCPA,TransCanada PipeLines Limited 6.250% Junior Subordinated Notes due 2085,Stock,,nasdaq_trader_symbol_directory
NYSE,TD,Toronto Dominion Bank (The) Common Stock,Stock,,nasdaq_trader_symbol_directory
NYSE,TDAY,"USA TODAY Co., Inc. Common Stock",Stock,,nasdaq_trader_symbol_directory
NYSE,TDC,Teradata Corporation Common Stock,Stock,,nasdaq_trader_symbol_directory
NYSE,TDF,"Templeton Dragon Fund, Inc. Common Stock",Stock,,nasdaq_trader_symbol_directory
NYSE,TDG,Transdigm Group Incorporated Common Stock,Stock,,nasdaq_trader_symbol_directory
NYSE,TDOC,"Teladoc Health, Inc. Common Stock",Stock,,nasdaq_trader_symbol_directory
NYSE,TDS,"Telephone and Data Systems, Inc. Common Shares",Stock,,nasdaq_trader_symbol_directory
NYSE,TDS$U,"Telephone and Data Systems, Inc. Depositary Shares, Each Representing a 1/1,000th Interest in a 6.625% Series UU Cumulative Redeemable Perpetual Preferred Stock",Stock,,nasdaq_trader_symbol_directory
NYSE,TDS$V,"Telephone and Data Systems, Inc. Depositary Shares, Each Representing a 1/1,000th Interest in a 6.000% Series VV Cumulative Redeemable Perpetual Preferred Stock",Stock,,nasdaq_trader_symbol_directory
NYSE,TDW,Tidewater Inc. Common Stock,Stock,,nasdaq_trader_symbol_directory
NYSE,TDY,Teledyne Technologies Incorporated Common Stock,Stock,,nasdaq_trader_symbol_directory
NYSE,TE,T1 Energy Inc. Common Stock,Stock,,nasdaq_trader_symbol_directory
NYSE,TE.W,"T1 Energy Inc. Warrants, each whole warrant exercisable to purchase one Common Stock at an exercise price of $11.50 per share",Stock,,nasdaq_trader_symbol_directory
NYSE,TECK,Teck Resources Ltd Ordinary Shares,Stock,,nasdaq_trader_symbol_directory
NYSE,TEI,"Templeton Emerging Markets Income Fund, Inc. Common Stock",Stock,,nasdaq_trader_symbol_directory
NYSE,TEL,TE Connectivity plc Ordinary Shares,Stock,,nasdaq_trader_symbol_directory
NYSE,TEN,Tsakos Energy Navigation Ltd Common Shares,Stock,,nasdaq_trader_symbol_directory
NYSE,TEN$E,"Tsakos Energy Navigation Ltd Series E Fixed-to-Floating Rate Cumulative Redeemable Perpetual Preferred Shares, par value $1.00",Stock,,nasdaq_trader_symbol_directory
NYSE,TEN$F,"Tsakos Energy Navigation Ltd Series F Fixed-to-Floating Rate Cumulative Redeemable Perpetual Preferred Shares, par value $1.00",Stock,,nasdaq_trader_symbol_directory
NYSE,TEO,Telecom Argentina SA,Stock,,nasdaq_trader_symbol_directory
NYSE,TEVA,Teva Pharmaceutical Industries Limited American Depositary Shares,Stock,,nasdaq_trader_symbol_directory
NYSE,TEX,Terex Corporation Common Stock,Stock,,nasdaq_trader_symbol_directory
NYSE,TFC,Truist Financial Corporation Common Stock,Stock,,nasdaq_trader_symbol_directory
NYSE,TFC$I,Truist Financial Corporation Depositary Shares,Stock,,nasdaq_trader_symbol_directory
NYSE,TFC$O,"Truist Financial Corporation Depositary Shares, Each Representing a 1/1,000th Interest in a Share of Series O Non-Cumulative Perpetual Preferred Stock",Stock,,nasdaq_trader_symbol_directory
NYSE,TFC$R,"Truist Financial Corporation Depositary Shares, each representing 1/1,000th interest in a share of Series R Non-Cumulative Perpetual Preferred Stock",Stock,,nasdaq_trader_symbol_directory
NYSE,TFII,TFI International Inc. Common Shares,Stock,,nasdaq_trader_symbol_directory
NYSE,TFIN,"Triumph Financial, Inc. Common Stock",Stock,,nasdaq_trader_symbol_directory
NYSE,TFIN$,"Triumph Financial, Inc. Depositary Shares, Each Representing a 1/40th Interest in a Share of 7.125% Series C Fixed-Rate Non-Cumulative Perpetual Preferred Stock",Stock,,nasdaq_trader_symbol_directory
NYSE,TFPM,Triple Flag Precious Metals Corp. Common Shares,Stock,,nasdaq_trader_symbol_directory
NYSE,TFX,Teleflex Incorporated Common Stock,Stock,,nasdaq_trader_symbol_directory
NYSE,TG,Tredegar Corporation Common Stock,Stock,,nasdaq_trader_symbol_directory
NYSE,TGE,The Generation Essentials Group Class A Ordinary Shares,Stock,,nasdaq_trader_symbol_directory
NYSE,TGLS,Tecnoglass Inc. Ordinary Shares,Stock,,nasdaq_trader_symbol_directory
NYSE,TGS,Transportadora de Gas del Sur SA TGS Common Stock,Stock,,nasdaq_trader_symbol_directory
NYSE,TGT,Target Corporation Common Stock,Stock,,nasdaq_trader_symbol_directory
NYSE,THC,Tenet Healthcare Corporation Common Stock,Stock,,nasdaq_trader_symbol_directory
NYSE,THG,Hanover Insurance Group Inc,Stock,,nasdaq_trader_symbol_directory
NYSE,THIR,THOR Index Rotation ETF,ETF,,nasdaq_trader_symbol_directory
NYSE,THLV,THOR Equal Weight Low Volatility ETF,ETF,,nasdaq_trader_symbol_directory
NYSE,THMR,THOR AdaptiveRisk Dynamic ETF,ETF,,nasdaq_trader_symbol_directory
NYSE,THO,"Thor Industries, Inc. Common Stock",Stock,,nasdaq_trader_symbol_directory
NYSE,THQ,abrdn Healthcare Opportunities Fund Shares of Beneficial Interest,Stock,,nasdaq_trader_symbol_directory
NYSE,THW,abrdn World Healthcare Fund Shares of Beneficial Interest,Stock,,nasdaq_trader_symbol_directory
NYSE,TIC,"TIC Solutions, Inc. Common Stock",Stock,,nasdaq_trader_symbol_directory
NYSE,TIMB,TIM S.A. American Depositary Shares (Each representing 5 Common Shares),Stock,,nasdaq_trader_symbol_directory
NYSE,TISI,"Team, Inc. Common Stock",Stock,,nasdaq_trader_symbol_directory
NYSE,TJX,"TJX Companies, Inc. (The) Common Stock",Stock,,nasdaq_trader_symbol_directory
NYSE,TK,Teekay Corporation Ltd. Common Stock,Stock,,nasdaq_trader_symbol_directory
NYSE,TKC,Turkcell Iletisim Hizmetleri AS Common Stock,Stock,,nasdaq_trader_symbol_directory
NYSE,TKO,"TKO Group Holdings, Inc. Class A Common Stock",Stock,,nasdaq_trader_symbol_directory
NYSE,TKR,Timken Company (The) Common Stock,Stock,,nasdaq_trader_symbol_directory
NYSE,TLK,"PT Telekomunikasi Indonesia, Tbk",Stock,,nasdaq_trader_symbol_directory
NYSE,TLYS,"Tilly's, Inc. Common Stock",Stock,,nasdaq_trader_symbol_directory
NYSE,TM,Toyota Motor Corporation Common Stock,Stock,,nasdaq_trader_symbol_directory
NYSE,TME,"Tencent Music Entertainment Group American Depositary Shares, each representing two Class A Ordinary Shares",Stock,,nasdaq_trader_symbol_directory
NYSE,TMHC,Taylor Morrison Home Corporation Common Stock,Stock,,nasdaq_trader_symbol_directory
NYSE,TMO,Thermo Fisher Scientific Inc Common Stock,Stock,,nasdaq_trader_symbol_directory
NYSE,TNC,Tennant Company Common Stock,Stock,,nasdaq_trader_symbol_directory
NYSE,TNET,"TriNet Group, Inc. Common Stock",Stock,,nasdaq_trader_symbol_directory
NYSE,TNGY,Tortoise Energy ETF,ETF,,nasdaq_trader_symbol_directory
NYSE,TNK,Teekay Tankers Ltd.,Stock,,nasdaq_trader_symbol_directory
NYSE,TNL,Travel Leisure Co. Common Stock,Stock,,nasdaq_trader_symbol_directory
NYSE,TOL,"Toll Brothers, Inc. Common Stock",Stock,,nasdaq_trader_symbol_directory
NYSE,TOST,"Toast, Inc. Class A Common Stock",Stock,,nasdaq_trader_symbol_directory
NYSE,TPB,"Turning Point Brands, Inc. Common Stock",Stock,,nasdaq_trader_symbol_directory
NYSE,TPC,Tutor Perini Corporation Common Stock,Stock,,nasdaq_trader_symbol_directory
NYSE,TPL,Texas Pacific Land Corporation Common Stock,Stock,,nasdaq_trader_symbol_directory
NYSE,TPR,"Tapestry, Inc. Common Stock",Stock,,nasdaq_trader_symbol_directory
NYSE,TPTS,"Terra Property Trust, Inc. 7.00% Senior Secured Notes due 2029",Stock,,nasdaq_trader_symbol_directory
NYSE,TPVG,TriplePoint Venture Growth BDC Corp. Common Stock,Stock,,nasdaq_trader_symbol_directory
NYSE,TPYP,Tortoise North American Pipeline ETF,ETF,,nasdaq_trader_symbol_directory
NYSE,TPZ,Tortoise Electrification Infrastructure ETF,ETF,,nasdaq_trader_symbol_directory
NYSE,TR,"Tootsie Roll Industries, Inc. Common Stock",Stock,,nasdaq_trader_symbol_directory
NYSE,TRAD,APEX Tech Acquisition Inc. Ordinary Shares,Stock,,nasdaq_trader_symbol_directory
NYSE,TRAD.R,"APEX Tech Acquisition Inc. Rights, each entitling the holder to receive one-fourth (1/4) of one ordinary share",Stock,,nasdaq_trader_symbol_directory
NYSE,TRAD.U,"APEX Tech Acquisition Inc. Units, each consisting of one Class A ordinary share and one right to receive one sixth (1/6) of a Class A ordinary share",Stock,,nasdaq_trader_symbol_directory
NYSE,TRAK,"ReposiTrak, Inc. Common Stock",Stock,,nasdaq_trader_symbol_directory
NYSE,TRC,Tejon Ranch Co Common Stock,Stock,,nasdaq_trader_symbol_directory
NYSE,TREX,"Trex Company, Inc. Common Stock",Stock,,nasdaq_trader_symbol_directory
NYSE,TRGP,"Targa Resources, Inc. Common Stock",Stock,,nasdaq_trader_symbol_directory
NYSE,TRLV,Trulieve Cannabis Corp. Subordinate Voting Shares,Stock,,nasdaq_trader_symbol_directory
NYSE,TRN,"Trinity Industries, Inc. Common Stock",Stock,,nasdaq_trader_symbol_directory
NYSE,TRNO,Terreno Realty Corporation Common Stock,Stock,,nasdaq_trader_symbol_directory
NYSE,TROX,Tronox Holdings plc Ordinary Shares (UK),Stock,,nasdaq_trader_symbol_directory
NYSE,TRP,TC Energy Corporation Common Stock,Stock,,nasdaq_trader_symbol_directory
NYSE,TRTN$A,Triton International Limited 8.50% Series A Cumulative Redeemable Perpetual Preference Shares,Stock,,nasdaq_trader_symbol_directory
NYSE,TRTN$B,Triton International Limited 8.00% Series B Cumulative Redeemable Perpetual Preference Shares,Stock,,nasdaq_trader_symbol_directory
NYSE,TRTN$C,Triton International Limited 7.375% Series C Cumulative Redeemable Perpetual Preference Shares,Stock,,nasdaq_trader_symbol_directory
NYSE,TRTN$D,Triton International Limited 6.875% Series D Cumulative Redeemable Perpetual Preference Shares,Stock,,nasdaq_trader_symbol_directory
NYSE,TRTN$E,Triton International Limited 5.75% Series E Cumulative Redeemable Perpetual Preference Shares,Stock,,nasdaq_trader_symbol_directory
NYSE,TRTN$F,Triton International Limited 7.625% Series F Cumulative Redeemable Perpetual Preference Shares,Stock,,nasdaq_trader_symbol_directory
NYSE,TRTN$G,Triton International Limited 7.500% Series G Cumulative Redeemable Perpetual Preference Shares,Stock,,nasdaq_trader_symbol_directory
NYSE,TRTX,"TPG RE Finance Trust, Inc. Common Stock",Stock,,nasdaq_trader_symbol_directory
NYSE,TRTX$C,"TPG RE Finance Trust, Inc. 6.25% Series C Cumulative Redeemable Preferred Stock, $0.001 par value per share",Stock,,nasdaq_trader_symbol_directory
NYSE,TRU,TransUnion Common Stock,Stock,,nasdaq_trader_symbol_directory
NYSE,TRV,"The Travelers Companies, Inc. Common Stock",Stock,,nasdaq_trader_symbol_directory
NYSE,TS,Tenaris S.A. American Depositary Shares,Stock,,nasdaq_trader_symbol_directory
NYSE,TSI,"TCW Strategic Income Fund, Inc. Common Stock",Stock,,nasdaq_trader_symbol_directory
NYSE,TSLX,"Sixth Street Specialty Lending, Inc. Common Stock",Stock,,nasdaq_trader_symbol_directory
NYSE,TSM,Taiwan Semiconductor Manufacturing Company Ltd.,Stock,,nasdaq_trader_symbol_directory
NYSE,TSN,"Tyson Foods, Inc. Common Stock",Stock,,nasdaq_trader_symbol_directory
NYSE,TSQ,"Townsquare Media, Inc. Class A Common Stock",Stock,,nasdaq_trader_symbol_directory
NYSE,TT,Trane Technologies plc,Stock,,nasdaq_trader_symbol_directory
NYSE,TTAM,Titan America SA Common Shares,Stock,,nasdaq_trader_symbol_directory
NYSE,TTC,Toro Company (The) Common Stock,Stock,,nasdaq_trader_symbol_directory
NYSE,TTE,TotalEnergies SE Ordinary Shares,Stock,,nasdaq_trader_symbol_directory
NYSE,TTI,"Tetra Technologies, Inc. Common Stock",Stock,,nasdaq_trader_symbol_directory
NYSE,TU,Telus Corporation Ordinary Shares,Stock,,nasdaq_trader_symbol_directory
NYSE,TUYA,"Tuya Inc. American Depositary Shares, each representing one Class A Ordinary Share",Stock,,nasdaq_trader_symbol_directory
NYSE,TV,Grupo Televisa S.A.B. Common Stock,Stock,,nasdaq_trader_symbol_directory
NYSE,TVC,Tennessee Valley Authority Common Stock,Stock,,nasdaq_trader_symbol_directory
NYSE,TVE,Tennessee Valley Authority,Stock,,nasdaq_trader_symbol_directory
NYSE,TWI,"Titan International, Inc. (DE) Common Stock",Stock,,nasdaq_trader_symbol_directory
NYSE,TWLO,Twilio Inc. Class A Common Stock,Stock,,nasdaq_trader_symbol_directory
NYSE,TWN,"Taiwan Fund, Inc. (The) Common Stock",Stock,,nasdaq_trader_symbol_directory
NYSE,TWO,Two Harbors Investment Corp,Stock,,nasdaq_trader_symbol_directory
NYSE,TWO$A,Two Harbors Investments Corp 8.125% Series A Fixed-to-Floating Rate Cumulative Redeemable Preferred Stock ($25.00 liquidation preference per share),Stock,,nasdaq_trader_symbol_directory
NYSE,TWO$B,Two Harbors Investments Corp 7.625% Series B Fixed-to-Floating Rate Cumulative Redeemable Preferred Stock,Stock,,nasdaq_trader_symbol_directory
NYSE,TWO$C,Two Harbors Investments Corp 7.25% Series C Fixed-to-Floating Rate Cumulative Redeemable Preferred Stock,Stock,,nasdaq_trader_symbol_directory
NYSE,TWOD,Two Harbors Investments Corp 9.375% Senior Notes due 2030,Stock,,nasdaq_trader_symbol_directory
NYSE,TX,"Ternium S.A. Ternium S.A. American Depositary Shares (each representing ten shares, USD1.00 par value)",Stock,,nasdaq_trader_symbol_directory
NYSE,TXNM,"TXNM Energy, Inc. Common Stock",Stock,,nasdaq_trader_symbol_directory
NYSE,TXO,"TXO Partners, L.P. Common Units Representing Limited Partner Interests",Stock,,nasdaq_trader_symbol_directory
NYSE,TXT,Textron Inc. Common Stock,Stock,,nasdaq_trader_symbol_directory
NYSE,TY,Tri Continental Corporation Common Stock,Stock,,nasdaq_trader_symbol_directory
NYSE,TY$,Tri Continental Corporation Preferred Stock,Stock,,nasdaq_trader_symbol_directory
NYSE,TYG,Tortoise Energy Infrastructure Corporation Common Stock,Stock,,nasdaq_trader_symbol_directory
NYSE,TYL,"Tyler Technologies, Inc. Common Stock",Stock,,nasdaq_trader_symbol_directory
NYSE,U,Unity Software Inc. Common Stock,Stock,,nasdaq_trader_symbol_directory
NYSE,UA,"Under Armour, Inc. Class C Common Stock",Stock,,nasdaq_trader_symbol_directory
NYSE,UAA,"Under Armour, Inc. Class A Common Stock",Stock,,nasdaq_trader_symbol_directory
NYSE,UAMY,United States Antimony Corporation Common Stock,Stock,,nasdaq_trader_symbol_directory
NYSE,UAN,"CVR Partners, LP Common Units representing Limited Partner Interests",Stock,,nasdaq_trader_symbol_directory
NYSE,UBER,"Uber Technologies, Inc. Common Stock",Stock,,nasdaq_trader_symbol_directory
NYSE,UBS,UBS Group AG Registered Ordinary Shares,Stock,,nasdaq_trader_symbol_directory
NYSE,UCB,"United Community Banks, Inc. Common Stock",Stock,,nasdaq_trader_symbol_directory
NYSE,UDR,"UDR, Inc. Common Stock",Stock,,nasdaq_trader_symbol_directory
NYSE,UE,Urban Edge Properties Common Shares of Beneficial Interest,Stock,,nasdaq_trader_symbol_directory
NYSE,UFI,"Unifi, Inc. New Common Stock",Stock,,nasdaq_trader_symbol_directory
NYSE,UGI,UGI Corporation Common Stock,Stock,,nasdaq_trader_symbol_directory
NYSE,UGP,Ultrapar Participacoes S.A. (New) American Depositary Shares (Each representing one Common Share),Stock,,nasdaq_trader_symbol_directory
NYSE,UHAL,U-Haul Holding Company Common Stock,Stock,,nasdaq_trader_symbol_directory
NYSE,UHAL.B,U-Haul Holding Company Series N Non-Voting Common Stock,Stock,,nasdaq_trader_symbol_directory
NYSE,UHS,"Universal Health Services, Inc. Common Stock",Stock,,nasdaq_trader_symbol_directory
NYSE,UHT,Universal Health Realty Income Trust Common Stock,Stock,,nasdaq_trader_symbol_directory
NYSE,UI,Ubiquiti Inc. Common Stock,Stock,,nasdaq_trader_symbol_directory
NYSE,UIS,Unisys Corporation New Common Stock,Stock,,nasdaq_trader_symbol_directory
NYSE,UL,Unilever PLC American Depositary Shares (each representing One Ordinary Share),Stock,,nasdaq_trader_symbol_directory
NYSE,ULS,UL Solutions Inc. Class A Common Stock,Stock,,nasdaq_trader_symbol_directory
NYSE,UMC,United Microelectronics Corporation (NEW) Common Stock,Stock,,nasdaq_trader_symbol_directory
NYSE,UMH,"UMH Properties, Inc. Common Stock",Stock,,nasdaq_trader_symbol_directory
NYSE,UMH$D,"UMH Properties, Inc. 6.375% Series D Cumulative Redeemable Preferred Stock, Liquidation Preference $25 per share",Stock,,nasdaq_trader_symbol_directory
NYSE,UNF,Unifirst Corporation Common Stock,Stock,,nasdaq_trader_symbol_directory
NYSE,UNFI,"United Natural Foods, Inc. Common Stock",Stock,,nasdaq_trader_symbol_directory
NYSE,UNH,UnitedHealth Group Incorporated Common Stock (DE),Stock,,nasdaq_trader_symbol_directory
NYSE,UNM,Unum Group Common Stock,Stock,,nasdaq_trader_symbol_directory
NYSE,UNMA,Unum Group 6.250% Junior Subordinated Notes due 2058,Stock,,nasdaq_trader_symbol_directory
NYSE,UNP,Union Pacific Corporation Common Stock,Stock,,nasdaq_trader_symbol_directory
NYSE,UP,Wheels Up Experience Inc. Class A Common Stock,Stock,,nasdaq_trader_symbol_directory
NYSE,UPS,"United Parcel Service, Inc. Common Stock",Stock,,nasdaq_trader_symbol_directory
NYSE,URI,"United Rentals, Inc. Common Stock",Stock,,nasdaq_trader_symbol_directory
NYSE,USA,Liberty All-Star Equity Fund Common Stock,Stock,,nasdaq_trader_symbol_directory
NYSE,USAC,"USA Compression Partners, LP Common Units Representing Limited Partner Interests",Stock,,nasdaq_trader_symbol_directory
NYSE,USB,U.S. Bancorp Common Stock,Stock,,nasdaq_trader_symbol_directory
NYSE,USB$A,"U.S. Bancorp Depositary Shares, Each representing a 1/100th interest in a share of Series A Non-CumulativePerpetual Pfd Stock",Stock,,nasdaq_trader_symbol_directory
NYSE,USB$H,U.S. Bancorp Depositary Shares repstg 1/1000th Pfd Ser B,Stock,,nasdaq_trader_symbol_directory
NYSE,USB$P,"U.S. Bancorp Depositary Shares each representing a 1/1,000th interest in a share of Series K Non-Cumulative Perpetual Preferred Stock",Stock,,nasdaq_trader_symbol_directory
NYSE,USB$Q,"U.S. Bancorp Depositary Shares, Each Representing a 1/1,000th Interest in a Share of Series L Non-Cumulative Perpetual Preferred Stock",Stock,,nasdaq_trader_symbol_directory
NYSE,USB$R,"U.S. Bancorp Depositary Shares, Each Representing a 1/1,000th Interest in a Share of Series M Non-Cumulative Perpetual Preferred Stock",Stock,,nasdaq_trader_symbol_directory
NYSE,USB$S,"U.S. Bancorp Depositary Shares, each representing a 1/1,000th interest in a share of Series O Non-Cumulative Perpetual Preferred Stock",Stock,,nasdaq_trader_symbol_directory
NYSE,USFD,US Foods Holding Corp. Common Stock,Stock,,nasdaq_trader_symbol_directory
NYSE,USNA,"USANA Health Sciences, Inc. Common Stock",Stock,,nasdaq_trader_symbol_directory
NYSE,USPH,"U.S. Physical Therapy, Inc. Common Stock",Stock,,nasdaq_trader_symbol_directory
NYSE,UTF,"Cohen & Steers Infrastructure Fund, Inc Common Stock",Stock,,nasdaq_trader_symbol_directory
NYSE,UTI,Universal Technical Institute Inc Common Stock,Stock,,nasdaq_trader_symbol_directory
NYSE,UTL,UNITIL Corporation Common Stock,Stock,,nasdaq_trader_symbol_directory
NYSE,UTZ,Utz Brands Inc Class A Common Stock,Stock,,nasdaq_trader_symbol_directory
NYSE,UVE,UNIVERSAL INSURANCE HOLDINGS INC Common Stock,Stock,,nasdaq_trader_symbol_directory
NYSE,UVV,Universal Corporation Common Stock,Stock,,nasdaq_trader_symbol_directory
NYSE,UWMC,UWM Holdings Corporation Class A Common Stock,Stock,,nasdaq_trader_symbol_directory
NYSE,UZD,"Array Digital Infrastructure, Inc. 6.250% Senior Notes due 2069",Stock,,nasdaq_trader_symbol_directory
NYSE,UZE,"Array Digital Infrastructure, Inc. 5.500% Senior Notes due 2070",Stock,,nasdaq_trader_symbol_directory
NYSE,UZF,"Array Digital Infrastructure, Inc. 5.500% Senior Notes due 2070",Stock,,nasdaq_trader_symbol_directory
NYSE,V,Visa Inc.,Stock,,nasdaq_trader_symbol_directory
NYSE,VAC,Marriott Vacations Worldwide Corporation Common Stock,Stock,,nasdaq_trader_symbol_directory
NYSE,VACI,Viking Acquisition Corp. I Class A Ordinary Shares,Stock,,nasdaq_trader_symbol_directory
NYSE,VACI.U,"Viking Acquisition Corp. I Units, each consisting of one Class A ordinary share and one-third of one Warrant",Stock,,nasdaq_trader_symbol_directory
NYSE,VACI.W,Viking Acquisition Corp. I Warrants to purchase one Class A Ordinary Share,Stock,,nasdaq_trader_symbol_directory
NYSE,VAL,Valaris Limited Common Shares,Stock,,nasdaq_trader_symbol_directory
NYSE,VAL.W,Valaris Limited Warrants,Stock,,nasdaq_trader_symbol_directory
NYSE,VALE,VALE S.A. American Depositary Shares Each Representing one common share,Stock,,nasdaq_trader_symbol_directory
NYSE,VATE,INNOVATE Corp. Common Stock,Stock,,nasdaq_trader_symbol_directory
NYSE,VBF,Invesco Bond Fund Common Stock,Stock,,nasdaq_trader_symbol_directory
NYSE,VCV,Invesco California Value Municipal Income Trust Common Stock,Stock,,nasdaq_trader_symbol_directory
NYSE,VCX,"Fundrise Innovation Fund, LLC Common Shares of Limited Liability Company Interests",Stock,,nasdaq_trader_symbol_directory
NYSE,VECA,Vernal Capital Acquisition Corp. Ordinary Shares,Stock,,nasdaq_trader_symbol_directory
NYSE,VECA.R,"Vernal Capital Acquisition Corp. Rights, each right entitling the holder to receive one-fourth (1/4) of one Ordinary Share",Stock,,nasdaq_trader_symbol_directory
NYSE,VECA.U,"Vernal Capital Acquisition Corp. Units, each consisting of one ordinary share and one right",Stock,,nasdaq_trader_symbol_directory
NYSE,VEEV,Veeva Systems Inc. Class A Common Stock,Stock,,nasdaq_trader_symbol_directory
NYSE,VEL,"Velocity Financial, Inc. Common Stock",Stock,,nasdaq_trader_symbol_directory
NYSE,VET,Vermilion Energy Inc. Common (Canada),Stock,,nasdaq_trader_symbol_directory
NYSE,VFC,V.F. Corporation Common Stock,Stock,,nasdaq_trader_symbol_directory
NYSE,VG,"Venture Global, Inc. Class A common stock",Stock,,nasdaq_trader_symbol_directory
NYSE,VGI,Virtus Global Multi-Sector Income Fund Common Shares of Beneficial Interest,Stock,,nasdaq_trader_symbol_directory
NYSE,VGM,Invesco Trust for Investment Grade Municipals Common Stock (DE),Stock,,nasdaq_trader_symbol_directory
NYSE,VGNT,Versigent PLC Ordinary Shares,Stock,,nasdaq_trader_symbol_directory
NYSE,VHI,"Valhi, Inc. Common Stock",Stock,,nasdaq_trader_symbol_directory
NYSE,VIA,"Via Transportation, Inc. Class A Common Stock",Stock,,nasdaq_trader_symbol_directory
NYSE,VICI,VICI Properties Inc. Common Stock,Stock,,nasdaq_trader_symbol_directory
NYSE,VIK,Viking Holdings Ltd Ordinary Shares,Stock,,nasdaq_trader_symbol_directory
NYSE,VIPS,"Vipshop Holdings Limited American Depositary Shares, each representing two ordinary shares",Stock,,nasdaq_trader_symbol_directory
NYSE,VIRT,"Virtu Financial, Inc. Class A Common Stock",Stock,,nasdaq_trader_symbol_directory
NYSE,VIST,"Vista Energy S.A.B. de C.V. American Depositary Shares, each representing one series A share, with no par value",Stock,,nasdaq_trader_symbol_directory
NYSE,VIV,Telefonica Brasil S.A. American Depositary Shares (Each representing One Common Share),Stock,,nasdaq_trader_symbol_directory
NYSE,VKQ,Invesco Municipal Trust Common Stock,Stock,,nasdaq_trader_symbol_directory
NYSE,VLN,Valens Semiconductor Ltd. Ordinary Shares,Stock,,nasdaq_trader_symbol_directory
NYSE,VLN.W,"Valens Semiconductor Ltd. Warrants, each warrant to purchase one-half of one Ordinary Share",Stock,,nasdaq_trader_symbol_directory
NYSE,VLO,Valero Energy Corporation Common Stock,Stock,,nasdaq_trader_symbol_directory
NYSE,VLRS,"Controladora Vuela Compania de Aviacion, S.A.B. de C.V. American Depositary Shares, each representing ten (10) Ordinary Participation Certificates",Stock,,nasdaq_trader_symbol_directory
NYSE,VLT,Invesco High Income Trust II,Stock,,nasdaq_trader_symbol_directory
NYSE,VLTO,Veralto Corp Common Stock,Stock,,nasdaq_trader_symbol_directory
NYSE,VMC,Vulcan Materials Company (Holding Company) Common Stock,Stock,,nasdaq_trader_symbol_directory
NYSE,VMI,"Valmont Industries, Inc. Common Stock",Stock,,nasdaq_trader_symbol_directory
NYSE,VMO,Invesco Municipal Opportunity Trust Common Stock,Stock,,nasdaq_trader_symbol_directory
NYSE,VNO,Vornado Realty Trust Common Stock,Stock,,nasdaq_trader_symbol_directory
NYSE,VNO$L,Vornado Realty Trust Pfd Ser L %,Stock,,nasdaq_trader_symbol_directory
NYSE,VNO$M,"Vornado Realty Trust 5.25% Series M Cumulative Redeemable Preferred Shares of Beneficial Interest, liquidation preference $25.00 per share, no par value per share",Stock,,nasdaq_trader_symbol_directory
NYSE,VNO$N,"Vornado Realty Trust 5.25% Series N Cumulative Redeemable Preferred Shares of Beneficial Interest, liquidation preference $25.00 per share",Stock,,nasdaq_trader_symbol_directory
NYSE,VNO$O,"Vornado Realty Trust 4.45% Series O Cumulative Redeemable Preferred Shares, Liquidation Preference $25.00 Per Share",Stock,,nasdaq_trader_symbol_directory
NYSE,VNT,Vontier Corporation Common Stock,Stock,,nasdaq_trader_symbol_directory
NYSE,VOC,VOC Energy Trust Units of Beneficial Interest,Stock,,nasdaq_trader_symbol_directory
NYSE,VOYA,"Voya Financial, Inc. Common Stock",Stock,,nasdaq_trader_symbol_directory
NYSE,VOYA$B,"Voya Financial, Inc. Depositary Shares, each representing a 1/40th interest in a share of 5.35% Fixed-Rate Reset Non-Cumulative Preferred Stock, Series B",Stock,,nasdaq_trader_symbol_directory
NYSE,VOYG,"Voyager Technologies, Inc. Class A Common Stock",Stock,,nasdaq_trader_symbol_directory
NYSE,VPG,"Vishay Precision Group, Inc. Common Stock",Stock,,nasdaq_trader_symbol_directory
NYSE,VPV,Invesco Pennsylvania Value Municipal Income Trust Common Stock (DE),Stock,,nasdaq_trader_symbol_directory
NYSE,VRT,"Vertiv Holdings, LLC Class A Common Stock",Stock,,nasdaq_trader_symbol_directory
NYSE,VRTS,"Virtus Investment Partners, Inc. Common Stock",Stock,,nasdaq_trader_symbol_directory
NYSE,VSH,"Vishay Intertechnology, Inc. Common Stock",Stock,,nasdaq_trader_symbol_directory
NYSE,VST,Vistra Corp. Common Stock,Stock,,nasdaq_trader_symbol_directory
NYSE,VSTS,Vestis Corporation Common Stock,Stock,,nasdaq_trader_symbol_directory
NYSE,VSXY,Victorias Secret & Co. Common Stock,Stock,,nasdaq_trader_symbol_directory
NYSE,VTEX,VTEX Class A Common Shares,Stock,,nasdaq_trader_symbol_directory
NYSE,VTMX,"Corporacion Inmobiliaria Vesta, S.A.B de C.V. American Depositary Shares, each representing ten (10) Common Shares",Stock,,nasdaq_trader_symbol_directory
NYSE,VTN,Invesco Trust for Investment Grade New York Municipals Common Stock,Stock,,nasdaq_trader_symbol_directory
NYSE,VTOL,"Bristow Group, Inc. Common Stock",Stock,,nasdaq_trader_symbol_directory
NYSE,VTR,"Ventas, Inc. Common Stock",Stock,,nasdaq_trader_symbol_directory
NYSE,VTS,"Vitesse Energy, Inc. Common Stock",Stock,,nasdaq_trader_symbol_directory
NYSE,VVR,Invesco Senior Income Trust Common Stock (DE),Stock,,nasdaq_trader_symbol_directory
NYSE,VVV,Valvoline Inc. Common Stock,Stock,,nasdaq_trader_symbol_directory
NYSE,VVX,"V2X, Inc. Common Stock",Stock,,nasdaq_trader_symbol_directory
NYSE,VYX,NCR Voyix Corporation Common Stock,Stock,,nasdaq_trader_symbol_directory
NYSE,VZ,Verizon Communications Inc. Common Stock,Stock,,nasdaq_trader_symbol_directory
NYSE,W,Wayfair Inc. Class A Common Stock,Stock,,nasdaq_trader_symbol_directory
NYSE,WAB,Westinghouse Air Brake Technologies Corporation Common Stock,Stock,,nasdaq_trader_symbol_directory
NYSE,WAL,Western Alliance Bancorporation Common Stock (DE),Stock,,nasdaq_trader_symbol_directory
NYSE,WAL$A,"Western Alliance Bancorporation Depositary Shares, Each Representing a 1/400th Interest in a Share of 4.250% Fixed-Rate Non-Cumulative Perpetual Preferred Stock, Series A",Stock,,nasdaq_trader_symbol_directory
NYSE,WAT,Waters Corporation Common Stock,Stock,,nasdaq_trader_symbol_directory
NYSE,WBI,WaterBridge Infrastructure LLC Class A Shares Representing Limited Liability Company Interests,Stock,,nasdaq_trader_symbol_directory
NYSE,WBIY,WBI Power Factor High Dividend ETF,ETF,,nasdaq_trader_symbol_directory
NYSE,WBS,Webster Financial Corporation Common Stock,Stock,,nasdaq_trader_symbol_directory
NYSE,WBS$F,"Webster Financial Corporation Depositary Shares, Each Representing 1/1,000th Interest in a Share of 5.25% Series F Non-Cumulative Perpetual Preferred Stock",Stock,,nasdaq_trader_symbol_directory
NYSE,WBS$G,"Webster Financial Corporation Depositary Shares, each representing a 1/40th interest in a share of 6.50% Series G non-cumulative perpetual preferred stock",Stock,,nasdaq_trader_symbol_directory
NYSE,WBX,Wallbox N.V. Class A Ordinary Shares,Stock,,nasdaq_trader_symbol_directory
NYSE,WCC,"WESCO International, Inc. Common Stock",Stock,,nasdaq_trader_symbol_directory
NYSE,WCN,"Waste Connections, Inc. Common Shares",Stock,,nasdaq_trader_symbol_directory
NYSE,WD,"Walker & Dunlop, Inc Common Stock",Stock,,nasdaq_trader_symbol_directory
NYSE,WDH,Waterdrop Inc. American Depositary Shares (each representing the right to receive 10 Class A Ordinary Shares),Stock,,nasdaq_trader_symbol_directory
NYSE,WDI,Western Asset Diversified Income Fund Common Shares of Beneficial Interest,Stock,,nasdaq_trader_symbol_directory
NYSE,WDS,"Woodside Energy Group Limited American Depositary Shares, each representing one Ordinary Share",Stock,,nasdaq_trader_symbol_directory
NYSE,WEA,Western Asset Bond Fund Share of Beneficial Interest,Stock,,nasdaq_trader_symbol_directory
NYSE,WEAV,"Weave Communications, Inc. Common Stock",Stock,,nasdaq_trader_symbol_directory
NYSE,WEC,"WEC Energy Group, Inc. Common Stock",Stock,,nasdaq_trader_symbol_directory
NYSE,WELL,Welltower Inc. Common Stock,Stock,,nasdaq_trader_symbol_directory
NYSE,WENC,West Enclave Merger Corp. Ordinary Shares,Stock,,nasdaq_trader_symbol_directory
NYSE,WENC.R,"West Enclave Merger Corp. Rights, each Right to acquire one-tenth (1/10) of one Ordinary Share",Stock,,nasdaq_trader_symbol_directory
NYSE,WENC.U,"West Enclave Merger Corp. Units, each consisting of one Ordinary Share and one Right to acquire one-tenth (1/10) of one Ordinary Share",Stock,,nasdaq_trader_symbol_directory
NYSE,WES,"Western Midstream Partners, LP Common Units Representing Limited Partner Interests",Stock,,nasdaq_trader_symbol_directory
NYSE,WEX,WEX Inc. common stock,Stock,,nasdaq_trader_symbol_directory
NYSE,WF,Woori Financial Group Inc. American Depositary Shares (each representing three (3) shares of Common Stock),Stock,,nasdaq_trader_symbol_directory
NYSE,WFC,Wells Fargo & Company Common Stock,Stock,,nasdaq_trader_symbol_directory
NYSE,WFC$A,"Wells Fargo & Company Depositary Shares, each representing a 1/1,000th interest in a share of Non-Cumulative Perpetual Class A Preferred Stock, Series AA",Stock,,nasdaq_trader_symbol_directory
NYSE,WFC$C,"Wells Fargo & Company Depositary Shares, each representing a 1/1,000th interest in a share of Non-Cumulative Perpetual Class A Preferred Stock, Series CC",Stock,,nasdaq_trader_symbol_directory
NYSE,WFC$D,"Wells Fargo & Company Depositary Shares, each representing a 1/1,000th interest in a share of Non-Cumulative Perpetual Class A Preferred Stock, Series DD",Stock,,nasdaq_trader_symbol_directory
NYSE,WFC$L,"Wells Fargo & Company 7.50% Non-Cumulative Perpetual Convertible Class A Preferred Stock, Series L",Stock,,nasdaq_trader_symbol_directory
NYSE,WFC$Y,"Wells Fargo & Company Depositary Shares, each representing a 1/1,000th interest in a share of Non-Cumulative Perpetual Class A Preferred Stock, Series Y",Stock,,nasdaq_trader_symbol_directory
NYSE,WFC$Z,"Wells Fargo & Company Depositary Shares, each representing a 1/1,000th interest in a share of Non-Cumulative Perpetual Class A Preferred Stock, Series Z",Stock,,nasdaq_trader_symbol_directory
NYSE,WFG,West Fraser Timber Co. Ltd Common stock,Stock,,nasdaq_trader_symbol_directory
NYSE,WGO,"Winnebago Industries, Inc. Common Stock",Stock,,nasdaq_trader_symbol_directory
NYSE,WH,"Wyndham Hotels & Resorts, Inc. Common Stock",Stock,,nasdaq_trader_symbol_directory
NYSE,WHD,"Cactus, Inc. Class A Common Stock",Stock,,nasdaq_trader_symbol_directory
NYSE,WHG,Westwood Holdings Group Inc Common Stock,Stock,,nasdaq_trader_symbol_directory
NYSE,WHK,WhiteHawk Minerals Corp Class A Common Stock,Stock,,nasdaq_trader_symbol_directory
NYSE,WHR,Whirlpool Corporation Common Stock,Stock,,nasdaq_trader_symbol_directory
NYSE,WHR$A,"Whirlpool Corporation Depositary Shares, each representing a 1/20th interest in a share of 8.50% Series A Mandatory Convertible Preferred Stock",Stock,,nasdaq_trader_symbol_directory
NYSE,WIA,Western Asset Inflation-Linked Income Fund,Stock,,nasdaq_trader_symbol_directory
NYSE,WINN,Harbor Long-Term Growers ETF,ETF,,nasdaq_trader_symbol_directory
NYSE,WIT,Wipro Limited Common Stock,Stock,,nasdaq_trader_symbol_directory
NYSE,WIW,Western Asset Inflation-Linked Opportunities & Income Fund,Stock,,nasdaq_trader_symbol_directory
NYSE,WK,Workiva Inc. Class A Common Stock,Stock,,nasdaq_trader_symbol_directory
NYSE,WKC,World Kinect Corporation Common Stock,Stock,,nasdaq_trader_symbol_directory
NYSE,WLK,Westlake Corporation Common Stock,Stock,,nasdaq_trader_symbol_directory
NYSE,WLKP,Westlake Chemical Partners LP Common Units representing limited partner interests,Stock,,nasdaq_trader_symbol_directory
NYSE,WLTG,WealthTrust DBS Long Term Growth ETF,ETF,,nasdaq_trader_symbol_directory
NYSE,WLY,"John Wiley & Sons, Inc. Common Stock",Stock,,nasdaq_trader_symbol_directory
NYSE,WLYB,"John Wiley & Sons, Inc. Common Stock",Stock,,nasdaq_trader_symbol_directory
NYSE,WM,"Waste Management, Inc. Common Stock",Stock,,nasdaq_trader_symbol_directory
NYSE,WMB,"Williams Companies, Inc. (The) Common Stock",Stock,,nasdaq_trader_symbol_directory
NYSE,WMK,"Weis Markets, Inc. Common Stock",Stock,,nasdaq_trader_symbol_directory
NYSE,WMS,"Advanced Drainage Systems, Inc. Common Stock",Stock,,nasdaq_trader_symbol_directory
NYSE,WNC,Wabash National Corporation Common Stock,Stock,,nasdaq_trader_symbol_directory
NYSE,WOLF,"Wolfspeed, Inc. Common Stock New",Stock,,nasdaq_trader_symbol_directory
NYSE,WOR,"Worthington Enterprises, Inc. Common Shares",Stock,,nasdaq_trader_symbol_directory
NYSE,WPAC,White Pearl Acquisition Corp. Class A Ordinary Shares,Stock,,nasdaq_trader_symbol_directory
NYSE,WPAC.R,"White Pearl Acquisition Corp. Rights, each right entitles the holder to receive one-fifth of one Class A ordinary share upon consummation of the initial business combination",Stock,,nasdaq_trader_symbol_directory
NYSE,WPAC.U,"White Pearl Acquisition Corp. Units, each consisting of one Class A ordinary share and one right to receive one-fifth (1/5) of one Class A ordinary share",Stock,,nasdaq_trader_symbol_directory
NYSE,WPC,W. P. Carey Inc. REIT,Stock,,nasdaq_trader_symbol_directory
NYSE,WPM,Wheaton Precious Metals Corp Common Shares (Canada),Stock,,nasdaq_trader_symbol_directory
NYSE,WPP,WPP plc American Depositary Shares,Stock,,nasdaq_trader_symbol_directory
NYSE,WRB,W.R. Berkley Corporation Common Stock,Stock,,nasdaq_trader_symbol_directory
NYSE,WRB$E,W.R. Berkley Corporation 5.70% Subordinated Debentures due 2058,Stock,,nasdaq_trader_symbol_directory
NYSE,WRB$F,W.R. Berkley Corporation 5.10% Subordinated Debentures due 2059,Stock,,nasdaq_trader_symbol_directory
NYSE,WRB$G,W.R. Berkley Corporation 4.25% Subordinated Debentures due 2060,Stock,,nasdaq_trader_symbol_directory
NYSE,WRB$H,W.R. Berkley Corporation 4.125% Subordinated Debentures due 2061,Stock,,nasdaq_trader_symbol_directory
NYSE,WRBY,Warby Parker Inc. Class A Common Stock,Stock,,nasdaq_trader_symbol_directory
NYSE,WS,"Worthington Steel, Inc. Common Shares",Stock,,nasdaq_trader_symbol_directory
NYSE,WSM,"Williams-Sonoma, Inc. Common Stock (DE)",Stock,,nasdaq_trader_symbol_directory
NYSE,WSO,"Watsco, Inc. Common Stock",Stock,,nasdaq_trader_symbol_directory
NYSE,WSO.B,"Watsco, Inc. Class B Common Stock",Stock,,nasdaq_trader_symbol_directory
NYSE,WSR,Whitestone REIT Common Shares,Stock,,nasdaq_trader_symbol_directory
NYSE,WST,"West Pharmaceutical Services, Inc. Common Stock",Stock,,nasdaq_trader_symbol_directory
NYSE,WT,"WisdomTree, Inc. Common Stock",Stock,,nasdaq_trader_symbol_directory
NYSE,WTI,"W&T Offshore, Inc. Common Stock",Stock,,nasdaq_trader_symbol_directory
NYSE,WTM,"White Mountains Insurance Group, Ltd. Common Stock",Stock,,nasdaq_trader_symbol_directory
NYSE,WTRG,"Essential Utilities, Inc. Common Stock",Stock,,nasdaq_trader_symbol_directory
NYSE,WTS,"Watts Water Technologies, Inc. Class A Common Stock",Stock,,nasdaq_trader_symbol_directory
NYSE,WTTR,"Select Water Solutions, Inc. Class A common stock",Stock,,nasdaq_trader_symbol_directory
NYSE,WU,Western Union Company (The) Common Stock,Stock,,nasdaq_trader_symbol_directory
NYSE,WWW,"Wolverine World Wide, Inc. Common Stock",Stock,,nasdaq_trader_symbol_directory
NYSE,WY,Weyerhaeuser Company Common Stock,Stock,,nasdaq_trader_symbol_directory
NYSE,XFLH,XFLH Capital Corporation Ordinary Shares,Stock,,nasdaq_trader_symbol_directory
NYSE,XFLH.R,XFLH Capital Corporation Rights to receive one-seventh (1/7) of one Ordinary Share,Stock,,nasdaq_trader_symbol_directory
NYSE,XFLH.U,"XFLH Capital Corporation Units, each consisting of one Ordinary Share and one Right",Stock,,nasdaq_trader_symbol_directory
NYSE,XFLT,XAI Floating Rate & Alternative Income Trust Common Shares of Beneficial Interest,Stock,,nasdaq_trader_symbol_directory
NYSE,XHR,"Xenia Hotels & Resorts, Inc. Common Stock",Stock,,nasdaq_trader_symbol_directory
NYSE,XIFR,"XPLR Infrastructure, LP Common Units representing limited partner interests",Stock,,nasdaq_trader_symbol_directory
NYSE,XOM,Exxon Mobil Corporation Common Stock,Stock,,nasdaq_trader_symbol_directory
NYSE,XPER,Xperi Inc. Common Stock,Stock,,nasdaq_trader_symbol_directory
NYSE,XPEV,"XPeng Inc. American depositary shares, each representing two Class A ordinary shares",Stock,,nasdaq_trader_symbol_directory
NYSE,XPO,"XPO, Inc. Common Stock",Stock,,nasdaq_trader_symbol_directory
NYSE,XPOF,"Xponential Fitness, Inc. Class A Common Stock",Stock,,nasdaq_trader_symbol_directory
NYSE,XPRO,Expro Group Holdings N.V. Common Stock,Stock,,nasdaq_trader_symbol_directory
NYSE,XRN,Chiron Real Estate Inc. Common Stock,Stock,,nasdaq_trader_symbol_directory
NYSE,XRN$A,Chiron Real Estate Inc. Series A Cumulative Redeemable Preferred Stock,Stock,,nasdaq_trader_symbol_directory
NYSE,XRN$B,"Chiron Real Estate Inc. 8.00% Series B Cumulative Redeemable Preferred Stock, $0.001 par value per share",Stock,,nasdaq_trader_symbol_directory
NYSE,XXI,"Twenty One Capital, Inc. Class A Common Stock",Stock,,nasdaq_trader_symbol_directory
NYSE,XYF,"X Financial American Depositary Shares, each representing six Class A Ordinary Shares",Stock,,nasdaq_trader_symbol_directory
NYSE,XYL,Xylem Inc. Common Stock New,Stock,,nasdaq_trader_symbol_directory
NYSE,XYZ,"Block, Inc. Class A Common Stock,",Stock,,nasdaq_trader_symbol_directory
NYSE,XZO,"Exzeo Group, Inc. Common Stock",Stock,,nasdaq_trader_symbol_directory
NYSE,YALA,"Yalla Group Limited American Depositary Shares, each representing one Class A Ordinary Share",Stock,,nasdaq_trader_symbol_directory
NYSE,YCY,AA Mission Acquisition Corp. II Class A Ordinary Shares,Stock,,nasdaq_trader_symbol_directory
NYSE,YCY.U,"AA Mission Acquisition Corp. II Units, each consisting of one Class A ordinary share and one-half of one warrant",Stock,,nasdaq_trader_symbol_directory
NYSE,YCY.W,"AA Mission Acquisition Corp. II Warrants, each whole warrant entitles to purchase one Class A ordinary share at a price of $11.50 per share",Stock,,nasdaq_trader_symbol_directory
NYSE,YELP,Yelp Inc. Common Stock,Stock,,nasdaq_trader_symbol_directory
NYSE,YETI,"YETI Holdings, Inc. Common Stock",Stock,,nasdaq_trader_symbol_directory
NYSE,YEXT,"Yext, Inc. Common Stock",Stock,,nasdaq_trader_symbol_directory
NYSE,YMM,Full Truck Alliance Co. Ltd. American Depositary Shares (each representing 20 Class A Ordinary Shares),Stock,,nasdaq_trader_symbol_directory
NYSE,YOU,"Clear Secure, Inc. Class A Common Stock",Stock,,nasdaq_trader_symbol_directory
NYSE,YPF,YPF Sociedad Anonima Common Stock,Stock,,nasdaq_trader_symbol_directory
NYSE,YRD,"Yiren Digital Ltd. American Depositary Shares, each representing two ordinary shares",Stock,,nasdaq_trader_symbol_directory
NYSE,YSG,"Yatsen Holding Limited American Depositary Shares, each representing twenty (20) Class A Ordinary Shares",Stock,,nasdaq_trader_symbol_directory
NYSE,YSS,York Space Systems Inc. Common Stock,Stock,,nasdaq_trader_symbol_directory
NYSE,YUM,"Yum! Brands, Inc.",Stock,,nasdaq_trader_symbol_directory
NYSE,YUMC,"Yum China Holdings, Inc. Common Stock",Stock,,nasdaq_trader_symbol_directory
NYSE,ZBH,"Zimmer Biomet Holdings, Inc. Common Stock",Stock,,nasdaq_trader_symbol_directory
NYSE,ZEPP,"Zepp Health Corporation American depositary shares, each representing sixteen Class A ordinary shares",Stock,,nasdaq_trader_symbol_directory
NYSE,ZETA,Zeta Global Holdings Corp. Class A Common Stock,Stock,,nasdaq_trader_symbol_directory
NYSE,ZGN,Ermenegildo Zegna N.V. Ordinary Shares,Stock,,nasdaq_trader_symbol_directory
NYSE,ZH,"Zhihu Inc. American Depositary Shares, each representing three (3) Class A Ordinary Shares",Stock,,nasdaq_trader_symbol_directory
NYSE,ZIM,ZIM Integrated Shipping Services Ltd. Ordinary Shares,Stock,,nasdaq_trader_symbol_directory
NYSE,ZIP,"ZipRecruiter, Inc. Class A Common Stock",Stock,,nasdaq_trader_symbol_directory
NYSE,ZKH,"ZKH Group Limited American Depositary Shares, each representing thirty-five (35) Class A Ordinary Shares",Stock,,nasdaq_trader_symbol_directory
NYSE,ZTO,"ZTO Express (Cayman) Inc. American Depositary Shares, each representing one Class A ordinary share.",Stock,,nasdaq_trader_symbol_directory
NYSE,ZTR,Virtus Total Return Fund Inc.,Stock,,nasdaq_trader_symbol_directory
NYSE,ZTS,Zoetis Inc. Class A Common Stock,Stock,,nasdaq_trader_symbol_directory
NYSE,ZVIA,Zevia PBC Class A Common Stock,Stock,,nasdaq_trader_symbol_directory
NYSE,ZWS,Zurn Elkay Water Solutions Corporation Common Stock,Stock,,nasdaq_trader_symbol_directory
